event_id,customer_id,search_timestamp,raw_search_query,detected_language,occasion_intent,results_count
SEARCH-00001,CUST-0322,2026-05-02T16:56:00+00:00,vacation beach dress,English,vacation,40
SEARCH-00002,CUST-0790,2025-07-16T20:20:00+00:00,eid special kurti,Hinglish,festive,3
SEARCH-00003,CUST-0373,2026-03-24T08:07:00+00:00,birthday dinner dress,English,party,24
SEARCH-00004,CUST-0002,2025-12-08T19:09:00+00:00,cotton suit garmi ke liye,Hinglish,everyday,24
SEARCH-00005,CUST-0188,2025-08-19T09:36:00+00:00,blue printed co ord set,English,everyday,15
SEARCH-00006,CUST-0583,2025-12-15T02:12:00+00:00,Navratri garba dress,Hinglish,festival,18
SEARCH-00007,CUST-0658,2025-12-17T21:39:00+00:00,comfortable kurta for office,English,work,40
SEARCH-00008,CUST-0899,2026-03-01T18:54:00+00:00,vacation beach dress,English,vacation,27
SEARCH-00009,CUST-0940,2025-07-29T13:20:00+00:00,cotton suit garmi ke liye,Hinglish,everyday,48
SEARCH-00010,CUST-0855,2025-09-04T03:38:00+00:00,puja ke liye kurta set,Hinglish,festive,23
SEARCH-00011,CUST-0941,2026-04-01T02:43:00+00:00,cotton suit garmi ke liye,Hinglish,everyday,47
SEARCH-00012,CUST-0145,2025-11-12T09:08:00+00:00,haldi ke liye yellow suit,Hinglish,wedding,35
SEARCH-00013,CUST-0838,2025-08-07T10:22:00+00:00,sangeet outfit,English,wedding,4
SEARCH-00014,CUST-0577,2026-06-10T10:06:00+00:00,shaadi guest outfit under 1500,Hinglish,wedding,48
SEARCH-00015,CUST-0250,2026-08-20T11:48:00+00:00,daily wear cotton kurti,English,everyday,48
SEARCH-00016,CUST-0700,2025-05-17T05:32:00+00:00,vacation beach dress,English,vacation,2
SEARCH-00017,CUST-0501,2026-06-30T04:05:00+00:00,puja ke liye kurta set,Hinglish,festive,41
SEARCH-00018,CUST-0720,2025-05-02T08:36:00+00:00,office wear kurti,English,work,42
SEARCH-00019,CUST-0682,2025-12-14T08:39:00+00:00,shaadi guest outfit under 1500,Hinglish,wedding,19
SEARCH-00020,CUST-0664,2026-03-20T11:55:00+00:00,shaadi guest outfit under 1500,Hinglish,wedding,6
SEARCH-00021,CUST-0896,2025-09-16T09:55:00+00:00,college ke liye simple top,Hinglish,college,19
SEARCH-00022,CUST-0951,2025-08-30T04:11:00+00:00,puja ke liye kurta set,Hinglish,festive,30
SEARCH-00023,CUST-0373,2026-03-07T02:02:00+00:00,rakhi function wear,Hinglish,festive,30
SEARCH-00024,CUST-0845,2025-07-13T22:05:00+00:00,plus size anarkali,English,wedding,37
SEARCH-00025,CUST-0693,2025-10-21T14:43:00+00:00,blue printed co ord set,English,everyday,26
SEARCH-00026,CUST-0603,2026-03-08T02:49:00+00:00,daily wear cotton kurti,English,everyday,24
SEARCH-00027,CUST-0230,2025-08-18T02:48:00+00:00,linen office kurta,English,work,22
SEARCH-00028,CUST-0323,2025-12-11T09:44:00+00:00,linen office kurta,English,work,34
SEARCH-00029,CUST-0172,2026-02-27T07:01:00+00:00,cotton suit garmi ke liye,Hinglish,everyday,15
SEARCH-00030,CUST-0999,2026-04-07T00:53:00+00:00,shaadi guest outfit under 1500,Hinglish,wedding,42
SEARCH-00031,CUST-0309,2025-09-29T20:55:00+00:00,office wear kurti,English,work,48
SEARCH-00032,CUST-0886,2025-11-05T08:26:00+00:00,cotton suit garmi ke liye,Hinglish,everyday,6
SEARCH-00033,CUST-0908,2025-01-05T01:58:00+00:00,shaadi guest outfit under 1500,Hinglish,wedding,25
SEARCH-00034,CUST-0842,2025-11-01T17:02:00+00:00,shaadi guest outfit under 1500,Hinglish,wedding,7
SEARCH-00035,CUST-0210,2026-08-05T22:37:00+00:00,eid special kurti,Hinglish,festive,4
SEARCH-00036,CUST-0361,2025-04-11T12:26:00+00:00,cotton suit garmi ke liye,Hinglish,everyday,45
SEARCH-00037,CUST-0116,2025-09-16T09:06:00+00:00,mehndi function dress,Hinglish,wedding,24
SEARCH-00038,CUST-0536,2026-01-29T04:49:00+00:00,daily wear cotton kurti,English,everyday,20
SEARCH-00039,CUST-0053,2026-07-29T10:10:00+00:00,rakhi function wear,Hinglish,festive,15
SEARCH-00040,CUST-0530,2026-08-07T10:45:00+00:00,mehndi function dress,Hinglish,wedding,1
SEARCH-00041,CUST-0723,2025-03-03T02:56:00+00:00,birthday dinner dress,English,party,30
SEARCH-00042,CUST-0562,2025-07-20T07:23:00+00:00,haldi ke liye yellow suit,Hinglish,wedding,3
SEARCH-00043,CUST-0624,2026-01-12T02:39:00+00:00,blue printed co ord set,English,everyday,45
SEARCH-00044,CUST-0464,2026-08-30T12:25:00+00:00,haldi ke liye yellow suit,Hinglish,wedding,6
SEARCH-00045,CUST-0131,2025-07-30T10:57:00+00:00,puja ke liye kurta set,Hinglish,festive,28
SEARCH-00046,CUST-0554,2026-06-20T00:23:00+00:00,haldi ke liye yellow suit,Hinglish,wedding,41
SEARCH-00047,CUST-0219,2025-06-24T14:22:00+00:00,shaadi guest outfit under 1500,Hinglish,wedding,12
SEARCH-00048,CUST-0544,2026-01-17T12:40:00+00:00,sangeet outfit,English,wedding,47
SEARCH-00049,CUST-0818,2025-06-02T09:20:00+00:00,mehndi function dress,Hinglish,wedding,19
SEARCH-00050,CUST-0103,2025-10-04T11:08:00+00:00,shaadi guest outfit under 1500,Hinglish,wedding,41
SEARCH-00051,CUST-0091,2025-09-17T02:42:00+00:00,plus size anarkali,English,wedding,7
SEARCH-00052,CUST-0519,2025-01-19T00:52:00+00:00,vacation beach dress,English,vacation,36
SEARCH-00053,CUST-0015,2025-10-16T23:17:00+00:00,cotton suit garmi ke liye,Hinglish,everyday,6
SEARCH-00054,CUST-0951,2025-09-20T17:40:00+00:00,haldi ke liye yellow suit,Hinglish,wedding,13
SEARCH-00055,CUST-0402,2025-03-19T08:57:00+00:00,shaadi guest outfit under 1500,Hinglish,wedding,43
SEARCH-00056,CUST-0300,2026-05-20T19:27:00+00:00,birthday dinner dress,English,party,31
SEARCH-00057,CUST-0254,2025-02-17T09:52:00+00:00,cotton suit garmi ke liye,Hinglish,everyday,4
SEARCH-00058,CUST-0728,2026-07-29T23:58:00+00:00,college ke liye simple top,Hinglish,college,16
SEARCH-00059,CUST-0447,2025-12-21T17:46:00+00:00,shaadi guest outfit under 1500,Hinglish,wedding,1
SEARCH-00060,CUST-0024,2025-05-20T22:16:00+00:00,cotton suit garmi ke liye,Hinglish,everyday,17
SEARCH-00061,CUST-0951,2026-03-24T12:44:00+00:00,shaadi guest outfit under 1500,Hinglish,wedding,48
SEARCH-00062,CUST-0999,2025-03-02T08:31:00+00:00,office wear kurti,English,work,0
SEARCH-00063,CUST-0219,2026-07-02T21:36:00+00:00,eid special kurti,Hinglish,festive,48
SEARCH-00064,CUST-0863,2026-03-02T08:36:00+00:00,college ke liye simple top,Hinglish,college,5
SEARCH-00065,CUST-0346,2026-03-31T18:05:00+00:00,blue printed co ord set,English,everyday,25
SEARCH-00066,CUST-0637,2025-07-11T02:17:00+00:00,blue printed co ord set,English,everyday,18
SEARCH-00067,CUST-0517,2025-01-29T08:47:00+00:00,plus size anarkali,English,wedding,7
SEARCH-00068,CUST-0044,2026-05-09T01:55:00+00:00,rakhi function wear,Hinglish,festive,18
SEARCH-00069,CUST-0802,2025-09-24T00:25:00+00:00,vacation beach dress,English,vacation,45
SEARCH-00070,CUST-0326,2025-05-28T02:06:00+00:00,sangeet outfit,English,wedding,18
SEARCH-00071,CUST-0544,2025-12-19T18:49:00+00:00,Navratri garba dress,Hinglish,festival,29
SEARCH-00072,CUST-0634,2025-01-13T06:23:00+00:00,cotton suit garmi ke liye,Hinglish,everyday,39
SEARCH-00073,CUST-0769,2026-09-05T11:55:00+00:00,birthday dinner dress,English,party,45
SEARCH-00074,CUST-0262,2026-03-10T01:39:00+00:00,mehndi function dress,Hinglish,wedding,44
SEARCH-00075,CUST-0611,2025-01-23T22:58:00+00:00,rakhi function wear,Hinglish,festive,7
SEARCH-00076,CUST-0225,2026-02-03T03:16:00+00:00,comfortable kurta for office,English,work,9
SEARCH-00077,CUST-0551,2025-11-13T07:53:00+00:00,mehndi function dress,Hinglish,wedding,36
SEARCH-00078,CUST-0507,2025-11-12T22:48:00+00:00,college ke liye simple top,Hinglish,college,44
SEARCH-00079,CUST-0528,2026-02-17T21:03:00+00:00,birthday dinner dress,English,party,28
SEARCH-00080,CUST-0763,2026-02-07T10:30:00+00:00,sangeet outfit,English,wedding,29
SEARCH-00081,CUST-0545,2025-03-28T14:10:00+00:00,birthday dinner dress,English,party,36
SEARCH-00082,CUST-0521,2025-01-09T19:08:00+00:00,sangeet outfit,English,wedding,41
SEARCH-00083,CUST-0309,2025-05-25T16:14:00+00:00,cotton suit garmi ke liye,Hinglish,everyday,40
SEARCH-00084,CUST-0991,2025-10-01T15:46:00+00:00,daily wear cotton kurti,English,everyday,24
SEARCH-00085,CUST-0986,2025-04-19T22:39:00+00:00,mehndi function dress,Hinglish,wedding,13
SEARCH-00086,CUST-0245,2026-02-13T11:15:00+00:00,linen office kurta,English,work,33
SEARCH-00087,CUST-0268,2025-08-30T15:21:00+00:00,puja ke liye kurta set,Hinglish,festive,4
SEARCH-00088,CUST-0345,2026-01-27T22:46:00+00:00,office wear kurti,English,work,43
SEARCH-00089,CUST-0463,2026-05-06T20:54:00+00:00,shaadi guest outfit under 1500,Hinglish,wedding,11
SEARCH-00090,CUST-0220,2025-09-15T15:38:00+00:00,plus size anarkali,English,wedding,47
SEARCH-00091,CUST-0911,2026-02-04T06:57:00+00:00,college ke liye simple top,Hinglish,college,48
SEARCH-00092,CUST-0080,2026-04-10T03:49:00+00:00,blue printed co ord set,English,everyday,35
SEARCH-00093,CUST-0492,2025-02-11T05:01:00+00:00,daily wear cotton kurti,English,everyday,25
SEARCH-00094,CUST-0436,2026-04-03T01:44:00+00:00,plus size anarkali,English,wedding,16
SEARCH-00095,CUST-0801,2026-03-31T04:01:00+00:00,cotton suit garmi ke liye,Hinglish,everyday,30
SEARCH-00096,CUST-0744,2025-10-02T07:00:00+00:00,haldi ke liye yellow suit,Hinglish,wedding,35
SEARCH-00097,CUST-0600,2025-04-23T03:29:00+00:00,vacation beach dress,English,vacation,8
SEARCH-00098,CUST-0100,2025-08-15T13:45:00+00:00,rakhi function wear,Hinglish,festive,27
SEARCH-00099,CUST-0284,2025-07-15T18:06:00+00:00,office wear kurti,English,work,27
SEARCH-00100,CUST-0125,2026-02-15T14:43:00+00:00,office wear kurti,English,work,12
SEARCH-00101,CUST-0143,2025-02-19T01:07:00+00:00,plus size anarkali,English,wedding,27
SEARCH-00102,CUST-0407,2025-09-23T12:32:00+00:00,Navratri garba dress,Hinglish,festival,12
SEARCH-00103,CUST-0300,2025-02-06T17:06:00+00:00,plus size anarkali,English,wedding,22
SEARCH-00104,CUST-0031,2025-05-19T23:10:00+00:00,blue printed co ord set,English,everyday,37
SEARCH-00105,CUST-0069,2025-05-31T06:31:00+00:00,rakhi function wear,Hinglish,festive,39
SEARCH-00106,CUST-0824,2025-10-13T23:12:00+00:00,puja ke liye kurta set,Hinglish,festive,15
SEARCH-00107,CUST-0432,2026-08-06T08:24:00+00:00,puja ke liye kurta set,Hinglish,festive,19
SEARCH-00108,CUST-0841,2025-11-18T00:21:00+00:00,mehndi function dress,Hinglish,wedding,6
SEARCH-00109,CUST-0069,2025-06-10T12:01:00+00:00,comfortable kurta for office,English,work,3
SEARCH-00110,CUST-0351,2025-01-21T15:08:00+00:00,linen office kurta,English,work,30
SEARCH-00111,CUST-0905,2025-08-23T19:58:00+00:00,puja ke liye kurta set,Hinglish,festive,12
SEARCH-00112,CUST-0054,2026-04-22T03:42:00+00:00,eid special kurti,Hinglish,festive,0
SEARCH-00113,CUST-0242,2026-08-11T21:47:00+00:00,mehndi function dress,Hinglish,wedding,38
SEARCH-00114,CUST-0394,2026-06-22T10:36:00+00:00,rakhi function wear,Hinglish,festive,44
SEARCH-00115,CUST-0702,2026-02-07T22:43:00+00:00,college ke liye simple top,Hinglish,college,24
SEARCH-00116,CUST-0781,2025-02-11T14:05:00+00:00,daily wear cotton kurti,English,everyday,3
SEARCH-00117,CUST-0626,2025-02-26T01:44:00+00:00,mehndi function dress,Hinglish,wedding,12
SEARCH-00118,CUST-0358,2026-09-07T18:16:00+00:00,rakhi function wear,Hinglish,festive,30
SEARCH-00119,CUST-0531,2026-09-10T06:24:00+00:00,vacation beach dress,English,vacation,28
SEARCH-00120,CUST-0373,2025-12-08T11:13:00+00:00,Navratri garba dress,Hinglish,festival,40
SEARCH-00121,CUST-0683,2026-01-10T00:15:00+00:00,eid special kurti,Hinglish,festive,21
SEARCH-00122,CUST-0228,2026-05-24T22:43:00+00:00,birthday dinner dress,English,party,35
SEARCH-00123,CUST-0412,2025-09-09T12:59:00+00:00,college ke liye simple top,Hinglish,college,38
SEARCH-00124,CUST-0077,2026-07-13T01:04:00+00:00,eid special kurti,Hinglish,festive,43
SEARCH-00125,CUST-0864,2025-04-16T15:24:00+00:00,eid special kurti,Hinglish,festive,22
SEARCH-00126,CUST-0194,2026-05-14T23:41:00+00:00,linen office kurta,English,work,12
SEARCH-00127,CUST-0867,2025-03-06T13:19:00+00:00,eid special kurti,Hinglish,festive,17
SEARCH-00128,CUST-0941,2025-09-23T20:12:00+00:00,mehndi function dress,Hinglish,wedding,14
SEARCH-00129,CUST-0428,2026-02-28T08:00:00+00:00,haldi ke liye yellow suit,Hinglish,wedding,48
SEARCH-00130,CUST-0703,2026-08-23T03:56:00+00:00,cotton suit garmi ke liye,Hinglish,everyday,17
SEARCH-00131,CUST-0870,2025-01-18T21:04:00+00:00,mehndi function dress,Hinglish,wedding,20
SEARCH-00132,CUST-0223,2025-02-03T07:13:00+00:00,linen office kurta,English,work,24
SEARCH-00133,CUST-0351,2026-05-14T10:23:00+00:00,shaadi guest outfit under 1500,Hinglish,wedding,13
SEARCH-00134,CUST-0682,2025-07-21T02:59:00+00:00,daily wear cotton kurti,English,everyday,23
SEARCH-00135,CUST-0219,2025-08-22T13:39:00+00:00,comfortable kurta for office,English,work,11
SEARCH-00136,CUST-0191,2025-08-08T03:20:00+00:00,eid special kurti,Hinglish,festive,32
SEARCH-00137,CUST-0213,2026-05-23T11:23:00+00:00,eid special kurti,Hinglish,festive,32
SEARCH-00138,CUST-0231,2025-12-26T16:49:00+00:00,cotton suit garmi ke liye,Hinglish,everyday,1
SEARCH-00139,CUST-0025,2026-03-05T10:53:00+00:00,vacation beach dress,English,vacation,29
SEARCH-00140,CUST-0510,2025-01-18T02:01:00+00:00,birthday dinner dress,English,party,4
SEARCH-00141,CUST-0594,2026-02-23T16:08:00+00:00,Navratri garba dress,Hinglish,festival,19
SEARCH-00142,CUST-0086,2026-04-22T22:02:00+00:00,haldi ke liye yellow suit,Hinglish,wedding,43
SEARCH-00143,CUST-0309,2026-02-14T23:42:00+00:00,plus size anarkali,English,wedding,29
SEARCH-00144,CUST-0437,2025-01-26T00:52:00+00:00,puja ke liye kurta set,Hinglish,festive,21
SEARCH-00145,CUST-0620,2025-01-12T01:22:00+00:00,shaadi guest outfit under 1500,Hinglish,wedding,46
SEARCH-00146,CUST-0251,2026-04-10T19:42:00+00:00,daily wear cotton kurti,English,everyday,21
SEARCH-00147,CUST-0085,2026-04-17T13:19:00+00:00,daily wear cotton kurti,English,everyday,17
SEARCH-00148,CUST-0924,2025-05-03T20:35:00+00:00,daily wear cotton kurti,English,everyday,45
SEARCH-00149,CUST-0042,2025-04-06T16:03:00+00:00,plus size anarkali,English,wedding,18
SEARCH-00150,CUST-0284,2025-05-02T22:46:00+00:00,shaadi guest outfit under 1500,Hinglish,wedding,46
SEARCH-00151,CUST-0443,2026-07-15T10:50:00+00:00,shaadi guest outfit under 1500,Hinglish,wedding,11
SEARCH-00152,CUST-0267,2025-03-19T17:29:00+00:00,sangeet outfit,English,wedding,45
SEARCH-00153,CUST-0452,2025-02-04T04:23:00+00:00,plus size anarkali,English,wedding,14
SEARCH-00154,CUST-0059,2025-06-03T16:25:00+00:00,comfortable kurta for office,English,work,11
SEARCH-00155,CUST-0285,2025-02-20T20:43:00+00:00,vacation beach dress,English,vacation,7
SEARCH-00156,CUST-0280,2025-01-06T00:10:00+00:00,eid special kurti,Hinglish,festive,45
SEARCH-00157,CUST-0692,2025-03-19T05:00:00+00:00,sangeet outfit,English,wedding,39
SEARCH-00158,CUST-0907,2026-07-19T01:36:00+00:00,plus size anarkali,English,wedding,37
SEARCH-00159,CUST-0568,2026-08-22T03:36:00+00:00,sangeet outfit,English,wedding,34
SEARCH-00160,CUST-0009,2025-07-18T20:53:00+00:00,office wear kurti,English,work,25
SEARCH-00161,CUST-0454,2025-12-21T22:56:00+00:00,cotton suit garmi ke liye,Hinglish,everyday,29
SEARCH-00162,CUST-0405,2026-06-29T22:51:00+00:00,blue printed co ord set,English,everyday,48
SEARCH-00163,CUST-0411,2026-01-31T06:28:00+00:00,college ke liye simple top,Hinglish,college,14
SEARCH-00164,CUST-0145,2025-12-29T20:37:00+00:00,haldi ke liye yellow suit,Hinglish,wedding,32
SEARCH-00165,CUST-0332,2026-08-27T04:48:00+00:00,college ke liye simple top,Hinglish,college,47
SEARCH-00166,CUST-0793,2026-02-22T15:41:00+00:00,vacation beach dress,English,vacation,20
SEARCH-00167,CUST-0931,2025-07-13T13:40:00+00:00,Navratri garba dress,Hinglish,festival,28
SEARCH-00168,CUST-0075,2025-04-25T20:32:00+00:00,plus size anarkali,English,wedding,22
SEARCH-00169,CUST-0365,2025-09-23T02:29:00+00:00,plus size anarkali,English,wedding,27
SEARCH-00170,CUST-0880,2026-06-07T01:05:00+00:00,Navratri garba dress,Hinglish,festival,24
SEARCH-00171,CUST-0284,2025-12-22T14:53:00+00:00,daily wear cotton kurti,English,everyday,43
SEARCH-00172,CUST-0760,2025-07-27T11:58:00+00:00,daily wear cotton kurti,English,everyday,24
SEARCH-00173,CUST-0790,2025-08-15T15:19:00+00:00,daily wear cotton kurti,English,everyday,45
SEARCH-00174,CUST-0129,2026-04-09T18:50:00+00:00,shaadi guest outfit under 1500,Hinglish,wedding,17
SEARCH-00175,CUST-0608,2025-10-04T03:48:00+00:00,office wear kurti,English,work,40
SEARCH-00176,CUST-0336,2025-04-17T06:26:00+00:00,eid special kurti,Hinglish,festive,12
SEARCH-00177,CUST-0270,2025-08-26T19:50:00+00:00,plus size anarkali,English,wedding,44
SEARCH-00178,CUST-0660,2026-01-07T00:47:00+00:00,birthday dinner dress,English,party,30
SEARCH-00179,CUST-0455,2025-04-03T07:51:00+00:00,puja ke liye kurta set,Hinglish,festive,13
SEARCH-00180,CUST-0300,2026-06-27T04:56:00+00:00,shaadi guest outfit under 1500,Hinglish,wedding,3
SEARCH-00181,CUST-0921,2026-08-12T05:51:00+00:00,sangeet outfit,English,wedding,9
SEARCH-00182,CUST-0750,2026-04-09T05:31:00+00:00,cotton suit garmi ke liye,Hinglish,everyday,27
SEARCH-00183,CUST-0483,2025-08-16T17:46:00+00:00,eid special kurti,Hinglish,festive,34
SEARCH-00184,CUST-0053,2025-12-18T08:54:00+00:00,haldi ke liye yellow suit,Hinglish,wedding,22
SEARCH-00185,CUST-0477,2025-12-03T00:55:00+00:00,comfortable kurta for office,English,work,1
SEARCH-00186,CUST-0949,2025-01-04T15:46:00+00:00,linen office kurta,English,work,5
SEARCH-00187,CUST-0877,2026-05-19T21:35:00+00:00,linen office kurta,English,work,0
SEARCH-00188,CUST-0239,2025-08-04T00:53:00+00:00,mehndi function dress,Hinglish,wedding,46
SEARCH-00189,CUST-0090,2026-01-31T06:57:00+00:00,office wear kurti,English,work,3
SEARCH-00190,CUST-0546,2025-05-14T11:22:00+00:00,plus size anarkali,English,wedding,28
SEARCH-00191,CUST-0856,2025-02-16T13:55:00+00:00,daily wear cotton kurti,English,everyday,34
SEARCH-00192,CUST-0282,2025-03-29T10:42:00+00:00,college ke liye simple top,Hinglish,college,45
SEARCH-00193,CUST-0303,2026-05-07T04:48:00+00:00,cotton suit garmi ke liye,Hinglish,everyday,44
SEARCH-00194,CUST-0383,2025-07-15T20:50:00+00:00,shaadi guest outfit under 1500,Hinglish,wedding,33
SEARCH-00195,CUST-0466,2026-09-01T14:44:00+00:00,blue printed co ord set,English,everyday,24
SEARCH-00196,CUST-0613,2025-05-20T05:15:00+00:00,haldi ke liye yellow suit,Hinglish,wedding,41
SEARCH-00197,CUST-0532,2025-07-09T03:21:00+00:00,mehndi function dress,Hinglish,wedding,46
SEARCH-00198,CUST-0791,2025-06-21T15:59:00+00:00,rakhi function wear,Hinglish,festive,13
SEARCH-00199,CUST-0456,2025-05-22T14:15:00+00:00,eid special kurti,Hinglish,festive,7
SEARCH-00200,CUST-0672,2026-04-15T14:18:00+00:00,rakhi function wear,Hinglish,festive,25
SEARCH-00201,CUST-0942,2025-11-08T07:07:00+00:00,linen office kurta,English,work,31
SEARCH-00202,CUST-0629,2025-06-04T11:38:00+00:00,office wear kurti,English,work,45
SEARCH-00203,CUST-0452,2026-08-30T17:03:00+00:00,puja ke liye kurta set,Hinglish,festive,4
SEARCH-00204,CUST-0112,2026-09-11T19:43:00+00:00,cotton suit garmi ke liye,Hinglish,everyday,21
SEARCH-00205,CUST-0786,2025-07-25T16:44:00+00:00,haldi ke liye yellow suit,Hinglish,wedding,39
SEARCH-00206,CUST-0034,2026-02-26T05:11:00+00:00,shaadi guest outfit under 1500,Hinglish,wedding,24
SEARCH-00207,CUST-0077,2026-09-12T10:50:00+00:00,comfortable kurta for office,English,work,27
SEARCH-00208,CUST-0709,2026-07-01T01:10:00+00:00,cotton suit garmi ke liye,Hinglish,everyday,13
SEARCH-00209,CUST-0723,2026-09-05T16:40:00+00:00,linen office kurta,English,work,23
SEARCH-00210,CUST-0416,2025-03-30T04:58:00+00:00,rakhi function wear,Hinglish,festive,18
SEARCH-00211,CUST-0481,2026-02-16T07:46:00+00:00,cotton suit garmi ke liye,Hinglish,everyday,10
SEARCH-00212,CUST-0238,2025-02-19T18:08:00+00:00,eid special kurti,Hinglish,festive,2
SEARCH-00213,CUST-0996,2025-10-17T13:22:00+00:00,cotton suit garmi ke liye,Hinglish,everyday,1
SEARCH-00214,CUST-0602,2026-05-23T06:48:00+00:00,eid special kurti,Hinglish,festive,7
SEARCH-00215,CUST-0546,2025-12-08T09:07:00+00:00,vacation beach dress,English,vacation,44
SEARCH-00216,CUST-0862,2025-05-01T01:34:00+00:00,vacation beach dress,English,vacation,16
SEARCH-00217,CUST-0258,2026-05-23T10:17:00+00:00,eid special kurti,Hinglish,festive,0
SEARCH-00218,CUST-0640,2026-07-05T23:46:00+00:00,blue printed co ord set,English,everyday,28
SEARCH-00219,CUST-0690,2025-07-01T13:39:00+00:00,college ke liye simple top,Hinglish,college,2
SEARCH-00220,CUST-0580,2025-04-01T12:10:00+00:00,comfortable kurta for office,English,work,9
SEARCH-00221,CUST-0212,2026-05-03T21:42:00+00:00,comfortable kurta for office,English,work,33
SEARCH-00222,CUST-0141,2025-07-27T21:46:00+00:00,birthday dinner dress,English,party,16
SEARCH-00223,CUST-0463,2025-06-25T22:17:00+00:00,birthday dinner dress,English,party,15
SEARCH-00224,CUST-0850,2025-07-11T03:08:00+00:00,plus size anarkali,English,wedding,24
SEARCH-00225,CUST-0543,2026-08-19T05:21:00+00:00,vacation beach dress,English,vacation,28
SEARCH-00226,CUST-0624,2026-02-10T08:21:00+00:00,vacation beach dress,English,vacation,34
SEARCH-00227,CUST-0556,2025-06-12T04:03:00+00:00,cotton suit garmi ke liye,Hinglish,everyday,14
SEARCH-00228,CUST-0971,2026-02-01T04:04:00+00:00,linen office kurta,English,work,32
SEARCH-00229,CUST-0032,2026-02-16T12:08:00+00:00,college ke liye simple top,Hinglish,college,43
SEARCH-00230,CUST-0309,2026-01-01T13:05:00+00:00,cotton suit garmi ke liye,Hinglish,everyday,25
SEARCH-00231,CUST-0249,2025-04-19T08:51:00+00:00,comfortable kurta for office,English,work,31
SEARCH-00232,CUST-0528,2026-04-27T17:42:00+00:00,mehndi function dress,Hinglish,wedding,24
SEARCH-00233,CUST-0107,2025-02-17T11:10:00+00:00,vacation beach dress,English,vacation,31
SEARCH-00234,CUST-0666,2025-10-22T01:39:00+00:00,plus size anarkali,English,wedding,13
SEARCH-00235,CUST-0405,2025-07-06T02:37:00+00:00,college ke liye simple top,Hinglish,college,6
SEARCH-00236,CUST-0103,2026-05-06T22:26:00+00:00,Navratri garba dress,Hinglish,festival,19
SEARCH-00237,CUST-0126,2025-09-14T10:45:00+00:00,daily wear cotton kurti,English,everyday,26
SEARCH-00238,CUST-0934,2026-03-28T22:44:00+00:00,mehndi function dress,Hinglish,wedding,24
SEARCH-00239,CUST-0337,2025-11-19T18:54:00+00:00,blue printed co ord set,English,everyday,1
SEARCH-00240,CUST-0058,2025-02-05T21:57:00+00:00,blue printed co ord set,English,everyday,12
SEARCH-00241,CUST-0795,2026-07-04T00:56:00+00:00,vacation beach dress,English,vacation,9
SEARCH-00242,CUST-0163,2025-09-30T12:57:00+00:00,puja ke liye kurta set,Hinglish,festive,40
SEARCH-00243,CUST-0066,2026-08-14T10:31:00+00:00,plus size anarkali,English,wedding,3
SEARCH-00244,CUST-0825,2026-02-08T23:48:00+00:00,Navratri garba dress,Hinglish,festival,34
SEARCH-00245,CUST-0763,2026-08-16T20:08:00+00:00,comfortable kurta for office,English,work,1
SEARCH-00246,CUST-0455,2026-05-21T03:51:00+00:00,birthday dinner dress,English,party,41
SEARCH-00247,CUST-0931,2025-12-13T20:40:00+00:00,college ke liye simple top,Hinglish,college,11
SEARCH-00248,CUST-0335,2025-05-08T16:05:00+00:00,college ke liye simple top,Hinglish,college,3
SEARCH-00249,CUST-0820,2026-07-04T11:34:00+00:00,shaadi guest outfit under 1500,Hinglish,wedding,42
SEARCH-00250,CUST-0533,2026-07-06T04:58:00+00:00,sangeet outfit,English,wedding,39
SEARCH-00251,CUST-0997,2025-10-08T11:24:00+00:00,puja ke liye kurta set,Hinglish,festive,0
SEARCH-00252,CUST-0999,2025-04-26T23:32:00+00:00,shaadi guest outfit under 1500,Hinglish,wedding,46
SEARCH-00253,CUST-0703,2026-02-11T16:47:00+00:00,college ke liye simple top,Hinglish,college,19
SEARCH-00254,CUST-0943,2025-10-20T21:31:00+00:00,mehndi function dress,Hinglish,wedding,10
SEARCH-00255,CUST-0448,2026-03-25T12:44:00+00:00,vacation beach dress,English,vacation,30
SEARCH-00256,CUST-0919,2025-12-28T00:14:00+00:00,birthday dinner dress,English,party,20
SEARCH-00257,CUST-0126,2025-02-12T07:54:00+00:00,Navratri garba dress,Hinglish,festival,29
SEARCH-00258,CUST-0679,2025-01-09T20:52:00+00:00,eid special kurti,Hinglish,festive,48
SEARCH-00259,CUST-0974,2026-02-11T12:06:00+00:00,mehndi function dress,Hinglish,wedding,47
SEARCH-00260,CUST-0087,2025-03-08T10:20:00+00:00,puja ke liye kurta set,Hinglish,festive,42
SEARCH-00261,CUST-0812,2026-07-19T19:36:00+00:00,rakhi function wear,Hinglish,festive,8
SEARCH-00262,CUST-0011,2025-07-24T09:09:00+00:00,birthday dinner dress,English,party,48
SEARCH-00263,CUST-0013,2026-02-14T00:35:00+00:00,linen office kurta,English,work,27
SEARCH-00264,CUST-0140,2025-03-03T04:12:00+00:00,eid special kurti,Hinglish,festive,17
SEARCH-00265,CUST-0116,2026-08-18T15:38:00+00:00,linen office kurta,English,work,17
SEARCH-00266,CUST-0104,2025-11-05T07:11:00+00:00,college ke liye simple top,Hinglish,college,22
SEARCH-00267,CUST-0030,2025-06-05T10:58:00+00:00,birthday dinner dress,English,party,9
SEARCH-00268,CUST-0729,2025-08-20T16:45:00+00:00,Navratri garba dress,Hinglish,festival,32
SEARCH-00269,CUST-0623,2025-06-13T11:40:00+00:00,shaadi guest outfit under 1500,Hinglish,wedding,42
SEARCH-00270,CUST-0096,2026-03-25T11:07:00+00:00,birthday dinner dress,English,party,45
SEARCH-00271,CUST-0029,2025-12-18T14:04:00+00:00,Navratri garba dress,Hinglish,festival,10
SEARCH-00272,CUST-0503,2025-10-15T17:46:00+00:00,puja ke liye kurta set,Hinglish,festive,46
SEARCH-00273,CUST-0059,2026-01-08T03:20:00+00:00,puja ke liye kurta set,Hinglish,festive,8
SEARCH-00274,CUST-0918,2025-07-03T01:09:00+00:00,birthday dinner dress,English,party,40
SEARCH-00275,CUST-0538,2025-01-13T04:51:00+00:00,eid special kurti,Hinglish,festive,32
SEARCH-00276,CUST-0782,2025-04-10T11:25:00+00:00,eid special kurti,Hinglish,festive,37
SEARCH-00277,CUST-0690,2025-08-09T18:03:00+00:00,office wear kurti,English,work,3
SEARCH-00278,CUST-0232,2025-11-04T05:25:00+00:00,college ke liye simple top,Hinglish,college,26
SEARCH-00279,CUST-0350,2025-04-10T15:14:00+00:00,daily wear cotton kurti,English,everyday,39
SEARCH-00280,CUST-0759,2025-07-23T00:05:00+00:00,rakhi function wear,Hinglish,festive,43
SEARCH-00281,CUST-0960,2026-09-02T16:42:00+00:00,comfortable kurta for office,English,work,45
SEARCH-00282,CUST-0615,2025-03-17T08:19:00+00:00,birthday dinner dress,English,party,22
SEARCH-00283,CUST-0814,2025-01-10T20:11:00+00:00,daily wear cotton kurti,English,everyday,35
SEARCH-00284,CUST-0490,2026-01-21T08:06:00+00:00,shaadi guest outfit under 1500,Hinglish,wedding,16
SEARCH-00285,CUST-0842,2025-02-02T11:19:00+00:00,plus size anarkali,English,wedding,46
SEARCH-00286,CUST-0088,2025-07-31T17:00:00+00:00,haldi ke liye yellow suit,Hinglish,wedding,14
SEARCH-00287,CUST-0395,2025-03-29T02:53:00+00:00,puja ke liye kurta set,Hinglish,festive,34
SEARCH-00288,CUST-0239,2025-09-23T03:38:00+00:00,blue printed co ord set,English,everyday,25
SEARCH-00289,CUST-0006,2026-08-30T07:48:00+00:00,blue printed co ord set,English,everyday,16
SEARCH-00290,CUST-0386,2026-03-30T23:19:00+00:00,shaadi guest outfit under 1500,Hinglish,wedding,38
SEARCH-00291,CUST-0167,2025-05-13T19:06:00+00:00,office wear kurti,English,work,31
SEARCH-00292,CUST-0305,2025-02-24T09:00:00+00:00,puja ke liye kurta set,Hinglish,festive,10
SEARCH-00293,CUST-0477,2026-04-25T12:44:00+00:00,linen office kurta,English,work,11
SEARCH-00294,CUST-0790,2025-11-14T22:15:00+00:00,birthday dinner dress,English,party,37
SEARCH-00295,CUST-0789,2025-04-29T23:56:00+00:00,rakhi function wear,Hinglish,festive,46
SEARCH-00296,CUST-0625,2026-01-15T17:37:00+00:00,office wear kurti,English,work,46
SEARCH-00297,CUST-0722,2025-06-11T13:32:00+00:00,haldi ke liye yellow suit,Hinglish,wedding,23
SEARCH-00298,CUST-0049,2025-09-10T19:16:00+00:00,daily wear cotton kurti,English,everyday,15
SEARCH-00299,CUST-0936,2025-12-18T00:23:00+00:00,haldi ke liye yellow suit,Hinglish,wedding,27
SEARCH-00300,CUST-0344,2025-08-07T00:38:00+00:00,haldi ke liye yellow suit,Hinglish,wedding,37
SEARCH-00301,CUST-0627,2025-06-11T02:39:00+00:00,plus size anarkali,English,wedding,20
SEARCH-00302,CUST-0405,2025-01-16T10:52:00+00:00,eid special kurti,Hinglish,festive,9
SEARCH-00303,CUST-0136,2025-07-04T22:23:00+00:00,college ke liye simple top,Hinglish,college,15
SEARCH-00304,CUST-0319,2026-04-21T07:57:00+00:00,linen office kurta,English,work,2
SEARCH-00305,CUST-0214,2025-07-06T13:28:00+00:00,plus size anarkali,English,wedding,13
SEARCH-00306,CUST-0595,2025-09-26T15:49:00+00:00,linen office kurta,English,work,1
SEARCH-00307,CUST-0019,2025-08-01T11:25:00+00:00,college ke liye simple top,Hinglish,college,38
SEARCH-00308,CUST-0854,2025-05-24T22:26:00+00:00,college ke liye simple top,Hinglish,college,17
SEARCH-00309,CUST-0453,2026-08-16T07:17:00+00:00,cotton suit garmi ke liye,Hinglish,everyday,25
SEARCH-00310,CUST-0866,2026-06-07T03:17:00+00:00,mehndi function dress,Hinglish,wedding,45
SEARCH-00311,CUST-0936,2025-05-29T05:35:00+00:00,office wear kurti,English,work,45
SEARCH-00312,CUST-0358,2026-07-03T17:02:00+00:00,plus size anarkali,English,wedding,12
SEARCH-00313,CUST-0813,2025-09-06T19:10:00+00:00,comfortable kurta for office,English,work,20
SEARCH-00314,CUST-0063,2025-02-26T10:06:00+00:00,eid special kurti,Hinglish,festive,46
SEARCH-00315,CUST-0990,2026-04-30T08:50:00+00:00,blue printed co ord set,English,everyday,24
SEARCH-00316,CUST-0272,2026-02-28T14:07:00+00:00,daily wear cotton kurti,English,everyday,6
SEARCH-00317,CUST-0635,2025-05-24T06:46:00+00:00,Navratri garba dress,Hinglish,festival,44
SEARCH-00318,CUST-0557,2026-06-22T00:07:00+00:00,cotton suit garmi ke liye,Hinglish,everyday,27
SEARCH-00319,CUST-0708,2026-05-30T17:47:00+00:00,plus size anarkali,English,wedding,16
SEARCH-00320,CUST-0209,2025-01-23T11:00:00+00:00,plus size anarkali,English,wedding,32
SEARCH-00321,CUST-0056,2025-10-20T20:16:00+00:00,shaadi guest outfit under 1500,Hinglish,wedding,19
SEARCH-00322,CUST-0399,2025-09-14T21:28:00+00:00,college ke liye simple top,Hinglish,college,30
SEARCH-00323,CUST-0950,2026-01-31T13:58:00+00:00,daily wear cotton kurti,English,everyday,30
SEARCH-00324,CUST-0323,2025-09-03T21:01:00+00:00,rakhi function wear,Hinglish,festive,30
SEARCH-00325,CUST-0106,2026-06-29T17:05:00+00:00,haldi ke liye yellow suit,Hinglish,wedding,36
SEARCH-00326,CUST-0133,2025-07-23T15:44:00+00:00,cotton suit garmi ke liye,Hinglish,everyday,4
SEARCH-00327,CUST-0108,2025-09-08T08:44:00+00:00,birthday dinner dress,English,party,9
SEARCH-00328,CUST-0709,2025-10-08T03:02:00+00:00,vacation beach dress,English,vacation,18
SEARCH-00329,CUST-0212,2026-02-09T20:58:00+00:00,shaadi guest outfit under 1500,Hinglish,wedding,37
SEARCH-00330,CUST-0220,2026-04-20T05:15:00+00:00,birthday dinner dress,English,party,23
SEARCH-00331,CUST-0288,2026-07-23T08:58:00+00:00,daily wear cotton kurti,English,everyday,46
SEARCH-00332,CUST-0912,2025-06-25T03:19:00+00:00,cotton suit garmi ke liye,Hinglish,everyday,9
SEARCH-00333,CUST-0109,2025-12-04T11:50:00+00:00,college ke liye simple top,Hinglish,college,15
SEARCH-00334,CUST-0710,2026-02-17T22:20:00+00:00,linen office kurta,English,work,11
SEARCH-00335,CUST-0834,2025-06-23T17:56:00+00:00,puja ke liye kurta set,Hinglish,festive,8
SEARCH-00336,CUST-0273,2025-02-15T07:23:00+00:00,mehndi function dress,Hinglish,wedding,22
SEARCH-00337,CUST-0332,2025-10-16T06:43:00+00:00,linen office kurta,English,work,28
SEARCH-00338,CUST-0189,2025-02-27T01:31:00+00:00,puja ke liye kurta set,Hinglish,festive,26
SEARCH-00339,CUST-0354,2025-03-24T14:49:00+00:00,linen office kurta,English,work,29
SEARCH-00340,CUST-0479,2026-03-16T04:30:00+00:00,plus size anarkali,English,wedding,0
SEARCH-00341,CUST-0012,2026-08-06T06:54:00+00:00,haldi ke liye yellow suit,Hinglish,wedding,21
SEARCH-00342,CUST-0722,2026-07-18T20:46:00+00:00,haldi ke liye yellow suit,Hinglish,wedding,45
SEARCH-00343,CUST-0525,2025-08-30T11:18:00+00:00,Navratri garba dress,Hinglish,festival,26
SEARCH-00344,CUST-0045,2025-03-21T09:59:00+00:00,birthday dinner dress,English,party,25
SEARCH-00345,CUST-0805,2025-05-08T23:10:00+00:00,puja ke liye kurta set,Hinglish,festive,19
SEARCH-00346,CUST-0403,2025-04-01T13:55:00+00:00,cotton suit garmi ke liye,Hinglish,everyday,34
SEARCH-00347,CUST-0690,2026-02-12T12:59:00+00:00,sangeet outfit,English,wedding,0
SEARCH-00348,CUST-0064,2025-01-05T16:46:00+00:00,comfortable kurta for office,English,work,26
SEARCH-00349,CUST-0131,2025-04-03T14:49:00+00:00,sangeet outfit,English,wedding,18
SEARCH-00350,CUST-0202,2025-07-20T11:12:00+00:00,haldi ke liye yellow suit,Hinglish,wedding,22
SEARCH-00351,CUST-0987,2025-12-27T13:17:00+00:00,daily wear cotton kurti,English,everyday,5
SEARCH-00352,CUST-0563,2026-09-03T19:41:00+00:00,plus size anarkali,English,wedding,43
SEARCH-00353,CUST-0401,2025-12-08T15:49:00+00:00,cotton suit garmi ke liye,Hinglish,everyday,9
SEARCH-00354,CUST-0028,2025-03-07T09:53:00+00:00,puja ke liye kurta set,Hinglish,festive,29
SEARCH-00355,CUST-0976,2025-09-15T21:57:00+00:00,Navratri garba dress,Hinglish,festival,11
SEARCH-00356,CUST-0806,2026-07-23T05:52:00+00:00,daily wear cotton kurti,English,everyday,31
SEARCH-00357,CUST-0713,2025-12-12T00:40:00+00:00,daily wear cotton kurti,English,everyday,32
SEARCH-00358,CUST-0872,2026-08-17T14:31:00+00:00,mehndi function dress,Hinglish,wedding,18
SEARCH-00359,CUST-0119,2026-07-30T03:45:00+00:00,birthday dinner dress,English,party,0
SEARCH-00360,CUST-0912,2025-03-27T16:21:00+00:00,cotton suit garmi ke liye,Hinglish,everyday,22
SEARCH-00361,CUST-0012,2025-08-21T13:21:00+00:00,puja ke liye kurta set,Hinglish,festive,46
SEARCH-00362,CUST-0571,2025-10-02T11:39:00+00:00,Navratri garba dress,Hinglish,festival,39
SEARCH-00363,CUST-0218,2026-03-14T04:21:00+00:00,eid special kurti,Hinglish,festive,4
SEARCH-00364,CUST-0249,2025-05-24T14:53:00+00:00,sangeet outfit,English,wedding,32
SEARCH-00365,CUST-0397,2025-12-15T22:49:00+00:00,shaadi guest outfit under 1500,Hinglish,wedding,17
SEARCH-00366,CUST-0284,2025-01-17T15:38:00+00:00,puja ke liye kurta set,Hinglish,festive,19
SEARCH-00367,CUST-0636,2025-10-27T19:11:00+00:00,eid special kurti,Hinglish,festive,17
SEARCH-00368,CUST-0160,2025-10-12T11:46:00+00:00,cotton suit garmi ke liye,Hinglish,everyday,43
SEARCH-00369,CUST-0588,2025-10-24T22:22:00+00:00,eid special kurti,Hinglish,festive,10
SEARCH-00370,CUST-0903,2026-08-15T07:09:00+00:00,daily wear cotton kurti,English,everyday,41
SEARCH-00371,CUST-0908,2026-06-26T11:43:00+00:00,office wear kurti,English,work,11
SEARCH-00372,CUST-0100,2025-04-04T16:36:00+00:00,mehndi function dress,Hinglish,wedding,27
SEARCH-00373,CUST-0095,2026-04-01T12:09:00+00:00,cotton suit garmi ke liye,Hinglish,everyday,2
SEARCH-00374,CUST-0268,2026-04-12T08:10:00+00:00,vacation beach dress,English,vacation,2
SEARCH-00375,CUST-0973,2025-10-19T08:51:00+00:00,blue printed co ord set,English,everyday,32
SEARCH-00376,CUST-0386,2026-05-03T07:13:00+00:00,cotton suit garmi ke liye,Hinglish,everyday,12
SEARCH-00377,CUST-0880,2026-07-28T18:52:00+00:00,college ke liye simple top,Hinglish,college,9
SEARCH-00378,CUST-0124,2025-03-08T05:19:00+00:00,cotton suit garmi ke liye,Hinglish,everyday,21
SEARCH-00379,CUST-0191,2026-06-26T02:09:00+00:00,comfortable kurta for office,English,work,41
SEARCH-00380,CUST-0041,2025-10-28T05:43:00+00:00,comfortable kurta for office,English,work,1
SEARCH-00381,CUST-0519,2025-05-28T07:05:00+00:00,birthday dinner dress,English,party,33
SEARCH-00382,CUST-0777,2025-01-28T03:07:00+00:00,mehndi function dress,Hinglish,wedding,15
SEARCH-00383,CUST-0617,2025-01-12T21:13:00+00:00,mehndi function dress,Hinglish,wedding,26
SEARCH-00384,CUST-0939,2025-06-02T21:52:00+00:00,shaadi guest outfit under 1500,Hinglish,wedding,9
SEARCH-00385,CUST-0132,2025-01-30T17:16:00+00:00,plus size anarkali,English,wedding,31
SEARCH-00386,CUST-0625,2025-01-10T04:29:00+00:00,rakhi function wear,Hinglish,festive,9
SEARCH-00387,CUST-0068,2025-12-09T03:26:00+00:00,college ke liye simple top,Hinglish,college,40
SEARCH-00388,CUST-0956,2026-05-28T06:16:00+00:00,rakhi function wear,Hinglish,festive,35
SEARCH-00389,CUST-0575,2026-02-20T01:52:00+00:00,Navratri garba dress,Hinglish,festival,5
SEARCH-00390,CUST-0445,2025-12-15T13:33:00+00:00,eid special kurti,Hinglish,festive,32
SEARCH-00391,CUST-0714,2025-09-19T13:33:00+00:00,linen office kurta,English,work,44
SEARCH-00392,CUST-0831,2025-07-18T06:49:00+00:00,plus size anarkali,English,wedding,45
SEARCH-00393,CUST-0164,2025-02-28T15:13:00+00:00,daily wear cotton kurti,English,everyday,18
SEARCH-00394,CUST-0786,2026-06-13T23:19:00+00:00,vacation beach dress,English,vacation,14
SEARCH-00395,CUST-0090,2025-03-06T07:51:00+00:00,vacation beach dress,English,vacation,10
SEARCH-00396,CUST-0307,2025-01-21T17:44:00+00:00,eid special kurti,Hinglish,festive,13
SEARCH-00397,CUST-0005,2025-04-17T04:11:00+00:00,rakhi function wear,Hinglish,festive,9
SEARCH-00398,CUST-0935,2025-08-25T17:26:00+00:00,sangeet outfit,English,wedding,45
SEARCH-00399,CUST-0020,2025-06-15T21:01:00+00:00,haldi ke liye yellow suit,Hinglish,wedding,15
SEARCH-00400,CUST-0571,2026-07-02T07:14:00+00:00,puja ke liye kurta set,Hinglish,festive,10
SEARCH-00401,CUST-0210,2025-01-06T18:38:00+00:00,shaadi guest outfit under 1500,Hinglish,wedding,7
SEARCH-00402,CUST-0394,2026-04-22T13:37:00+00:00,puja ke liye kurta set,Hinglish,festive,0
SEARCH-00403,CUST-0568,2025-09-18T13:28:00+00:00,sangeet outfit,English,wedding,48
SEARCH-00404,CUST-0238,2025-02-10T14:58:00+00:00,vacation beach dress,English,vacation,10
SEARCH-00405,CUST-0732,2026-07-23T23:57:00+00:00,shaadi guest outfit under 1500,Hinglish,wedding,5
SEARCH-00406,CUST-0827,2025-10-08T13:03:00+00:00,blue printed co ord set,English,everyday,24
SEARCH-00407,CUST-0496,2026-05-28T22:06:00+00:00,college ke liye simple top,Hinglish,college,32
SEARCH-00408,CUST-0331,2025-07-16T13:16:00+00:00,shaadi guest outfit under 1500,Hinglish,wedding,48
SEARCH-00409,CUST-0464,2025-04-30T05:54:00+00:00,puja ke liye kurta set,Hinglish,festive,6
SEARCH-00410,CUST-0380,2026-04-16T19:05:00+00:00,comfortable kurta for office,English,work,22
SEARCH-00411,CUST-0684,2026-07-04T02:43:00+00:00,Navratri garba dress,Hinglish,festival,13
SEARCH-00412,CUST-0570,2026-01-03T14:42:00+00:00,puja ke liye kurta set,Hinglish,festive,10
SEARCH-00413,CUST-0143,2025-09-14T11:26:00+00:00,birthday dinner dress,English,party,37
SEARCH-00414,CUST-0502,2025-03-13T20:43:00+00:00,Navratri garba dress,Hinglish,festival,8
SEARCH-00415,CUST-0470,2026-04-28T19:19:00+00:00,college ke liye simple top,Hinglish,college,47
SEARCH-00416,CUST-0574,2026-05-11T17:55:00+00:00,sangeet outfit,English,wedding,22
SEARCH-00417,CUST-0330,2025-08-08T00:17:00+00:00,daily wear cotton kurti,English,everyday,26
SEARCH-00418,CUST-0967,2025-02-07T21:46:00+00:00,plus size anarkali,English,wedding,17
SEARCH-00419,CUST-0346,2026-03-04T10:30:00+00:00,rakhi function wear,Hinglish,festive,5
SEARCH-00420,CUST-0910,2025-09-25T09:15:00+00:00,rakhi function wear,Hinglish,festive,11
SEARCH-00421,CUST-0836,2025-12-26T02:57:00+00:00,haldi ke liye yellow suit,Hinglish,wedding,34
SEARCH-00422,CUST-0009,2025-08-16T02:47:00+00:00,birthday dinner dress,English,party,1
SEARCH-00423,CUST-0850,2025-04-09T18:51:00+00:00,mehndi function dress,Hinglish,wedding,13
SEARCH-00424,CUST-0267,2025-02-26T00:24:00+00:00,birthday dinner dress,English,party,45
SEARCH-00425,CUST-0527,2025-02-25T05:25:00+00:00,haldi ke liye yellow suit,Hinglish,wedding,27
SEARCH-00426,CUST-0367,2026-01-14T04:56:00+00:00,college ke liye simple top,Hinglish,college,27
SEARCH-00427,CUST-0262,2025-12-21T00:51:00+00:00,comfortable kurta for office,English,work,45
SEARCH-00428,CUST-0264,2026-01-14T11:33:00+00:00,office wear kurti,English,work,5
SEARCH-00429,CUST-0727,2025-04-12T19:36:00+00:00,haldi ke liye yellow suit,Hinglish,wedding,47
SEARCH-00430,CUST-0170,2025-12-04T09:56:00+00:00,puja ke liye kurta set,Hinglish,festive,21
SEARCH-00431,CUST-0529,2025-07-07T13:59:00+00:00,plus size anarkali,English,wedding,24
SEARCH-00432,CUST-0455,2025-07-11T22:00:00+00:00,linen office kurta,English,work,16
SEARCH-00433,CUST-0864,2025-09-08T20:24:00+00:00,plus size anarkali,English,wedding,44
SEARCH-00434,CUST-0432,2026-05-17T03:03:00+00:00,sangeet outfit,English,wedding,41
SEARCH-00435,CUST-0195,2026-04-06T21:35:00+00:00,haldi ke liye yellow suit,Hinglish,wedding,11
SEARCH-00436,CUST-0253,2025-01-24T05:40:00+00:00,linen office kurta,English,work,8
SEARCH-00437,CUST-0988,2025-03-30T10:23:00+00:00,eid special kurti,Hinglish,festive,37
SEARCH-00438,CUST-0418,2025-09-17T23:20:00+00:00,blue printed co ord set,English,everyday,4
SEARCH-00439,CUST-0579,2025-04-27T14:53:00+00:00,rakhi function wear,Hinglish,festive,2
SEARCH-00440,CUST-0768,2026-01-06T07:19:00+00:00,office wear kurti,English,work,36
SEARCH-00441,CUST-0825,2025-01-04T14:29:00+00:00,college ke liye simple top,Hinglish,college,0
SEARCH-00442,CUST-0763,2025-03-09T03:20:00+00:00,comfortable kurta for office,English,work,40
SEARCH-00443,CUST-0866,2025-12-04T09:09:00+00:00,daily wear cotton kurti,English,everyday,2
SEARCH-00444,CUST-0746,2026-07-31T07:50:00+00:00,puja ke liye kurta set,Hinglish,festive,22
SEARCH-00445,CUST-0732,2025-08-04T01:02:00+00:00,haldi ke liye yellow suit,Hinglish,wedding,26
SEARCH-00446,CUST-0431,2026-06-29T16:13:00+00:00,comfortable kurta for office,English,work,28
SEARCH-00447,CUST-0541,2025-05-08T03:00:00+00:00,birthday dinner dress,English,party,4
SEARCH-00448,CUST-0353,2025-05-23T04:13:00+00:00,Navratri garba dress,Hinglish,festival,6
SEARCH-00449,CUST-0263,2026-08-15T11:53:00+00:00,vacation beach dress,English,vacation,13
SEARCH-00450,CUST-0956,2026-05-18T15:50:00+00:00,shaadi guest outfit under 1500,Hinglish,wedding,17
SEARCH-00451,CUST-0933,2025-11-28T16:15:00+00:00,college ke liye simple top,Hinglish,college,24
SEARCH-00452,CUST-0897,2025-01-04T22:46:00+00:00,birthday dinner dress,English,party,43
SEARCH-00453,CUST-0043,2025-02-06T14:36:00+00:00,college ke liye simple top,Hinglish,college,32
SEARCH-00454,CUST-0951,2026-04-26T08:29:00+00:00,rakhi function wear,Hinglish,festive,25
SEARCH-00455,CUST-0686,2025-05-20T13:49:00+00:00,plus size anarkali,English,wedding,8
SEARCH-00456,CUST-0942,2025-02-09T15:39:00+00:00,sangeet outfit,English,wedding,26
SEARCH-00457,CUST-0715,2025-03-27T07:43:00+00:00,cotton suit garmi ke liye,Hinglish,everyday,42
SEARCH-00458,CUST-0529,2026-08-11T01:38:00+00:00,blue printed co ord set,English,everyday,31
SEARCH-00459,CUST-0406,2025-02-24T23:09:00+00:00,plus size anarkali,English,wedding,30
SEARCH-00460,CUST-0857,2025-02-12T00:14:00+00:00,puja ke liye kurta set,Hinglish,festive,3
SEARCH-00461,CUST-0182,2025-06-21T04:02:00+00:00,sangeet outfit,English,wedding,17
SEARCH-00462,CUST-0714,2025-12-19T17:40:00+00:00,linen office kurta,English,work,14
SEARCH-00463,CUST-0640,2025-10-17T04:40:00+00:00,linen office kurta,English,work,34
SEARCH-00464,CUST-0433,2025-08-24T10:07:00+00:00,birthday dinner dress,English,party,40
SEARCH-00465,CUST-0272,2026-06-25T18:14:00+00:00,mehndi function dress,Hinglish,wedding,0
SEARCH-00466,CUST-0261,2026-04-12T18:36:00+00:00,office wear kurti,English,work,27
SEARCH-00467,CUST-0681,2025-06-12T23:40:00+00:00,rakhi function wear,Hinglish,festive,29
SEARCH-00468,CUST-0150,2026-01-02T03:30:00+00:00,cotton suit garmi ke liye,Hinglish,everyday,5
SEARCH-00469,CUST-0330,2025-12-15T16:16:00+00:00,office wear kurti,English,work,18
SEARCH-00470,CUST-0035,2026-06-25T17:05:00+00:00,puja ke liye kurta set,Hinglish,festive,14
SEARCH-00471,CUST-0930,2025-06-01T01:17:00+00:00,vacation beach dress,English,vacation,20
SEARCH-00472,CUST-0737,2025-05-14T16:00:00+00:00,rakhi function wear,Hinglish,festive,22
SEARCH-00473,CUST-0681,2025-05-09T00:01:00+00:00,college ke liye simple top,Hinglish,college,28
SEARCH-00474,CUST-0436,2025-11-29T17:17:00+00:00,vacation beach dress,English,vacation,19
SEARCH-00475,CUST-0483,2025-01-21T05:24:00+00:00,birthday dinner dress,English,party,3
SEARCH-00476,CUST-0150,2026-05-31T00:41:00+00:00,mehndi function dress,Hinglish,wedding,24
SEARCH-00477,CUST-0734,2025-02-18T09:59:00+00:00,linen office kurta,English,work,17
SEARCH-00478,CUST-0539,2026-01-06T08:30:00+00:00,rakhi function wear,Hinglish,festive,46
SEARCH-00479,CUST-0507,2025-01-07T23:32:00+00:00,puja ke liye kurta set,Hinglish,festive,31
SEARCH-00480,CUST-0836,2025-02-16T00:13:00+00:00,mehndi function dress,Hinglish,wedding,19
SEARCH-00481,CUST-0277,2025-05-10T12:15:00+00:00,daily wear cotton kurti,English,everyday,41
SEARCH-00482,CUST-0021,2025-02-17T03:48:00+00:00,shaadi guest outfit under 1500,Hinglish,wedding,3
SEARCH-00483,CUST-0993,2025-05-18T06:47:00+00:00,Navratri garba dress,Hinglish,festival,40
SEARCH-00484,CUST-0941,2026-01-17T20:03:00+00:00,Navratri garba dress,Hinglish,festival,16
SEARCH-00485,CUST-0990,2026-04-18T14:43:00+00:00,haldi ke liye yellow suit,Hinglish,wedding,26
SEARCH-00486,CUST-0076,2025-11-22T12:19:00+00:00,daily wear cotton kurti,English,everyday,13
SEARCH-00487,CUST-0627,2025-09-25T13:46:00+00:00,Navratri garba dress,Hinglish,festival,38
SEARCH-00488,CUST-0023,2026-04-28T03:44:00+00:00,comfortable kurta for office,English,work,9
SEARCH-00489,CUST-0385,2025-04-27T23:39:00+00:00,linen office kurta,English,work,9
SEARCH-00490,CUST-0968,2025-06-28T16:26:00+00:00,cotton suit garmi ke liye,Hinglish,everyday,8
SEARCH-00491,CUST-0814,2025-08-29T03:52:00+00:00,haldi ke liye yellow suit,Hinglish,wedding,45
SEARCH-00492,CUST-0898,2026-06-13T02:25:00+00:00,rakhi function wear,Hinglish,festive,6
SEARCH-00493,CUST-0141,2026-07-14T09:10:00+00:00,Navratri garba dress,Hinglish,festival,33
SEARCH-00494,CUST-0639,2025-06-14T05:59:00+00:00,college ke liye simple top,Hinglish,college,25
SEARCH-00495,CUST-0918,2026-05-13T14:15:00+00:00,college ke liye simple top,Hinglish,college,15
SEARCH-00496,CUST-0486,2025-08-01T14:30:00+00:00,cotton suit garmi ke liye,Hinglish,everyday,27
SEARCH-00497,CUST-0753,2025-12-22T20:17:00+00:00,rakhi function wear,Hinglish,festive,38
SEARCH-00498,CUST-0209,2026-04-16T05:25:00+00:00,sangeet outfit,English,wedding,23
SEARCH-00499,CUST-0304,2025-06-07T10:05:00+00:00,shaadi guest outfit under 1500,Hinglish,wedding,17
SEARCH-00500,CUST-0561,2025-10-27T03:21:00+00:00,sangeet outfit,English,wedding,9
SEARCH-00501,CUST-0289,2025-09-25T21:16:00+00:00,office wear kurti,English,work,1
SEARCH-00502,CUST-0171,2026-08-03T15:43:00+00:00,blue printed co ord set,English,everyday,12
SEARCH-00503,CUST-0728,2025-04-08T12:49:00+00:00,birthday dinner dress,English,party,47
SEARCH-00504,CUST-0700,2025-01-29T18:28:00+00:00,cotton suit garmi ke liye,Hinglish,everyday,15
SEARCH-00505,CUST-0094,2025-05-13T15:22:00+00:00,college ke liye simple top,Hinglish,college,10
SEARCH-00506,CUST-0767,2026-03-17T01:32:00+00:00,blue printed co ord set,English,everyday,1
SEARCH-00507,CUST-0347,2026-06-07T18:01:00+00:00,linen office kurta,English,work,1
SEARCH-00508,CUST-0719,2025-02-18T10:55:00+00:00,shaadi guest outfit under 1500,Hinglish,wedding,45
SEARCH-00509,CUST-0110,2026-03-24T08:11:00+00:00,Navratri garba dress,Hinglish,festival,44
SEARCH-00510,CUST-0256,2025-10-03T11:14:00+00:00,sangeet outfit,English,wedding,14
SEARCH-00511,CUST-0931,2026-03-11T09:53:00+00:00,blue printed co ord set,English,everyday,11
SEARCH-00512,CUST-0578,2026-02-15T00:04:00+00:00,Navratri garba dress,Hinglish,festival,43
SEARCH-00513,CUST-0091,2025-08-26T14:50:00+00:00,office wear kurti,English,work,32
SEARCH-00514,CUST-0118,2025-03-15T09:55:00+00:00,puja ke liye kurta set,Hinglish,festive,17
SEARCH-00515,CUST-0758,2026-02-01T13:48:00+00:00,comfortable kurta for office,English,work,20
SEARCH-00516,CUST-0995,2026-04-15T09:58:00+00:00,shaadi guest outfit under 1500,Hinglish,wedding,17
SEARCH-00517,CUST-0493,2025-10-22T13:59:00+00:00,sangeet outfit,English,wedding,23
SEARCH-00518,CUST-0928,2025-11-27T20:07:00+00:00,plus size anarkali,English,wedding,16
SEARCH-00519,CUST-0623,2026-02-20T15:43:00+00:00,haldi ke liye yellow suit,Hinglish,wedding,20
SEARCH-00520,CUST-0782,2025-03-07T20:41:00+00:00,cotton suit garmi ke liye,Hinglish,everyday,10
SEARCH-00521,CUST-0733,2025-01-06T21:51:00+00:00,comfortable kurta for office,English,work,38
SEARCH-00522,CUST-0963,2025-10-31T10:07:00+00:00,blue printed co ord set,English,everyday,0
SEARCH-00523,CUST-0946,2025-07-17T18:00:00+00:00,puja ke liye kurta set,Hinglish,festive,15
SEARCH-00524,CUST-0918,2026-05-19T17:35:00+00:00,office wear kurti,English,work,17
SEARCH-00525,CUST-0616,2025-06-18T17:46:00+00:00,rakhi function wear,Hinglish,festive,22
SEARCH-00526,CUST-0150,2025-04-16T16:37:00+00:00,puja ke liye kurta set,Hinglish,festive,26
SEARCH-00527,CUST-0643,2026-07-13T19:37:00+00:00,comfortable kurta for office,English,work,32
SEARCH-00528,CUST-0156,2025-07-11T20:06:00+00:00,sangeet outfit,English,wedding,29
SEARCH-00529,CUST-0326,2026-08-08T17:25:00+00:00,office wear kurti,English,work,26
SEARCH-00530,CUST-0222,2026-06-07T20:57:00+00:00,haldi ke liye yellow suit,Hinglish,wedding,36
SEARCH-00531,CUST-0878,2025-07-27T13:20:00+00:00,Navratri garba dress,Hinglish,festival,4
SEARCH-00532,CUST-0611,2025-10-22T19:08:00+00:00,vacation beach dress,English,vacation,37
SEARCH-00533,CUST-0149,2025-10-01T02:17:00+00:00,rakhi function wear,Hinglish,festive,15
SEARCH-00534,CUST-0609,2025-11-03T12:47:00+00:00,daily wear cotton kurti,English,everyday,23
SEARCH-00535,CUST-0091,2025-12-01T15:47:00+00:00,blue printed co ord set,English,everyday,29
SEARCH-00536,CUST-0387,2025-03-31T15:12:00+00:00,puja ke liye kurta set,Hinglish,festive,21
SEARCH-00537,CUST-0734,2025-06-17T01:51:00+00:00,blue printed co ord set,English,everyday,27
SEARCH-00538,CUST-0531,2026-08-30T00:40:00+00:00,sangeet outfit,English,wedding,41
SEARCH-00539,CUST-0691,2025-06-29T10:25:00+00:00,sangeet outfit,English,wedding,21
SEARCH-00540,CUST-0664,2026-01-12T01:08:00+00:00,vacation beach dress,English,vacation,42
SEARCH-00541,CUST-0574,2025-05-14T21:06:00+00:00,mehndi function dress,Hinglish,wedding,22
SEARCH-00542,CUST-0213,2026-06-22T16:39:00+00:00,eid special kurti,Hinglish,festive,34
SEARCH-00543,CUST-0046,2026-08-13T16:09:00+00:00,mehndi function dress,Hinglish,wedding,37
SEARCH-00544,CUST-0663,2026-08-29T03:14:00+00:00,eid special kurti,Hinglish,festive,9
SEARCH-00545,CUST-0390,2025-02-06T19:38:00+00:00,birthday dinner dress,English,party,36
SEARCH-00546,CUST-0116,2025-07-11T05:16:00+00:00,daily wear cotton kurti,English,everyday,14
SEARCH-00547,CUST-0928,2025-11-18T10:32:00+00:00,vacation beach dress,English,vacation,42
SEARCH-00548,CUST-0298,2025-04-19T22:58:00+00:00,plus size anarkali,English,wedding,14
SEARCH-00549,CUST-0029,2026-08-03T08:45:00+00:00,college ke liye simple top,Hinglish,college,21
SEARCH-00550,CUST-0305,2026-01-15T11:15:00+00:00,birthday dinner dress,English,party,21
SEARCH-00551,CUST-0145,2025-11-23T23:43:00+00:00,plus size anarkali,English,wedding,31
SEARCH-00552,CUST-0468,2025-02-08T11:49:00+00:00,haldi ke liye yellow suit,Hinglish,wedding,40
SEARCH-00553,CUST-0859,2026-01-31T10:14:00+00:00,shaadi guest outfit under 1500,Hinglish,wedding,42
SEARCH-00554,CUST-0609,2025-04-28T03:03:00+00:00,comfortable kurta for office,English,work,9
SEARCH-00555,CUST-0762,2026-02-27T17:35:00+00:00,eid special kurti,Hinglish,festive,4
SEARCH-00556,CUST-0808,2026-05-17T20:11:00+00:00,Navratri garba dress,Hinglish,festival,43
SEARCH-00557,CUST-0468,2025-01-13T04:44:00+00:00,plus size anarkali,English,wedding,0
SEARCH-00558,CUST-0139,2025-08-27T15:37:00+00:00,daily wear cotton kurti,English,everyday,14
SEARCH-00559,CUST-0775,2026-02-28T11:31:00+00:00,mehndi function dress,Hinglish,wedding,30
SEARCH-00560,CUST-0987,2026-01-05T23:51:00+00:00,vacation beach dress,English,vacation,10
SEARCH-00561,CUST-0288,2026-02-11T20:16:00+00:00,vacation beach dress,English,vacation,22
SEARCH-00562,CUST-0982,2025-02-01T02:44:00+00:00,puja ke liye kurta set,Hinglish,festive,27
SEARCH-00563,CUST-0012,2025-10-26T11:40:00+00:00,college ke liye simple top,Hinglish,college,13
SEARCH-00564,CUST-0201,2026-08-28T09:41:00+00:00,linen office kurta,English,work,9
SEARCH-00565,CUST-0581,2025-12-22T19:11:00+00:00,puja ke liye kurta set,Hinglish,festive,40
SEARCH-00566,CUST-0537,2025-10-10T18:30:00+00:00,sangeet outfit,English,wedding,31
SEARCH-00567,CUST-0592,2026-07-02T16:25:00+00:00,plus size anarkali,English,wedding,28
SEARCH-00568,CUST-0497,2025-06-26T10:21:00+00:00,sangeet outfit,English,wedding,16
SEARCH-00569,CUST-0675,2025-11-23T11:13:00+00:00,sangeet outfit,English,wedding,2
SEARCH-00570,CUST-0778,2026-03-26T23:05:00+00:00,vacation beach dress,English,vacation,36
SEARCH-00571,CUST-0200,2026-08-14T21:03:00+00:00,rakhi function wear,Hinglish,festive,12
SEARCH-00572,CUST-0642,2026-02-12T20:18:00+00:00,Navratri garba dress,Hinglish,festival,19
SEARCH-00573,CUST-0243,2025-09-02T18:55:00+00:00,comfortable kurta for office,English,work,31
SEARCH-00574,CUST-0664,2025-03-13T11:27:00+00:00,daily wear cotton kurti,English,everyday,11
SEARCH-00575,CUST-0227,2026-07-08T15:14:00+00:00,shaadi guest outfit under 1500,Hinglish,wedding,20
SEARCH-00576,CUST-0541,2025-02-25T14:47:00+00:00,blue printed co ord set,English,everyday,2
SEARCH-00577,CUST-0350,2025-01-06T22:18:00+00:00,birthday dinner dress,English,party,47
SEARCH-00578,CUST-0339,2025-01-06T12:18:00+00:00,haldi ke liye yellow suit,Hinglish,wedding,37
SEARCH-00579,CUST-0571,2025-06-10T01:29:00+00:00,vacation beach dress,English,vacation,14
SEARCH-00580,CUST-0929,2025-09-11T17:45:00+00:00,rakhi function wear,Hinglish,festive,34
SEARCH-00581,CUST-0800,2025-07-19T05:10:00+00:00,linen office kurta,English,work,19
SEARCH-00582,CUST-0205,2025-10-21T14:57:00+00:00,sangeet outfit,English,wedding,29
SEARCH-00583,CUST-0490,2025-11-28T08:13:00+00:00,office wear kurti,English,work,41
SEARCH-00584,CUST-0618,2025-12-15T14:46:00+00:00,college ke liye simple top,Hinglish,college,34
SEARCH-00585,CUST-0870,2025-08-17T21:49:00+00:00,plus size anarkali,English,wedding,5
SEARCH-00586,CUST-0577,2026-02-15T23:41:00+00:00,cotton suit garmi ke liye,Hinglish,everyday,8
SEARCH-00587,CUST-0807,2026-08-25T11:12:00+00:00,Navratri garba dress,Hinglish,festival,36
SEARCH-00588,CUST-0874,2026-04-02T13:49:00+00:00,haldi ke liye yellow suit,Hinglish,wedding,7
SEARCH-00589,CUST-0059,2026-01-17T18:22:00+00:00,comfortable kurta for office,English,work,31
SEARCH-00590,CUST-0988,2026-07-04T17:01:00+00:00,Navratri garba dress,Hinglish,festival,1
SEARCH-00591,CUST-0548,2026-07-08T23:12:00+00:00,plus size anarkali,English,wedding,26
SEARCH-00592,CUST-0815,2025-05-13T05:49:00+00:00,plus size anarkali,English,wedding,26
SEARCH-00593,CUST-0323,2026-03-08T00:34:00+00:00,plus size anarkali,English,wedding,17
SEARCH-00594,CUST-0038,2025-07-03T21:03:00+00:00,blue printed co ord set,English,everyday,39
SEARCH-00595,CUST-0992,2025-03-31T23:20:00+00:00,linen office kurta,English,work,12
SEARCH-00596,CUST-0275,2026-07-22T03:16:00+00:00,cotton suit garmi ke liye,Hinglish,everyday,0
SEARCH-00597,CUST-0285,2025-09-15T21:04:00+00:00,mehndi function dress,Hinglish,wedding,23
SEARCH-00598,CUST-0625,2025-04-03T18:58:00+00:00,vacation beach dress,English,vacation,45
SEARCH-00599,CUST-0391,2025-07-03T19:56:00+00:00,college ke liye simple top,Hinglish,college,40
SEARCH-00600,CUST-0703,2026-07-16T19:04:00+00:00,rakhi function wear,Hinglish,festive,16
SEARCH-00601,CUST-0614,2026-04-12T12:57:00+00:00,cotton suit garmi ke liye,Hinglish,everyday,48
SEARCH-00602,CUST-0833,2025-09-05T02:34:00+00:00,shaadi guest outfit under 1500,Hinglish,wedding,45
SEARCH-00603,CUST-0947,2025-09-18T20:16:00+00:00,mehndi function dress,Hinglish,wedding,12
SEARCH-00604,CUST-0392,2025-05-03T09:52:00+00:00,linen office kurta,English,work,2
SEARCH-00605,CUST-0509,2026-08-19T16:00:00+00:00,Navratri garba dress,Hinglish,festival,18
SEARCH-00606,CUST-0344,2025-03-15T05:44:00+00:00,puja ke liye kurta set,Hinglish,festive,16
SEARCH-00607,CUST-0312,2026-02-02T12:55:00+00:00,college ke liye simple top,Hinglish,college,47
SEARCH-00608,CUST-0250,2026-09-14T05:17:00+00:00,sangeet outfit,English,wedding,0
SEARCH-00609,CUST-0493,2026-07-15T03:29:00+00:00,cotton suit garmi ke liye,Hinglish,everyday,14
SEARCH-00610,CUST-0835,2026-05-08T22:54:00+00:00,daily wear cotton kurti,English,everyday,19
SEARCH-00611,CUST-0594,2025-06-20T16:46:00+00:00,linen office kurta,English,work,27
SEARCH-00612,CUST-0673,2025-10-10T09:13:00+00:00,cotton suit garmi ke liye,Hinglish,everyday,42
SEARCH-00613,CUST-0175,2025-08-29T21:23:00+00:00,office wear kurti,English,work,43
SEARCH-00614,CUST-0516,2025-10-01T13:52:00+00:00,eid special kurti,Hinglish,festive,38
SEARCH-00615,CUST-0607,2025-02-08T18:00:00+00:00,comfortable kurta for office,English,work,20
SEARCH-00616,CUST-0604,2026-05-25T11:30:00+00:00,puja ke liye kurta set,Hinglish,festive,33
SEARCH-00617,CUST-0025,2026-02-09T01:30:00+00:00,birthday dinner dress,English,party,17
SEARCH-00618,CUST-0689,2026-07-17T12:15:00+00:00,cotton suit garmi ke liye,Hinglish,everyday,23
SEARCH-00619,CUST-0026,2025-11-23T18:32:00+00:00,Navratri garba dress,Hinglish,festival,9
SEARCH-00620,CUST-0101,2026-03-13T20:26:00+00:00,comfortable kurta for office,English,work,40
SEARCH-00621,CUST-0511,2025-05-03T19:54:00+00:00,office wear kurti,English,work,20
SEARCH-00622,CUST-0204,2025-09-16T10:18:00+00:00,college ke liye simple top,Hinglish,college,18
SEARCH-00623,CUST-0671,2026-01-06T00:13:00+00:00,birthday dinner dress,English,party,35
SEARCH-00624,CUST-0167,2026-07-16T06:14:00+00:00,eid special kurti,Hinglish,festive,48
SEARCH-00625,CUST-0408,2025-09-27T07:12:00+00:00,shaadi guest outfit under 1500,Hinglish,wedding,35
SEARCH-00626,CUST-0464,2025-04-19T03:14:00+00:00,college ke liye simple top,Hinglish,college,4
SEARCH-00627,CUST-0952,2025-01-31T07:45:00+00:00,vacation beach dress,English,vacation,44
SEARCH-00628,CUST-0106,2025-01-26T22:37:00+00:00,haldi ke liye yellow suit,Hinglish,wedding,31
SEARCH-00629,CUST-0956,2025-12-02T00:05:00+00:00,vacation beach dress,English,vacation,26
SEARCH-00630,CUST-0450,2025-08-14T18:41:00+00:00,office wear kurti,English,work,6
SEARCH-00631,CUST-0125,2026-08-10T19:21:00+00:00,Navratri garba dress,Hinglish,festival,4
SEARCH-00632,CUST-0147,2025-12-08T14:37:00+00:00,Navratri garba dress,Hinglish,festival,6
SEARCH-00633,CUST-0713,2026-04-21T17:52:00+00:00,rakhi function wear,Hinglish,festive,18
SEARCH-00634,CUST-0598,2026-02-28T12:42:00+00:00,plus size anarkali,English,wedding,42
SEARCH-00635,CUST-0263,2026-05-07T22:49:00+00:00,rakhi function wear,Hinglish,festive,23
SEARCH-00636,CUST-0931,2026-06-15T15:45:00+00:00,Navratri garba dress,Hinglish,festival,6
SEARCH-00637,CUST-0153,2026-02-24T16:04:00+00:00,comfortable kurta for office,English,work,36
SEARCH-00638,CUST-0314,2026-08-05T21:10:00+00:00,comfortable kurta for office,English,work,35
SEARCH-00639,CUST-0125,2025-03-10T00:47:00+00:00,eid special kurti,Hinglish,festive,23
SEARCH-00640,CUST-0081,2026-02-02T07:26:00+00:00,comfortable kurta for office,English,work,1
SEARCH-00641,CUST-0243,2025-08-01T01:10:00+00:00,plus size anarkali,English,wedding,7
SEARCH-00642,CUST-0844,2025-02-28T04:24:00+00:00,linen office kurta,English,work,10
SEARCH-00643,CUST-0936,2026-01-26T12:17:00+00:00,rakhi function wear,Hinglish,festive,14
SEARCH-00644,CUST-0411,2025-06-12T18:31:00+00:00,blue printed co ord set,English,everyday,40
SEARCH-00645,CUST-0357,2025-05-08T01:27:00+00:00,vacation beach dress,English,vacation,2
SEARCH-00646,CUST-0618,2025-02-12T10:18:00+00:00,cotton suit garmi ke liye,Hinglish,everyday,30
SEARCH-00647,CUST-0565,2025-03-02T09:36:00+00:00,linen office kurta,English,work,3
SEARCH-00648,CUST-0173,2026-09-08T09:00:00+00:00,plus size anarkali,English,wedding,18
SEARCH-00649,CUST-0320,2026-04-03T23:03:00+00:00,linen office kurta,English,work,46
SEARCH-00650,CUST-0863,2025-08-03T21:27:00+00:00,cotton suit garmi ke liye,Hinglish,everyday,27
SEARCH-00651,CUST-0817,2026-01-28T22:54:00+00:00,linen office kurta,English,work,26
SEARCH-00652,CUST-0719,2025-09-15T10:26:00+00:00,vacation beach dress,English,vacation,0
SEARCH-00653,CUST-0426,2025-09-11T08:24:00+00:00,plus size anarkali,English,wedding,34
SEARCH-00654,CUST-0556,2026-01-05T12:25:00+00:00,plus size anarkali,English,wedding,26
SEARCH-00655,CUST-0095,2026-04-05T23:11:00+00:00,comfortable kurta for office,English,work,31
SEARCH-00656,CUST-0172,2025-01-26T19:58:00+00:00,haldi ke liye yellow suit,Hinglish,wedding,14
SEARCH-00657,CUST-0527,2025-02-04T03:50:00+00:00,birthday dinner dress,English,party,23
SEARCH-00658,CUST-0955,2026-05-30T15:50:00+00:00,linen office kurta,English,work,46
SEARCH-00659,CUST-0652,2026-04-21T05:40:00+00:00,plus size anarkali,English,wedding,5
SEARCH-00660,CUST-0975,2025-03-16T09:37:00+00:00,cotton suit garmi ke liye,Hinglish,everyday,25
SEARCH-00661,CUST-0413,2025-09-26T05:25:00+00:00,cotton suit garmi ke liye,Hinglish,everyday,41
SEARCH-00662,CUST-0923,2026-04-20T00:52:00+00:00,sangeet outfit,English,wedding,20
SEARCH-00663,CUST-0490,2026-04-20T17:09:00+00:00,linen office kurta,English,work,5
SEARCH-00664,CUST-0044,2026-05-02T12:00:00+00:00,mehndi function dress,Hinglish,wedding,19
SEARCH-00665,CUST-0918,2025-11-09T16:43:00+00:00,mehndi function dress,Hinglish,wedding,36
SEARCH-00666,CUST-0118,2025-02-05T03:06:00+00:00,mehndi function dress,Hinglish,wedding,48
SEARCH-00667,CUST-0120,2025-02-03T21:40:00+00:00,comfortable kurta for office,English,work,43
SEARCH-00668,CUST-0925,2026-01-15T03:18:00+00:00,daily wear cotton kurti,English,everyday,27
SEARCH-00669,CUST-0333,2026-08-28T03:34:00+00:00,haldi ke liye yellow suit,Hinglish,wedding,47
SEARCH-00670,CUST-0332,2025-10-11T09:46:00+00:00,cotton suit garmi ke liye,Hinglish,everyday,17
SEARCH-00671,CUST-0596,2026-02-24T07:41:00+00:00,puja ke liye kurta set,Hinglish,festive,35
SEARCH-00672,CUST-0764,2025-02-10T06:19:00+00:00,mehndi function dress,Hinglish,wedding,22
SEARCH-00673,CUST-0519,2025-05-07T07:36:00+00:00,office wear kurti,English,work,25
SEARCH-00674,CUST-0689,2026-01-11T11:34:00+00:00,cotton suit garmi ke liye,Hinglish,everyday,1
SEARCH-00675,CUST-0195,2025-03-16T07:02:00+00:00,blue printed co ord set,English,everyday,4
SEARCH-00676,CUST-0866,2025-07-18T07:40:00+00:00,vacation beach dress,English,vacation,10
SEARCH-00677,CUST-0724,2026-08-22T17:45:00+00:00,college ke liye simple top,Hinglish,college,17
SEARCH-00678,CUST-0085,2025-08-31T16:53:00+00:00,mehndi function dress,Hinglish,wedding,19
SEARCH-00679,CUST-0405,2025-06-14T05:11:00+00:00,eid special kurti,Hinglish,festive,33
SEARCH-00680,CUST-0850,2025-11-28T08:27:00+00:00,sangeet outfit,English,wedding,6
SEARCH-00681,CUST-0034,2026-09-12T06:03:00+00:00,cotton suit garmi ke liye,Hinglish,everyday,28
SEARCH-00682,CUST-0949,2025-07-22T14:16:00+00:00,office wear kurti,English,work,5
SEARCH-00683,CUST-0083,2026-01-25T00:34:00+00:00,Navratri garba dress,Hinglish,festival,34
SEARCH-00684,CUST-0773,2025-08-25T08:39:00+00:00,haldi ke liye yellow suit,Hinglish,wedding,7
SEARCH-00685,CUST-0001,2025-05-15T03:47:00+00:00,college ke liye simple top,Hinglish,college,35
SEARCH-00686,CUST-0571,2026-06-02T13:02:00+00:00,shaadi guest outfit under 1500,Hinglish,wedding,22
SEARCH-00687,CUST-0719,2025-04-25T01:30:00+00:00,shaadi guest outfit under 1500,Hinglish,wedding,15
SEARCH-00688,CUST-0087,2026-03-25T17:28:00+00:00,haldi ke liye yellow suit,Hinglish,wedding,31
SEARCH-00689,CUST-0194,2026-06-06T08:39:00+00:00,plus size anarkali,English,wedding,13
SEARCH-00690,CUST-0079,2025-05-04T05:02:00+00:00,rakhi function wear,Hinglish,festive,15
SEARCH-00691,CUST-0650,2025-08-04T19:26:00+00:00,vacation beach dress,English,vacation,31
SEARCH-00692,CUST-0421,2026-03-24T12:40:00+00:00,eid special kurti,Hinglish,festive,34
SEARCH-00693,CUST-0687,2026-05-18T10:12:00+00:00,comfortable kurta for office,English,work,39
SEARCH-00694,CUST-0118,2025-05-08T21:52:00+00:00,blue printed co ord set,English,everyday,44
SEARCH-00695,CUST-0932,2026-07-17T10:43:00+00:00,shaadi guest outfit under 1500,Hinglish,wedding,2
SEARCH-00696,CUST-0472,2025-01-27T11:15:00+00:00,linen office kurta,English,work,37
SEARCH-00697,CUST-0272,2025-05-28T05:53:00+00:00,shaadi guest outfit under 1500,Hinglish,wedding,19
SEARCH-00698,CUST-0930,2025-11-09T05:41:00+00:00,eid special kurti,Hinglish,festive,6
SEARCH-00699,CUST-0867,2026-03-12T09:22:00+00:00,daily wear cotton kurti,English,everyday,23
SEARCH-00700,CUST-0523,2025-04-14T00:06:00+00:00,blue printed co ord set,English,everyday,45
SEARCH-00701,CUST-0539,2025-02-01T23:04:00+00:00,shaadi guest outfit under 1500,Hinglish,wedding,5
SEARCH-00702,CUST-0913,2026-04-14T08:10:00+00:00,linen office kurta,English,work,2
SEARCH-00703,CUST-0913,2025-01-08T13:33:00+00:00,comfortable kurta for office,English,work,10
SEARCH-00704,CUST-0311,2025-10-25T17:14:00+00:00,plus size anarkali,English,wedding,25
SEARCH-00705,CUST-0365,2026-03-01T02:49:00+00:00,comfortable kurta for office,English,work,7
SEARCH-00706,CUST-0512,2025-01-25T11:51:00+00:00,vacation beach dress,English,vacation,5
SEARCH-00707,CUST-0720,2026-05-19T11:58:00+00:00,haldi ke liye yellow suit,Hinglish,wedding,39
SEARCH-00708,CUST-0293,2025-02-11T09:14:00+00:00,sangeet outfit,English,wedding,39
SEARCH-00709,CUST-0526,2025-02-25T15:27:00+00:00,shaadi guest outfit under 1500,Hinglish,wedding,3
SEARCH-00710,CUST-0928,2026-09-05T21:27:00+00:00,mehndi function dress,Hinglish,wedding,27
SEARCH-00711,CUST-0538,2025-04-17T21:17:00+00:00,Navratri garba dress,Hinglish,festival,42
SEARCH-00712,CUST-0316,2025-04-20T14:04:00+00:00,sangeet outfit,English,wedding,14
SEARCH-00713,CUST-0674,2026-06-11T18:26:00+00:00,mehndi function dress,Hinglish,wedding,14
SEARCH-00714,CUST-0152,2026-06-09T19:29:00+00:00,cotton suit garmi ke liye,Hinglish,everyday,28
SEARCH-00715,CUST-0712,2025-03-29T08:15:00+00:00,plus size anarkali,English,wedding,34
SEARCH-00716,CUST-0090,2026-07-31T10:42:00+00:00,rakhi function wear,Hinglish,festive,18
SEARCH-00717,CUST-0463,2025-05-04T04:50:00+00:00,mehndi function dress,Hinglish,wedding,36
SEARCH-00718,CUST-0308,2025-12-13T06:21:00+00:00,office wear kurti,English,work,37
SEARCH-00719,CUST-0933,2026-08-23T15:10:00+00:00,haldi ke liye yellow suit,Hinglish,wedding,32
SEARCH-00720,CUST-0899,2025-05-30T15:21:00+00:00,sangeet outfit,English,wedding,16
SEARCH-00721,CUST-0429,2025-07-28T19:04:00+00:00,vacation beach dress,English,vacation,32
SEARCH-00722,CUST-0448,2025-02-27T23:29:00+00:00,comfortable kurta for office,English,work,39
SEARCH-00723,CUST-0671,2025-01-30T01:48:00+00:00,linen office kurta,English,work,32
SEARCH-00724,CUST-0042,2025-04-20T13:18:00+00:00,plus size anarkali,English,wedding,11
SEARCH-00725,CUST-0105,2025-01-19T04:13:00+00:00,eid special kurti,Hinglish,festive,20
SEARCH-00726,CUST-0394,2025-10-05T07:51:00+00:00,birthday dinner dress,English,party,9
SEARCH-00727,CUST-0178,2025-11-16T09:57:00+00:00,daily wear cotton kurti,English,everyday,40
SEARCH-00728,CUST-0282,2025-04-10T01:32:00+00:00,shaadi guest outfit under 1500,Hinglish,wedding,47
SEARCH-00729,CUST-0671,2025-05-26T08:26:00+00:00,vacation beach dress,English,vacation,23
SEARCH-00730,CUST-0574,2025-06-17T09:01:00+00:00,plus size anarkali,English,wedding,2
SEARCH-00731,CUST-0154,2025-12-29T12:53:00+00:00,blue printed co ord set,English,everyday,6
SEARCH-00732,CUST-0831,2026-02-21T08:57:00+00:00,sangeet outfit,English,wedding,5
SEARCH-00733,CUST-0673,2026-06-12T16:52:00+00:00,college ke liye simple top,Hinglish,college,44
SEARCH-00734,CUST-0406,2025-03-04T09:18:00+00:00,daily wear cotton kurti,English,everyday,11
SEARCH-00735,CUST-0585,2026-09-05T21:29:00+00:00,puja ke liye kurta set,Hinglish,festive,22
SEARCH-00736,CUST-0784,2026-09-03T05:35:00+00:00,birthday dinner dress,English,party,2
SEARCH-00737,CUST-0284,2025-10-12T08:20:00+00:00,rakhi function wear,Hinglish,festive,0
SEARCH-00738,CUST-0856,2025-08-24T14:03:00+00:00,blue printed co ord set,English,everyday,12
SEARCH-00739,CUST-0885,2025-05-28T14:17:00+00:00,haldi ke liye yellow suit,Hinglish,wedding,2
SEARCH-00740,CUST-0132,2025-04-03T18:14:00+00:00,office wear kurti,English,work,16
SEARCH-00741,CUST-0549,2025-12-03T01:25:00+00:00,mehndi function dress,Hinglish,wedding,12
SEARCH-00742,CUST-0309,2025-08-27T17:01:00+00:00,rakhi function wear,Hinglish,festive,7
SEARCH-00743,CUST-0924,2026-05-08T19:03:00+00:00,comfortable kurta for office,English,work,8
SEARCH-00744,CUST-0455,2025-02-25T11:38:00+00:00,birthday dinner dress,English,party,19
SEARCH-00745,CUST-0674,2026-05-12T21:37:00+00:00,puja ke liye kurta set,Hinglish,festive,24
SEARCH-00746,CUST-0410,2025-09-10T09:15:00+00:00,daily wear cotton kurti,English,everyday,30
SEARCH-00747,CUST-0846,2026-07-29T03:41:00+00:00,haldi ke liye yellow suit,Hinglish,wedding,15
SEARCH-00748,CUST-0015,2025-12-03T16:46:00+00:00,office wear kurti,English,work,4
SEARCH-00749,CUST-0332,2026-04-06T07:26:00+00:00,eid special kurti,Hinglish,festive,39
SEARCH-00750,CUST-0595,2026-06-01T21:28:00+00:00,haldi ke liye yellow suit,Hinglish,wedding,28
SEARCH-00751,CUST-0971,2025-10-13T12:28:00+00:00,rakhi function wear,Hinglish,festive,2
SEARCH-00752,CUST-0728,2026-08-10T14:37:00+00:00,Navratri garba dress,Hinglish,festival,48
SEARCH-00753,CUST-0707,2025-01-05T20:29:00+00:00,daily wear cotton kurti,English,everyday,35
SEARCH-00754,CUST-0446,2026-06-16T23:36:00+00:00,blue printed co ord set,English,everyday,18
SEARCH-00755,CUST-0244,2026-07-28T12:17:00+00:00,daily wear cotton kurti,English,everyday,38
SEARCH-00756,CUST-0944,2025-01-11T23:45:00+00:00,Navratri garba dress,Hinglish,festival,46
SEARCH-00757,CUST-0382,2025-12-28T02:15:00+00:00,mehndi function dress,Hinglish,wedding,34
SEARCH-00758,CUST-0301,2025-10-08T04:12:00+00:00,college ke liye simple top,Hinglish,college,32
SEARCH-00759,CUST-0755,2025-03-20T04:10:00+00:00,Navratri garba dress,Hinglish,festival,28
SEARCH-00760,CUST-0601,2025-11-30T01:42:00+00:00,comfortable kurta for office,English,work,34
SEARCH-00761,CUST-0968,2026-07-28T00:38:00+00:00,shaadi guest outfit under 1500,Hinglish,wedding,44
SEARCH-00762,CUST-0139,2026-08-14T10:21:00+00:00,cotton suit garmi ke liye,Hinglish,everyday,47
SEARCH-00763,CUST-0761,2025-06-27T17:56:00+00:00,birthday dinner dress,English,party,18
SEARCH-00764,CUST-0973,2026-06-17T00:44:00+00:00,birthday dinner dress,English,party,7
SEARCH-00765,CUST-0949,2026-01-25T06:45:00+00:00,office wear kurti,English,work,48
SEARCH-00766,CUST-0455,2026-08-02T19:12:00+00:00,haldi ke liye yellow suit,Hinglish,wedding,12
SEARCH-00767,CUST-0553,2025-05-19T09:23:00+00:00,comfortable kurta for office,English,work,46
SEARCH-00768,CUST-0180,2025-10-03T15:10:00+00:00,comfortable kurta for office,English,work,6
SEARCH-00769,CUST-0205,2025-10-21T06:53:00+00:00,cotton suit garmi ke liye,Hinglish,everyday,4
SEARCH-00770,CUST-0468,2026-03-30T23:52:00+00:00,shaadi guest outfit under 1500,Hinglish,wedding,36
SEARCH-00771,CUST-0850,2026-07-30T02:30:00+00:00,plus size anarkali,English,wedding,1
SEARCH-00772,CUST-0258,2026-04-01T11:08:00+00:00,puja ke liye kurta set,Hinglish,festive,19
SEARCH-00773,CUST-0742,2026-07-10T11:24:00+00:00,cotton suit garmi ke liye,Hinglish,everyday,39
SEARCH-00774,CUST-0225,2026-01-02T08:22:00+00:00,mehndi function dress,Hinglish,wedding,46
SEARCH-00775,CUST-0565,2025-09-09T17:24:00+00:00,haldi ke liye yellow suit,Hinglish,wedding,46
SEARCH-00776,CUST-0693,2025-11-26T07:28:00+00:00,shaadi guest outfit under 1500,Hinglish,wedding,5
SEARCH-00777,CUST-0276,2025-12-13T00:44:00+00:00,daily wear cotton kurti,English,everyday,3
SEARCH-00778,CUST-0156,2025-04-01T21:13:00+00:00,mehndi function dress,Hinglish,wedding,18
SEARCH-00779,CUST-0408,2026-02-13T21:20:00+00:00,linen office kurta,English,work,19
SEARCH-00780,CUST-0256,2025-12-01T02:36:00+00:00,puja ke liye kurta set,Hinglish,festive,43
SEARCH-00781,CUST-0559,2026-03-11T21:28:00+00:00,comfortable kurta for office,English,work,9
SEARCH-00782,CUST-0466,2026-04-24T15:36:00+00:00,mehndi function dress,Hinglish,wedding,2
SEARCH-00783,CUST-0396,2026-08-04T22:12:00+00:00,shaadi guest outfit under 1500,Hinglish,wedding,33
SEARCH-00784,CUST-0667,2025-09-05T12:25:00+00:00,plus size anarkali,English,wedding,47
SEARCH-00785,CUST-0139,2025-09-13T21:24:00+00:00,sangeet outfit,English,wedding,42
SEARCH-00786,CUST-0956,2026-03-10T19:04:00+00:00,sangeet outfit,English,wedding,5
SEARCH-00787,CUST-0315,2025-09-30T01:09:00+00:00,birthday dinner dress,English,party,28
SEARCH-00788,CUST-0893,2025-12-31T20:04:00+00:00,birthday dinner dress,English,party,0
SEARCH-00789,CUST-0950,2025-12-28T13:02:00+00:00,office wear kurti,English,work,2
SEARCH-00790,CUST-0206,2026-02-08T09:06:00+00:00,daily wear cotton kurti,English,everyday,23
SEARCH-00791,CUST-0390,2026-01-15T11:45:00+00:00,birthday dinner dress,English,party,32
SEARCH-00792,CUST-0711,2025-02-12T11:37:00+00:00,puja ke liye kurta set,Hinglish,festive,37
SEARCH-00793,CUST-0499,2025-10-21T11:19:00+00:00,blue printed co ord set,English,everyday,15
SEARCH-00794,CUST-0254,2026-07-20T04:36:00+00:00,Navratri garba dress,Hinglish,festival,29
SEARCH-00795,CUST-0917,2025-08-01T04:53:00+00:00,comfortable kurta for office,English,work,40
SEARCH-00796,CUST-0699,2026-07-18T05:26:00+00:00,rakhi function wear,Hinglish,festive,37
SEARCH-00797,CUST-0739,2025-05-21T16:48:00+00:00,shaadi guest outfit under 1500,Hinglish,wedding,36
SEARCH-00798,CUST-0026,2025-12-17T15:11:00+00:00,haldi ke liye yellow suit,Hinglish,wedding,25
SEARCH-00799,CUST-0420,2026-06-12T22:49:00+00:00,Navratri garba dress,Hinglish,festival,18
SEARCH-00800,CUST-0291,2025-02-11T17:04:00+00:00,comfortable kurta for office,English,work,45
SEARCH-00801,CUST-0019,2025-02-03T04:01:00+00:00,linen office kurta,English,work,45
SEARCH-00802,CUST-0096,2026-04-02T08:01:00+00:00,haldi ke liye yellow suit,Hinglish,wedding,8
SEARCH-00803,CUST-0848,2025-08-22T14:12:00+00:00,mehndi function dress,Hinglish,wedding,17
SEARCH-00804,CUST-0490,2025-04-04T04:44:00+00:00,vacation beach dress,English,vacation,0
SEARCH-00805,CUST-0488,2026-03-24T01:30:00+00:00,rakhi function wear,Hinglish,festive,39
SEARCH-00806,CUST-0182,2025-07-16T05:25:00+00:00,Navratri garba dress,Hinglish,festival,41
SEARCH-00807,CUST-0495,2025-12-13T10:16:00+00:00,haldi ke liye yellow suit,Hinglish,wedding,20
SEARCH-00808,CUST-0534,2026-02-08T11:22:00+00:00,shaadi guest outfit under 1500,Hinglish,wedding,1
SEARCH-00809,CUST-0089,2026-01-09T10:34:00+00:00,linen office kurta,English,work,3
SEARCH-00810,CUST-0978,2025-05-28T10:48:00+00:00,mehndi function dress,Hinglish,wedding,42
SEARCH-00811,CUST-0640,2026-09-10T12:09:00+00:00,haldi ke liye yellow suit,Hinglish,wedding,20
SEARCH-00812,CUST-0487,2025-02-06T09:17:00+00:00,office wear kurti,English,work,19
SEARCH-00813,CUST-0973,2025-02-16T01:06:00+00:00,blue printed co ord set,English,everyday,10
SEARCH-00814,CUST-0675,2026-05-26T21:33:00+00:00,haldi ke liye yellow suit,Hinglish,wedding,19
SEARCH-00815,CUST-0985,2026-08-15T04:05:00+00:00,sangeet outfit,English,wedding,41
SEARCH-00816,CUST-0960,2025-06-03T12:06:00+00:00,puja ke liye kurta set,Hinglish,festive,44
SEARCH-00817,CUST-0261,2025-03-21T21:46:00+00:00,puja ke liye kurta set,Hinglish,festive,1
SEARCH-00818,CUST-0690,2025-04-13T09:07:00+00:00,Navratri garba dress,Hinglish,festival,23
SEARCH-00819,CUST-0113,2026-02-13T11:02:00+00:00,sangeet outfit,English,wedding,44
SEARCH-00820,CUST-0219,2026-03-22T20:27:00+00:00,college ke liye simple top,Hinglish,college,15
SEARCH-00821,CUST-0276,2025-12-23T05:29:00+00:00,comfortable kurta for office,English,work,25
SEARCH-00822,CUST-0497,2026-01-09T06:30:00+00:00,cotton suit garmi ke liye,Hinglish,everyday,15
SEARCH-00823,CUST-0198,2025-04-30T01:33:00+00:00,sangeet outfit,English,wedding,42
SEARCH-00824,CUST-0917,2025-12-08T12:09:00+00:00,haldi ke liye yellow suit,Hinglish,wedding,28
SEARCH-00825,CUST-0699,2026-02-17T00:53:00+00:00,Navratri garba dress,Hinglish,festival,34
SEARCH-00826,CUST-0906,2026-04-22T08:07:00+00:00,daily wear cotton kurti,English,everyday,45
SEARCH-00827,CUST-0902,2026-05-17T10:53:00+00:00,shaadi guest outfit under 1500,Hinglish,wedding,2
SEARCH-00828,CUST-0882,2026-08-12T04:03:00+00:00,sangeet outfit,English,wedding,39
SEARCH-00829,CUST-0580,2026-06-21T05:34:00+00:00,comfortable kurta for office,English,work,28
SEARCH-00830,CUST-0987,2025-09-23T06:14:00+00:00,puja ke liye kurta set,Hinglish,festive,12
SEARCH-00831,CUST-0564,2025-10-01T03:59:00+00:00,puja ke liye kurta set,Hinglish,festive,5
SEARCH-00832,CUST-0601,2025-07-13T14:17:00+00:00,cotton suit garmi ke liye,Hinglish,everyday,39
SEARCH-00833,CUST-0045,2025-08-04T08:21:00+00:00,puja ke liye kurta set,Hinglish,festive,32
SEARCH-00834,CUST-0367,2025-07-16T13:55:00+00:00,plus size anarkali,English,wedding,37
SEARCH-00835,CUST-0673,2025-11-17T15:29:00+00:00,college ke liye simple top,Hinglish,college,15
SEARCH-00836,CUST-0143,2025-04-19T01:32:00+00:00,puja ke liye kurta set,Hinglish,festive,48
SEARCH-00837,CUST-0683,2026-01-09T00:11:00+00:00,office wear kurti,English,work,30
SEARCH-00838,CUST-0409,2025-05-24T20:48:00+00:00,eid special kurti,Hinglish,festive,39
SEARCH-00839,CUST-0149,2026-04-02T22:44:00+00:00,Navratri garba dress,Hinglish,festival,3
SEARCH-00840,CUST-0223,2025-11-16T07:05:00+00:00,plus size anarkali,English,wedding,16
SEARCH-00841,CUST-0196,2026-06-15T01:22:00+00:00,college ke liye simple top,Hinglish,college,15
SEARCH-00842,CUST-0447,2025-05-08T06:34:00+00:00,sangeet outfit,English,wedding,43
SEARCH-00843,CUST-0280,2025-10-03T19:22:00+00:00,college ke liye simple top,Hinglish,college,27
SEARCH-00844,CUST-0537,2025-08-15T03:47:00+00:00,linen office kurta,English,work,7
SEARCH-00845,CUST-0433,2025-08-30T16:24:00+00:00,comfortable kurta for office,English,work,23
SEARCH-00846,CUST-0158,2025-03-07T22:38:00+00:00,sangeet outfit,English,wedding,44
SEARCH-00847,CUST-0490,2026-06-06T19:21:00+00:00,office wear kurti,English,work,18
SEARCH-00848,CUST-0995,2026-06-07T00:09:00+00:00,plus size anarkali,English,wedding,5
SEARCH-00849,CUST-0573,2026-03-16T02:15:00+00:00,office wear kurti,English,work,16
SEARCH-00850,CUST-0889,2025-05-11T16:00:00+00:00,cotton suit garmi ke liye,Hinglish,everyday,23
SEARCH-00851,CUST-0061,2025-12-26T04:55:00+00:00,shaadi guest outfit under 1500,Hinglish,wedding,6
SEARCH-00852,CUST-0994,2026-09-04T17:09:00+00:00,office wear kurti,English,work,36
SEARCH-00853,CUST-0819,2025-09-21T09:38:00+00:00,birthday dinner dress,English,party,22
SEARCH-00854,CUST-0437,2026-04-19T02:19:00+00:00,rakhi function wear,Hinglish,festive,45
SEARCH-00855,CUST-0132,2026-01-19T12:14:00+00:00,cotton suit garmi ke liye,Hinglish,everyday,28
SEARCH-00856,CUST-0087,2026-03-11T16:39:00+00:00,vacation beach dress,English,vacation,30
SEARCH-00857,CUST-0360,2025-06-26T18:32:00+00:00,shaadi guest outfit under 1500,Hinglish,wedding,26
SEARCH-00858,CUST-0628,2025-10-27T12:43:00+00:00,rakhi function wear,Hinglish,festive,5
SEARCH-00859,CUST-0739,2025-10-19T06:55:00+00:00,cotton suit garmi ke liye,Hinglish,everyday,3
SEARCH-00860,CUST-0512,2025-05-02T21:18:00+00:00,puja ke liye kurta set,Hinglish,festive,7
SEARCH-00861,CUST-0694,2026-01-14T20:08:00+00:00,comfortable kurta for office,English,work,31
SEARCH-00862,CUST-0601,2025-04-19T12:47:00+00:00,blue printed co ord set,English,everyday,40
SEARCH-00863,CUST-0839,2026-05-28T15:32:00+00:00,office wear kurti,English,work,27
SEARCH-00864,CUST-0759,2025-02-23T19:42:00+00:00,plus size anarkali,English,wedding,43
SEARCH-00865,CUST-0667,2025-05-04T00:18:00+00:00,office wear kurti,English,work,14
SEARCH-00866,CUST-0751,2026-03-14T03:32:00+00:00,college ke liye simple top,Hinglish,college,25
SEARCH-00867,CUST-0606,2025-01-12T09:49:00+00:00,vacation beach dress,English,vacation,9
SEARCH-00868,CUST-0606,2025-06-09T00:38:00+00:00,shaadi guest outfit under 1500,Hinglish,wedding,2
SEARCH-00869,CUST-0654,2026-07-08T22:11:00+00:00,vacation beach dress,English,vacation,32
SEARCH-00870,CUST-0742,2025-06-24T14:17:00+00:00,plus size anarkali,English,wedding,34
SEARCH-00871,CUST-0661,2025-03-18T17:56:00+00:00,puja ke liye kurta set,Hinglish,festive,19
SEARCH-00872,CUST-0861,2025-07-03T05:40:00+00:00,rakhi function wear,Hinglish,festive,14
SEARCH-00873,CUST-0026,2025-02-15T07:15:00+00:00,comfortable kurta for office,English,work,10
SEARCH-00874,CUST-0278,2026-08-28T09:48:00+00:00,haldi ke liye yellow suit,Hinglish,wedding,28
SEARCH-00875,CUST-0264,2026-06-15T14:36:00+00:00,cotton suit garmi ke liye,Hinglish,everyday,31
SEARCH-00876,CUST-0026,2025-11-03T04:30:00+00:00,rakhi function wear,Hinglish,festive,33
SEARCH-00877,CUST-0567,2025-05-06T18:05:00+00:00,shaadi guest outfit under 1500,Hinglish,wedding,25
SEARCH-00878,CUST-0973,2026-06-11T16:10:00+00:00,office wear kurti,English,work,24
SEARCH-00879,CUST-0858,2025-09-03T17:29:00+00:00,blue printed co ord set,English,everyday,14
SEARCH-00880,CUST-0478,2026-01-11T07:34:00+00:00,birthday dinner dress,English,party,42
SEARCH-00881,CUST-0255,2025-05-27T15:24:00+00:00,college ke liye simple top,Hinglish,college,22
SEARCH-00882,CUST-0023,2025-11-17T23:19:00+00:00,linen office kurta,English,work,37
SEARCH-00883,CUST-0968,2025-03-01T05:56:00+00:00,birthday dinner dress,English,party,4
SEARCH-00884,CUST-0469,2025-01-26T23:53:00+00:00,shaadi guest outfit under 1500,Hinglish,wedding,35
SEARCH-00885,CUST-0074,2026-04-23T00:11:00+00:00,vacation beach dress,English,vacation,12
SEARCH-00886,CUST-0830,2026-01-14T14:00:00+00:00,blue printed co ord set,English,everyday,31
SEARCH-00887,CUST-0313,2025-04-30T09:03:00+00:00,eid special kurti,Hinglish,festive,36
SEARCH-00888,CUST-0036,2025-09-05T05:39:00+00:00,birthday dinner dress,English,party,33
SEARCH-00889,CUST-0997,2026-01-04T11:53:00+00:00,vacation beach dress,English,vacation,24
SEARCH-00890,CUST-0865,2026-06-18T16:45:00+00:00,rakhi function wear,Hinglish,festive,7
SEARCH-00891,CUST-0322,2026-05-23T21:45:00+00:00,eid special kurti,Hinglish,festive,9
SEARCH-00892,CUST-0366,2025-02-20T20:35:00+00:00,college ke liye simple top,Hinglish,college,48
SEARCH-00893,CUST-0667,2025-09-18T23:52:00+00:00,plus size anarkali,English,wedding,11
SEARCH-00894,CUST-0339,2026-04-22T23:36:00+00:00,Navratri garba dress,Hinglish,festival,42
SEARCH-00895,CUST-0427,2025-09-13T16:23:00+00:00,shaadi guest outfit under 1500,Hinglish,wedding,5
SEARCH-00896,CUST-0054,2025-09-19T18:34:00+00:00,cotton suit garmi ke liye,Hinglish,everyday,45
SEARCH-00897,CUST-0703,2025-04-09T01:05:00+00:00,vacation beach dress,English,vacation,27
SEARCH-00898,CUST-0228,2026-04-03T19:31:00+00:00,comfortable kurta for office,English,work,33
SEARCH-00899,CUST-0366,2025-11-29T00:18:00+00:00,haldi ke liye yellow suit,Hinglish,wedding,0
SEARCH-00900,CUST-0538,2026-08-13T22:52:00+00:00,college ke liye simple top,Hinglish,college,28
SEARCH-00901,CUST-0004,2026-08-26T02:31:00+00:00,college ke liye simple top,Hinglish,college,6
SEARCH-00902,CUST-0806,2025-06-22T18:04:00+00:00,daily wear cotton kurti,English,everyday,5
SEARCH-00903,CUST-0198,2025-10-20T11:08:00+00:00,blue printed co ord set,English,everyday,12
SEARCH-00904,CUST-0422,2025-03-11T15:11:00+00:00,vacation beach dress,English,vacation,48
SEARCH-00905,CUST-0785,2025-03-29T09:30:00+00:00,sangeet outfit,English,wedding,23
SEARCH-00906,CUST-0085,2025-12-04T00:13:00+00:00,plus size anarkali,English,wedding,40
SEARCH-00907,CUST-0270,2026-03-15T08:27:00+00:00,sangeet outfit,English,wedding,7
SEARCH-00908,CUST-0208,2025-12-12T04:30:00+00:00,daily wear cotton kurti,English,everyday,10
SEARCH-00909,CUST-0697,2025-05-17T00:10:00+00:00,vacation beach dress,English,vacation,7
SEARCH-00910,CUST-0952,2025-04-23T00:16:00+00:00,vacation beach dress,English,vacation,23
SEARCH-00911,CUST-0937,2026-07-10T18:27:00+00:00,puja ke liye kurta set,Hinglish,festive,6
SEARCH-00912,CUST-0026,2025-04-07T10:18:00+00:00,eid special kurti,Hinglish,festive,38
SEARCH-00913,CUST-0424,2025-01-13T04:09:00+00:00,shaadi guest outfit under 1500,Hinglish,wedding,43
SEARCH-00914,CUST-0139,2025-05-15T15:16:00+00:00,sangeet outfit,English,wedding,25
SEARCH-00915,CUST-0599,2025-03-14T06:04:00+00:00,birthday dinner dress,English,party,24
SEARCH-00916,CUST-0443,2026-04-14T16:28:00+00:00,sangeet outfit,English,wedding,22
SEARCH-00917,CUST-0927,2025-06-22T13:55:00+00:00,sangeet outfit,English,wedding,42
SEARCH-00918,CUST-0096,2026-03-08T19:58:00+00:00,rakhi function wear,Hinglish,festive,45
SEARCH-00919,CUST-0108,2025-07-10T03:12:00+00:00,birthday dinner dress,English,party,30
SEARCH-00920,CUST-0661,2026-08-28T16:14:00+00:00,daily wear cotton kurti,English,everyday,32
SEARCH-00921,CUST-0704,2025-02-07T21:02:00+00:00,linen office kurta,English,work,31
SEARCH-00922,CUST-0898,2026-09-01T19:42:00+00:00,cotton suit garmi ke liye,Hinglish,everyday,5
SEARCH-00923,CUST-0089,2025-06-14T04:02:00+00:00,shaadi guest outfit under 1500,Hinglish,wedding,41
SEARCH-00924,CUST-0408,2025-07-21T15:32:00+00:00,eid special kurti,Hinglish,festive,42
SEARCH-00925,CUST-0430,2025-03-08T06:35:00+00:00,blue printed co ord set,English,everyday,13
SEARCH-00926,CUST-0229,2025-04-17T14:01:00+00:00,shaadi guest outfit under 1500,Hinglish,wedding,5
SEARCH-00927,CUST-0659,2026-04-24T05:00:00+00:00,plus size anarkali,English,wedding,40
SEARCH-00928,CUST-0015,2025-02-16T04:46:00+00:00,office wear kurti,English,work,15
SEARCH-00929,CUST-0066,2025-06-06T05:55:00+00:00,shaadi guest outfit under 1500,Hinglish,wedding,32
SEARCH-00930,CUST-0299,2025-07-18T04:40:00+00:00,linen office kurta,English,work,21
SEARCH-00931,CUST-0340,2025-07-22T15:25:00+00:00,rakhi function wear,Hinglish,festive,5
SEARCH-00932,CUST-0368,2025-07-29T11:55:00+00:00,office wear kurti,English,work,17
SEARCH-00933,CUST-0410,2026-02-22T07:04:00+00:00,mehndi function dress,Hinglish,wedding,0
SEARCH-00934,CUST-0883,2026-05-28T00:08:00+00:00,rakhi function wear,Hinglish,festive,44
SEARCH-00935,CUST-0415,2026-06-26T13:40:00+00:00,eid special kurti,Hinglish,festive,13
SEARCH-00936,CUST-0444,2025-01-16T10:12:00+00:00,cotton suit garmi ke liye,Hinglish,everyday,18
SEARCH-00937,CUST-0954,2026-06-08T12:25:00+00:00,mehndi function dress,Hinglish,wedding,26
SEARCH-00938,CUST-0301,2025-04-20T20:25:00+00:00,blue printed co ord set,English,everyday,37
SEARCH-00939,CUST-0726,2026-01-05T05:42:00+00:00,college ke liye simple top,Hinglish,college,44
SEARCH-00940,CUST-0711,2025-04-09T01:16:00+00:00,mehndi function dress,Hinglish,wedding,17
SEARCH-00941,CUST-0248,2025-09-28T12:11:00+00:00,shaadi guest outfit under 1500,Hinglish,wedding,28
SEARCH-00942,CUST-0587,2026-02-24T03:59:00+00:00,comfortable kurta for office,English,work,29
SEARCH-00943,CUST-0462,2025-07-01T16:57:00+00:00,rakhi function wear,Hinglish,festive,38
SEARCH-00944,CUST-0008,2025-05-22T16:57:00+00:00,daily wear cotton kurti,English,everyday,14
SEARCH-00945,CUST-0961,2026-03-28T19:19:00+00:00,daily wear cotton kurti,English,everyday,11
SEARCH-00946,CUST-0922,2025-11-22T06:58:00+00:00,puja ke liye kurta set,Hinglish,festive,7
SEARCH-00947,CUST-0154,2026-08-15T04:16:00+00:00,comfortable kurta for office,English,work,9
SEARCH-00948,CUST-0842,2025-08-01T10:06:00+00:00,sangeet outfit,English,wedding,35
SEARCH-00949,CUST-0913,2025-08-23T20:17:00+00:00,birthday dinner dress,English,party,33
SEARCH-00950,CUST-0034,2025-01-07T14:02:00+00:00,plus size anarkali,English,wedding,21
SEARCH-00951,CUST-0009,2026-08-14T17:32:00+00:00,Navratri garba dress,Hinglish,festival,10
SEARCH-00952,CUST-0697,2026-02-02T00:34:00+00:00,cotton suit garmi ke liye,Hinglish,everyday,10
SEARCH-00953,CUST-0310,2026-01-27T06:15:00+00:00,vacation beach dress,English,vacation,12
SEARCH-00954,CUST-0779,2026-09-06T08:57:00+00:00,sangeet outfit,English,wedding,0
SEARCH-00955,CUST-0087,2026-03-18T15:01:00+00:00,Navratri garba dress,Hinglish,festival,10
SEARCH-00956,CUST-0572,2025-07-20T22:14:00+00:00,plus size anarkali,English,wedding,30
SEARCH-00957,CUST-0873,2025-08-26T23:00:00+00:00,vacation beach dress,English,vacation,26
SEARCH-00958,CUST-0387,2025-05-15T22:49:00+00:00,Navratri garba dress,Hinglish,festival,10
SEARCH-00959,CUST-0201,2025-07-14T12:14:00+00:00,Navratri garba dress,Hinglish,festival,34
SEARCH-00960,CUST-0040,2025-08-04T01:13:00+00:00,Navratri garba dress,Hinglish,festival,18
SEARCH-00961,CUST-0728,2026-06-01T01:13:00+00:00,sangeet outfit,English,wedding,0
SEARCH-00962,CUST-0525,2025-04-19T12:34:00+00:00,birthday dinner dress,English,party,8
SEARCH-00963,CUST-0474,2026-08-23T23:19:00+00:00,vacation beach dress,English,vacation,35
SEARCH-00964,CUST-0537,2025-03-03T07:18:00+00:00,puja ke liye kurta set,Hinglish,festive,41
SEARCH-00965,CUST-0383,2025-01-21T07:57:00+00:00,eid special kurti,Hinglish,festive,11
SEARCH-00966,CUST-0439,2026-01-23T00:55:00+00:00,college ke liye simple top,Hinglish,college,26
SEARCH-00967,CUST-0464,2025-09-19T21:27:00+00:00,mehndi function dress,Hinglish,wedding,45
SEARCH-00968,CUST-0473,2025-08-21T15:19:00+00:00,sangeet outfit,English,wedding,23
SEARCH-00969,CUST-0260,2026-05-22T02:35:00+00:00,haldi ke liye yellow suit,Hinglish,wedding,13
SEARCH-00970,CUST-0628,2025-11-05T13:58:00+00:00,college ke liye simple top,Hinglish,college,35
SEARCH-00971,CUST-0303,2026-04-14T18:08:00+00:00,office wear kurti,English,work,30
SEARCH-00972,CUST-0608,2026-05-30T08:49:00+00:00,puja ke liye kurta set,Hinglish,festive,10
SEARCH-00973,CUST-0691,2025-11-18T11:38:00+00:00,plus size anarkali,English,wedding,22
SEARCH-00974,CUST-0318,2025-01-17T09:19:00+00:00,vacation beach dress,English,vacation,4
SEARCH-00975,CUST-0409,2026-01-08T05:05:00+00:00,haldi ke liye yellow suit,Hinglish,wedding,43
SEARCH-00976,CUST-0076,2026-03-15T01:10:00+00:00,shaadi guest outfit under 1500,Hinglish,wedding,22
SEARCH-00977,CUST-0725,2025-09-27T10:37:00+00:00,mehndi function dress,Hinglish,wedding,44
SEARCH-00978,CUST-0388,2025-11-09T05:46:00+00:00,Navratri garba dress,Hinglish,festival,15
SEARCH-00979,CUST-0945,2025-05-04T00:55:00+00:00,vacation beach dress,English,vacation,29
SEARCH-00980,CUST-0576,2026-06-28T00:30:00+00:00,shaadi guest outfit under 1500,Hinglish,wedding,12
SEARCH-00981,CUST-0178,2025-02-11T09:36:00+00:00,birthday dinner dress,English,party,35
SEARCH-00982,CUST-0370,2025-09-06T19:14:00+00:00,shaadi guest outfit under 1500,Hinglish,wedding,33
SEARCH-00983,CUST-0490,2025-06-03T23:24:00+00:00,cotton suit garmi ke liye,Hinglish,everyday,21
SEARCH-00984,CUST-0972,2026-04-28T03:44:00+00:00,daily wear cotton kurti,English,everyday,19
SEARCH-00985,CUST-0732,2025-03-19T23:47:00+00:00,haldi ke liye yellow suit,Hinglish,wedding,18
SEARCH-00986,CUST-0017,2026-08-17T17:46:00+00:00,cotton suit garmi ke liye,Hinglish,everyday,27
SEARCH-00987,CUST-0039,2026-03-26T22:09:00+00:00,rakhi function wear,Hinglish,festive,13
SEARCH-00988,CUST-0088,2025-05-19T13:13:00+00:00,birthday dinner dress,English,party,16
SEARCH-00989,CUST-0173,2026-03-22T11:38:00+00:00,rakhi function wear,Hinglish,festive,0
SEARCH-00990,CUST-0851,2026-01-30T06:38:00+00:00,haldi ke liye yellow suit,Hinglish,wedding,41
SEARCH-00991,CUST-0901,2025-11-03T12:38:00+00:00,daily wear cotton kurti,English,everyday,5
SEARCH-00992,CUST-0402,2025-09-04T04:26:00+00:00,Navratri garba dress,Hinglish,festival,16
SEARCH-00993,CUST-0376,2025-10-04T23:43:00+00:00,sangeet outfit,English,wedding,44
SEARCH-00994,CUST-0574,2025-03-26T02:35:00+00:00,blue printed co ord set,English,everyday,20
SEARCH-00995,CUST-0243,2025-02-21T19:10:00+00:00,linen office kurta,English,work,19
SEARCH-00996,CUST-0767,2025-10-20T19:47:00+00:00,linen office kurta,English,work,9
SEARCH-00997,CUST-0881,2026-06-07T03:15:00+00:00,blue printed co ord set,English,everyday,36
SEARCH-00998,CUST-0815,2026-03-20T17:20:00+00:00,sangeet outfit,English,wedding,8
SEARCH-00999,CUST-0131,2025-12-17T16:17:00+00:00,daily wear cotton kurti,English,everyday,45
SEARCH-01000,CUST-0431,2025-04-11T09:18:00+00:00,comfortable kurta for office,English,work,3
SEARCH-01001,CUST-0242,2026-05-11T22:58:00+00:00,linen office kurta,English,work,29
SEARCH-01002,CUST-0171,2025-03-24T03:02:00+00:00,vacation beach dress,English,vacation,23
SEARCH-01003,CUST-0705,2026-01-30T22:07:00+00:00,mehndi function dress,Hinglish,wedding,15
SEARCH-01004,CUST-0974,2025-08-11T19:05:00+00:00,cotton suit garmi ke liye,Hinglish,everyday,46
SEARCH-01005,CUST-0035,2026-07-28T03:26:00+00:00,shaadi guest outfit under 1500,Hinglish,wedding,11
SEARCH-01006,CUST-0617,2025-03-24T01:42:00+00:00,vacation beach dress,English,vacation,41
SEARCH-01007,CUST-0912,2025-02-14T21:50:00+00:00,linen office kurta,English,work,41
SEARCH-01008,CUST-0739,2025-08-14T09:38:00+00:00,haldi ke liye yellow suit,Hinglish,wedding,24
SEARCH-01009,CUST-0640,2025-05-29T04:35:00+00:00,mehndi function dress,Hinglish,wedding,10
SEARCH-01010,CUST-0421,2025-07-29T08:50:00+00:00,birthday dinner dress,English,party,24
SEARCH-01011,CUST-0768,2026-02-15T01:58:00+00:00,daily wear cotton kurti,English,everyday,28
SEARCH-01012,CUST-0924,2025-02-26T23:34:00+00:00,Navratri garba dress,Hinglish,festival,43
SEARCH-01013,CUST-0941,2025-12-14T11:05:00+00:00,plus size anarkali,English,wedding,41
SEARCH-01014,CUST-0615,2025-02-05T02:25:00+00:00,mehndi function dress,Hinglish,wedding,43
SEARCH-01015,CUST-0807,2025-04-02T06:33:00+00:00,sangeet outfit,English,wedding,4
SEARCH-01016,CUST-0551,2025-01-28T13:53:00+00:00,eid special kurti,Hinglish,festive,24
SEARCH-01017,CUST-0137,2025-05-23T16:29:00+00:00,cotton suit garmi ke liye,Hinglish,everyday,3
SEARCH-01018,CUST-0900,2025-01-13T06:27:00+00:00,eid special kurti,Hinglish,festive,42
SEARCH-01019,CUST-0044,2026-03-17T15:03:00+00:00,plus size anarkali,English,wedding,40
SEARCH-01020,CUST-0109,2026-07-01T22:36:00+00:00,eid special kurti,Hinglish,festive,40
SEARCH-01021,CUST-0017,2025-07-28T00:47:00+00:00,plus size anarkali,English,wedding,20
SEARCH-01022,CUST-0889,2025-07-24T07:25:00+00:00,vacation beach dress,English,vacation,46
SEARCH-01023,CUST-0035,2025-12-12T05:45:00+00:00,linen office kurta,English,work,13
SEARCH-01024,CUST-0357,2025-11-28T17:20:00+00:00,cotton suit garmi ke liye,Hinglish,everyday,43
SEARCH-01025,CUST-0120,2026-02-01T18:40:00+00:00,linen office kurta,English,work,1
SEARCH-01026,CUST-0639,2025-07-20T22:35:00+00:00,eid special kurti,Hinglish,festive,0
SEARCH-01027,CUST-0495,2025-11-21T15:39:00+00:00,office wear kurti,English,work,24
SEARCH-01028,CUST-0805,2026-04-21T13:39:00+00:00,linen office kurta,English,work,1
SEARCH-01029,CUST-0995,2025-11-18T18:18:00+00:00,daily wear cotton kurti,English,everyday,13
SEARCH-01030,CUST-0888,2026-02-11T04:00:00+00:00,eid special kurti,Hinglish,festive,11
SEARCH-01031,CUST-0399,2026-08-05T19:02:00+00:00,eid special kurti,Hinglish,festive,37
SEARCH-01032,CUST-0719,2025-06-01T17:22:00+00:00,plus size anarkali,English,wedding,10
SEARCH-01033,CUST-0853,2026-04-01T12:21:00+00:00,linen office kurta,English,work,6
SEARCH-01034,CUST-0986,2025-10-06T23:21:00+00:00,comfortable kurta for office,English,work,33
SEARCH-01035,CUST-0212,2025-01-22T10:45:00+00:00,linen office kurta,English,work,31
SEARCH-01036,CUST-0876,2025-10-05T14:50:00+00:00,linen office kurta,English,work,34
SEARCH-01037,CUST-0752,2025-03-09T20:45:00+00:00,college ke liye simple top,Hinglish,college,43
SEARCH-01038,CUST-0723,2025-10-18T08:42:00+00:00,eid special kurti,Hinglish,festive,43
SEARCH-01039,CUST-0805,2025-01-19T04:14:00+00:00,haldi ke liye yellow suit,Hinglish,wedding,22
SEARCH-01040,CUST-0400,2025-01-03T19:30:00+00:00,office wear kurti,English,work,42
SEARCH-01041,CUST-0938,2025-12-03T10:55:00+00:00,puja ke liye kurta set,Hinglish,festive,33
SEARCH-01042,CUST-0432,2025-01-02T11:26:00+00:00,plus size anarkali,English,wedding,44
SEARCH-01043,CUST-0524,2025-12-17T04:23:00+00:00,rakhi function wear,Hinglish,festive,18
SEARCH-01044,CUST-0564,2025-07-15T02:56:00+00:00,sangeet outfit,English,wedding,1
SEARCH-01045,CUST-0068,2026-05-14T15:56:00+00:00,Navratri garba dress,Hinglish,festival,2
SEARCH-01046,CUST-0135,2026-06-24T04:36:00+00:00,rakhi function wear,Hinglish,festive,0
SEARCH-01047,CUST-0768,2026-07-25T06:55:00+00:00,linen office kurta,English,work,18
SEARCH-01048,CUST-0697,2025-03-25T22:46:00+00:00,blue printed co ord set,English,everyday,1
SEARCH-01049,CUST-0899,2026-06-22T15:28:00+00:00,vacation beach dress,English,vacation,32
SEARCH-01050,CUST-0885,2025-07-26T12:22:00+00:00,office wear kurti,English,work,9
SEARCH-01051,CUST-0541,2026-03-01T01:46:00+00:00,blue printed co ord set,English,everyday,33
SEARCH-01052,CUST-0279,2026-02-19T14:01:00+00:00,sangeet outfit,English,wedding,30
SEARCH-01053,CUST-0117,2026-04-20T09:50:00+00:00,cotton suit garmi ke liye,Hinglish,everyday,0
SEARCH-01054,CUST-0872,2026-04-17T00:12:00+00:00,office wear kurti,English,work,47
SEARCH-01055,CUST-0471,2025-03-30T22:41:00+00:00,comfortable kurta for office,English,work,36
SEARCH-01056,CUST-0626,2025-01-19T20:09:00+00:00,plus size anarkali,English,wedding,14
SEARCH-01057,CUST-0935,2025-12-17T08:37:00+00:00,shaadi guest outfit under 1500,Hinglish,wedding,13
SEARCH-01058,CUST-0910,2026-04-27T17:25:00+00:00,shaadi guest outfit under 1500,Hinglish,wedding,19
SEARCH-01059,CUST-0612,2026-04-08T12:37:00+00:00,sangeet outfit,English,wedding,6
SEARCH-01060,CUST-0980,2026-07-16T01:22:00+00:00,linen office kurta,English,work,15
SEARCH-01061,CUST-0179,2025-01-02T12:22:00+00:00,college ke liye simple top,Hinglish,college,36
SEARCH-01062,CUST-0519,2026-05-04T12:30:00+00:00,eid special kurti,Hinglish,festive,4
SEARCH-01063,CUST-0765,2026-08-07T06:59:00+00:00,rakhi function wear,Hinglish,festive,35
SEARCH-01064,CUST-0113,2025-05-24T10:31:00+00:00,blue printed co ord set,English,everyday,38
SEARCH-01065,CUST-0188,2026-02-13T12:23:00+00:00,sangeet outfit,English,wedding,39
SEARCH-01066,CUST-0016,2025-01-12T00:03:00+00:00,plus size anarkali,English,wedding,36
SEARCH-01067,CUST-0523,2026-04-17T04:19:00+00:00,plus size anarkali,English,wedding,30
SEARCH-01068,CUST-0082,2026-03-10T08:02:00+00:00,cotton suit garmi ke liye,Hinglish,everyday,39
SEARCH-01069,CUST-0383,2025-12-07T05:53:00+00:00,shaadi guest outfit under 1500,Hinglish,wedding,7
SEARCH-01070,CUST-0228,2025-11-18T06:42:00+00:00,plus size anarkali,English,wedding,41
SEARCH-01071,CUST-0269,2025-10-03T11:21:00+00:00,Navratri garba dress,Hinglish,festival,26
SEARCH-01072,CUST-0166,2026-06-30T02:46:00+00:00,haldi ke liye yellow suit,Hinglish,wedding,8
SEARCH-01073,CUST-0765,2025-02-23T18:36:00+00:00,college ke liye simple top,Hinglish,college,32
SEARCH-01074,CUST-0670,2025-07-31T15:56:00+00:00,birthday dinner dress,English,party,19
SEARCH-01075,CUST-0764,2025-06-23T23:04:00+00:00,comfortable kurta for office,English,work,8
SEARCH-01076,CUST-0913,2025-09-05T02:53:00+00:00,Navratri garba dress,Hinglish,festival,12
SEARCH-01077,CUST-0724,2026-03-26T02:58:00+00:00,office wear kurti,English,work,47
SEARCH-01078,CUST-0191,2026-02-12T12:00:00+00:00,daily wear cotton kurti,English,everyday,1
SEARCH-01079,CUST-0970,2025-09-15T12:07:00+00:00,rakhi function wear,Hinglish,festive,17
SEARCH-01080,CUST-0820,2025-05-21T20:49:00+00:00,daily wear cotton kurti,English,everyday,19
SEARCH-01081,CUST-0857,2026-08-22T00:16:00+00:00,rakhi function wear,Hinglish,festive,36
SEARCH-01082,CUST-0009,2026-06-17T04:35:00+00:00,vacation beach dress,English,vacation,31
SEARCH-01083,CUST-0017,2025-06-15T10:08:00+00:00,plus size anarkali,English,wedding,16
SEARCH-01084,CUST-0852,2026-08-29T04:58:00+00:00,sangeet outfit,English,wedding,19
SEARCH-01085,CUST-0059,2025-07-05T04:48:00+00:00,comfortable kurta for office,English,work,26
SEARCH-01086,CUST-0037,2026-06-29T18:48:00+00:00,linen office kurta,English,work,3
SEARCH-01087,CUST-0846,2025-06-11T09:22:00+00:00,eid special kurti,Hinglish,festive,41
SEARCH-01088,CUST-0951,2026-04-28T20:50:00+00:00,mehndi function dress,Hinglish,wedding,42
SEARCH-01089,CUST-0003,2026-07-12T19:12:00+00:00,mehndi function dress,Hinglish,wedding,33
SEARCH-01090,CUST-0534,2025-12-22T00:48:00+00:00,cotton suit garmi ke liye,Hinglish,everyday,19
SEARCH-01091,CUST-0361,2025-03-14T22:01:00+00:00,shaadi guest outfit under 1500,Hinglish,wedding,18
SEARCH-01092,CUST-0899,2025-01-28T01:17:00+00:00,mehndi function dress,Hinglish,wedding,45
SEARCH-01093,CUST-0043,2025-05-24T16:45:00+00:00,daily wear cotton kurti,English,everyday,28
SEARCH-01094,CUST-0282,2026-06-15T04:18:00+00:00,eid special kurti,Hinglish,festive,25
SEARCH-01095,CUST-0167,2025-02-11T01:08:00+00:00,puja ke liye kurta set,Hinglish,festive,0
SEARCH-01096,CUST-0313,2026-03-03T06:47:00+00:00,rakhi function wear,Hinglish,festive,37
SEARCH-01097,CUST-0099,2026-03-16T14:08:00+00:00,puja ke liye kurta set,Hinglish,festive,11
SEARCH-01098,CUST-0209,2026-04-09T17:36:00+00:00,birthday dinner dress,English,party,5
SEARCH-01099,CUST-0541,2026-08-14T15:45:00+00:00,comfortable kurta for office,English,work,43
SEARCH-01100,CUST-0779,2026-09-13T17:58:00+00:00,blue printed co ord set,English,everyday,8
SEARCH-01101,CUST-0392,2026-08-21T12:23:00+00:00,shaadi guest outfit under 1500,Hinglish,wedding,35
SEARCH-01102,CUST-0244,2026-04-12T17:50:00+00:00,shaadi guest outfit under 1500,Hinglish,wedding,6
SEARCH-01103,CUST-0293,2025-07-11T15:41:00+00:00,sangeet outfit,English,wedding,46
SEARCH-01104,CUST-0489,2026-08-19T20:27:00+00:00,rakhi function wear,Hinglish,festive,10
SEARCH-01105,CUST-0685,2026-05-20T14:35:00+00:00,puja ke liye kurta set,Hinglish,festive,39
SEARCH-01106,CUST-0273,2025-12-21T20:45:00+00:00,linen office kurta,English,work,15
SEARCH-01107,CUST-0076,2025-08-10T22:27:00+00:00,comfortable kurta for office,English,work,30
SEARCH-01108,CUST-0399,2026-08-15T20:58:00+00:00,birthday dinner dress,English,party,46
SEARCH-01109,CUST-0639,2026-07-30T12:55:00+00:00,Navratri garba dress,Hinglish,festival,18
SEARCH-01110,CUST-0694,2026-02-10T19:35:00+00:00,haldi ke liye yellow suit,Hinglish,wedding,32
SEARCH-01111,CUST-0614,2025-03-10T01:32:00+00:00,college ke liye simple top,Hinglish,college,11
SEARCH-01112,CUST-0530,2025-01-02T19:42:00+00:00,plus size anarkali,English,wedding,26
SEARCH-01113,CUST-0710,2025-04-12T02:10:00+00:00,shaadi guest outfit under 1500,Hinglish,wedding,18
SEARCH-01114,CUST-0830,2025-09-05T17:26:00+00:00,sangeet outfit,English,wedding,34
SEARCH-01115,CUST-0703,2025-08-13T14:18:00+00:00,daily wear cotton kurti,English,everyday,5
SEARCH-01116,CUST-0114,2026-07-03T19:53:00+00:00,eid special kurti,Hinglish,festive,34
SEARCH-01117,CUST-0829,2026-02-07T05:34:00+00:00,sangeet outfit,English,wedding,28
SEARCH-01118,CUST-0710,2025-02-03T09:31:00+00:00,Navratri garba dress,Hinglish,festival,25
SEARCH-01119,CUST-0308,2025-06-29T18:23:00+00:00,sangeet outfit,English,wedding,28
SEARCH-01120,CUST-0157,2025-04-08T04:32:00+00:00,office wear kurti,English,work,0
SEARCH-01121,CUST-0596,2026-08-28T15:00:00+00:00,daily wear cotton kurti,English,everyday,44
SEARCH-01122,CUST-0896,2025-04-05T00:22:00+00:00,shaadi guest outfit under 1500,Hinglish,wedding,20
SEARCH-01123,CUST-0940,2025-07-24T06:29:00+00:00,shaadi guest outfit under 1500,Hinglish,wedding,41
SEARCH-01124,CUST-0932,2025-01-09T13:21:00+00:00,daily wear cotton kurti,English,everyday,0
SEARCH-01125,CUST-0056,2026-01-19T18:28:00+00:00,cotton suit garmi ke liye,Hinglish,everyday,35
SEARCH-01126,CUST-0082,2026-08-06T04:31:00+00:00,haldi ke liye yellow suit,Hinglish,wedding,45
SEARCH-01127,CUST-0369,2025-02-18T17:40:00+00:00,linen office kurta,English,work,33
SEARCH-01128,CUST-0683,2025-12-10T12:00:00+00:00,vacation beach dress,English,vacation,16
SEARCH-01129,CUST-0176,2025-12-31T22:02:00+00:00,college ke liye simple top,Hinglish,college,6
SEARCH-01130,CUST-0378,2025-06-02T22:29:00+00:00,sangeet outfit,English,wedding,31
SEARCH-01131,CUST-0569,2025-12-19T18:42:00+00:00,eid special kurti,Hinglish,festive,46
SEARCH-01132,CUST-0927,2026-02-01T10:47:00+00:00,comfortable kurta for office,English,work,40
SEARCH-01133,CUST-0523,2026-01-21T07:45:00+00:00,birthday dinner dress,English,party,19
SEARCH-01134,CUST-0961,2025-06-04T09:09:00+00:00,blue printed co ord set,English,everyday,34
SEARCH-01135,CUST-0683,2025-04-12T20:49:00+00:00,sangeet outfit,English,wedding,36
SEARCH-01136,CUST-0815,2025-04-12T16:05:00+00:00,sangeet outfit,English,wedding,20
SEARCH-01137,CUST-0050,2025-01-24T05:02:00+00:00,eid special kurti,Hinglish,festive,25
SEARCH-01138,CUST-0414,2026-07-24T11:51:00+00:00,birthday dinner dress,English,party,40
SEARCH-01139,CUST-0333,2025-12-16T21:37:00+00:00,birthday dinner dress,English,party,27
SEARCH-01140,CUST-0586,2026-08-23T14:14:00+00:00,rakhi function wear,Hinglish,festive,48
SEARCH-01141,CUST-0212,2026-06-27T01:24:00+00:00,mehndi function dress,Hinglish,wedding,22
SEARCH-01142,CUST-0987,2026-03-06T23:04:00+00:00,puja ke liye kurta set,Hinglish,festive,20
SEARCH-01143,CUST-0742,2025-03-14T03:19:00+00:00,eid special kurti,Hinglish,festive,16
SEARCH-01144,CUST-0540,2026-01-12T02:11:00+00:00,eid special kurti,Hinglish,festive,30
SEARCH-01145,CUST-0043,2025-01-15T19:07:00+00:00,puja ke liye kurta set,Hinglish,festive,39
SEARCH-01146,CUST-0402,2025-03-18T17:24:00+00:00,rakhi function wear,Hinglish,festive,41
SEARCH-01147,CUST-0931,2025-07-30T19:56:00+00:00,eid special kurti,Hinglish,festive,38
SEARCH-01148,CUST-0641,2026-07-06T10:38:00+00:00,Navratri garba dress,Hinglish,festival,13
SEARCH-01149,CUST-0689,2026-06-01T03:21:00+00:00,haldi ke liye yellow suit,Hinglish,wedding,24
SEARCH-01150,CUST-0383,2025-08-31T22:43:00+00:00,shaadi guest outfit under 1500,Hinglish,wedding,40
SEARCH-01151,CUST-0030,2026-06-15T00:54:00+00:00,haldi ke liye yellow suit,Hinglish,wedding,48
SEARCH-01152,CUST-0351,2026-05-18T19:51:00+00:00,linen office kurta,English,work,23
SEARCH-01153,CUST-0711,2025-07-19T20:27:00+00:00,mehndi function dress,Hinglish,wedding,6
SEARCH-01154,CUST-0265,2026-03-26T01:15:00+00:00,daily wear cotton kurti,English,everyday,15
SEARCH-01155,CUST-0145,2025-02-09T02:34:00+00:00,daily wear cotton kurti,English,everyday,37
SEARCH-01156,CUST-0579,2025-05-19T08:01:00+00:00,vacation beach dress,English,vacation,20
SEARCH-01157,CUST-1000,2025-06-27T06:55:00+00:00,shaadi guest outfit under 1500,Hinglish,wedding,32
SEARCH-01158,CUST-0309,2025-06-16T22:57:00+00:00,plus size anarkali,English,wedding,5
SEARCH-01159,CUST-0961,2025-12-23T08:37:00+00:00,cotton suit garmi ke liye,Hinglish,everyday,39
SEARCH-01160,CUST-0549,2026-01-19T04:10:00+00:00,cotton suit garmi ke liye,Hinglish,everyday,27
SEARCH-01161,CUST-0753,2025-04-06T20:06:00+00:00,shaadi guest outfit under 1500,Hinglish,wedding,14
SEARCH-01162,CUST-0321,2026-02-26T10:30:00+00:00,comfortable kurta for office,English,work,27
SEARCH-01163,CUST-0001,2025-05-20T04:23:00+00:00,vacation beach dress,English,vacation,5
SEARCH-01164,CUST-0455,2025-05-15T04:39:00+00:00,linen office kurta,English,work,43
SEARCH-01165,CUST-0270,2025-02-18T06:47:00+00:00,comfortable kurta for office,English,work,30
SEARCH-01166,CUST-0295,2025-02-07T20:53:00+00:00,haldi ke liye yellow suit,Hinglish,wedding,46
SEARCH-01167,CUST-0234,2025-12-08T01:07:00+00:00,shaadi guest outfit under 1500,Hinglish,wedding,12
SEARCH-01168,CUST-0346,2025-12-27T08:25:00+00:00,vacation beach dress,English,vacation,25
SEARCH-01169,CUST-0231,2026-08-24T13:13:00+00:00,mehndi function dress,Hinglish,wedding,3
SEARCH-01170,CUST-0554,2026-03-30T15:35:00+00:00,Navratri garba dress,Hinglish,festival,48
SEARCH-01171,CUST-0173,2025-03-25T17:04:00+00:00,haldi ke liye yellow suit,Hinglish,wedding,19
SEARCH-01172,CUST-0772,2025-09-06T22:49:00+00:00,haldi ke liye yellow suit,Hinglish,wedding,16
SEARCH-01173,CUST-0281,2025-06-16T04:12:00+00:00,cotton suit garmi ke liye,Hinglish,everyday,36
SEARCH-01174,CUST-0101,2025-05-15T23:00:00+00:00,college ke liye simple top,Hinglish,college,44
SEARCH-01175,CUST-0519,2025-06-19T21:05:00+00:00,linen office kurta,English,work,41
SEARCH-01176,CUST-0612,2025-02-14T21:52:00+00:00,shaadi guest outfit under 1500,Hinglish,wedding,46
SEARCH-01177,CUST-0200,2026-08-16T20:03:00+00:00,college ke liye simple top,Hinglish,college,25
SEARCH-01178,CUST-0788,2025-07-15T23:09:00+00:00,Navratri garba dress,Hinglish,festival,43
SEARCH-01179,CUST-0290,2026-01-19T14:23:00+00:00,office wear kurti,English,work,27
SEARCH-01180,CUST-0810,2026-08-09T06:34:00+00:00,haldi ke liye yellow suit,Hinglish,wedding,12
SEARCH-01181,CUST-0871,2025-03-10T14:03:00+00:00,sangeet outfit,English,wedding,24
SEARCH-01182,CUST-0872,2025-12-01T20:35:00+00:00,office wear kurti,English,work,14
SEARCH-01183,CUST-0964,2025-11-12T07:10:00+00:00,puja ke liye kurta set,Hinglish,festive,47
SEARCH-01184,CUST-0081,2026-06-27T18:45:00+00:00,cotton suit garmi ke liye,Hinglish,everyday,31
SEARCH-01185,CUST-0728,2025-01-19T07:18:00+00:00,plus size anarkali,English,wedding,38
SEARCH-01186,CUST-0887,2026-09-06T20:10:00+00:00,plus size anarkali,English,wedding,44
SEARCH-01187,CUST-0019,2025-07-07T12:02:00+00:00,comfortable kurta for office,English,work,24
SEARCH-01188,CUST-0906,2026-07-28T21:50:00+00:00,daily wear cotton kurti,English,everyday,45
SEARCH-01189,CUST-0737,2025-08-28T22:47:00+00:00,plus size anarkali,English,wedding,48
SEARCH-01190,CUST-0381,2025-02-14T05:32:00+00:00,puja ke liye kurta set,Hinglish,festive,23
SEARCH-01191,CUST-0604,2026-02-19T20:11:00+00:00,Navratri garba dress,Hinglish,festival,34
SEARCH-01192,CUST-0842,2025-12-20T16:50:00+00:00,daily wear cotton kurti,English,everyday,10
SEARCH-01193,CUST-0330,2025-06-07T02:13:00+00:00,rakhi function wear,Hinglish,festive,0
SEARCH-01194,CUST-0901,2025-01-16T13:29:00+00:00,comfortable kurta for office,English,work,8
SEARCH-01195,CUST-0446,2026-07-20T23:38:00+00:00,linen office kurta,English,work,36
SEARCH-01196,CUST-0454,2025-11-01T08:59:00+00:00,Navratri garba dress,Hinglish,festival,4
SEARCH-01197,CUST-0458,2025-11-05T08:50:00+00:00,eid special kurti,Hinglish,festive,19
SEARCH-01198,CUST-0322,2025-03-18T14:29:00+00:00,office wear kurti,English,work,2
SEARCH-01199,CUST-0259,2025-12-31T17:12:00+00:00,cotton suit garmi ke liye,Hinglish,everyday,0
SEARCH-01200,CUST-0972,2025-03-13T05:25:00+00:00,blue printed co ord set,English,everyday,15
SEARCH-01201,CUST-0089,2026-06-17T00:02:00+00:00,birthday dinner dress,English,party,37
SEARCH-01202,CUST-0006,2026-01-20T19:59:00+00:00,mehndi function dress,Hinglish,wedding,32
SEARCH-01203,CUST-0154,2025-05-29T21:27:00+00:00,birthday dinner dress,English,party,28
SEARCH-01204,CUST-0367,2025-02-24T02:32:00+00:00,Navratri garba dress,Hinglish,festival,38
SEARCH-01205,CUST-0449,2025-11-24T02:33:00+00:00,puja ke liye kurta set,Hinglish,festive,25
SEARCH-01206,CUST-0769,2025-11-25T06:38:00+00:00,sangeet outfit,English,wedding,18
SEARCH-01207,CUST-0061,2025-11-08T03:25:00+00:00,sangeet outfit,English,wedding,11
SEARCH-01208,CUST-0908,2025-10-17T12:27:00+00:00,office wear kurti,English,work,41
SEARCH-01209,CUST-0916,2025-02-18T14:22:00+00:00,haldi ke liye yellow suit,Hinglish,wedding,5
SEARCH-01210,CUST-0981,2025-03-26T16:21:00+00:00,vacation beach dress,English,vacation,32
SEARCH-01211,CUST-0471,2025-06-30T12:14:00+00:00,shaadi guest outfit under 1500,Hinglish,wedding,28
SEARCH-01212,CUST-0329,2026-09-01T00:45:00+00:00,linen office kurta,English,work,44
SEARCH-01213,CUST-0922,2026-09-11T14:08:00+00:00,daily wear cotton kurti,English,everyday,20
SEARCH-01214,CUST-0109,2025-11-25T03:49:00+00:00,sangeet outfit,English,wedding,37
SEARCH-01215,CUST-0164,2026-02-11T05:08:00+00:00,Navratri garba dress,Hinglish,festival,32
SEARCH-01216,CUST-0304,2025-06-15T11:14:00+00:00,plus size anarkali,English,wedding,38
SEARCH-01217,CUST-0837,2025-12-21T08:11:00+00:00,comfortable kurta for office,English,work,39
SEARCH-01218,CUST-0167,2026-02-02T18:01:00+00:00,Navratri garba dress,Hinglish,festival,37
SEARCH-01219,CUST-0826,2025-06-14T14:57:00+00:00,linen office kurta,English,work,31
SEARCH-01220,CUST-0834,2026-05-08T02:00:00+00:00,Navratri garba dress,Hinglish,festival,3
SEARCH-01221,CUST-0786,2026-05-06T14:01:00+00:00,cotton suit garmi ke liye,Hinglish,everyday,22
SEARCH-01222,CUST-0145,2025-01-21T18:43:00+00:00,plus size anarkali,English,wedding,10
SEARCH-01223,CUST-0321,2025-03-25T09:06:00+00:00,cotton suit garmi ke liye,Hinglish,everyday,17
SEARCH-01224,CUST-0466,2025-11-26T17:26:00+00:00,shaadi guest outfit under 1500,Hinglish,wedding,40
SEARCH-01225,CUST-0750,2025-02-28T21:02:00+00:00,blue printed co ord set,English,everyday,34
SEARCH-01226,CUST-0618,2026-06-08T01:48:00+00:00,birthday dinner dress,English,party,48
SEARCH-01227,CUST-0138,2026-04-06T20:27:00+00:00,comfortable kurta for office,English,work,35
SEARCH-01228,CUST-0869,2025-08-20T09:45:00+00:00,blue printed co ord set,English,everyday,7
SEARCH-01229,CUST-0425,2026-01-25T05:39:00+00:00,Navratri garba dress,Hinglish,festival,11
SEARCH-01230,CUST-0658,2026-08-08T21:04:00+00:00,vacation beach dress,English,vacation,3
SEARCH-01231,CUST-0054,2025-10-11T12:09:00+00:00,sangeet outfit,English,wedding,12
SEARCH-01232,CUST-0621,2026-07-27T12:30:00+00:00,rakhi function wear,Hinglish,festive,8
SEARCH-01233,CUST-0107,2025-04-19T02:37:00+00:00,mehndi function dress,Hinglish,wedding,20
SEARCH-01234,CUST-0318,2026-01-08T02:17:00+00:00,plus size anarkali,English,wedding,32
SEARCH-01235,CUST-0798,2025-10-12T21:21:00+00:00,comfortable kurta for office,English,work,29
SEARCH-01236,CUST-0626,2025-04-27T04:40:00+00:00,puja ke liye kurta set,Hinglish,festive,15
SEARCH-01237,CUST-0559,2026-01-18T22:15:00+00:00,linen office kurta,English,work,31
SEARCH-01238,CUST-0715,2025-05-11T20:16:00+00:00,comfortable kurta for office,English,work,32
SEARCH-01239,CUST-0083,2026-08-23T02:10:00+00:00,blue printed co ord set,English,everyday,48
SEARCH-01240,CUST-0557,2026-04-02T00:53:00+00:00,plus size anarkali,English,wedding,48
SEARCH-01241,CUST-0065,2025-01-05T22:26:00+00:00,linen office kurta,English,work,0
SEARCH-01242,CUST-0304,2025-07-08T11:06:00+00:00,daily wear cotton kurti,English,everyday,30
SEARCH-01243,CUST-0930,2025-11-08T00:01:00+00:00,mehndi function dress,Hinglish,wedding,16
SEARCH-01244,CUST-0560,2026-04-09T13:10:00+00:00,rakhi function wear,Hinglish,festive,13
SEARCH-01245,CUST-0317,2025-01-12T03:40:00+00:00,college ke liye simple top,Hinglish,college,44
SEARCH-01246,CUST-0558,2026-04-16T17:09:00+00:00,mehndi function dress,Hinglish,wedding,26
SEARCH-01247,CUST-0895,2026-01-06T07:00:00+00:00,rakhi function wear,Hinglish,festive,22
SEARCH-01248,CUST-0801,2025-03-05T23:58:00+00:00,daily wear cotton kurti,English,everyday,37
SEARCH-01249,CUST-0160,2025-02-02T11:34:00+00:00,puja ke liye kurta set,Hinglish,festive,28
SEARCH-01250,CUST-0593,2026-05-02T13:42:00+00:00,plus size anarkali,English,wedding,14
SEARCH-01251,CUST-1000,2025-12-15T12:01:00+00:00,mehndi function dress,Hinglish,wedding,15
SEARCH-01252,CUST-0735,2026-02-12T13:47:00+00:00,birthday dinner dress,English,party,12
SEARCH-01253,CUST-0225,2026-04-16T23:31:00+00:00,daily wear cotton kurti,English,everyday,39
SEARCH-01254,CUST-0197,2026-05-19T15:33:00+00:00,haldi ke liye yellow suit,Hinglish,wedding,41
SEARCH-01255,CUST-0737,2025-04-11T01:15:00+00:00,blue printed co ord set,English,everyday,26
SEARCH-01256,CUST-0323,2025-02-11T20:46:00+00:00,college ke liye simple top,Hinglish,college,35
SEARCH-01257,CUST-0053,2025-03-26T23:03:00+00:00,plus size anarkali,English,wedding,19
SEARCH-01258,CUST-0712,2025-08-22T16:59:00+00:00,vacation beach dress,English,vacation,24
SEARCH-01259,CUST-0183,2026-08-28T14:57:00+00:00,Navratri garba dress,Hinglish,festival,5
SEARCH-01260,CUST-0463,2025-07-29T11:06:00+00:00,blue printed co ord set,English,everyday,38
SEARCH-01261,CUST-0733,2025-12-31T12:54:00+00:00,college ke liye simple top,Hinglish,college,47
SEARCH-01262,CUST-0056,2025-07-24T17:30:00+00:00,puja ke liye kurta set,Hinglish,festive,16
SEARCH-01263,CUST-0564,2025-09-08T09:06:00+00:00,rakhi function wear,Hinglish,festive,30
SEARCH-01264,CUST-0073,2025-01-08T11:59:00+00:00,birthday dinner dress,English,party,48
SEARCH-01265,CUST-0518,2026-08-23T01:50:00+00:00,office wear kurti,English,work,20
SEARCH-01266,CUST-0026,2026-05-22T14:08:00+00:00,rakhi function wear,Hinglish,festive,39
SEARCH-01267,CUST-0712,2026-03-21T01:18:00+00:00,plus size anarkali,English,wedding,7
SEARCH-01268,CUST-0991,2026-04-27T11:33:00+00:00,eid special kurti,Hinglish,festive,32
SEARCH-01269,CUST-0161,2026-07-05T17:03:00+00:00,eid special kurti,Hinglish,festive,12
SEARCH-01270,CUST-0171,2025-09-10T06:16:00+00:00,college ke liye simple top,Hinglish,college,41
SEARCH-01271,CUST-0545,2025-11-08T16:16:00+00:00,cotton suit garmi ke liye,Hinglish,everyday,48
SEARCH-01272,CUST-0904,2025-01-26T12:24:00+00:00,plus size anarkali,English,wedding,31
SEARCH-01273,CUST-0472,2026-05-27T16:02:00+00:00,mehndi function dress,Hinglish,wedding,6
SEARCH-01274,CUST-0775,2025-12-09T05:04:00+00:00,haldi ke liye yellow suit,Hinglish,wedding,9
SEARCH-01275,CUST-0061,2026-08-03T07:38:00+00:00,mehndi function dress,Hinglish,wedding,16
SEARCH-01276,CUST-0361,2025-05-08T19:01:00+00:00,shaadi guest outfit under 1500,Hinglish,wedding,23
SEARCH-01277,CUST-0442,2025-08-26T22:20:00+00:00,eid special kurti,Hinglish,festive,13
SEARCH-01278,CUST-0250,2025-05-30T16:20:00+00:00,blue printed co ord set,English,everyday,42
SEARCH-01279,CUST-0007,2025-10-21T12:12:00+00:00,mehndi function dress,Hinglish,wedding,28
SEARCH-01280,CUST-0700,2025-04-29T08:43:00+00:00,blue printed co ord set,English,everyday,13
SEARCH-01281,CUST-0150,2026-03-23T01:22:00+00:00,rakhi function wear,Hinglish,festive,25
SEARCH-01282,CUST-0931,2025-10-15T14:13:00+00:00,shaadi guest outfit under 1500,Hinglish,wedding,30
SEARCH-01283,CUST-0554,2025-11-30T19:56:00+00:00,Navratri garba dress,Hinglish,festival,28
SEARCH-01284,CUST-0039,2025-02-25T17:10:00+00:00,linen office kurta,English,work,31
SEARCH-01285,CUST-0217,2025-10-29T04:22:00+00:00,comfortable kurta for office,English,work,7
SEARCH-01286,CUST-0782,2026-02-04T19:06:00+00:00,cotton suit garmi ke liye,Hinglish,everyday,6
SEARCH-01287,CUST-0220,2025-10-23T15:14:00+00:00,birthday dinner dress,English,party,28
SEARCH-01288,CUST-0288,2025-12-23T08:59:00+00:00,comfortable kurta for office,English,work,43
SEARCH-01289,CUST-0571,2026-08-11T12:33:00+00:00,daily wear cotton kurti,English,everyday,33
SEARCH-01290,CUST-0101,2025-05-27T04:01:00+00:00,cotton suit garmi ke liye,Hinglish,everyday,43
SEARCH-01291,CUST-0514,2025-02-06T15:28:00+00:00,blue printed co ord set,English,everyday,15
SEARCH-01292,CUST-0564,2026-02-24T18:13:00+00:00,birthday dinner dress,English,party,48
SEARCH-01293,CUST-0929,2025-11-14T07:55:00+00:00,puja ke liye kurta set,Hinglish,festive,18
SEARCH-01294,CUST-0193,2025-10-01T21:38:00+00:00,vacation beach dress,English,vacation,38
SEARCH-01295,CUST-0613,2025-05-08T10:26:00+00:00,linen office kurta,English,work,3
SEARCH-01296,CUST-0615,2025-10-03T23:32:00+00:00,Navratri garba dress,Hinglish,festival,47
SEARCH-01297,CUST-0275,2026-03-09T12:42:00+00:00,puja ke liye kurta set,Hinglish,festive,8
SEARCH-01298,CUST-0781,2026-07-25T03:53:00+00:00,haldi ke liye yellow suit,Hinglish,wedding,3
SEARCH-01299,CUST-0218,2026-06-06T04:40:00+00:00,sangeet outfit,English,wedding,24
SEARCH-01300,CUST-0680,2026-06-07T12:24:00+00:00,office wear kurti,English,work,28
SEARCH-01301,CUST-0220,2025-10-11T01:39:00+00:00,haldi ke liye yellow suit,Hinglish,wedding,41
SEARCH-01302,CUST-0404,2025-01-13T16:52:00+00:00,sangeet outfit,English,wedding,2
SEARCH-01303,CUST-0915,2025-06-08T15:02:00+00:00,sangeet outfit,English,wedding,9
SEARCH-01304,CUST-0208,2026-04-15T08:34:00+00:00,Navratri garba dress,Hinglish,festival,40
SEARCH-01305,CUST-0367,2026-04-26T06:43:00+00:00,cotton suit garmi ke liye,Hinglish,everyday,16
SEARCH-01306,CUST-0799,2025-09-08T09:05:00+00:00,cotton suit garmi ke liye,Hinglish,everyday,4
SEARCH-01307,CUST-0545,2026-03-02T11:03:00+00:00,shaadi guest outfit under 1500,Hinglish,wedding,24
SEARCH-01308,CUST-0165,2026-03-31T18:02:00+00:00,college ke liye simple top,Hinglish,college,24
SEARCH-01309,CUST-0168,2025-12-13T10:17:00+00:00,office wear kurti,English,work,16
SEARCH-01310,CUST-0488,2025-10-12T08:07:00+00:00,Navratri garba dress,Hinglish,festival,10
SEARCH-01311,CUST-0791,2025-02-10T01:55:00+00:00,Navratri garba dress,Hinglish,festival,43
SEARCH-01312,CUST-0157,2026-05-09T04:17:00+00:00,Navratri garba dress,Hinglish,festival,41
SEARCH-01313,CUST-0829,2026-03-11T01:33:00+00:00,Navratri garba dress,Hinglish,festival,48
SEARCH-01314,CUST-0301,2026-05-07T16:36:00+00:00,haldi ke liye yellow suit,Hinglish,wedding,2
SEARCH-01315,CUST-0391,2025-02-24T19:56:00+00:00,Navratri garba dress,Hinglish,festival,36
SEARCH-01316,CUST-0436,2026-07-12T16:56:00+00:00,comfortable kurta for office,English,work,17
SEARCH-01317,CUST-0156,2026-07-14T07:59:00+00:00,linen office kurta,English,work,33
SEARCH-01318,CUST-0045,2026-08-19T00:43:00+00:00,puja ke liye kurta set,Hinglish,festive,41
SEARCH-01319,CUST-0641,2026-01-25T01:49:00+00:00,blue printed co ord set,English,everyday,42
SEARCH-01320,CUST-0467,2025-04-13T13:07:00+00:00,eid special kurti,Hinglish,festive,2
SEARCH-01321,CUST-0372,2026-05-27T08:22:00+00:00,eid special kurti,Hinglish,festive,3
SEARCH-01322,CUST-0353,2026-06-05T17:26:00+00:00,comfortable kurta for office,English,work,25
SEARCH-01323,CUST-0427,2026-07-26T06:02:00+00:00,blue printed co ord set,English,everyday,11
SEARCH-01324,CUST-0647,2026-01-06T03:10:00+00:00,linen office kurta,English,work,37
SEARCH-01325,CUST-0167,2026-03-21T03:46:00+00:00,blue printed co ord set,English,everyday,22
SEARCH-01326,CUST-0592,2025-10-05T13:00:00+00:00,puja ke liye kurta set,Hinglish,festive,32
SEARCH-01327,CUST-0323,2026-05-18T19:18:00+00:00,puja ke liye kurta set,Hinglish,festive,14
SEARCH-01328,CUST-0945,2026-06-05T01:31:00+00:00,cotton suit garmi ke liye,Hinglish,everyday,21
SEARCH-01329,CUST-0107,2025-09-28T15:48:00+00:00,linen office kurta,English,work,11
SEARCH-01330,CUST-0818,2026-06-02T22:38:00+00:00,linen office kurta,English,work,43
SEARCH-01331,CUST-0961,2025-04-24T23:45:00+00:00,linen office kurta,English,work,16
SEARCH-01332,CUST-0421,2026-04-29T04:09:00+00:00,birthday dinner dress,English,party,12
SEARCH-01333,CUST-0544,2026-08-19T13:56:00+00:00,sangeet outfit,English,wedding,38
SEARCH-01334,CUST-0873,2025-01-09T03:43:00+00:00,vacation beach dress,English,vacation,22
SEARCH-01335,CUST-0999,2026-05-03T18:21:00+00:00,rakhi function wear,Hinglish,festive,4
SEARCH-01336,CUST-0537,2025-09-24T23:20:00+00:00,vacation beach dress,English,vacation,6
SEARCH-01337,CUST-0299,2026-03-09T07:11:00+00:00,comfortable kurta for office,English,work,30
SEARCH-01338,CUST-0817,2025-08-04T15:08:00+00:00,haldi ke liye yellow suit,Hinglish,wedding,41
SEARCH-01339,CUST-0834,2025-11-21T23:02:00+00:00,haldi ke liye yellow suit,Hinglish,wedding,47
SEARCH-01340,CUST-0869,2025-05-26T11:24:00+00:00,vacation beach dress,English,vacation,19
SEARCH-01341,CUST-0838,2025-06-16T05:42:00+00:00,rakhi function wear,Hinglish,festive,26
SEARCH-01342,CUST-0474,2025-02-18T08:19:00+00:00,birthday dinner dress,English,party,23
SEARCH-01343,CUST-0859,2025-06-10T18:35:00+00:00,birthday dinner dress,English,party,10
SEARCH-01344,CUST-0550,2026-07-31T11:40:00+00:00,birthday dinner dress,English,party,24
SEARCH-01345,CUST-0192,2026-04-13T05:22:00+00:00,mehndi function dress,Hinglish,wedding,20
SEARCH-01346,CUST-0242,2025-12-30T18:45:00+00:00,mehndi function dress,Hinglish,wedding,0
SEARCH-01347,CUST-0625,2025-01-24T14:32:00+00:00,Navratri garba dress,Hinglish,festival,2
SEARCH-01348,CUST-0985,2026-04-09T22:07:00+00:00,Navratri garba dress,Hinglish,festival,16
SEARCH-01349,CUST-0122,2025-11-27T22:15:00+00:00,plus size anarkali,English,wedding,27
SEARCH-01350,CUST-0556,2025-09-17T23:31:00+00:00,blue printed co ord set,English,everyday,43
SEARCH-01351,CUST-0906,2025-06-28T08:34:00+00:00,rakhi function wear,Hinglish,festive,17
SEARCH-01352,CUST-0832,2025-01-05T23:07:00+00:00,mehndi function dress,Hinglish,wedding,22
SEARCH-01353,CUST-0771,2026-02-09T05:23:00+00:00,sangeet outfit,English,wedding,17
SEARCH-01354,CUST-0155,2026-07-05T19:01:00+00:00,sangeet outfit,English,wedding,8
SEARCH-01355,CUST-0589,2026-06-16T07:20:00+00:00,linen office kurta,English,work,29
SEARCH-01356,CUST-0869,2026-04-24T13:05:00+00:00,linen office kurta,English,work,23
SEARCH-01357,CUST-0079,2025-06-03T01:17:00+00:00,comfortable kurta for office,English,work,17
SEARCH-01358,CUST-0970,2026-08-07T17:47:00+00:00,birthday dinner dress,English,party,36
SEARCH-01359,CUST-0353,2026-04-20T12:14:00+00:00,haldi ke liye yellow suit,Hinglish,wedding,8
SEARCH-01360,CUST-0946,2026-01-10T16:08:00+00:00,shaadi guest outfit under 1500,Hinglish,wedding,43
SEARCH-01361,CUST-0256,2025-10-13T02:48:00+00:00,shaadi guest outfit under 1500,Hinglish,wedding,7
SEARCH-01362,CUST-0102,2025-06-01T06:51:00+00:00,plus size anarkali,English,wedding,12
SEARCH-01363,CUST-0049,2026-08-24T06:11:00+00:00,eid special kurti,Hinglish,festive,17
SEARCH-01364,CUST-0671,2025-01-14T22:25:00+00:00,eid special kurti,Hinglish,festive,26
SEARCH-01365,CUST-0929,2025-03-30T13:13:00+00:00,daily wear cotton kurti,English,everyday,23
SEARCH-01366,CUST-0591,2025-07-30T14:10:00+00:00,blue printed co ord set,English,everyday,48
SEARCH-01367,CUST-0135,2025-06-11T10:53:00+00:00,birthday dinner dress,English,party,47
SEARCH-01368,CUST-0603,2025-01-12T02:34:00+00:00,birthday dinner dress,English,party,0
SEARCH-01369,CUST-0329,2025-09-26T15:33:00+00:00,vacation beach dress,English,vacation,45
SEARCH-01370,CUST-0216,2025-01-12T19:25:00+00:00,birthday dinner dress,English,party,30
SEARCH-01371,CUST-0625,2026-08-12T03:50:00+00:00,shaadi guest outfit under 1500,Hinglish,wedding,38
SEARCH-01372,CUST-0754,2025-10-04T20:28:00+00:00,cotton suit garmi ke liye,Hinglish,everyday,15
SEARCH-01373,CUST-0991,2026-04-24T14:13:00+00:00,office wear kurti,English,work,2
SEARCH-01374,CUST-0987,2025-04-07T11:53:00+00:00,Navratri garba dress,Hinglish,festival,12
SEARCH-01375,CUST-0965,2026-02-14T20:56:00+00:00,office wear kurti,English,work,28
SEARCH-01376,CUST-0790,2026-09-13T12:30:00+00:00,comfortable kurta for office,English,work,3
SEARCH-01377,CUST-0264,2025-11-12T07:54:00+00:00,daily wear cotton kurti,English,everyday,41
SEARCH-01378,CUST-0429,2025-03-10T07:45:00+00:00,birthday dinner dress,English,party,10
SEARCH-01379,CUST-0386,2026-03-21T00:32:00+00:00,comfortable kurta for office,English,work,22
SEARCH-01380,CUST-0670,2025-10-05T23:23:00+00:00,daily wear cotton kurti,English,everyday,42
SEARCH-01381,CUST-0705,2026-07-24T23:33:00+00:00,rakhi function wear,Hinglish,festive,45
SEARCH-01382,CUST-0638,2026-02-17T23:00:00+00:00,mehndi function dress,Hinglish,wedding,38
SEARCH-01383,CUST-0461,2025-06-30T12:37:00+00:00,vacation beach dress,English,vacation,26
SEARCH-01384,CUST-0580,2025-03-04T07:45:00+00:00,mehndi function dress,Hinglish,wedding,7
SEARCH-01385,CUST-0316,2025-12-12T08:05:00+00:00,cotton suit garmi ke liye,Hinglish,everyday,13
SEARCH-01386,CUST-0825,2026-02-03T21:53:00+00:00,vacation beach dress,English,vacation,40
SEARCH-01387,CUST-0861,2025-02-05T12:27:00+00:00,cotton suit garmi ke liye,Hinglish,everyday,7
SEARCH-01388,CUST-0955,2025-10-06T03:00:00+00:00,cotton suit garmi ke liye,Hinglish,everyday,30
SEARCH-01389,CUST-0516,2026-02-02T22:02:00+00:00,office wear kurti,English,work,48
SEARCH-01390,CUST-0944,2025-11-25T03:30:00+00:00,sangeet outfit,English,wedding,0
SEARCH-01391,CUST-0871,2026-01-02T01:33:00+00:00,eid special kurti,Hinglish,festive,35
SEARCH-01392,CUST-0357,2025-03-28T03:34:00+00:00,college ke liye simple top,Hinglish,college,29
SEARCH-01393,CUST-0561,2025-09-08T13:22:00+00:00,rakhi function wear,Hinglish,festive,23
SEARCH-01394,CUST-0197,2025-06-16T17:07:00+00:00,rakhi function wear,Hinglish,festive,27
SEARCH-01395,CUST-0863,2026-08-12T09:22:00+00:00,office wear kurti,English,work,18
SEARCH-01396,CUST-0264,2025-05-14T10:18:00+00:00,blue printed co ord set,English,everyday,10
SEARCH-01397,CUST-0802,2026-07-31T20:58:00+00:00,linen office kurta,English,work,32
SEARCH-01398,CUST-0053,2026-06-16T05:29:00+00:00,college ke liye simple top,Hinglish,college,32
SEARCH-01399,CUST-0614,2025-08-29T01:19:00+00:00,haldi ke liye yellow suit,Hinglish,wedding,24
SEARCH-01400,CUST-0926,2025-01-04T12:42:00+00:00,sangeet outfit,English,wedding,0
SEARCH-01401,CUST-0935,2025-10-21T23:01:00+00:00,mehndi function dress,Hinglish,wedding,34
SEARCH-01402,CUST-0171,2025-07-27T20:49:00+00:00,eid special kurti,Hinglish,festive,15
SEARCH-01403,CUST-0343,2025-09-28T18:21:00+00:00,haldi ke liye yellow suit,Hinglish,wedding,42
SEARCH-01404,CUST-0313,2025-01-10T14:53:00+00:00,eid special kurti,Hinglish,festive,45
SEARCH-01405,CUST-0373,2026-04-16T21:25:00+00:00,blue printed co ord set,English,everyday,4
SEARCH-01406,CUST-0134,2025-11-02T13:23:00+00:00,shaadi guest outfit under 1500,Hinglish,wedding,36
SEARCH-01407,CUST-0537,2026-01-30T23:49:00+00:00,vacation beach dress,English,vacation,15
SEARCH-01408,CUST-0379,2026-05-14T15:04:00+00:00,Navratri garba dress,Hinglish,festival,38
SEARCH-01409,CUST-0271,2025-08-27T15:04:00+00:00,vacation beach dress,English,vacation,10
SEARCH-01410,CUST-0214,2025-05-17T23:24:00+00:00,rakhi function wear,Hinglish,festive,40
SEARCH-01411,CUST-0966,2025-10-28T10:48:00+00:00,eid special kurti,Hinglish,festive,31
SEARCH-01412,CUST-0123,2026-04-30T10:39:00+00:00,eid special kurti,Hinglish,festive,17
SEARCH-01413,CUST-0619,2026-01-12T15:06:00+00:00,blue printed co ord set,English,everyday,25
SEARCH-01414,CUST-0531,2026-07-22T09:04:00+00:00,cotton suit garmi ke liye,Hinglish,everyday,31
SEARCH-01415,CUST-0150,2025-06-30T21:55:00+00:00,eid special kurti,Hinglish,festive,38
SEARCH-01416,CUST-0589,2025-01-20T22:39:00+00:00,eid special kurti,Hinglish,festive,12
SEARCH-01417,CUST-0992,2025-08-13T23:28:00+00:00,shaadi guest outfit under 1500,Hinglish,wedding,10
SEARCH-01418,CUST-0132,2025-01-21T17:39:00+00:00,haldi ke liye yellow suit,Hinglish,wedding,12
SEARCH-01419,CUST-0245,2026-03-22T13:31:00+00:00,blue printed co ord set,English,everyday,2
SEARCH-01420,CUST-0303,2025-09-12T08:19:00+00:00,birthday dinner dress,English,party,34
SEARCH-01421,CUST-0692,2025-09-19T09:41:00+00:00,comfortable kurta for office,English,work,38
SEARCH-01422,CUST-0046,2025-08-19T06:14:00+00:00,haldi ke liye yellow suit,Hinglish,wedding,8
SEARCH-01423,CUST-0023,2025-06-19T20:14:00+00:00,haldi ke liye yellow suit,Hinglish,wedding,6
SEARCH-01424,CUST-0864,2025-02-13T03:07:00+00:00,daily wear cotton kurti,English,everyday,26
SEARCH-01425,CUST-0007,2026-01-21T17:16:00+00:00,haldi ke liye yellow suit,Hinglish,wedding,31
SEARCH-01426,CUST-0439,2026-06-05T02:54:00+00:00,comfortable kurta for office,English,work,18
SEARCH-01427,CUST-0351,2025-02-07T13:30:00+00:00,linen office kurta,English,work,32
SEARCH-01428,CUST-0920,2026-02-24T20:01:00+00:00,linen office kurta,English,work,34
SEARCH-01429,CUST-0029,2026-07-12T12:51:00+00:00,Navratri garba dress,Hinglish,festival,30
SEARCH-01430,CUST-0999,2025-02-18T15:14:00+00:00,birthday dinner dress,English,party,8
SEARCH-01431,CUST-0676,2025-12-30T18:49:00+00:00,eid special kurti,Hinglish,festive,48
SEARCH-01432,CUST-0863,2025-10-19T00:59:00+00:00,plus size anarkali,English,wedding,2
SEARCH-01433,CUST-0557,2026-02-22T13:51:00+00:00,eid special kurti,Hinglish,festive,34
SEARCH-01434,CUST-0697,2026-05-09T03:07:00+00:00,plus size anarkali,English,wedding,0
SEARCH-01435,CUST-0521,2025-02-24T20:36:00+00:00,blue printed co ord set,English,everyday,37
SEARCH-01436,CUST-0659,2026-08-16T01:33:00+00:00,puja ke liye kurta set,Hinglish,festive,30
SEARCH-01437,CUST-0047,2025-10-15T19:38:00+00:00,rakhi function wear,Hinglish,festive,35
SEARCH-01438,CUST-0683,2025-04-30T15:32:00+00:00,college ke liye simple top,Hinglish,college,10
SEARCH-01439,CUST-0919,2026-06-12T14:58:00+00:00,blue printed co ord set,English,everyday,20
SEARCH-01440,CUST-0455,2026-08-02T12:33:00+00:00,rakhi function wear,Hinglish,festive,37
SEARCH-01441,CUST-0650,2025-02-23T03:19:00+00:00,sangeet outfit,English,wedding,28
SEARCH-01442,CUST-0535,2026-04-29T18:09:00+00:00,blue printed co ord set,English,everyday,42
SEARCH-01443,CUST-0725,2025-03-25T14:50:00+00:00,plus size anarkali,English,wedding,11
SEARCH-01444,CUST-0625,2026-01-28T07:01:00+00:00,cotton suit garmi ke liye,Hinglish,everyday,34
SEARCH-01445,CUST-0524,2025-01-10T05:52:00+00:00,cotton suit garmi ke liye,Hinglish,everyday,18
SEARCH-01446,CUST-0560,2026-03-24T13:57:00+00:00,cotton suit garmi ke liye,Hinglish,everyday,7
SEARCH-01447,CUST-0425,2026-07-24T10:47:00+00:00,blue printed co ord set,English,everyday,5
SEARCH-01448,CUST-0770,2025-12-27T14:31:00+00:00,vacation beach dress,English,vacation,27
SEARCH-01449,CUST-0235,2026-08-21T20:08:00+00:00,eid special kurti,Hinglish,festive,31
SEARCH-01450,CUST-0962,2025-01-09T03:53:00+00:00,shaadi guest outfit under 1500,Hinglish,wedding,0
SEARCH-01451,CUST-0819,2026-07-31T23:49:00+00:00,office wear kurti,English,work,4
SEARCH-01452,CUST-0048,2026-05-01T02:37:00+00:00,linen office kurta,English,work,37
SEARCH-01453,CUST-0609,2025-07-29T13:06:00+00:00,mehndi function dress,Hinglish,wedding,17
SEARCH-01454,CUST-0610,2026-06-09T22:19:00+00:00,blue printed co ord set,English,everyday,36
SEARCH-01455,CUST-0817,2025-03-19T14:51:00+00:00,sangeet outfit,English,wedding,25
SEARCH-01456,CUST-0393,2026-07-22T20:49:00+00:00,sangeet outfit,English,wedding,29
SEARCH-01457,CUST-0758,2026-01-06T22:03:00+00:00,blue printed co ord set,English,everyday,3
SEARCH-01458,CUST-0445,2025-11-08T23:30:00+00:00,birthday dinner dress,English,party,5
SEARCH-01459,CUST-0357,2025-06-26T07:35:00+00:00,birthday dinner dress,English,party,8
SEARCH-01460,CUST-0311,2025-03-27T17:50:00+00:00,birthday dinner dress,English,party,42
SEARCH-01461,CUST-0433,2026-02-25T14:37:00+00:00,shaadi guest outfit under 1500,Hinglish,wedding,22
SEARCH-01462,CUST-0044,2026-02-01T04:56:00+00:00,college ke liye simple top,Hinglish,college,1
SEARCH-01463,CUST-0031,2025-10-18T01:20:00+00:00,plus size anarkali,English,wedding,42
SEARCH-01464,CUST-0759,2025-01-18T05:43:00+00:00,comfortable kurta for office,English,work,41
SEARCH-01465,CUST-0310,2026-06-27T09:40:00+00:00,linen office kurta,English,work,38
SEARCH-01466,CUST-0256,2026-07-29T03:28:00+00:00,haldi ke liye yellow suit,Hinglish,wedding,43
SEARCH-01467,CUST-0009,2025-05-19T03:12:00+00:00,vacation beach dress,English,vacation,1
SEARCH-01468,CUST-0138,2025-09-14T01:38:00+00:00,haldi ke liye yellow suit,Hinglish,wedding,10
SEARCH-01469,CUST-0977,2025-12-14T23:07:00+00:00,vacation beach dress,English,vacation,12
SEARCH-01470,CUST-0938,2026-04-23T22:58:00+00:00,eid special kurti,Hinglish,festive,22
SEARCH-01471,CUST-0516,2026-02-11T01:02:00+00:00,plus size anarkali,English,wedding,18
SEARCH-01472,CUST-0783,2026-07-07T18:07:00+00:00,haldi ke liye yellow suit,Hinglish,wedding,1
SEARCH-01473,CUST-0217,2025-06-17T08:01:00+00:00,comfortable kurta for office,English,work,13
SEARCH-01474,CUST-0375,2026-06-30T18:40:00+00:00,eid special kurti,Hinglish,festive,2
SEARCH-01475,CUST-0244,2025-09-09T08:39:00+00:00,Navratri garba dress,Hinglish,festival,32
SEARCH-01476,CUST-0357,2026-09-06T14:08:00+00:00,mehndi function dress,Hinglish,wedding,29
SEARCH-01477,CUST-0770,2025-06-01T23:33:00+00:00,blue printed co ord set,English,everyday,22
SEARCH-01478,CUST-0068,2025-03-13T05:59:00+00:00,college ke liye simple top,Hinglish,college,41
SEARCH-01479,CUST-0272,2026-04-08T14:18:00+00:00,mehndi function dress,Hinglish,wedding,47
SEARCH-01480,CUST-0706,2026-03-14T01:31:00+00:00,Navratri garba dress,Hinglish,festival,30
SEARCH-01481,CUST-0611,2026-08-18T22:29:00+00:00,birthday dinner dress,English,party,2
SEARCH-01482,CUST-0467,2026-03-26T17:26:00+00:00,college ke liye simple top,Hinglish,college,37
SEARCH-01483,CUST-0598,2026-04-15T19:05:00+00:00,rakhi function wear,Hinglish,festive,5
SEARCH-01484,CUST-0479,2025-06-20T10:36:00+00:00,eid special kurti,Hinglish,festive,9
SEARCH-01485,CUST-0642,2025-05-18T13:16:00+00:00,blue printed co ord set,English,everyday,29
SEARCH-01486,CUST-0103,2025-01-09T15:48:00+00:00,rakhi function wear,Hinglish,festive,48
SEARCH-01487,CUST-0109,2025-03-09T13:44:00+00:00,office wear kurti,English,work,45
SEARCH-01488,CUST-0456,2025-03-17T04:46:00+00:00,shaadi guest outfit under 1500,Hinglish,wedding,41
SEARCH-01489,CUST-0733,2026-04-01T12:41:00+00:00,vacation beach dress,English,vacation,41
SEARCH-01490,CUST-0281,2025-03-23T00:28:00+00:00,daily wear cotton kurti,English,everyday,9
SEARCH-01491,CUST-0888,2026-06-25T14:54:00+00:00,birthday dinner dress,English,party,12
SEARCH-01492,CUST-0149,2025-08-08T18:09:00+00:00,cotton suit garmi ke liye,Hinglish,everyday,26
SEARCH-01493,CUST-0629,2026-08-11T09:58:00+00:00,birthday dinner dress,English,party,28
SEARCH-01494,CUST-0857,2025-10-05T16:13:00+00:00,rakhi function wear,Hinglish,festive,39
SEARCH-01495,CUST-0422,2026-07-02T22:09:00+00:00,mehndi function dress,Hinglish,wedding,41
SEARCH-01496,CUST-0599,2025-02-19T23:24:00+00:00,shaadi guest outfit under 1500,Hinglish,wedding,23
SEARCH-01497,CUST-0067,2026-07-24T15:54:00+00:00,blue printed co ord set,English,everyday,9
SEARCH-01498,CUST-0381,2026-02-03T18:26:00+00:00,plus size anarkali,English,wedding,7
SEARCH-01499,CUST-0244,2025-04-01T06:48:00+00:00,sangeet outfit,English,wedding,31
SEARCH-01500,CUST-0206,2025-01-26T23:29:00+00:00,cotton suit garmi ke liye,Hinglish,everyday,2
SEARCH-01501,CUST-0832,2026-06-14T11:44:00+00:00,eid special kurti,Hinglish,festive,10
SEARCH-01502,CUST-0695,2025-06-16T04:24:00+00:00,shaadi guest outfit under 1500,Hinglish,wedding,48
SEARCH-01503,CUST-0273,2025-07-12T11:10:00+00:00,mehndi function dress,Hinglish,wedding,22
SEARCH-01504,CUST-0543,2025-05-02T12:42:00+00:00,vacation beach dress,English,vacation,25
SEARCH-01505,CUST-0868,2025-08-16T08:26:00+00:00,rakhi function wear,Hinglish,festive,12
SEARCH-01506,CUST-0007,2025-07-24T07:56:00+00:00,shaadi guest outfit under 1500,Hinglish,wedding,41
SEARCH-01507,CUST-0669,2025-10-05T03:35:00+00:00,sangeet outfit,English,wedding,12
SEARCH-01508,CUST-0762,2025-02-10T03:14:00+00:00,sangeet outfit,English,wedding,29
SEARCH-01509,CUST-0865,2026-04-05T20:39:00+00:00,vacation beach dress,English,vacation,23
SEARCH-01510,CUST-0870,2025-07-24T05:39:00+00:00,college ke liye simple top,Hinglish,college,1
SEARCH-01511,CUST-0791,2026-03-29T19:58:00+00:00,puja ke liye kurta set,Hinglish,festive,19
SEARCH-01512,CUST-0165,2025-12-12T03:08:00+00:00,Navratri garba dress,Hinglish,festival,20
SEARCH-01513,CUST-0229,2025-08-18T09:49:00+00:00,puja ke liye kurta set,Hinglish,festive,33
SEARCH-01514,CUST-0520,2026-01-24T09:29:00+00:00,plus size anarkali,English,wedding,14
SEARCH-01515,CUST-0458,2025-04-13T12:07:00+00:00,plus size anarkali,English,wedding,12
SEARCH-01516,CUST-0229,2026-06-14T04:09:00+00:00,cotton suit garmi ke liye,Hinglish,everyday,24
SEARCH-01517,CUST-0189,2025-11-05T20:17:00+00:00,rakhi function wear,Hinglish,festive,44
SEARCH-01518,CUST-0181,2026-03-13T05:46:00+00:00,birthday dinner dress,English,party,19
SEARCH-01519,CUST-0809,2025-05-16T10:23:00+00:00,sangeet outfit,English,wedding,5
SEARCH-01520,CUST-0020,2025-08-18T23:56:00+00:00,linen office kurta,English,work,22
SEARCH-01521,CUST-0013,2026-07-07T03:41:00+00:00,vacation beach dress,English,vacation,23
SEARCH-01522,CUST-0547,2026-05-24T10:59:00+00:00,shaadi guest outfit under 1500,Hinglish,wedding,37
SEARCH-01523,CUST-0749,2025-05-24T21:28:00+00:00,puja ke liye kurta set,Hinglish,festive,41
SEARCH-01524,CUST-0464,2025-10-18T19:08:00+00:00,birthday dinner dress,English,party,19
SEARCH-01525,CUST-0659,2025-11-20T14:00:00+00:00,rakhi function wear,Hinglish,festive,7
SEARCH-01526,CUST-0120,2025-03-12T01:25:00+00:00,linen office kurta,English,work,39
SEARCH-01527,CUST-0978,2025-12-12T04:12:00+00:00,Navratri garba dress,Hinglish,festival,1
SEARCH-01528,CUST-0138,2025-06-01T12:46:00+00:00,vacation beach dress,English,vacation,8
SEARCH-01529,CUST-0376,2025-10-25T10:54:00+00:00,daily wear cotton kurti,English,everyday,32
SEARCH-01530,CUST-0231,2025-08-09T16:57:00+00:00,comfortable kurta for office,English,work,27
SEARCH-01531,CUST-0702,2026-07-26T23:03:00+00:00,blue printed co ord set,English,everyday,15
SEARCH-01532,CUST-0492,2026-02-07T11:10:00+00:00,eid special kurti,Hinglish,festive,8
SEARCH-01533,CUST-0618,2025-08-25T02:45:00+00:00,vacation beach dress,English,vacation,3
SEARCH-01534,CUST-0633,2025-01-11T15:38:00+00:00,haldi ke liye yellow suit,Hinglish,wedding,48
SEARCH-01535,CUST-0163,2025-08-05T06:48:00+00:00,daily wear cotton kurti,English,everyday,13
SEARCH-01536,CUST-0521,2025-01-23T08:25:00+00:00,mehndi function dress,Hinglish,wedding,44
SEARCH-01537,CUST-0396,2025-11-17T07:18:00+00:00,daily wear cotton kurti,English,everyday,44
SEARCH-01538,CUST-0151,2025-06-28T16:12:00+00:00,sangeet outfit,English,wedding,14
SEARCH-01539,CUST-0038,2026-07-26T05:25:00+00:00,birthday dinner dress,English,party,1
SEARCH-01540,CUST-0913,2025-04-06T01:41:00+00:00,vacation beach dress,English,vacation,21
SEARCH-01541,CUST-0753,2025-08-16T01:53:00+00:00,office wear kurti,English,work,41
SEARCH-01542,CUST-0744,2025-05-26T08:55:00+00:00,vacation beach dress,English,vacation,38
SEARCH-01543,CUST-0423,2026-04-14T01:01:00+00:00,rakhi function wear,Hinglish,festive,0
SEARCH-01544,CUST-0449,2025-04-18T18:53:00+00:00,Navratri garba dress,Hinglish,festival,40
SEARCH-01545,CUST-0179,2025-08-11T11:07:00+00:00,haldi ke liye yellow suit,Hinglish,wedding,35
SEARCH-01546,CUST-0413,2025-10-13T12:56:00+00:00,shaadi guest outfit under 1500,Hinglish,wedding,29
SEARCH-01547,CUST-0053,2025-11-23T21:23:00+00:00,birthday dinner dress,English,party,30
SEARCH-01548,CUST-0191,2025-04-30T01:04:00+00:00,vacation beach dress,English,vacation,0
SEARCH-01549,CUST-0154,2026-02-06T10:31:00+00:00,college ke liye simple top,Hinglish,college,9
SEARCH-01550,CUST-0557,2025-05-22T18:23:00+00:00,office wear kurti,English,work,4
SEARCH-01551,CUST-0791,2026-05-23T16:53:00+00:00,linen office kurta,English,work,38
SEARCH-01552,CUST-0552,2025-04-17T23:43:00+00:00,vacation beach dress,English,vacation,36
SEARCH-01553,CUST-0788,2026-04-15T11:12:00+00:00,daily wear cotton kurti,English,everyday,44
SEARCH-01554,CUST-0327,2025-04-18T23:52:00+00:00,puja ke liye kurta set,Hinglish,festive,17
SEARCH-01555,CUST-0985,2026-08-29T22:22:00+00:00,rakhi function wear,Hinglish,festive,21
SEARCH-01556,CUST-0336,2025-06-12T00:04:00+00:00,college ke liye simple top,Hinglish,college,16
SEARCH-01557,CUST-0910,2025-07-02T00:45:00+00:00,college ke liye simple top,Hinglish,college,21
SEARCH-01558,CUST-0473,2026-03-20T09:02:00+00:00,cotton suit garmi ke liye,Hinglish,everyday,32
SEARCH-01559,CUST-0859,2026-08-20T00:53:00+00:00,mehndi function dress,Hinglish,wedding,3
SEARCH-01560,CUST-0693,2026-09-01T15:03:00+00:00,cotton suit garmi ke liye,Hinglish,everyday,12
SEARCH-01561,CUST-0058,2026-05-13T14:17:00+00:00,rakhi function wear,Hinglish,festive,20
SEARCH-01562,CUST-0786,2026-07-09T15:50:00+00:00,comfortable kurta for office,English,work,15
SEARCH-01563,CUST-0356,2026-03-01T09:05:00+00:00,office wear kurti,English,work,17
SEARCH-01564,CUST-0611,2026-07-26T21:13:00+00:00,eid special kurti,Hinglish,festive,15
SEARCH-01565,CUST-0677,2026-02-12T18:58:00+00:00,Navratri garba dress,Hinglish,festival,38
SEARCH-01566,CUST-0222,2025-04-01T03:44:00+00:00,linen office kurta,English,work,4
SEARCH-01567,CUST-0134,2025-11-15T15:13:00+00:00,eid special kurti,Hinglish,festive,5
SEARCH-01568,CUST-0603,2025-03-07T00:25:00+00:00,cotton suit garmi ke liye,Hinglish,everyday,21
SEARCH-01569,CUST-0419,2025-08-24T11:52:00+00:00,Navratri garba dress,Hinglish,festival,10
SEARCH-01570,CUST-0977,2025-10-21T22:59:00+00:00,college ke liye simple top,Hinglish,college,16
SEARCH-01571,CUST-0507,2026-08-11T20:35:00+00:00,vacation beach dress,English,vacation,38
SEARCH-01572,CUST-0810,2025-07-18T12:03:00+00:00,college ke liye simple top,Hinglish,college,24
SEARCH-01573,CUST-0250,2025-12-16T21:38:00+00:00,linen office kurta,English,work,43
SEARCH-01574,CUST-0961,2025-12-27T22:27:00+00:00,sangeet outfit,English,wedding,31
SEARCH-01575,CUST-0632,2026-06-27T08:01:00+00:00,college ke liye simple top,Hinglish,college,36
SEARCH-01576,CUST-0794,2026-08-24T14:22:00+00:00,eid special kurti,Hinglish,festive,13
SEARCH-01577,CUST-0021,2025-06-21T01:48:00+00:00,plus size anarkali,English,wedding,22
SEARCH-01578,CUST-0528,2025-04-08T11:51:00+00:00,rakhi function wear,Hinglish,festive,6
SEARCH-01579,CUST-0118,2025-05-30T05:05:00+00:00,linen office kurta,English,work,13
SEARCH-01580,CUST-0440,2026-05-20T11:45:00+00:00,haldi ke liye yellow suit,Hinglish,wedding,42
SEARCH-01581,CUST-0376,2026-04-10T14:42:00+00:00,linen office kurta,English,work,16
SEARCH-01582,CUST-0991,2025-06-25T05:35:00+00:00,linen office kurta,English,work,47
SEARCH-01583,CUST-0320,2025-06-12T16:09:00+00:00,shaadi guest outfit under 1500,Hinglish,wedding,26
SEARCH-01584,CUST-0503,2026-05-21T17:56:00+00:00,vacation beach dress,English,vacation,4
SEARCH-01585,CUST-0610,2025-02-18T14:09:00+00:00,birthday dinner dress,English,party,11
SEARCH-01586,CUST-0800,2026-07-14T13:57:00+00:00,rakhi function wear,Hinglish,festive,0
SEARCH-01587,CUST-0745,2025-02-19T22:22:00+00:00,birthday dinner dress,English,party,19
SEARCH-01588,CUST-0198,2026-02-10T03:13:00+00:00,office wear kurti,English,work,2
SEARCH-01589,CUST-0521,2025-02-07T18:47:00+00:00,comfortable kurta for office,English,work,13
SEARCH-01590,CUST-0726,2026-05-08T15:47:00+00:00,linen office kurta,English,work,20
SEARCH-01591,CUST-0720,2025-07-06T20:14:00+00:00,college ke liye simple top,Hinglish,college,32
SEARCH-01592,CUST-0696,2026-05-18T19:45:00+00:00,shaadi guest outfit under 1500,Hinglish,wedding,37
SEARCH-01593,CUST-0845,2025-03-23T15:19:00+00:00,mehndi function dress,Hinglish,wedding,0
SEARCH-01594,CUST-0304,2025-07-07T18:25:00+00:00,vacation beach dress,English,vacation,31
SEARCH-01595,CUST-0529,2025-09-12T20:28:00+00:00,vacation beach dress,English,vacation,6
SEARCH-01596,CUST-0701,2025-06-01T22:36:00+00:00,comfortable kurta for office,English,work,25
SEARCH-01597,CUST-0632,2025-12-03T03:45:00+00:00,vacation beach dress,English,vacation,17
SEARCH-01598,CUST-0666,2025-10-27T16:42:00+00:00,linen office kurta,English,work,33
SEARCH-01599,CUST-0182,2025-12-28T06:44:00+00:00,birthday dinner dress,English,party,10
SEARCH-01600,CUST-0555,2026-08-10T20:51:00+00:00,vacation beach dress,English,vacation,32
SEARCH-01601,CUST-0288,2025-10-16T23:36:00+00:00,puja ke liye kurta set,Hinglish,festive,18
SEARCH-01602,CUST-0322,2025-03-15T10:31:00+00:00,mehndi function dress,Hinglish,wedding,15
SEARCH-01603,CUST-0754,2025-09-20T00:38:00+00:00,rakhi function wear,Hinglish,festive,46
SEARCH-01604,CUST-0952,2025-02-09T01:17:00+00:00,rakhi function wear,Hinglish,festive,3
SEARCH-01605,CUST-0340,2026-01-03T23:23:00+00:00,vacation beach dress,English,vacation,1
SEARCH-01606,CUST-0930,2025-12-27T22:46:00+00:00,cotton suit garmi ke liye,Hinglish,everyday,11
SEARCH-01607,CUST-0524,2025-02-27T11:43:00+00:00,haldi ke liye yellow suit,Hinglish,wedding,26
SEARCH-01608,CUST-0496,2026-08-10T17:28:00+00:00,comfortable kurta for office,English,work,29
SEARCH-01609,CUST-0126,2025-05-08T06:45:00+00:00,haldi ke liye yellow suit,Hinglish,wedding,42
SEARCH-01610,CUST-0039,2025-03-11T07:42:00+00:00,cotton suit garmi ke liye,Hinglish,everyday,48
SEARCH-01611,CUST-0178,2025-05-04T04:34:00+00:00,eid special kurti,Hinglish,festive,17
SEARCH-01612,CUST-0793,2025-11-13T10:37:00+00:00,linen office kurta,English,work,22
SEARCH-01613,CUST-0838,2025-12-01T17:50:00+00:00,eid special kurti,Hinglish,festive,22
SEARCH-01614,CUST-0158,2025-03-21T14:11:00+00:00,birthday dinner dress,English,party,23
SEARCH-01615,CUST-0738,2026-05-15T03:43:00+00:00,eid special kurti,Hinglish,festive,38
SEARCH-01616,CUST-0636,2026-03-02T02:31:00+00:00,daily wear cotton kurti,English,everyday,38
SEARCH-01617,CUST-0358,2025-07-11T00:28:00+00:00,plus size anarkali,English,wedding,3
SEARCH-01618,CUST-0331,2025-11-11T15:26:00+00:00,puja ke liye kurta set,Hinglish,festive,31
SEARCH-01619,CUST-0547,2026-02-26T06:58:00+00:00,Navratri garba dress,Hinglish,festival,47
SEARCH-01620,CUST-0026,2026-09-09T22:26:00+00:00,office wear kurti,English,work,27
SEARCH-01621,CUST-0539,2026-08-20T15:40:00+00:00,sangeet outfit,English,wedding,22
SEARCH-01622,CUST-0011,2025-01-28T01:12:00+00:00,Navratri garba dress,Hinglish,festival,29
SEARCH-01623,CUST-0833,2026-08-20T04:32:00+00:00,linen office kurta,English,work,37
SEARCH-01624,CUST-0237,2025-03-28T22:04:00+00:00,blue printed co ord set,English,everyday,13
SEARCH-01625,CUST-0925,2025-08-14T02:47:00+00:00,haldi ke liye yellow suit,Hinglish,wedding,8
SEARCH-01626,CUST-0180,2025-02-04T16:50:00+00:00,office wear kurti,English,work,33
SEARCH-01627,CUST-0146,2025-04-11T18:13:00+00:00,haldi ke liye yellow suit,Hinglish,wedding,21
SEARCH-01628,CUST-0078,2025-09-04T15:58:00+00:00,comfortable kurta for office,English,work,33
SEARCH-01629,CUST-0725,2026-04-19T17:23:00+00:00,shaadi guest outfit under 1500,Hinglish,wedding,21
SEARCH-01630,CUST-0816,2025-10-15T21:07:00+00:00,Navratri garba dress,Hinglish,festival,47
SEARCH-01631,CUST-0025,2026-08-10T10:14:00+00:00,shaadi guest outfit under 1500,Hinglish,wedding,45
SEARCH-01632,CUST-0774,2026-05-10T11:49:00+00:00,sangeet outfit,English,wedding,0
SEARCH-01633,CUST-0319,2025-07-22T18:58:00+00:00,eid special kurti,Hinglish,festive,35
SEARCH-01634,CUST-0672,2026-08-15T09:09:00+00:00,cotton suit garmi ke liye,Hinglish,everyday,24
SEARCH-01635,CUST-0135,2025-02-28T13:07:00+00:00,haldi ke liye yellow suit,Hinglish,wedding,46
SEARCH-01636,CUST-0171,2026-02-07T09:06:00+00:00,mehndi function dress,Hinglish,wedding,42
SEARCH-01637,CUST-0061,2026-01-28T21:00:00+00:00,vacation beach dress,English,vacation,48
SEARCH-01638,CUST-0599,2025-01-25T02:07:00+00:00,shaadi guest outfit under 1500,Hinglish,wedding,40
SEARCH-01639,CUST-0351,2025-01-03T23:53:00+00:00,blue printed co ord set,English,everyday,26
SEARCH-01640,CUST-0763,2025-12-06T05:00:00+00:00,puja ke liye kurta set,Hinglish,festive,1
SEARCH-01641,CUST-0314,2026-01-06T08:02:00+00:00,daily wear cotton kurti,English,everyday,2
SEARCH-01642,CUST-0668,2025-12-08T12:28:00+00:00,linen office kurta,English,work,44
SEARCH-01643,CUST-0810,2025-06-06T20:39:00+00:00,plus size anarkali,English,wedding,46
SEARCH-01644,CUST-0175,2025-01-30T12:33:00+00:00,shaadi guest outfit under 1500,Hinglish,wedding,3
SEARCH-01645,CUST-0868,2025-04-20T10:57:00+00:00,linen office kurta,English,work,24
SEARCH-01646,CUST-0944,2025-09-09T14:19:00+00:00,linen office kurta,English,work,16
SEARCH-01647,CUST-0318,2026-01-26T19:18:00+00:00,college ke liye simple top,Hinglish,college,13
SEARCH-01648,CUST-0346,2025-11-29T03:05:00+00:00,cotton suit garmi ke liye,Hinglish,everyday,11
SEARCH-01649,CUST-0975,2026-01-11T10:07:00+00:00,daily wear cotton kurti,English,everyday,24
SEARCH-01650,CUST-0230,2026-08-10T13:10:00+00:00,rakhi function wear,Hinglish,festive,22
SEARCH-01651,CUST-0313,2025-06-10T18:50:00+00:00,eid special kurti,Hinglish,festive,13
SEARCH-01652,CUST-0791,2025-03-06T00:02:00+00:00,Navratri garba dress,Hinglish,festival,26
SEARCH-01653,CUST-0835,2025-04-19T20:15:00+00:00,blue printed co ord set,English,everyday,31
SEARCH-01654,CUST-0467,2026-01-31T02:32:00+00:00,blue printed co ord set,English,everyday,22
SEARCH-01655,CUST-0617,2026-04-14T11:49:00+00:00,eid special kurti,Hinglish,festive,44
SEARCH-01656,CUST-0259,2025-03-02T21:00:00+00:00,puja ke liye kurta set,Hinglish,festive,40
SEARCH-01657,CUST-0247,2025-10-21T06:47:00+00:00,plus size anarkali,English,wedding,29
SEARCH-01658,CUST-0345,2025-06-09T10:48:00+00:00,mehndi function dress,Hinglish,wedding,5
SEARCH-01659,CUST-0031,2025-03-14T09:37:00+00:00,blue printed co ord set,English,everyday,9
SEARCH-01660,CUST-0774,2025-11-26T00:14:00+00:00,rakhi function wear,Hinglish,festive,15
SEARCH-01661,CUST-0450,2026-03-01T00:04:00+00:00,eid special kurti,Hinglish,festive,40
SEARCH-01662,CUST-0346,2026-03-07T18:14:00+00:00,birthday dinner dress,English,party,37
SEARCH-01663,CUST-0878,2026-04-30T12:36:00+00:00,cotton suit garmi ke liye,Hinglish,everyday,39
SEARCH-01664,CUST-0452,2026-04-14T21:00:00+00:00,college ke liye simple top,Hinglish,college,33
SEARCH-01665,CUST-0937,2026-02-25T21:53:00+00:00,shaadi guest outfit under 1500,Hinglish,wedding,46
SEARCH-01666,CUST-0992,2026-08-08T16:57:00+00:00,Navratri garba dress,Hinglish,festival,45
SEARCH-01667,CUST-0625,2026-03-01T07:24:00+00:00,comfortable kurta for office,English,work,46
SEARCH-01668,CUST-0220,2026-02-04T17:49:00+00:00,vacation beach dress,English,vacation,18
SEARCH-01669,CUST-0354,2025-11-29T14:44:00+00:00,daily wear cotton kurti,English,everyday,21
SEARCH-01670,CUST-0516,2025-06-22T11:19:00+00:00,eid special kurti,Hinglish,festive,32
SEARCH-01671,CUST-0449,2025-06-03T18:58:00+00:00,daily wear cotton kurti,English,everyday,6
SEARCH-01672,CUST-0269,2026-06-01T12:45:00+00:00,puja ke liye kurta set,Hinglish,festive,18
SEARCH-01673,CUST-0701,2025-08-18T16:52:00+00:00,puja ke liye kurta set,Hinglish,festive,46
SEARCH-01674,CUST-0118,2025-09-26T13:36:00+00:00,linen office kurta,English,work,12
SEARCH-01675,CUST-0302,2025-06-04T09:06:00+00:00,college ke liye simple top,Hinglish,college,3
SEARCH-01676,CUST-0866,2025-02-18T14:27:00+00:00,office wear kurti,English,work,18
SEARCH-01677,CUST-0945,2026-05-04T04:10:00+00:00,sangeet outfit,English,wedding,12
SEARCH-01678,CUST-0528,2025-12-08T12:55:00+00:00,Navratri garba dress,Hinglish,festival,4
SEARCH-01679,CUST-0517,2025-09-20T03:42:00+00:00,blue printed co ord set,English,everyday,40
SEARCH-01680,CUST-0920,2025-07-01T06:14:00+00:00,birthday dinner dress,English,party,3
SEARCH-01681,CUST-0877,2025-09-28T21:54:00+00:00,mehndi function dress,Hinglish,wedding,40
SEARCH-01682,CUST-0547,2026-01-30T00:33:00+00:00,college ke liye simple top,Hinglish,college,40
SEARCH-01683,CUST-0810,2025-10-28T04:00:00+00:00,Navratri garba dress,Hinglish,festival,20
SEARCH-01684,CUST-0028,2025-08-29T03:46:00+00:00,puja ke liye kurta set,Hinglish,festive,0
SEARCH-01685,CUST-0694,2026-05-05T15:30:00+00:00,shaadi guest outfit under 1500,Hinglish,wedding,48
SEARCH-01686,CUST-0521,2025-08-17T15:34:00+00:00,comfortable kurta for office,English,work,1
SEARCH-01687,CUST-0072,2026-08-18T04:34:00+00:00,daily wear cotton kurti,English,everyday,7
SEARCH-01688,CUST-0502,2025-04-29T13:40:00+00:00,puja ke liye kurta set,Hinglish,festive,43
SEARCH-01689,CUST-0236,2026-06-01T15:49:00+00:00,plus size anarkali,English,wedding,33
SEARCH-01690,CUST-0318,2026-06-07T06:19:00+00:00,college ke liye simple top,Hinglish,college,12
SEARCH-01691,CUST-0937,2025-03-22T21:10:00+00:00,Navratri garba dress,Hinglish,festival,14
SEARCH-01692,CUST-0815,2026-04-10T00:02:00+00:00,rakhi function wear,Hinglish,festive,48
SEARCH-01693,CUST-0510,2025-10-01T16:05:00+00:00,eid special kurti,Hinglish,festive,22
SEARCH-01694,CUST-0013,2025-04-29T22:37:00+00:00,college ke liye simple top,Hinglish,college,24
SEARCH-01695,CUST-0980,2025-08-20T11:31:00+00:00,plus size anarkali,English,wedding,40
SEARCH-01696,CUST-0276,2025-03-11T00:51:00+00:00,mehndi function dress,Hinglish,wedding,7
SEARCH-01697,CUST-0078,2026-06-05T07:09:00+00:00,shaadi guest outfit under 1500,Hinglish,wedding,4
SEARCH-01698,CUST-0438,2025-04-10T12:03:00+00:00,blue printed co ord set,English,everyday,44
SEARCH-01699,CUST-0548,2025-01-21T19:10:00+00:00,haldi ke liye yellow suit,Hinglish,wedding,48
SEARCH-01700,CUST-0488,2025-12-18T00:35:00+00:00,cotton suit garmi ke liye,Hinglish,everyday,24
SEARCH-01701,CUST-0909,2025-08-02T05:57:00+00:00,sangeet outfit,English,wedding,2
SEARCH-01702,CUST-0338,2025-02-15T21:53:00+00:00,linen office kurta,English,work,11
SEARCH-01703,CUST-0286,2026-03-01T10:47:00+00:00,plus size anarkali,English,wedding,43
SEARCH-01704,CUST-0183,2025-08-27T02:07:00+00:00,linen office kurta,English,work,47
SEARCH-01705,CUST-0178,2025-11-11T17:25:00+00:00,linen office kurta,English,work,42
SEARCH-01706,CUST-0236,2026-08-18T07:17:00+00:00,birthday dinner dress,English,party,48
SEARCH-01707,CUST-0963,2026-05-24T21:21:00+00:00,blue printed co ord set,English,everyday,35
SEARCH-01708,CUST-0874,2026-06-10T09:36:00+00:00,office wear kurti,English,work,23
SEARCH-01709,CUST-0222,2026-07-18T11:40:00+00:00,birthday dinner dress,English,party,46
SEARCH-01710,CUST-0293,2025-09-26T12:50:00+00:00,haldi ke liye yellow suit,Hinglish,wedding,15
SEARCH-01711,CUST-0039,2025-05-18T18:53:00+00:00,mehndi function dress,Hinglish,wedding,9
SEARCH-01712,CUST-0806,2026-06-28T11:21:00+00:00,blue printed co ord set,English,everyday,38
SEARCH-01713,CUST-0241,2025-12-26T11:35:00+00:00,sangeet outfit,English,wedding,40
SEARCH-01714,CUST-0403,2025-05-14T17:39:00+00:00,vacation beach dress,English,vacation,31
SEARCH-01715,CUST-0052,2026-03-19T16:40:00+00:00,daily wear cotton kurti,English,everyday,43
SEARCH-01716,CUST-0362,2025-03-21T13:27:00+00:00,comfortable kurta for office,English,work,9
SEARCH-01717,CUST-0083,2025-08-02T13:37:00+00:00,haldi ke liye yellow suit,Hinglish,wedding,1
SEARCH-01718,CUST-0663,2026-05-17T03:05:00+00:00,Navratri garba dress,Hinglish,festival,43
SEARCH-01719,CUST-0555,2025-07-23T08:04:00+00:00,rakhi function wear,Hinglish,festive,3
SEARCH-01720,CUST-0385,2025-01-21T19:50:00+00:00,vacation beach dress,English,vacation,37
SEARCH-01721,CUST-0025,2025-11-07T04:51:00+00:00,plus size anarkali,English,wedding,0
SEARCH-01722,CUST-0001,2025-08-20T07:44:00+00:00,mehndi function dress,Hinglish,wedding,25
SEARCH-01723,CUST-0070,2026-07-03T04:41:00+00:00,Navratri garba dress,Hinglish,festival,33
SEARCH-01724,CUST-0903,2025-05-21T15:37:00+00:00,puja ke liye kurta set,Hinglish,festive,19
SEARCH-01725,CUST-0517,2025-02-18T12:44:00+00:00,eid special kurti,Hinglish,festive,2
SEARCH-01726,CUST-0385,2025-01-30T16:20:00+00:00,birthday dinner dress,English,party,4
SEARCH-01727,CUST-0049,2025-01-22T05:11:00+00:00,mehndi function dress,Hinglish,wedding,31
SEARCH-01728,CUST-0139,2026-04-27T09:35:00+00:00,shaadi guest outfit under 1500,Hinglish,wedding,17
SEARCH-01729,CUST-0876,2025-02-01T16:09:00+00:00,office wear kurti,English,work,41
SEARCH-01730,CUST-0382,2025-04-03T03:17:00+00:00,shaadi guest outfit under 1500,Hinglish,wedding,46
SEARCH-01731,CUST-0337,2025-09-11T11:54:00+00:00,vacation beach dress,English,vacation,41
SEARCH-01732,CUST-0089,2025-06-02T16:04:00+00:00,blue printed co ord set,English,everyday,27
SEARCH-01733,CUST-0371,2026-04-22T00:29:00+00:00,puja ke liye kurta set,Hinglish,festive,17
SEARCH-01734,CUST-0796,2025-02-01T05:59:00+00:00,sangeet outfit,English,wedding,40
SEARCH-01735,CUST-0569,2025-10-23T11:07:00+00:00,Navratri garba dress,Hinglish,festival,48
SEARCH-01736,CUST-0601,2025-01-30T00:32:00+00:00,vacation beach dress,English,vacation,24
SEARCH-01737,CUST-0633,2025-06-14T02:10:00+00:00,office wear kurti,English,work,8
SEARCH-01738,CUST-0418,2026-09-04T23:23:00+00:00,birthday dinner dress,English,party,32
SEARCH-01739,CUST-0514,2026-03-19T15:41:00+00:00,cotton suit garmi ke liye,Hinglish,everyday,0
SEARCH-01740,CUST-0559,2026-04-10T14:09:00+00:00,birthday dinner dress,English,party,26
SEARCH-01741,CUST-0822,2026-06-13T08:36:00+00:00,cotton suit garmi ke liye,Hinglish,everyday,20
SEARCH-01742,CUST-0436,2025-10-07T11:18:00+00:00,daily wear cotton kurti,English,everyday,41
SEARCH-01743,CUST-0359,2026-03-13T05:00:00+00:00,plus size anarkali,English,wedding,10
SEARCH-01744,CUST-0490,2025-02-14T01:21:00+00:00,linen office kurta,English,work,47
SEARCH-01745,CUST-0108,2025-11-05T23:57:00+00:00,cotton suit garmi ke liye,Hinglish,everyday,18
SEARCH-01746,CUST-0703,2025-06-07T14:05:00+00:00,rakhi function wear,Hinglish,festive,45
SEARCH-01747,CUST-0075,2026-01-17T04:13:00+00:00,puja ke liye kurta set,Hinglish,festive,0
SEARCH-01748,CUST-0510,2026-03-10T11:35:00+00:00,blue printed co ord set,English,everyday,33
SEARCH-01749,CUST-0446,2026-08-24T13:44:00+00:00,vacation beach dress,English,vacation,34
SEARCH-01750,CUST-0215,2026-02-09T08:58:00+00:00,Navratri garba dress,Hinglish,festival,35
SEARCH-01751,CUST-0966,2025-10-21T05:49:00+00:00,office wear kurti,English,work,14
SEARCH-01752,CUST-0901,2026-07-14T21:06:00+00:00,shaadi guest outfit under 1500,Hinglish,wedding,10
SEARCH-01753,CUST-0842,2026-05-13T10:01:00+00:00,rakhi function wear,Hinglish,festive,44
SEARCH-01754,CUST-0838,2025-01-31T18:07:00+00:00,office wear kurti,English,work,31
SEARCH-01755,CUST-0203,2026-07-27T17:37:00+00:00,puja ke liye kurta set,Hinglish,festive,26
SEARCH-01756,CUST-0305,2025-10-03T22:12:00+00:00,comfortable kurta for office,English,work,23
SEARCH-01757,CUST-0315,2026-07-05T15:41:00+00:00,puja ke liye kurta set,Hinglish,festive,4
SEARCH-01758,CUST-0715,2025-07-12T12:55:00+00:00,office wear kurti,English,work,5
SEARCH-01759,CUST-0579,2026-03-10T05:29:00+00:00,cotton suit garmi ke liye,Hinglish,everyday,23
SEARCH-01760,CUST-0578,2026-05-03T16:27:00+00:00,eid special kurti,Hinglish,festive,7
SEARCH-01761,CUST-0888,2026-05-04T13:40:00+00:00,mehndi function dress,Hinglish,wedding,30
SEARCH-01762,CUST-0746,2026-07-24T20:52:00+00:00,college ke liye simple top,Hinglish,college,27
SEARCH-01763,CUST-0751,2026-06-09T11:11:00+00:00,sangeet outfit,English,wedding,16
SEARCH-01764,CUST-0862,2026-07-12T16:04:00+00:00,shaadi guest outfit under 1500,Hinglish,wedding,40
SEARCH-01765,CUST-0866,2025-08-28T00:56:00+00:00,birthday dinner dress,English,party,36
SEARCH-01766,CUST-0652,2025-01-29T05:22:00+00:00,puja ke liye kurta set,Hinglish,festive,19
SEARCH-01767,CUST-0827,2026-05-31T00:52:00+00:00,haldi ke liye yellow suit,Hinglish,wedding,0
SEARCH-01768,CUST-0900,2025-12-31T08:45:00+00:00,puja ke liye kurta set,Hinglish,festive,13
SEARCH-01769,CUST-0470,2026-08-21T13:48:00+00:00,shaadi guest outfit under 1500,Hinglish,wedding,0
SEARCH-01770,CUST-0817,2026-07-17T01:48:00+00:00,birthday dinner dress,English,party,44
SEARCH-01771,CUST-0320,2025-10-31T20:39:00+00:00,cotton suit garmi ke liye,Hinglish,everyday,10
SEARCH-01772,CUST-0875,2025-11-29T17:26:00+00:00,plus size anarkali,English,wedding,21
SEARCH-01773,CUST-0718,2025-01-23T04:00:00+00:00,blue printed co ord set,English,everyday,22
SEARCH-01774,CUST-0981,2025-11-11T00:07:00+00:00,birthday dinner dress,English,party,15
SEARCH-01775,CUST-0464,2025-05-06T18:12:00+00:00,linen office kurta,English,work,4
SEARCH-01776,CUST-0996,2025-05-07T15:08:00+00:00,comfortable kurta for office,English,work,5
SEARCH-01777,CUST-0425,2026-06-17T23:23:00+00:00,Navratri garba dress,Hinglish,festival,41
SEARCH-01778,CUST-0554,2025-11-21T18:24:00+00:00,shaadi guest outfit under 1500,Hinglish,wedding,21
SEARCH-01779,CUST-0360,2025-08-11T15:14:00+00:00,shaadi guest outfit under 1500,Hinglish,wedding,10
SEARCH-01780,CUST-0932,2026-05-02T10:24:00+00:00,eid special kurti,Hinglish,festive,9
SEARCH-01781,CUST-0851,2025-11-09T08:00:00+00:00,mehndi function dress,Hinglish,wedding,15
SEARCH-01782,CUST-0710,2025-07-11T11:00:00+00:00,blue printed co ord set,English,everyday,35
SEARCH-01783,CUST-0764,2025-04-17T14:49:00+00:00,rakhi function wear,Hinglish,festive,6
SEARCH-01784,CUST-0564,2025-05-21T09:14:00+00:00,blue printed co ord set,English,everyday,9
SEARCH-01785,CUST-0881,2025-09-21T22:29:00+00:00,college ke liye simple top,Hinglish,college,43
SEARCH-01786,CUST-0463,2026-07-01T13:51:00+00:00,haldi ke liye yellow suit,Hinglish,wedding,26
SEARCH-01787,CUST-0936,2026-07-04T23:50:00+00:00,shaadi guest outfit under 1500,Hinglish,wedding,42
SEARCH-01788,CUST-0124,2026-05-24T15:23:00+00:00,linen office kurta,English,work,6
SEARCH-01789,CUST-0121,2025-11-07T07:09:00+00:00,vacation beach dress,English,vacation,23
SEARCH-01790,CUST-0388,2025-12-27T14:42:00+00:00,birthday dinner dress,English,party,27
SEARCH-01791,CUST-0973,2025-06-21T22:40:00+00:00,sangeet outfit,English,wedding,4
SEARCH-01792,CUST-0926,2026-03-28T06:37:00+00:00,vacation beach dress,English,vacation,43
SEARCH-01793,CUST-0495,2026-07-26T06:10:00+00:00,cotton suit garmi ke liye,Hinglish,everyday,6
SEARCH-01794,CUST-0515,2026-05-16T12:31:00+00:00,shaadi guest outfit under 1500,Hinglish,wedding,16
SEARCH-01795,CUST-0957,2025-06-09T14:31:00+00:00,sangeet outfit,English,wedding,17
SEARCH-01796,CUST-0868,2025-04-29T04:02:00+00:00,daily wear cotton kurti,English,everyday,8
SEARCH-01797,CUST-0737,2026-09-06T06:46:00+00:00,Navratri garba dress,Hinglish,festival,15
SEARCH-01798,CUST-0011,2025-03-16T22:15:00+00:00,mehndi function dress,Hinglish,wedding,47
SEARCH-01799,CUST-0162,2026-08-18T02:31:00+00:00,rakhi function wear,Hinglish,festive,3
SEARCH-01800,CUST-0757,2025-01-25T14:31:00+00:00,plus size anarkali,English,wedding,23
SEARCH-01801,CUST-0099,2025-09-09T14:07:00+00:00,office wear kurti,English,work,45
SEARCH-01802,CUST-0023,2025-07-17T19:07:00+00:00,birthday dinner dress,English,party,43
SEARCH-01803,CUST-0403,2026-02-08T14:21:00+00:00,rakhi function wear,Hinglish,festive,44
SEARCH-01804,CUST-0085,2026-02-04T04:51:00+00:00,birthday dinner dress,English,party,16
SEARCH-01805,CUST-0750,2025-07-01T11:31:00+00:00,Navratri garba dress,Hinglish,festival,35
SEARCH-01806,CUST-0257,2025-12-09T00:30:00+00:00,cotton suit garmi ke liye,Hinglish,everyday,27
SEARCH-01807,CUST-0330,2025-06-23T13:56:00+00:00,college ke liye simple top,Hinglish,college,27
SEARCH-01808,CUST-0396,2025-06-11T02:37:00+00:00,birthday dinner dress,English,party,10
SEARCH-01809,CUST-0853,2025-08-08T20:10:00+00:00,cotton suit garmi ke liye,Hinglish,everyday,42
SEARCH-01810,CUST-0186,2025-08-09T20:03:00+00:00,shaadi guest outfit under 1500,Hinglish,wedding,13
SEARCH-01811,CUST-0650,2025-07-08T02:19:00+00:00,shaadi guest outfit under 1500,Hinglish,wedding,23
SEARCH-01812,CUST-0794,2025-12-19T18:12:00+00:00,linen office kurta,English,work,13
SEARCH-01813,CUST-0283,2025-10-28T14:28:00+00:00,cotton suit garmi ke liye,Hinglish,everyday,0
SEARCH-01814,CUST-0016,2025-01-13T23:22:00+00:00,office wear kurti,English,work,2
SEARCH-01815,CUST-0426,2026-07-08T00:56:00+00:00,cotton suit garmi ke liye,Hinglish,everyday,16
SEARCH-01816,CUST-0794,2025-07-27T04:44:00+00:00,blue printed co ord set,English,everyday,5
SEARCH-01817,CUST-0498,2025-06-06T16:04:00+00:00,birthday dinner dress,English,party,33
SEARCH-01818,CUST-0685,2026-07-03T22:59:00+00:00,college ke liye simple top,Hinglish,college,46
SEARCH-01819,CUST-0859,2026-07-28T06:41:00+00:00,blue printed co ord set,English,everyday,33
SEARCH-01820,CUST-0459,2025-02-15T18:31:00+00:00,cotton suit garmi ke liye,Hinglish,everyday,4
SEARCH-01821,CUST-0943,2025-11-21T01:27:00+00:00,blue printed co ord set,English,everyday,45
SEARCH-01822,CUST-0700,2026-08-02T04:07:00+00:00,eid special kurti,Hinglish,festive,13
SEARCH-01823,CUST-0866,2025-01-18T15:10:00+00:00,linen office kurta,English,work,20
SEARCH-01824,CUST-0353,2026-03-21T04:13:00+00:00,linen office kurta,English,work,3
SEARCH-01825,CUST-0356,2025-05-09T18:42:00+00:00,sangeet outfit,English,wedding,24
SEARCH-01826,CUST-0839,2026-05-26T11:43:00+00:00,vacation beach dress,English,vacation,38
SEARCH-01827,CUST-0959,2025-03-12T22:22:00+00:00,sangeet outfit,English,wedding,22
SEARCH-01828,CUST-0372,2025-04-17T11:49:00+00:00,eid special kurti,Hinglish,festive,22
SEARCH-01829,CUST-0799,2025-07-28T05:38:00+00:00,vacation beach dress,English,vacation,3
SEARCH-01830,CUST-0541,2025-04-15T17:01:00+00:00,birthday dinner dress,English,party,1
SEARCH-01831,CUST-0702,2025-06-06T04:54:00+00:00,shaadi guest outfit under 1500,Hinglish,wedding,7
SEARCH-01832,CUST-0357,2026-04-28T23:56:00+00:00,vacation beach dress,English,vacation,31
SEARCH-01833,CUST-0544,2026-02-03T02:46:00+00:00,eid special kurti,Hinglish,festive,3
SEARCH-01834,CUST-0380,2025-11-22T19:35:00+00:00,haldi ke liye yellow suit,Hinglish,wedding,4
SEARCH-01835,CUST-0784,2025-10-17T20:39:00+00:00,puja ke liye kurta set,Hinglish,festive,36
SEARCH-01836,CUST-0997,2026-04-13T17:02:00+00:00,rakhi function wear,Hinglish,festive,14
SEARCH-01837,CUST-0554,2026-04-11T20:02:00+00:00,blue printed co ord set,English,everyday,25
SEARCH-01838,CUST-0506,2025-07-19T03:31:00+00:00,mehndi function dress,Hinglish,wedding,40
SEARCH-01839,CUST-0769,2025-10-29T21:44:00+00:00,sangeet outfit,English,wedding,45
SEARCH-01840,CUST-0811,2026-08-17T01:47:00+00:00,cotton suit garmi ke liye,Hinglish,everyday,12
SEARCH-01841,CUST-0513,2025-09-18T19:28:00+00:00,mehndi function dress,Hinglish,wedding,10
SEARCH-01842,CUST-0928,2026-07-18T08:37:00+00:00,daily wear cotton kurti,English,everyday,48
SEARCH-01843,CUST-0369,2025-07-10T01:04:00+00:00,daily wear cotton kurti,English,everyday,2
SEARCH-01844,CUST-0709,2025-01-15T05:43:00+00:00,daily wear cotton kurti,English,everyday,11
SEARCH-01845,CUST-0155,2025-12-22T14:41:00+00:00,rakhi function wear,Hinglish,festive,31
SEARCH-01846,CUST-0436,2026-04-08T21:27:00+00:00,cotton suit garmi ke liye,Hinglish,everyday,20
SEARCH-01847,CUST-0641,2026-01-30T22:18:00+00:00,puja ke liye kurta set,Hinglish,festive,46
SEARCH-01848,CUST-0735,2026-05-18T17:14:00+00:00,cotton suit garmi ke liye,Hinglish,everyday,37
SEARCH-01849,CUST-0407,2025-08-18T19:48:00+00:00,sangeet outfit,English,wedding,2
SEARCH-01850,CUST-0449,2026-01-25T01:26:00+00:00,daily wear cotton kurti,English,everyday,6
SEARCH-01851,CUST-0696,2025-10-22T20:28:00+00:00,blue printed co ord set,English,everyday,21
SEARCH-01852,CUST-0807,2025-09-10T18:43:00+00:00,cotton suit garmi ke liye,Hinglish,everyday,9
SEARCH-01853,CUST-0657,2025-07-31T04:31:00+00:00,linen office kurta,English,work,11
SEARCH-01854,CUST-0601,2025-12-23T22:58:00+00:00,cotton suit garmi ke liye,Hinglish,everyday,15
SEARCH-01855,CUST-0385,2026-05-13T07:28:00+00:00,daily wear cotton kurti,English,everyday,9
SEARCH-01856,CUST-0673,2026-02-28T00:04:00+00:00,rakhi function wear,Hinglish,festive,32
SEARCH-01857,CUST-0897,2025-03-05T22:21:00+00:00,rakhi function wear,Hinglish,festive,27
SEARCH-01858,CUST-0904,2026-07-18T20:44:00+00:00,blue printed co ord set,English,everyday,24
SEARCH-01859,CUST-0742,2025-01-10T20:29:00+00:00,blue printed co ord set,English,everyday,7
SEARCH-01860,CUST-0266,2026-03-30T09:22:00+00:00,comfortable kurta for office,English,work,9
SEARCH-01861,CUST-0482,2026-06-12T08:55:00+00:00,blue printed co ord set,English,everyday,48
SEARCH-01862,CUST-0130,2026-01-28T08:32:00+00:00,college ke liye simple top,Hinglish,college,33
SEARCH-01863,CUST-0673,2026-04-24T13:56:00+00:00,plus size anarkali,English,wedding,41
SEARCH-01864,CUST-0264,2025-01-23T02:07:00+00:00,Navratri garba dress,Hinglish,festival,34
SEARCH-01865,CUST-0966,2026-03-20T03:52:00+00:00,daily wear cotton kurti,English,everyday,17
SEARCH-01866,CUST-0148,2025-05-23T00:16:00+00:00,plus size anarkali,English,wedding,6
SEARCH-01867,CUST-0838,2026-06-29T03:40:00+00:00,haldi ke liye yellow suit,Hinglish,wedding,47
SEARCH-01868,CUST-0272,2026-06-14T03:31:00+00:00,vacation beach dress,English,vacation,35
SEARCH-01869,CUST-0586,2026-04-04T18:43:00+00:00,birthday dinner dress,English,party,39
SEARCH-01870,CUST-0980,2025-08-06T06:24:00+00:00,haldi ke liye yellow suit,Hinglish,wedding,47
SEARCH-01871,CUST-0555,2026-03-13T11:32:00+00:00,eid special kurti,Hinglish,festive,13
SEARCH-01872,CUST-0071,2025-05-02T12:01:00+00:00,birthday dinner dress,English,party,28
SEARCH-01873,CUST-0223,2025-07-04T08:37:00+00:00,office wear kurti,English,work,26
SEARCH-01874,CUST-0836,2025-12-14T15:38:00+00:00,daily wear cotton kurti,English,everyday,36
SEARCH-01875,CUST-0273,2026-02-19T11:56:00+00:00,office wear kurti,English,work,41
SEARCH-01876,CUST-0391,2026-07-24T21:05:00+00:00,haldi ke liye yellow suit,Hinglish,wedding,6
SEARCH-01877,CUST-0777,2026-01-21T14:30:00+00:00,cotton suit garmi ke liye,Hinglish,everyday,16
SEARCH-01878,CUST-0516,2025-05-01T12:59:00+00:00,Navratri garba dress,Hinglish,festival,25
SEARCH-01879,CUST-0980,2025-03-02T11:05:00+00:00,plus size anarkali,English,wedding,13
SEARCH-01880,CUST-0012,2025-10-21T14:29:00+00:00,comfortable kurta for office,English,work,8
SEARCH-01881,CUST-0707,2025-11-27T21:09:00+00:00,college ke liye simple top,Hinglish,college,8
SEARCH-01882,CUST-0828,2026-07-21T17:12:00+00:00,college ke liye simple top,Hinglish,college,0
SEARCH-01883,CUST-0284,2025-11-18T05:23:00+00:00,rakhi function wear,Hinglish,festive,10
SEARCH-01884,CUST-0497,2025-09-23T13:09:00+00:00,birthday dinner dress,English,party,42
SEARCH-01885,CUST-0397,2025-10-11T20:56:00+00:00,college ke liye simple top,Hinglish,college,32
SEARCH-01886,CUST-0471,2026-04-28T17:32:00+00:00,blue printed co ord set,English,everyday,17
SEARCH-01887,CUST-0121,2026-07-16T03:22:00+00:00,vacation beach dress,English,vacation,48
SEARCH-01888,CUST-0180,2026-01-21T18:25:00+00:00,mehndi function dress,Hinglish,wedding,0
SEARCH-01889,CUST-0562,2025-09-07T10:48:00+00:00,vacation beach dress,English,vacation,0
SEARCH-01890,CUST-0615,2025-11-24T13:17:00+00:00,linen office kurta,English,work,6
SEARCH-01891,CUST-0388,2025-07-23T02:48:00+00:00,haldi ke liye yellow suit,Hinglish,wedding,19
SEARCH-01892,CUST-0372,2025-12-16T06:08:00+00:00,cotton suit garmi ke liye,Hinglish,everyday,42
SEARCH-01893,CUST-0050,2025-06-03T17:42:00+00:00,comfortable kurta for office,English,work,39
SEARCH-01894,CUST-0090,2026-07-12T10:07:00+00:00,cotton suit garmi ke liye,Hinglish,everyday,20
SEARCH-01895,CUST-0970,2025-04-10T14:04:00+00:00,sangeet outfit,English,wedding,19
SEARCH-01896,CUST-0121,2025-01-04T01:07:00+00:00,rakhi function wear,Hinglish,festive,13
SEARCH-01897,CUST-0421,2025-05-25T01:59:00+00:00,blue printed co ord set,English,everyday,14
SEARCH-01898,CUST-0834,2025-11-14T09:32:00+00:00,cotton suit garmi ke liye,Hinglish,everyday,19
SEARCH-01899,CUST-0513,2026-07-24T03:51:00+00:00,eid special kurti,Hinglish,festive,27
SEARCH-01900,CUST-0117,2025-12-09T16:06:00+00:00,haldi ke liye yellow suit,Hinglish,wedding,13
SEARCH-01901,CUST-0537,2025-09-15T19:19:00+00:00,linen office kurta,English,work,47
SEARCH-01902,CUST-0470,2026-05-28T15:31:00+00:00,sangeet outfit,English,wedding,7
SEARCH-01903,CUST-0436,2025-04-03T21:38:00+00:00,vacation beach dress,English,vacation,35
SEARCH-01904,CUST-0059,2025-05-27T12:53:00+00:00,birthday dinner dress,English,party,43
SEARCH-01905,CUST-0982,2026-04-29T01:46:00+00:00,birthday dinner dress,English,party,19
SEARCH-01906,CUST-0542,2025-06-04T14:20:00+00:00,office wear kurti,English,work,46
SEARCH-01907,CUST-0825,2025-02-10T05:02:00+00:00,rakhi function wear,Hinglish,festive,22
SEARCH-01908,CUST-0323,2025-08-30T16:45:00+00:00,mehndi function dress,Hinglish,wedding,17
SEARCH-01909,CUST-0189,2026-08-27T04:05:00+00:00,college ke liye simple top,Hinglish,college,0
SEARCH-01910,CUST-0660,2026-04-17T04:03:00+00:00,rakhi function wear,Hinglish,festive,17
SEARCH-01911,CUST-0676,2025-06-09T08:31:00+00:00,daily wear cotton kurti,English,everyday,3
SEARCH-01912,CUST-0470,2025-09-28T14:56:00+00:00,cotton suit garmi ke liye,Hinglish,everyday,42
SEARCH-01913,CUST-0846,2026-09-09T08:11:00+00:00,linen office kurta,English,work,33
SEARCH-01914,CUST-0859,2025-02-02T17:04:00+00:00,puja ke liye kurta set,Hinglish,festive,47
SEARCH-01915,CUST-0077,2025-02-02T03:22:00+00:00,cotton suit garmi ke liye,Hinglish,everyday,6
SEARCH-01916,CUST-0541,2025-03-26T18:18:00+00:00,birthday dinner dress,English,party,46
SEARCH-01917,CUST-0223,2026-04-29T23:17:00+00:00,vacation beach dress,English,vacation,3
SEARCH-01918,CUST-0184,2025-06-10T11:56:00+00:00,vacation beach dress,English,vacation,36
SEARCH-01919,CUST-0932,2025-11-09T21:44:00+00:00,vacation beach dress,English,vacation,24
SEARCH-01920,CUST-0156,2025-03-20T11:55:00+00:00,shaadi guest outfit under 1500,Hinglish,wedding,17
SEARCH-01921,CUST-0332,2025-06-03T05:29:00+00:00,haldi ke liye yellow suit,Hinglish,wedding,2
SEARCH-01922,CUST-0989,2025-03-30T01:51:00+00:00,daily wear cotton kurti,English,everyday,3
SEARCH-01923,CUST-0675,2025-08-21T23:10:00+00:00,cotton suit garmi ke liye,Hinglish,everyday,37
SEARCH-01924,CUST-0751,2026-01-29T11:28:00+00:00,eid special kurti,Hinglish,festive,13
SEARCH-01925,CUST-0257,2026-05-27T16:00:00+00:00,cotton suit garmi ke liye,Hinglish,everyday,4
SEARCH-01926,CUST-0118,2026-05-18T15:37:00+00:00,puja ke liye kurta set,Hinglish,festive,15
SEARCH-01927,CUST-0586,2025-06-06T00:52:00+00:00,cotton suit garmi ke liye,Hinglish,everyday,18
SEARCH-01928,CUST-0616,2026-08-04T09:41:00+00:00,blue printed co ord set,English,everyday,4
SEARCH-01929,CUST-0658,2026-08-29T19:14:00+00:00,birthday dinner dress,English,party,42
SEARCH-01930,CUST-0822,2026-07-27T05:28:00+00:00,rakhi function wear,Hinglish,festive,16
SEARCH-01931,CUST-0207,2026-08-01T23:52:00+00:00,sangeet outfit,English,wedding,28
SEARCH-01932,CUST-0837,2025-08-22T13:06:00+00:00,rakhi function wear,Hinglish,festive,37
SEARCH-01933,CUST-0429,2026-02-20T04:02:00+00:00,sangeet outfit,English,wedding,5
SEARCH-01934,CUST-0732,2025-08-29T20:36:00+00:00,eid special kurti,Hinglish,festive,4
SEARCH-01935,CUST-0463,2026-06-04T10:48:00+00:00,sangeet outfit,English,wedding,22
SEARCH-01936,CUST-0056,2026-03-04T15:56:00+00:00,puja ke liye kurta set,Hinglish,festive,8
SEARCH-01937,CUST-0451,2026-08-23T07:56:00+00:00,comfortable kurta for office,English,work,0
SEARCH-01938,CUST-0058,2026-03-25T16:41:00+00:00,college ke liye simple top,Hinglish,college,30
SEARCH-01939,CUST-0471,2025-02-18T14:49:00+00:00,comfortable kurta for office,English,work,16
SEARCH-01940,CUST-0675,2025-10-30T15:49:00+00:00,linen office kurta,English,work,24
SEARCH-01941,CUST-0746,2025-07-17T22:41:00+00:00,daily wear cotton kurti,English,everyday,24
SEARCH-01942,CUST-0162,2025-03-19T10:03:00+00:00,mehndi function dress,Hinglish,wedding,14
SEARCH-01943,CUST-0412,2026-05-07T20:42:00+00:00,office wear kurti,English,work,18
SEARCH-01944,CUST-0918,2026-03-17T08:30:00+00:00,eid special kurti,Hinglish,festive,1
SEARCH-01945,CUST-0371,2026-06-16T13:40:00+00:00,comfortable kurta for office,English,work,1
SEARCH-01946,CUST-0850,2025-08-29T01:50:00+00:00,plus size anarkali,English,wedding,18
SEARCH-01947,CUST-0834,2026-07-04T05:27:00+00:00,Navratri garba dress,Hinglish,festival,4
SEARCH-01948,CUST-0907,2025-09-12T00:03:00+00:00,comfortable kurta for office,English,work,9
SEARCH-01949,CUST-0228,2026-06-01T02:22:00+00:00,mehndi function dress,Hinglish,wedding,13
SEARCH-01950,CUST-0395,2025-10-06T22:56:00+00:00,shaadi guest outfit under 1500,Hinglish,wedding,4
SEARCH-01951,CUST-0409,2025-01-13T02:40:00+00:00,linen office kurta,English,work,44
SEARCH-01952,CUST-0289,2025-02-12T23:15:00+00:00,college ke liye simple top,Hinglish,college,30
SEARCH-01953,CUST-0841,2025-02-12T01:15:00+00:00,mehndi function dress,Hinglish,wedding,46
SEARCH-01954,CUST-0392,2026-01-06T13:49:00+00:00,shaadi guest outfit under 1500,Hinglish,wedding,44
SEARCH-01955,CUST-0960,2026-06-09T19:41:00+00:00,vacation beach dress,English,vacation,42
SEARCH-01956,CUST-0457,2025-12-19T20:53:00+00:00,Navratri garba dress,Hinglish,festival,5
SEARCH-01957,CUST-0499,2025-04-09T01:14:00+00:00,daily wear cotton kurti,English,everyday,21
SEARCH-01958,CUST-0819,2025-02-13T13:59:00+00:00,daily wear cotton kurti,English,everyday,48
SEARCH-01959,CUST-0827,2026-08-30T22:43:00+00:00,plus size anarkali,English,wedding,3
SEARCH-01960,CUST-0571,2025-01-11T23:49:00+00:00,sangeet outfit,English,wedding,19
SEARCH-01961,CUST-0289,2025-12-15T19:11:00+00:00,comfortable kurta for office,English,work,7
SEARCH-01962,CUST-0845,2026-07-06T05:54:00+00:00,rakhi function wear,Hinglish,festive,33
SEARCH-01963,CUST-0220,2025-02-05T03:55:00+00:00,cotton suit garmi ke liye,Hinglish,everyday,19
SEARCH-01964,CUST-0992,2025-05-29T14:19:00+00:00,Navratri garba dress,Hinglish,festival,45
SEARCH-01965,CUST-0529,2026-05-01T23:05:00+00:00,puja ke liye kurta set,Hinglish,festive,28
SEARCH-01966,CUST-0520,2025-02-19T15:08:00+00:00,mehndi function dress,Hinglish,wedding,5
SEARCH-01967,CUST-0397,2026-09-03T06:51:00+00:00,college ke liye simple top,Hinglish,college,16
SEARCH-01968,CUST-0619,2025-12-13T03:03:00+00:00,haldi ke liye yellow suit,Hinglish,wedding,11
SEARCH-01969,CUST-0559,2026-04-05T00:58:00+00:00,haldi ke liye yellow suit,Hinglish,wedding,4
SEARCH-01970,CUST-0711,2026-06-04T05:59:00+00:00,office wear kurti,English,work,36
SEARCH-01971,CUST-0709,2026-05-24T08:53:00+00:00,comfortable kurta for office,English,work,46
SEARCH-01972,CUST-0302,2025-09-07T14:44:00+00:00,office wear kurti,English,work,48
SEARCH-01973,CUST-0284,2025-11-19T03:34:00+00:00,blue printed co ord set,English,everyday,31
SEARCH-01974,CUST-0674,2025-07-19T05:12:00+00:00,Navratri garba dress,Hinglish,festival,21
SEARCH-01975,CUST-0644,2025-07-27T12:11:00+00:00,shaadi guest outfit under 1500,Hinglish,wedding,18
SEARCH-01976,CUST-0620,2025-01-11T15:00:00+00:00,cotton suit garmi ke liye,Hinglish,everyday,47
SEARCH-01977,CUST-0480,2026-05-20T00:01:00+00:00,vacation beach dress,English,vacation,22
SEARCH-01978,CUST-0224,2025-09-19T04:22:00+00:00,Navratri garba dress,Hinglish,festival,6
SEARCH-01979,CUST-0297,2025-04-18T00:25:00+00:00,Navratri garba dress,Hinglish,festival,38
SEARCH-01980,CUST-0707,2025-09-23T00:45:00+00:00,vacation beach dress,English,vacation,37
SEARCH-01981,CUST-0757,2025-09-30T22:43:00+00:00,vacation beach dress,English,vacation,44
SEARCH-01982,CUST-0841,2026-06-07T02:27:00+00:00,Navratri garba dress,Hinglish,festival,14
SEARCH-01983,CUST-0673,2025-07-12T10:25:00+00:00,comfortable kurta for office,English,work,44
SEARCH-01984,CUST-0859,2026-07-27T02:56:00+00:00,blue printed co ord set,English,everyday,40
SEARCH-01985,CUST-0347,2025-02-02T03:03:00+00:00,cotton suit garmi ke liye,Hinglish,everyday,19
SEARCH-01986,CUST-0995,2025-01-10T15:23:00+00:00,haldi ke liye yellow suit,Hinglish,wedding,21
SEARCH-01987,CUST-0651,2025-10-05T20:22:00+00:00,plus size anarkali,English,wedding,30
SEARCH-01988,CUST-0773,2025-05-18T03:16:00+00:00,plus size anarkali,English,wedding,1
SEARCH-01989,CUST-0322,2025-05-13T05:57:00+00:00,linen office kurta,English,work,45
SEARCH-01990,CUST-0872,2026-07-18T07:04:00+00:00,shaadi guest outfit under 1500,Hinglish,wedding,3
SEARCH-01991,CUST-0613,2025-11-08T07:06:00+00:00,vacation beach dress,English,vacation,11
SEARCH-01992,CUST-0266,2025-03-31T12:45:00+00:00,birthday dinner dress,English,party,15
SEARCH-01993,CUST-0957,2025-09-30T20:40:00+00:00,cotton suit garmi ke liye,Hinglish,everyday,16
SEARCH-01994,CUST-0969,2026-01-22T14:42:00+00:00,haldi ke liye yellow suit,Hinglish,wedding,39
SEARCH-01995,CUST-0748,2026-05-03T21:46:00+00:00,shaadi guest outfit under 1500,Hinglish,wedding,16
SEARCH-01996,CUST-0762,2025-11-11T11:29:00+00:00,daily wear cotton kurti,English,everyday,40
SEARCH-01997,CUST-0895,2026-07-25T18:09:00+00:00,shaadi guest outfit under 1500,Hinglish,wedding,41
SEARCH-01998,CUST-0712,2025-09-21T17:42:00+00:00,rakhi function wear,Hinglish,festive,29
SEARCH-01999,CUST-0461,2025-11-27T23:43:00+00:00,office wear kurti,English,work,27
SEARCH-02000,CUST-0507,2026-03-02T07:00:00+00:00,blue printed co ord set,English,everyday,2
