order_item_id,order_id,sku_id,quantity,unit_price,size,colour,discount
ITEM-00001,ORD-00001,SKU-0221,1,974.00,XXL,Terracotta,0.00
ITEM-00002,ORD-00002,SKU-0296,1,1310.00,XS,NAVY_BLUE,0.00
ITEM-00003,ORD-00003,SKU-0378,1,441.00,XXL,NAVY_BLUE,0.00
ITEM-00004,ORD-00004,SKU-0072,1,792.00,XXL,Mustard Yellow,0.00
ITEM-00005,ORD-00005,SKU-0189,1,1256.00,S,Black,0.00
ITEM-00006,ORD-00006,SKU-0093,1,774.00,XL,Sage Green,0.00
ITEM-00007,ORD-00007,SKU-0008,1,803.00,S,Navy Blue,0.00
ITEM-00008,ORD-00008,SKU-0053,1,452.00,L,Ivory,0.00
ITEM-00009,ORD-00009,SKU-0255,1,440.00,XXL,Black,0.00
ITEM-00010,ORD-00010,SKU-0179,1,1327.00,XL,Maroon,0.00
ITEM-00011,ORD-00011,SKU-0080,1,1006.00,S,navy,0.00
ITEM-00012,ORD-00012,SKU-0307,1,1315.00,XS,maroon_red,0.00
ITEM-00013,ORD-00013,SKU-0040,1,400.00,M,mustard,0.00
ITEM-00014,ORD-00014,SKU-0062,1,1057.00,XS,maroon_red,0.00
ITEM-00015,ORD-00015,SKU-0223,1,1120.00,S,Ivory,0.00
ITEM-00016,ORD-00016,SKU-0268,1,413.00,S,navy,0.00
ITEM-00017,ORD-00017,SKU-0108,1,447.00,XXL,Sage Green,0.00
ITEM-00018,ORD-00018,SKU-0479,1,754.00,L,Black,0.00
ITEM-00019,ORD-00019,SKU-0162,1,886.00,S,sage,0.00
ITEM-00020,ORD-00020,SKU-0133,1,589.00,XS,Black,0.00
ITEM-00021,ORD-00021,SKU-0461,1,456.00,XXL,sage,0.00
ITEM-00022,ORD-00022,SKU-0288,1,1419.00,XS,Navy Blue,0.00
ITEM-00023,ORD-00023,SKU-0257,1,1086.00,L,Navy Blue,0.00
ITEM-00024,ORD-00024,SKU-0090,1,1174.00,XL,sage,0.00
ITEM-00025,ORD-00025,SKU-0432,1,1302.00,M,Ivory,0.00
ITEM-00026,ORD-00026,SKU-0471,1,1008.00,S,rust,0.00
ITEM-00027,ORD-00027,SKU-0232,1,781.00,XXL,Black,0.00
ITEM-00028,ORD-00028,SKU-0308,1,531.00,XXL,Ivory,0.00
ITEM-00029,ORD-00029,SKU-0462,1,940.00,XS,Maroon,0.00
ITEM-00030,ORD-00030,SKU-0451,1,489.00,S,Maroon,0.00
ITEM-00031,ORD-00031,SKU-0228,1,717.00,S,Navy Blue,0.00
ITEM-00032,ORD-00032,SKU-0131,1,605.00,M,sage,0.00
ITEM-00033,ORD-00033,SKU-0159,1,707.00,S,Sage Green,0.00
ITEM-00034,ORD-00034,SKU-0132,1,1413.00,XL,Terracotta,0.00
ITEM-00035,ORD-00035,SKU-0190,1,1410.00,XL,Navy Blue,0.00
ITEM-00036,ORD-00036,SKU-0367,1,1421.00,S,Black,0.00
ITEM-00037,ORD-00037,SKU-0384,1,689.00,S,Maroon,0.00
ITEM-00038,ORD-00038,SKU-0375,1,443.00,XS,Navy Blue,0.00
ITEM-00039,ORD-00039,SKU-0273,1,678.00,XS,navy,0.00
ITEM-00040,ORD-00040,SKU-0387,1,1016.00,XXL,sage,0.00
ITEM-00041,ORD-00041,SKU-0344,1,631.00,XS,Terracotta,0.00
ITEM-00042,ORD-00042,SKU-0457,1,732.00,XL,mustard,0.00
ITEM-00043,ORD-00043,SKU-0086,1,1100.00,XL,sage,0.00
ITEM-00044,ORD-00044,SKU-0475,1,493.00,XXL,sage,0.00
ITEM-00045,ORD-00045,SKU-0363,1,772.00,XS,Mustard Yellow,0.00
ITEM-00046,ORD-00046,SKU-0152,1,1080.00,XXL,rust,0.00
ITEM-00047,ORD-00047,SKU-0002,1,1499.00,M,Maroon,0.00
ITEM-00048,ORD-00048,SKU-0437,1,1319.00,XL,Terracotta,0.00
ITEM-00049,ORD-00049,SKU-0436,1,424.00,L,Indigo,0.00
ITEM-00050,ORD-00050,SKU-0205,1,1357.00,S,NAVY_BLUE,0.00
ITEM-00051,ORD-00051,SKU-0178,1,1315.00,L,Sage Green,0.00
ITEM-00052,ORD-00052,SKU-0203,1,983.00,XS,mustard,0.00
ITEM-00053,ORD-00053,SKU-0282,1,1131.00,XXL,Navy Blue,0.00
ITEM-00054,ORD-00054,SKU-0172,1,974.00,XXL,sage,0.00
ITEM-00055,ORD-00055,SKU-0035,1,1337.00,XXL,Ivory,0.00
ITEM-00056,ORD-00056,SKU-0176,1,518.00,XS,Maroon,0.00
ITEM-00057,ORD-00057,SKU-0188,1,538.00,M,Mustard Yellow,0.00
ITEM-00058,ORD-00058,SKU-0164,1,1207.00,XS,rust,0.00
ITEM-00059,ORD-00059,SKU-0033,1,918.00,L,sage,0.00
ITEM-00060,ORD-00060,SKU-0114,1,585.00,XXL,navy,0.00
ITEM-00061,ORD-00061,SKU-0356,1,535.00,M,navy,0.00
ITEM-00062,ORD-00062,SKU-0277,1,1201.00,XXL,sage,0.00
ITEM-00063,ORD-00063,SKU-0289,1,444.00,XS,navy,0.00
ITEM-00064,ORD-00064,SKU-0262,1,593.00,XL,Ivory,0.00
ITEM-00065,ORD-00065,SKU-0408,1,626.00,XXL,NAVY_BLUE,0.00
ITEM-00066,ORD-00066,SKU-0338,1,1059.00,XS,Black,0.00
ITEM-00067,ORD-00067,SKU-0286,1,1122.00,XXL,Mustard Yellow,0.00
ITEM-00068,ORD-00068,SKU-0298,1,771.00,XL,Black,0.00
ITEM-00069,ORD-00069,SKU-0095,1,1481.00,XXL,rust,0.00
ITEM-00070,ORD-00070,SKU-0005,1,889.00,XL,sage,0.00
ITEM-00071,ORD-00071,SKU-0221,1,974.00,XS,Terracotta,0.00
ITEM-00072,ORD-00072,SKU-0296,1,1310.00,M,NAVY_BLUE,0.00
ITEM-00073,ORD-00073,SKU-0378,1,441.00,L,NAVY_BLUE,0.00
ITEM-00074,ORD-00074,SKU-0072,1,792.00,XXL,Mustard Yellow,0.00
ITEM-00075,ORD-00075,SKU-0189,1,1256.00,XXL,Black,0.00
ITEM-00076,ORD-00076,SKU-0093,1,774.00,XS,Sage Green,0.00
ITEM-00077,ORD-00077,SKU-0008,1,803.00,L,Navy Blue,0.00
ITEM-00078,ORD-00078,SKU-0053,1,452.00,XXL,Ivory,0.00
ITEM-00079,ORD-00079,SKU-0255,1,440.00,XXL,Black,0.00
ITEM-00080,ORD-00080,SKU-0179,1,1327.00,XL,Maroon,0.00
ITEM-00081,ORD-00081,SKU-0080,1,1006.00,M,navy,0.00
ITEM-00082,ORD-00082,SKU-0307,1,1315.00,S,maroon_red,0.00
ITEM-00083,ORD-00083,SKU-0040,1,400.00,XL,mustard,0.00
ITEM-00084,ORD-00084,SKU-0062,1,1057.00,XL,maroon_red,0.00
ITEM-00085,ORD-00085,SKU-0223,1,1120.00,XXL,Ivory,0.00
ITEM-00086,ORD-00086,SKU-0268,1,413.00,XXL,navy,0.00
ITEM-00087,ORD-00087,SKU-0108,1,447.00,XXL,Sage Green,0.00
ITEM-00088,ORD-00088,SKU-0479,1,754.00,XL,Black,0.00
ITEM-00089,ORD-00089,SKU-0162,1,886.00,XL,sage,0.00
ITEM-00090,ORD-00090,SKU-0133,1,589.00,XXL,Black,0.00
ITEM-00091,ORD-00091,SKU-0461,1,456.00,M,sage,0.00
ITEM-00092,ORD-00092,SKU-0288,1,1419.00,L,Navy Blue,0.00
ITEM-00093,ORD-00093,SKU-0257,1,1086.00,L,Navy Blue,0.00
ITEM-00094,ORD-00094,SKU-0090,1,1174.00,M,sage,0.00
ITEM-00095,ORD-00095,SKU-0432,1,1302.00,L,Ivory,0.00
ITEM-00096,ORD-00096,SKU-0471,1,1008.00,S,rust,0.00
ITEM-00097,ORD-00097,SKU-0232,1,781.00,S,Black,0.00
ITEM-00098,ORD-00098,SKU-0308,1,531.00,XS,Ivory,0.00
ITEM-00099,ORD-00099,SKU-0462,1,940.00,L,Maroon,0.00
ITEM-00100,ORD-00100,SKU-0451,1,489.00,M,Maroon,0.00
ITEM-00101,ORD-00101,SKU-0228,1,717.00,M,Navy Blue,0.00
ITEM-00102,ORD-00102,SKU-0131,1,605.00,L,sage,0.00
ITEM-00103,ORD-00103,SKU-0159,1,707.00,XS,Sage Green,0.00
ITEM-00104,ORD-00104,SKU-0132,1,1413.00,L,Terracotta,0.00
ITEM-00105,ORD-00105,SKU-0190,1,1410.00,L,Navy Blue,0.00
ITEM-00106,ORD-00106,SKU-0367,1,1421.00,XL,Black,0.00
ITEM-00107,ORD-00107,SKU-0384,1,689.00,XXL,Maroon,0.00
ITEM-00108,ORD-00108,SKU-0375,1,443.00,XL,Navy Blue,0.00
ITEM-00109,ORD-00109,SKU-0273,1,678.00,XL,navy,0.00
ITEM-00110,ORD-00110,SKU-0387,1,1016.00,XXL,sage,0.00
ITEM-00111,ORD-00111,SKU-0344,1,631.00,L,Terracotta,0.00
ITEM-00112,ORD-00112,SKU-0457,1,732.00,XL,mustard,0.00
ITEM-00113,ORD-00113,SKU-0086,1,1100.00,L,sage,0.00
ITEM-00114,ORD-00114,SKU-0475,1,493.00,S,sage,0.00
ITEM-00115,ORD-00115,SKU-0363,1,772.00,XS,Mustard Yellow,0.00
ITEM-00116,ORD-00116,SKU-0152,1,1080.00,XL,rust,0.00
ITEM-00117,ORD-00117,SKU-0002,1,1499.00,L,Maroon,0.00
ITEM-00118,ORD-00118,SKU-0437,1,1319.00,XL,Terracotta,0.00
ITEM-00119,ORD-00119,SKU-0436,1,424.00,XXL,Indigo,0.00
ITEM-00120,ORD-00120,SKU-0205,1,1357.00,XL,NAVY_BLUE,0.00
ITEM-00121,ORD-00121,SKU-0178,1,1315.00,L,Sage Green,0.00
ITEM-00122,ORD-00122,SKU-0203,1,983.00,M,mustard,0.00
ITEM-00123,ORD-00123,SKU-0282,1,1131.00,L,Navy Blue,0.00
ITEM-00124,ORD-00124,SKU-0172,1,974.00,M,sage,0.00
ITEM-00125,ORD-00125,SKU-0035,1,1337.00,XL,Ivory,0.00
ITEM-00126,ORD-00126,SKU-0176,1,518.00,XS,Maroon,0.00
ITEM-00127,ORD-00127,SKU-0188,1,538.00,XXL,Mustard Yellow,0.00
ITEM-00128,ORD-00128,SKU-0164,1,1207.00,M,rust,0.00
ITEM-00129,ORD-00129,SKU-0033,1,918.00,XL,sage,0.00
ITEM-00130,ORD-00130,SKU-0114,1,585.00,XL,navy,0.00
ITEM-00131,ORD-00131,SKU-0356,1,535.00,XS,navy,0.00
ITEM-00132,ORD-00132,SKU-0277,1,1201.00,XXL,sage,0.00
ITEM-00133,ORD-00133,SKU-0289,1,444.00,S,navy,0.00
ITEM-00134,ORD-00134,SKU-0262,1,593.00,M,Ivory,0.00
ITEM-00135,ORD-00135,SKU-0408,1,626.00,L,NAVY_BLUE,0.00
ITEM-00136,ORD-00136,SKU-0338,1,1059.00,S,Black,0.00
ITEM-00137,ORD-00137,SKU-0286,1,1122.00,S,Mustard Yellow,0.00
ITEM-00138,ORD-00138,SKU-0298,1,771.00,S,Black,0.00
ITEM-00139,ORD-00139,SKU-0095,1,1481.00,M,rust,0.00
ITEM-00140,ORD-00140,SKU-0005,1,889.00,XL,sage,0.00
ITEM-00141,ORD-00141,SKU-0221,1,974.00,L,Terracotta,0.00
ITEM-00142,ORD-00142,SKU-0296,1,1310.00,XL,NAVY_BLUE,0.00
ITEM-00143,ORD-00143,SKU-0378,1,441.00,S,NAVY_BLUE,0.00
ITEM-00144,ORD-00144,SKU-0072,1,792.00,XS,Mustard Yellow,0.00
ITEM-00145,ORD-00145,SKU-0189,1,1256.00,L,Black,0.00
ITEM-00146,ORD-00146,SKU-0093,1,774.00,M,Sage Green,0.00
ITEM-00147,ORD-00147,SKU-0008,1,803.00,L,Navy Blue,0.00
ITEM-00148,ORD-00148,SKU-0053,1,452.00,L,Ivory,0.00
ITEM-00149,ORD-00149,SKU-0255,1,440.00,XS,Black,0.00
ITEM-00150,ORD-00150,SKU-0179,1,1327.00,XXL,Maroon,0.00
ITEM-00151,ORD-00151,SKU-0080,1,1006.00,XXL,navy,0.00
ITEM-00152,ORD-00152,SKU-0307,1,1315.00,S,maroon_red,0.00
ITEM-00153,ORD-00153,SKU-0040,1,400.00,XS,mustard,0.00
ITEM-00154,ORD-00154,SKU-0062,1,1057.00,L,maroon_red,0.00
ITEM-00155,ORD-00155,SKU-0223,1,1120.00,XL,Ivory,0.00
ITEM-00156,ORD-00156,SKU-0268,1,413.00,XL,navy,0.00
ITEM-00157,ORD-00157,SKU-0108,1,447.00,XXL,Sage Green,0.00
ITEM-00158,ORD-00158,SKU-0479,1,754.00,L,Black,0.00
ITEM-00159,ORD-00159,SKU-0162,1,886.00,XS,sage,0.00
ITEM-00160,ORD-00160,SKU-0133,1,589.00,XL,Black,0.00
ITEM-00161,ORD-00161,SKU-0461,1,456.00,M,sage,0.00
ITEM-00162,ORD-00162,SKU-0288,1,1419.00,XXL,Navy Blue,0.00
ITEM-00163,ORD-00163,SKU-0257,1,1086.00,S,Navy Blue,0.00
ITEM-00164,ORD-00164,SKU-0090,1,1174.00,XL,sage,0.00
ITEM-00165,ORD-00165,SKU-0432,1,1302.00,XXL,Ivory,0.00
ITEM-00166,ORD-00166,SKU-0471,1,1008.00,S,rust,0.00
ITEM-00167,ORD-00167,SKU-0232,1,781.00,S,Black,0.00
ITEM-00168,ORD-00168,SKU-0308,1,531.00,M,Ivory,0.00
ITEM-00169,ORD-00169,SKU-0462,1,940.00,S,Maroon,0.00
ITEM-00170,ORD-00170,SKU-0451,1,489.00,S,Maroon,0.00
ITEM-00171,ORD-00171,SKU-0228,1,717.00,XL,Navy Blue,0.00
ITEM-00172,ORD-00172,SKU-0131,1,605.00,S,sage,0.00
ITEM-00173,ORD-00173,SKU-0159,1,707.00,XS,Sage Green,0.00
ITEM-00174,ORD-00174,SKU-0132,1,1413.00,XS,Terracotta,0.00
ITEM-00175,ORD-00175,SKU-0190,1,1410.00,XXL,Navy Blue,0.00
ITEM-00176,ORD-00176,SKU-0367,1,1421.00,XL,Black,0.00
ITEM-00177,ORD-00177,SKU-0384,1,689.00,S,Maroon,0.00
ITEM-00178,ORD-00178,SKU-0375,1,443.00,M,Navy Blue,0.00
ITEM-00179,ORD-00179,SKU-0273,1,678.00,XL,navy,0.00
ITEM-00180,ORD-00180,SKU-0387,1,1016.00,L,sage,0.00
ITEM-00181,ORD-00181,SKU-0344,1,631.00,S,Terracotta,0.00
ITEM-00182,ORD-00182,SKU-0457,1,732.00,XXL,mustard,0.00
ITEM-00183,ORD-00183,SKU-0086,1,1100.00,M,sage,0.00
ITEM-00184,ORD-00184,SKU-0475,1,493.00,M,sage,0.00
ITEM-00185,ORD-00185,SKU-0363,1,772.00,XL,Mustard Yellow,0.00
ITEM-00186,ORD-00186,SKU-0152,1,1080.00,S,rust,0.00
ITEM-00187,ORD-00187,SKU-0002,1,1499.00,XL,Maroon,0.00
ITEM-00188,ORD-00188,SKU-0437,1,1319.00,XL,Terracotta,0.00
ITEM-00189,ORD-00189,SKU-0436,1,424.00,XS,Indigo,0.00
ITEM-00190,ORD-00190,SKU-0205,1,1357.00,XL,NAVY_BLUE,0.00
ITEM-00191,ORD-00191,SKU-0178,1,1315.00,XXL,Sage Green,0.00
ITEM-00192,ORD-00192,SKU-0203,1,983.00,L,mustard,0.00
ITEM-00193,ORD-00193,SKU-0282,1,1131.00,XL,Navy Blue,0.00
ITEM-00194,ORD-00194,SKU-0172,1,974.00,L,sage,0.00
ITEM-00195,ORD-00195,SKU-0035,1,1337.00,L,Ivory,0.00
ITEM-00196,ORD-00196,SKU-0176,1,518.00,S,Maroon,0.00
ITEM-00197,ORD-00197,SKU-0188,1,538.00,M,Mustard Yellow,0.00
ITEM-00198,ORD-00198,SKU-0164,1,1207.00,XS,rust,0.00
ITEM-00199,ORD-00199,SKU-0033,1,918.00,M,sage,0.00
ITEM-00200,ORD-00200,SKU-0114,1,585.00,M,navy,0.00
ITEM-00201,ORD-00201,SKU-0356,1,535.00,S,navy,0.00
ITEM-00202,ORD-00202,SKU-0277,1,1201.00,XS,sage,0.00
ITEM-00203,ORD-00203,SKU-0289,1,444.00,XXL,navy,0.00
ITEM-00204,ORD-00204,SKU-0262,1,593.00,XL,Ivory,0.00
ITEM-00205,ORD-00205,SKU-0408,1,626.00,XL,NAVY_BLUE,0.00
ITEM-00206,ORD-00206,SKU-0338,1,1059.00,XXL,Black,0.00
ITEM-00207,ORD-00207,SKU-0286,1,1122.00,M,Mustard Yellow,0.00
ITEM-00208,ORD-00208,SKU-0298,1,771.00,XL,Black,0.00
ITEM-00209,ORD-00209,SKU-0095,1,1481.00,XL,rust,0.00
ITEM-00210,ORD-00210,SKU-0005,1,889.00,M,sage,0.00
ITEM-00211,ORD-00211,SKU-0221,1,974.00,XS,Terracotta,0.00
ITEM-00212,ORD-00212,SKU-0296,1,1310.00,S,NAVY_BLUE,0.00
ITEM-00213,ORD-00213,SKU-0378,1,441.00,M,NAVY_BLUE,0.00
ITEM-00214,ORD-00214,SKU-0072,1,792.00,XL,Mustard Yellow,0.00
ITEM-00215,ORD-00215,SKU-0189,1,1256.00,XS,Black,0.00
ITEM-00216,ORD-00216,SKU-0093,1,774.00,L,Sage Green,0.00
ITEM-00217,ORD-00217,SKU-0008,1,803.00,M,Navy Blue,0.00
ITEM-00218,ORD-00218,SKU-0053,1,452.00,XXL,Ivory,0.00
ITEM-00219,ORD-00219,SKU-0255,1,440.00,XXL,Black,0.00
ITEM-00220,ORD-00220,SKU-0179,1,1327.00,XXL,Maroon,0.00
ITEM-00221,ORD-00221,SKU-0080,1,1006.00,L,navy,0.00
ITEM-00222,ORD-00222,SKU-0307,1,1315.00,XS,maroon_red,0.00
ITEM-00223,ORD-00223,SKU-0040,1,400.00,M,mustard,0.00
ITEM-00224,ORD-00224,SKU-0062,1,1057.00,L,maroon_red,0.00
ITEM-00225,ORD-00225,SKU-0223,1,1120.00,M,Ivory,0.00
ITEM-00226,ORD-00226,SKU-0268,1,413.00,L,navy,0.00
ITEM-00227,ORD-00227,SKU-0108,1,447.00,XXL,Sage Green,0.00
ITEM-00228,ORD-00228,SKU-0479,1,754.00,L,Black,0.00
ITEM-00229,ORD-00229,SKU-0162,1,886.00,XL,sage,0.00
ITEM-00230,ORD-00230,SKU-0133,1,589.00,L,Black,0.00
ITEM-00231,ORD-00231,SKU-0461,1,456.00,S,sage,0.00
ITEM-00232,ORD-00232,SKU-0288,1,1419.00,XS,Navy Blue,0.00
ITEM-00233,ORD-00233,SKU-0257,1,1086.00,XXL,Navy Blue,0.00
ITEM-00234,ORD-00234,SKU-0090,1,1174.00,S,sage,0.00
ITEM-00235,ORD-00235,SKU-0432,1,1302.00,L,Ivory,0.00
ITEM-00236,ORD-00236,SKU-0471,1,1008.00,XXL,rust,0.00
ITEM-00237,ORD-00237,SKU-0232,1,781.00,S,Black,0.00
ITEM-00238,ORD-00238,SKU-0308,1,531.00,M,Ivory,0.00
ITEM-00239,ORD-00239,SKU-0462,1,940.00,M,Maroon,0.00
ITEM-00240,ORD-00240,SKU-0451,1,489.00,XL,Maroon,0.00
ITEM-00241,ORD-00241,SKU-0228,1,717.00,M,Navy Blue,0.00
ITEM-00242,ORD-00242,SKU-0131,1,605.00,S,sage,0.00
ITEM-00243,ORD-00243,SKU-0159,1,707.00,L,Sage Green,0.00
ITEM-00244,ORD-00244,SKU-0132,1,1413.00,XS,Terracotta,0.00
ITEM-00245,ORD-00245,SKU-0190,1,1410.00,XS,Navy Blue,0.00
ITEM-00246,ORD-00246,SKU-0367,1,1421.00,M,Black,0.00
ITEM-00247,ORD-00247,SKU-0384,1,689.00,S,Maroon,0.00
ITEM-00248,ORD-00248,SKU-0375,1,443.00,XS,Navy Blue,0.00
ITEM-00249,ORD-00249,SKU-0273,1,678.00,S,navy,0.00
ITEM-00250,ORD-00250,SKU-0387,1,1016.00,XXL,sage,0.00
ITEM-00251,ORD-00251,SKU-0344,1,631.00,XS,Terracotta,0.00
ITEM-00252,ORD-00252,SKU-0457,1,732.00,M,mustard,0.00
ITEM-00253,ORD-00253,SKU-0086,1,1100.00,XL,sage,0.00
ITEM-00254,ORD-00254,SKU-0475,1,493.00,XXL,sage,0.00
ITEM-00255,ORD-00255,SKU-0363,1,772.00,XL,Mustard Yellow,0.00
ITEM-00256,ORD-00256,SKU-0152,1,1080.00,S,rust,0.00
ITEM-00257,ORD-00257,SKU-0002,1,1499.00,M,Maroon,0.00
ITEM-00258,ORD-00258,SKU-0437,1,1319.00,XL,Terracotta,0.00
ITEM-00259,ORD-00259,SKU-0436,1,424.00,M,Indigo,0.00
ITEM-00260,ORD-00260,SKU-0205,1,1357.00,L,NAVY_BLUE,0.00
ITEM-00261,ORD-00261,SKU-0178,1,1315.00,S,Sage Green,0.00
ITEM-00262,ORD-00262,SKU-0203,1,983.00,XXL,mustard,0.00
ITEM-00263,ORD-00263,SKU-0282,1,1131.00,S,Navy Blue,0.00
ITEM-00264,ORD-00264,SKU-0172,1,974.00,S,sage,0.00
ITEM-00265,ORD-00265,SKU-0035,1,1337.00,M,Ivory,0.00
ITEM-00266,ORD-00266,SKU-0176,1,518.00,L,Maroon,0.00
ITEM-00267,ORD-00267,SKU-0188,1,538.00,XL,Mustard Yellow,0.00
ITEM-00268,ORD-00268,SKU-0164,1,1207.00,XS,rust,0.00
ITEM-00269,ORD-00269,SKU-0033,1,918.00,M,sage,0.00
ITEM-00270,ORD-00270,SKU-0114,1,585.00,XXL,navy,0.00
ITEM-00271,ORD-00271,SKU-0356,1,535.00,XL,navy,0.00
ITEM-00272,ORD-00272,SKU-0277,1,1201.00,XL,sage,0.00
ITEM-00273,ORD-00273,SKU-0289,1,444.00,S,navy,0.00
ITEM-00274,ORD-00274,SKU-0262,1,593.00,XS,Ivory,0.00
ITEM-00275,ORD-00275,SKU-0408,1,626.00,XS,NAVY_BLUE,0.00
ITEM-00276,ORD-00276,SKU-0338,1,1059.00,S,Black,0.00
ITEM-00277,ORD-00277,SKU-0286,1,1122.00,M,Mustard Yellow,0.00
ITEM-00278,ORD-00278,SKU-0298,1,771.00,XL,Black,0.00
ITEM-00279,ORD-00279,SKU-0095,1,1481.00,XL,rust,0.00
ITEM-00280,ORD-00280,SKU-0005,1,889.00,M,sage,0.00
ITEM-00281,ORD-00281,SKU-0221,1,974.00,XS,Terracotta,0.00
ITEM-00282,ORD-00282,SKU-0296,1,1310.00,S,NAVY_BLUE,0.00
ITEM-00283,ORD-00283,SKU-0378,1,441.00,XS,NAVY_BLUE,0.00
ITEM-00284,ORD-00284,SKU-0072,1,792.00,M,Mustard Yellow,0.00
ITEM-00285,ORD-00285,SKU-0189,1,1256.00,XS,Black,0.00
ITEM-00286,ORD-00286,SKU-0093,1,774.00,XXL,Sage Green,0.00
ITEM-00287,ORD-00287,SKU-0008,1,803.00,XXL,Navy Blue,0.00
ITEM-00288,ORD-00288,SKU-0053,1,452.00,XXL,Ivory,0.00
ITEM-00289,ORD-00289,SKU-0255,1,440.00,S,Black,0.00
ITEM-00290,ORD-00290,SKU-0179,1,1327.00,XXL,Maroon,0.00
ITEM-00291,ORD-00291,SKU-0080,1,1006.00,L,navy,0.00
ITEM-00292,ORD-00292,SKU-0307,1,1315.00,XL,maroon_red,0.00
ITEM-00293,ORD-00293,SKU-0040,1,400.00,XXL,mustard,0.00
ITEM-00294,ORD-00294,SKU-0062,1,1057.00,XS,maroon_red,0.00
ITEM-00295,ORD-00295,SKU-0223,1,1120.00,M,Ivory,0.00
ITEM-00296,ORD-00296,SKU-0268,1,413.00,L,navy,0.00
ITEM-00297,ORD-00297,SKU-0108,1,447.00,XXL,Sage Green,0.00
ITEM-00298,ORD-00298,SKU-0479,1,754.00,L,Black,0.00
ITEM-00299,ORD-00299,SKU-0162,1,886.00,XL,sage,0.00
ITEM-00300,ORD-00300,SKU-0133,1,589.00,M,Black,0.00
ITEM-00301,ORD-00301,SKU-0461,1,456.00,L,sage,0.00
ITEM-00302,ORD-00302,SKU-0288,1,1419.00,L,Navy Blue,0.00
ITEM-00303,ORD-00303,SKU-0257,1,1086.00,M,Navy Blue,0.00
ITEM-00304,ORD-00304,SKU-0090,1,1174.00,M,sage,0.00
ITEM-00305,ORD-00305,SKU-0432,1,1302.00,XXL,Ivory,0.00
ITEM-00306,ORD-00306,SKU-0471,1,1008.00,S,rust,0.00
ITEM-00307,ORD-00307,SKU-0232,1,781.00,XXL,Black,0.00
ITEM-00308,ORD-00308,SKU-0308,1,531.00,L,Ivory,0.00
ITEM-00309,ORD-00309,SKU-0462,1,940.00,M,Maroon,0.00
ITEM-00310,ORD-00310,SKU-0451,1,489.00,M,Maroon,0.00
ITEM-00311,ORD-00311,SKU-0228,1,717.00,S,Navy Blue,0.00
ITEM-00312,ORD-00312,SKU-0131,1,605.00,XL,sage,0.00
ITEM-00313,ORD-00313,SKU-0159,1,707.00,S,Sage Green,0.00
ITEM-00314,ORD-00314,SKU-0132,1,1413.00,S,Terracotta,0.00
ITEM-00315,ORD-00315,SKU-0190,1,1410.00,XL,Navy Blue,0.00
ITEM-00316,ORD-00316,SKU-0367,1,1421.00,L,Black,0.00
ITEM-00317,ORD-00317,SKU-0384,1,689.00,XS,Maroon,0.00
ITEM-00318,ORD-00318,SKU-0375,1,443.00,XL,Navy Blue,0.00
ITEM-00319,ORD-00319,SKU-0273,1,678.00,XXL,navy,0.00
ITEM-00320,ORD-00320,SKU-0387,1,1016.00,XXL,sage,0.00
ITEM-00321,ORD-00321,SKU-0344,1,631.00,XXL,Terracotta,0.00
ITEM-00322,ORD-00322,SKU-0457,1,732.00,M,mustard,0.00
ITEM-00323,ORD-00323,SKU-0086,1,1100.00,S,sage,0.00
ITEM-00324,ORD-00324,SKU-0475,1,493.00,XXL,sage,0.00
ITEM-00325,ORD-00325,SKU-0363,1,772.00,L,Mustard Yellow,0.00
ITEM-00326,ORD-00326,SKU-0152,1,1080.00,XXL,rust,0.00
ITEM-00327,ORD-00327,SKU-0002,1,1499.00,S,Maroon,0.00
ITEM-00328,ORD-00328,SKU-0437,1,1319.00,XL,Terracotta,0.00
ITEM-00329,ORD-00329,SKU-0436,1,424.00,XXL,Indigo,0.00
ITEM-00330,ORD-00330,SKU-0205,1,1357.00,L,NAVY_BLUE,0.00
ITEM-00331,ORD-00331,SKU-0178,1,1315.00,XXL,Sage Green,0.00
ITEM-00332,ORD-00332,SKU-0203,1,983.00,M,mustard,0.00
ITEM-00333,ORD-00333,SKU-0282,1,1131.00,XS,Navy Blue,0.00
ITEM-00334,ORD-00334,SKU-0172,1,974.00,XL,sage,0.00
ITEM-00335,ORD-00335,SKU-0035,1,1337.00,S,Ivory,0.00
ITEM-00336,ORD-00336,SKU-0176,1,518.00,L,Maroon,0.00
ITEM-00337,ORD-00337,SKU-0188,1,538.00,XL,Mustard Yellow,0.00
ITEM-00338,ORD-00338,SKU-0164,1,1207.00,S,rust,0.00
ITEM-00339,ORD-00339,SKU-0033,1,918.00,S,sage,0.00
ITEM-00340,ORD-00340,SKU-0114,1,585.00,XS,navy,0.00
ITEM-00341,ORD-00341,SKU-0356,1,535.00,S,navy,0.00
ITEM-00342,ORD-00342,SKU-0277,1,1201.00,XXL,sage,0.00
ITEM-00343,ORD-00343,SKU-0289,1,444.00,S,navy,0.00
ITEM-00344,ORD-00344,SKU-0262,1,593.00,XXL,Ivory,0.00
ITEM-00345,ORD-00345,SKU-0408,1,626.00,XXL,NAVY_BLUE,0.00
ITEM-00346,ORD-00346,SKU-0338,1,1059.00,S,Black,0.00
ITEM-00347,ORD-00347,SKU-0286,1,1122.00,S,Mustard Yellow,0.00
ITEM-00348,ORD-00348,SKU-0298,1,771.00,XL,Black,0.00
ITEM-00349,ORD-00349,SKU-0095,1,1481.00,S,rust,0.00
ITEM-00350,ORD-00350,SKU-0005,1,889.00,XXL,sage,0.00
ITEM-00351,ORD-00351,SKU-0221,1,974.00,XS,Terracotta,0.00
ITEM-00352,ORD-00352,SKU-0296,1,1310.00,M,NAVY_BLUE,0.00
ITEM-00353,ORD-00353,SKU-0378,1,441.00,XS,NAVY_BLUE,0.00
ITEM-00354,ORD-00354,SKU-0072,1,792.00,XXL,Mustard Yellow,0.00
ITEM-00355,ORD-00355,SKU-0189,1,1256.00,L,Black,0.00
ITEM-00356,ORD-00356,SKU-0093,1,774.00,XXL,Sage Green,0.00
ITEM-00357,ORD-00357,SKU-0008,1,803.00,XS,Navy Blue,0.00
ITEM-00358,ORD-00358,SKU-0053,1,452.00,S,Ivory,0.00
ITEM-00359,ORD-00359,SKU-0255,1,440.00,XS,Black,0.00
ITEM-00360,ORD-00360,SKU-0179,1,1327.00,S,Maroon,0.00
ITEM-00361,ORD-00361,SKU-0080,1,1006.00,XS,navy,0.00
ITEM-00362,ORD-00362,SKU-0307,1,1315.00,M,maroon_red,0.00
ITEM-00363,ORD-00363,SKU-0040,1,400.00,S,mustard,0.00
ITEM-00364,ORD-00364,SKU-0062,1,1057.00,XS,maroon_red,0.00
ITEM-00365,ORD-00365,SKU-0223,1,1120.00,XS,Ivory,0.00
ITEM-00366,ORD-00366,SKU-0268,1,413.00,L,navy,0.00
ITEM-00367,ORD-00367,SKU-0108,1,447.00,XL,Sage Green,0.00
ITEM-00368,ORD-00368,SKU-0479,1,754.00,L,Black,0.00
ITEM-00369,ORD-00369,SKU-0162,1,886.00,XS,sage,0.00
ITEM-00370,ORD-00370,SKU-0133,1,589.00,M,Black,0.00
ITEM-00371,ORD-00371,SKU-0461,1,456.00,L,sage,0.00
ITEM-00372,ORD-00372,SKU-0288,1,1419.00,XXL,Navy Blue,0.00
ITEM-00373,ORD-00373,SKU-0257,1,1086.00,M,Navy Blue,0.00
ITEM-00374,ORD-00374,SKU-0090,1,1174.00,XL,sage,0.00
ITEM-00375,ORD-00375,SKU-0432,1,1302.00,S,Ivory,0.00
ITEM-00376,ORD-00376,SKU-0471,1,1008.00,XL,rust,0.00
ITEM-00377,ORD-00377,SKU-0232,1,781.00,M,Black,0.00
ITEM-00378,ORD-00378,SKU-0308,1,531.00,XL,Ivory,0.00
ITEM-00379,ORD-00379,SKU-0462,1,940.00,L,Maroon,0.00
ITEM-00380,ORD-00380,SKU-0451,1,489.00,XXL,Maroon,0.00
ITEM-00381,ORD-00381,SKU-0228,1,717.00,XXL,Navy Blue,0.00
ITEM-00382,ORD-00382,SKU-0131,1,605.00,XXL,sage,0.00
ITEM-00383,ORD-00383,SKU-0159,1,707.00,XXL,Sage Green,0.00
ITEM-00384,ORD-00384,SKU-0132,1,1413.00,M,Terracotta,0.00
ITEM-00385,ORD-00385,SKU-0190,1,1410.00,L,Navy Blue,0.00
ITEM-00386,ORD-00386,SKU-0367,1,1421.00,M,Black,0.00
ITEM-00387,ORD-00387,SKU-0384,1,689.00,L,Maroon,0.00
ITEM-00388,ORD-00388,SKU-0375,1,443.00,XL,Navy Blue,0.00
ITEM-00389,ORD-00389,SKU-0273,1,678.00,XXL,navy,0.00
ITEM-00390,ORD-00390,SKU-0387,1,1016.00,XS,sage,0.00
ITEM-00391,ORD-00391,SKU-0344,1,631.00,M,Terracotta,0.00
ITEM-00392,ORD-00392,SKU-0457,1,732.00,XS,mustard,0.00
ITEM-00393,ORD-00393,SKU-0086,1,1100.00,XS,sage,0.00
ITEM-00394,ORD-00394,SKU-0475,1,493.00,L,sage,0.00
ITEM-00395,ORD-00395,SKU-0363,1,772.00,L,Mustard Yellow,0.00
ITEM-00396,ORD-00396,SKU-0152,1,1080.00,L,rust,0.00
ITEM-00397,ORD-00397,SKU-0002,1,1499.00,M,Maroon,0.00
ITEM-00398,ORD-00398,SKU-0437,1,1319.00,XL,Terracotta,0.00
ITEM-00399,ORD-00399,SKU-0436,1,424.00,S,Indigo,0.00
ITEM-00400,ORD-00400,SKU-0205,1,1357.00,XXL,NAVY_BLUE,0.00
ITEM-00401,ORD-00401,SKU-0178,1,1315.00,XS,Sage Green,0.00
ITEM-00402,ORD-00402,SKU-0203,1,983.00,XXL,mustard,0.00
ITEM-00403,ORD-00403,SKU-0282,1,1131.00,XXL,Navy Blue,0.00
ITEM-00404,ORD-00404,SKU-0172,1,974.00,L,sage,0.00
ITEM-00405,ORD-00405,SKU-0035,1,1337.00,XS,Ivory,0.00
ITEM-00406,ORD-00406,SKU-0176,1,518.00,M,Maroon,0.00
ITEM-00407,ORD-00407,SKU-0188,1,538.00,XS,Mustard Yellow,0.00
ITEM-00408,ORD-00408,SKU-0164,1,1207.00,L,rust,0.00
ITEM-00409,ORD-00409,SKU-0033,1,918.00,XS,sage,0.00
ITEM-00410,ORD-00410,SKU-0114,1,585.00,XXL,navy,0.00
ITEM-00411,ORD-00411,SKU-0356,1,535.00,M,navy,0.00
ITEM-00412,ORD-00412,SKU-0277,1,1201.00,S,sage,0.00
ITEM-00413,ORD-00413,SKU-0289,1,444.00,S,navy,0.00
ITEM-00414,ORD-00414,SKU-0262,1,593.00,XS,Ivory,0.00
ITEM-00415,ORD-00415,SKU-0408,1,626.00,XS,NAVY_BLUE,0.00
ITEM-00416,ORD-00416,SKU-0338,1,1059.00,XS,Black,0.00
ITEM-00417,ORD-00417,SKU-0286,1,1122.00,XXL,Mustard Yellow,0.00
ITEM-00418,ORD-00418,SKU-0298,1,771.00,S,Black,0.00
ITEM-00419,ORD-00419,SKU-0095,1,1481.00,XS,rust,0.00
ITEM-00420,ORD-00420,SKU-0005,1,889.00,XL,sage,0.00
ITEM-00421,ORD-00421,SKU-0221,1,974.00,S,Terracotta,0.00
ITEM-00422,ORD-00422,SKU-0296,1,1310.00,XL,NAVY_BLUE,0.00
ITEM-00423,ORD-00423,SKU-0378,1,441.00,XS,NAVY_BLUE,0.00
ITEM-00424,ORD-00424,SKU-0072,1,792.00,M,Mustard Yellow,0.00
ITEM-00425,ORD-00425,SKU-0189,1,1256.00,XS,Black,0.00
ITEM-00426,ORD-00426,SKU-0093,1,774.00,S,Sage Green,0.00
ITEM-00427,ORD-00427,SKU-0008,1,803.00,S,Navy Blue,0.00
ITEM-00428,ORD-00428,SKU-0053,1,452.00,XS,Ivory,0.00
ITEM-00429,ORD-00429,SKU-0255,1,440.00,S,Black,0.00
ITEM-00430,ORD-00430,SKU-0179,1,1327.00,M,Maroon,0.00
ITEM-00431,ORD-00431,SKU-0080,1,1006.00,M,navy,0.00
ITEM-00432,ORD-00432,SKU-0307,1,1315.00,XS,maroon_red,0.00
ITEM-00433,ORD-00433,SKU-0040,1,400.00,M,mustard,0.00
ITEM-00434,ORD-00434,SKU-0062,1,1057.00,M,maroon_red,0.00
ITEM-00435,ORD-00435,SKU-0223,1,1120.00,XL,Ivory,0.00
ITEM-00436,ORD-00436,SKU-0268,1,413.00,XS,navy,0.00
ITEM-00437,ORD-00437,SKU-0108,1,447.00,S,Sage Green,0.00
ITEM-00438,ORD-00438,SKU-0479,1,754.00,M,Black,0.00
ITEM-00439,ORD-00439,SKU-0162,1,886.00,XS,sage,0.00
ITEM-00440,ORD-00440,SKU-0133,1,589.00,XS,Black,0.00
ITEM-00441,ORD-00441,SKU-0461,1,456.00,S,sage,0.00
ITEM-00442,ORD-00442,SKU-0288,1,1419.00,XL,Navy Blue,0.00
ITEM-00443,ORD-00443,SKU-0257,1,1086.00,L,Navy Blue,0.00
ITEM-00444,ORD-00444,SKU-0090,1,1174.00,XL,sage,0.00
ITEM-00445,ORD-00445,SKU-0432,1,1302.00,XXL,Ivory,0.00
ITEM-00446,ORD-00446,SKU-0471,1,1008.00,XXL,rust,0.00
ITEM-00447,ORD-00447,SKU-0232,1,781.00,L,Black,0.00
ITEM-00448,ORD-00448,SKU-0308,1,531.00,XL,Ivory,0.00
ITEM-00449,ORD-00449,SKU-0462,1,940.00,XXL,Maroon,0.00
ITEM-00450,ORD-00450,SKU-0451,1,489.00,L,Maroon,0.00
ITEM-00451,ORD-00451,SKU-0228,1,717.00,L,Navy Blue,0.00
ITEM-00452,ORD-00452,SKU-0131,1,605.00,S,sage,0.00
ITEM-00453,ORD-00453,SKU-0159,1,707.00,L,Sage Green,0.00
ITEM-00454,ORD-00454,SKU-0132,1,1413.00,M,Terracotta,0.00
ITEM-00455,ORD-00455,SKU-0190,1,1410.00,XL,Navy Blue,0.00
ITEM-00456,ORD-00456,SKU-0367,1,1421.00,XS,Black,0.00
ITEM-00457,ORD-00457,SKU-0384,1,689.00,M,Maroon,0.00
ITEM-00458,ORD-00458,SKU-0375,1,443.00,XXL,Navy Blue,0.00
ITEM-00459,ORD-00459,SKU-0273,1,678.00,L,navy,0.00
ITEM-00460,ORD-00460,SKU-0387,1,1016.00,XS,sage,0.00
ITEM-00461,ORD-00461,SKU-0344,1,631.00,L,Terracotta,0.00
ITEM-00462,ORD-00462,SKU-0457,1,732.00,XS,mustard,0.00
ITEM-00463,ORD-00463,SKU-0086,1,1100.00,XXL,sage,0.00
ITEM-00464,ORD-00464,SKU-0475,1,493.00,L,sage,0.00
ITEM-00465,ORD-00465,SKU-0363,1,772.00,S,Mustard Yellow,0.00
ITEM-00466,ORD-00466,SKU-0152,1,1080.00,L,rust,0.00
ITEM-00467,ORD-00467,SKU-0002,1,1499.00,M,Maroon,0.00
ITEM-00468,ORD-00468,SKU-0437,1,1319.00,XL,Terracotta,0.00
ITEM-00469,ORD-00469,SKU-0436,1,424.00,S,Indigo,0.00
ITEM-00470,ORD-00470,SKU-0205,1,1357.00,XS,NAVY_BLUE,0.00
ITEM-00471,ORD-00471,SKU-0178,1,1315.00,M,Sage Green,0.00
ITEM-00472,ORD-00472,SKU-0203,1,983.00,XL,mustard,0.00
ITEM-00473,ORD-00473,SKU-0282,1,1131.00,XXL,Navy Blue,0.00
ITEM-00474,ORD-00474,SKU-0172,1,974.00,XL,sage,0.00
ITEM-00475,ORD-00475,SKU-0035,1,1337.00,L,Ivory,0.00
ITEM-00476,ORD-00476,SKU-0176,1,518.00,L,Maroon,0.00
ITEM-00477,ORD-00477,SKU-0188,1,538.00,L,Mustard Yellow,0.00
ITEM-00478,ORD-00478,SKU-0164,1,1207.00,S,rust,0.00
ITEM-00479,ORD-00479,SKU-0033,1,918.00,M,sage,0.00
ITEM-00480,ORD-00480,SKU-0114,1,585.00,XXL,navy,0.00
ITEM-00481,ORD-00481,SKU-0356,1,535.00,S,navy,0.00
ITEM-00482,ORD-00482,SKU-0277,1,1201.00,XXL,sage,0.00
ITEM-00483,ORD-00483,SKU-0289,1,444.00,L,navy,0.00
ITEM-00484,ORD-00484,SKU-0262,1,593.00,S,Ivory,0.00
ITEM-00485,ORD-00485,SKU-0408,1,626.00,S,NAVY_BLUE,0.00
ITEM-00486,ORD-00486,SKU-0338,1,1059.00,XS,Black,0.00
ITEM-00487,ORD-00487,SKU-0286,1,1122.00,XXL,Mustard Yellow,0.00
ITEM-00488,ORD-00488,SKU-0298,1,771.00,S,Black,0.00
ITEM-00489,ORD-00489,SKU-0095,1,1481.00,XS,rust,0.00
ITEM-00490,ORD-00490,SKU-0005,1,889.00,XL,sage,0.00
ITEM-00491,ORD-00491,SKU-0221,1,974.00,XS,Terracotta,0.00
ITEM-00492,ORD-00492,SKU-0296,1,1310.00,XL,NAVY_BLUE,0.00
ITEM-00493,ORD-00493,SKU-0378,1,441.00,XL,NAVY_BLUE,0.00
ITEM-00494,ORD-00494,SKU-0072,1,792.00,S,Mustard Yellow,0.00
ITEM-00495,ORD-00495,SKU-0189,1,1256.00,XS,Black,0.00
ITEM-00496,ORD-00496,SKU-0093,1,774.00,M,Sage Green,0.00
ITEM-00497,ORD-00497,SKU-0008,1,803.00,XL,Navy Blue,0.00
ITEM-00498,ORD-00498,SKU-0053,1,452.00,L,Ivory,0.00
ITEM-00499,ORD-00499,SKU-0255,1,440.00,M,Black,0.00
ITEM-00500,ORD-00500,SKU-0179,1,1327.00,L,Maroon,0.00
ITEM-00501,ORD-00501,SKU-0080,1,1006.00,L,navy,0.00
ITEM-00502,ORD-00502,SKU-0307,1,1315.00,XL,maroon_red,0.00
ITEM-00503,ORD-00503,SKU-0040,1,400.00,XS,mustard,0.00
ITEM-00504,ORD-00504,SKU-0062,1,1057.00,S,maroon_red,0.00
ITEM-00505,ORD-00505,SKU-0223,1,1120.00,XS,Ivory,0.00
ITEM-00506,ORD-00506,SKU-0268,1,413.00,XS,navy,0.00
ITEM-00507,ORD-00507,SKU-0108,1,447.00,S,Sage Green,0.00
ITEM-00508,ORD-00508,SKU-0479,1,754.00,XL,Black,0.00
ITEM-00509,ORD-00509,SKU-0162,1,886.00,S,sage,0.00
ITEM-00510,ORD-00510,SKU-0133,1,589.00,XS,Black,0.00
ITEM-00511,ORD-00511,SKU-0461,1,456.00,M,sage,0.00
ITEM-00512,ORD-00512,SKU-0288,1,1419.00,XS,Navy Blue,0.00
ITEM-00513,ORD-00513,SKU-0257,1,1086.00,XXL,Navy Blue,0.00
ITEM-00514,ORD-00514,SKU-0090,1,1174.00,XL,sage,0.00
ITEM-00515,ORD-00515,SKU-0432,1,1302.00,L,Ivory,0.00
ITEM-00516,ORD-00516,SKU-0471,1,1008.00,XL,rust,0.00
ITEM-00517,ORD-00517,SKU-0232,1,781.00,XXL,Black,0.00
ITEM-00518,ORD-00518,SKU-0308,1,531.00,XS,Ivory,0.00
ITEM-00519,ORD-00519,SKU-0462,1,940.00,XS,Maroon,0.00
ITEM-00520,ORD-00520,SKU-0451,1,489.00,XL,Maroon,0.00
ITEM-00521,ORD-00521,SKU-0228,1,717.00,XS,Navy Blue,0.00
ITEM-00522,ORD-00522,SKU-0131,1,605.00,XL,sage,0.00
ITEM-00523,ORD-00523,SKU-0159,1,707.00,XXL,Sage Green,0.00
ITEM-00524,ORD-00524,SKU-0132,1,1413.00,XL,Terracotta,0.00
ITEM-00525,ORD-00525,SKU-0190,1,1410.00,L,Navy Blue,0.00
ITEM-00526,ORD-00526,SKU-0367,1,1421.00,XL,Black,0.00
ITEM-00527,ORD-00527,SKU-0384,1,689.00,M,Maroon,0.00
ITEM-00528,ORD-00528,SKU-0375,1,443.00,XS,Navy Blue,0.00
ITEM-00529,ORD-00529,SKU-0273,1,678.00,S,navy,0.00
ITEM-00530,ORD-00530,SKU-0387,1,1016.00,S,sage,0.00
ITEM-00531,ORD-00531,SKU-0344,1,631.00,S,Terracotta,0.00
ITEM-00532,ORD-00532,SKU-0457,1,732.00,S,mustard,0.00
ITEM-00533,ORD-00533,SKU-0086,1,1100.00,M,sage,0.00
ITEM-00534,ORD-00534,SKU-0475,1,493.00,XXL,sage,0.00
ITEM-00535,ORD-00535,SKU-0363,1,772.00,XL,Mustard Yellow,0.00
ITEM-00536,ORD-00536,SKU-0152,1,1080.00,S,rust,0.00
ITEM-00537,ORD-00537,SKU-0002,1,1499.00,S,Maroon,0.00
ITEM-00538,ORD-00538,SKU-0437,1,1319.00,S,Terracotta,0.00
ITEM-00539,ORD-00539,SKU-0436,1,424.00,XS,Indigo,0.00
ITEM-00540,ORD-00540,SKU-0205,1,1357.00,S,NAVY_BLUE,0.00
ITEM-00541,ORD-00541,SKU-0178,1,1315.00,XS,Sage Green,0.00
ITEM-00542,ORD-00542,SKU-0203,1,983.00,M,mustard,0.00
ITEM-00543,ORD-00543,SKU-0282,1,1131.00,XS,Navy Blue,0.00
ITEM-00544,ORD-00544,SKU-0172,1,974.00,L,sage,0.00
ITEM-00545,ORD-00545,SKU-0035,1,1337.00,L,Ivory,0.00
ITEM-00546,ORD-00546,SKU-0176,1,518.00,XXL,Maroon,0.00
ITEM-00547,ORD-00547,SKU-0188,1,538.00,M,Mustard Yellow,0.00
ITEM-00548,ORD-00548,SKU-0164,1,1207.00,XXL,rust,0.00
ITEM-00549,ORD-00549,SKU-0033,1,918.00,M,sage,0.00
ITEM-00550,ORD-00550,SKU-0114,1,585.00,XL,navy,0.00
ITEM-00551,ORD-00551,SKU-0356,1,535.00,M,navy,0.00
ITEM-00552,ORD-00552,SKU-0277,1,1201.00,XL,sage,0.00
ITEM-00553,ORD-00553,SKU-0289,1,444.00,XL,navy,0.00
ITEM-00554,ORD-00554,SKU-0262,1,593.00,XXL,Ivory,0.00
ITEM-00555,ORD-00555,SKU-0408,1,626.00,L,NAVY_BLUE,0.00
ITEM-00556,ORD-00556,SKU-0338,1,1059.00,S,Black,0.00
ITEM-00557,ORD-00557,SKU-0286,1,1122.00,XXL,Mustard Yellow,0.00
ITEM-00558,ORD-00558,SKU-0298,1,771.00,XL,Black,0.00
ITEM-00559,ORD-00559,SKU-0095,1,1481.00,XS,rust,0.00
ITEM-00560,ORD-00560,SKU-0005,1,889.00,M,sage,0.00
ITEM-00561,ORD-00561,SKU-0221,1,974.00,L,Terracotta,0.00
ITEM-00562,ORD-00562,SKU-0296,1,1310.00,XL,NAVY_BLUE,0.00
ITEM-00563,ORD-00563,SKU-0378,1,441.00,S,NAVY_BLUE,0.00
ITEM-00564,ORD-00564,SKU-0072,1,792.00,S,Mustard Yellow,0.00
ITEM-00565,ORD-00565,SKU-0189,1,1256.00,M,Black,0.00
ITEM-00566,ORD-00566,SKU-0093,1,774.00,XS,Sage Green,0.00
ITEM-00567,ORD-00567,SKU-0008,1,803.00,XS,Navy Blue,0.00
ITEM-00568,ORD-00568,SKU-0053,1,452.00,L,Ivory,0.00
ITEM-00569,ORD-00569,SKU-0255,1,440.00,XS,Black,0.00
ITEM-00570,ORD-00570,SKU-0179,1,1327.00,XS,Maroon,0.00
ITEM-00571,ORD-00571,SKU-0080,1,1006.00,XL,navy,0.00
ITEM-00572,ORD-00572,SKU-0307,1,1315.00,XS,maroon_red,0.00
ITEM-00573,ORD-00573,SKU-0040,1,400.00,L,mustard,0.00
ITEM-00574,ORD-00574,SKU-0062,1,1057.00,XS,maroon_red,0.00
ITEM-00575,ORD-00575,SKU-0223,1,1120.00,L,Ivory,0.00
ITEM-00576,ORD-00576,SKU-0268,1,413.00,S,navy,0.00
ITEM-00577,ORD-00577,SKU-0108,1,447.00,M,Sage Green,0.00
ITEM-00578,ORD-00578,SKU-0479,1,754.00,M,Black,0.00
ITEM-00579,ORD-00579,SKU-0162,1,886.00,L,sage,0.00
ITEM-00580,ORD-00580,SKU-0133,1,589.00,L,Black,0.00
ITEM-00581,ORD-00581,SKU-0461,1,456.00,XL,sage,0.00
ITEM-00582,ORD-00582,SKU-0288,1,1419.00,L,Navy Blue,0.00
ITEM-00583,ORD-00583,SKU-0257,1,1086.00,XS,Navy Blue,0.00
ITEM-00584,ORD-00584,SKU-0090,1,1174.00,XXL,sage,0.00
ITEM-00585,ORD-00585,SKU-0432,1,1302.00,XS,Ivory,0.00
ITEM-00586,ORD-00586,SKU-0471,1,1008.00,M,rust,0.00
ITEM-00587,ORD-00587,SKU-0232,1,781.00,XL,Black,0.00
ITEM-00588,ORD-00588,SKU-0308,1,531.00,S,Ivory,0.00
ITEM-00589,ORD-00589,SKU-0462,1,940.00,XS,Maroon,0.00
ITEM-00590,ORD-00590,SKU-0451,1,489.00,L,Maroon,0.00
ITEM-00591,ORD-00591,SKU-0228,1,717.00,XS,Navy Blue,0.00
ITEM-00592,ORD-00592,SKU-0131,1,605.00,XXL,sage,0.00
ITEM-00593,ORD-00593,SKU-0159,1,707.00,L,Sage Green,0.00
ITEM-00594,ORD-00594,SKU-0132,1,1413.00,XXL,Terracotta,0.00
ITEM-00595,ORD-00595,SKU-0190,1,1410.00,XS,Navy Blue,0.00
ITEM-00596,ORD-00596,SKU-0367,1,1421.00,XXL,Black,0.00
ITEM-00597,ORD-00597,SKU-0384,1,689.00,M,Maroon,0.00
ITEM-00598,ORD-00598,SKU-0375,1,443.00,XS,Navy Blue,0.00
ITEM-00599,ORD-00599,SKU-0273,1,678.00,L,navy,0.00
ITEM-00600,ORD-00600,SKU-0387,1,1016.00,S,sage,0.00
ITEM-00601,ORD-00601,SKU-0344,1,631.00,XS,Terracotta,0.00
ITEM-00602,ORD-00602,SKU-0457,1,732.00,L,mustard,0.00
ITEM-00603,ORD-00603,SKU-0086,1,1100.00,XL,sage,0.00
ITEM-00604,ORD-00604,SKU-0475,1,493.00,XL,sage,0.00
ITEM-00605,ORD-00605,SKU-0363,1,772.00,L,Mustard Yellow,0.00
ITEM-00606,ORD-00606,SKU-0152,1,1080.00,S,rust,0.00
ITEM-00607,ORD-00607,SKU-0002,1,1499.00,S,Maroon,0.00
ITEM-00608,ORD-00608,SKU-0437,1,1319.00,S,Terracotta,0.00
ITEM-00609,ORD-00609,SKU-0436,1,424.00,L,Indigo,0.00
ITEM-00610,ORD-00610,SKU-0205,1,1357.00,S,NAVY_BLUE,0.00
ITEM-00611,ORD-00611,SKU-0178,1,1315.00,XL,Sage Green,0.00
ITEM-00612,ORD-00612,SKU-0203,1,983.00,M,mustard,0.00
ITEM-00613,ORD-00613,SKU-0282,1,1131.00,L,Navy Blue,0.00
ITEM-00614,ORD-00614,SKU-0172,1,974.00,S,sage,0.00
ITEM-00615,ORD-00615,SKU-0035,1,1337.00,XXL,Ivory,0.00
ITEM-00616,ORD-00616,SKU-0176,1,518.00,S,Maroon,0.00
ITEM-00617,ORD-00617,SKU-0188,1,538.00,S,Mustard Yellow,0.00
ITEM-00618,ORD-00618,SKU-0164,1,1207.00,M,rust,0.00
ITEM-00619,ORD-00619,SKU-0033,1,918.00,M,sage,0.00
ITEM-00620,ORD-00620,SKU-0114,1,585.00,M,navy,0.00
ITEM-00621,ORD-00621,SKU-0356,1,535.00,M,navy,0.00
ITEM-00622,ORD-00622,SKU-0277,1,1201.00,S,sage,0.00
ITEM-00623,ORD-00623,SKU-0289,1,444.00,XS,navy,0.00
ITEM-00624,ORD-00624,SKU-0262,1,593.00,XL,Ivory,0.00
ITEM-00625,ORD-00625,SKU-0408,1,626.00,XS,NAVY_BLUE,0.00
ITEM-00626,ORD-00626,SKU-0338,1,1059.00,M,Black,0.00
ITEM-00627,ORD-00627,SKU-0286,1,1122.00,XL,Mustard Yellow,0.00
ITEM-00628,ORD-00628,SKU-0298,1,771.00,XS,Black,0.00
ITEM-00629,ORD-00629,SKU-0095,1,1481.00,S,rust,0.00
ITEM-00630,ORD-00630,SKU-0005,1,889.00,M,sage,0.00
ITEM-00631,ORD-00631,SKU-0221,1,974.00,XL,Terracotta,0.00
ITEM-00632,ORD-00632,SKU-0296,1,1310.00,XS,NAVY_BLUE,0.00
ITEM-00633,ORD-00633,SKU-0378,1,441.00,XXL,NAVY_BLUE,0.00
ITEM-00634,ORD-00634,SKU-0072,1,792.00,XS,Mustard Yellow,0.00
ITEM-00635,ORD-00635,SKU-0189,1,1256.00,XL,Black,0.00
ITEM-00636,ORD-00636,SKU-0093,1,774.00,XXL,Sage Green,0.00
ITEM-00637,ORD-00637,SKU-0008,1,803.00,L,Navy Blue,0.00
ITEM-00638,ORD-00638,SKU-0053,1,452.00,S,Ivory,0.00
ITEM-00639,ORD-00639,SKU-0255,1,440.00,XL,Black,0.00
ITEM-00640,ORD-00640,SKU-0179,1,1327.00,L,Maroon,0.00
ITEM-00641,ORD-00641,SKU-0080,1,1006.00,S,navy,0.00
ITEM-00642,ORD-00642,SKU-0307,1,1315.00,XS,maroon_red,0.00
ITEM-00643,ORD-00643,SKU-0040,1,400.00,XL,mustard,0.00
ITEM-00644,ORD-00644,SKU-0062,1,1057.00,S,maroon_red,0.00
ITEM-00645,ORD-00645,SKU-0223,1,1120.00,L,Ivory,0.00
ITEM-00646,ORD-00646,SKU-0268,1,413.00,XS,navy,0.00
ITEM-00647,ORD-00647,SKU-0108,1,447.00,XL,Sage Green,0.00
ITEM-00648,ORD-00648,SKU-0479,1,754.00,XL,Black,0.00
ITEM-00649,ORD-00649,SKU-0162,1,886.00,L,sage,0.00
ITEM-00650,ORD-00650,SKU-0133,1,589.00,S,Black,0.00
ITEM-00651,ORD-00651,SKU-0461,1,456.00,XXL,sage,0.00
ITEM-00652,ORD-00652,SKU-0288,1,1419.00,XL,Navy Blue,0.00
ITEM-00653,ORD-00653,SKU-0257,1,1086.00,XL,Navy Blue,0.00
ITEM-00654,ORD-00654,SKU-0090,1,1174.00,M,sage,0.00
ITEM-00655,ORD-00655,SKU-0432,1,1302.00,XL,Ivory,0.00
ITEM-00656,ORD-00656,SKU-0471,1,1008.00,XS,rust,0.00
ITEM-00657,ORD-00657,SKU-0232,1,781.00,M,Black,0.00
ITEM-00658,ORD-00658,SKU-0308,1,531.00,L,Ivory,0.00
ITEM-00659,ORD-00659,SKU-0462,1,940.00,XL,Maroon,0.00
ITEM-00660,ORD-00660,SKU-0451,1,489.00,M,Maroon,0.00
ITEM-00661,ORD-00661,SKU-0228,1,717.00,L,Navy Blue,0.00
ITEM-00662,ORD-00662,SKU-0131,1,605.00,XL,sage,0.00
ITEM-00663,ORD-00663,SKU-0159,1,707.00,XXL,Sage Green,0.00
ITEM-00664,ORD-00664,SKU-0132,1,1413.00,L,Terracotta,0.00
ITEM-00665,ORD-00665,SKU-0190,1,1410.00,XXL,Navy Blue,0.00
ITEM-00666,ORD-00666,SKU-0367,1,1421.00,S,Black,0.00
ITEM-00667,ORD-00667,SKU-0384,1,689.00,L,Maroon,0.00
ITEM-00668,ORD-00668,SKU-0375,1,443.00,S,Navy Blue,0.00
ITEM-00669,ORD-00669,SKU-0273,1,678.00,M,navy,0.00
ITEM-00670,ORD-00670,SKU-0387,1,1016.00,XXL,sage,0.00
ITEM-00671,ORD-00671,SKU-0344,1,631.00,S,Terracotta,0.00
ITEM-00672,ORD-00672,SKU-0457,1,732.00,S,mustard,0.00
ITEM-00673,ORD-00673,SKU-0086,1,1100.00,XL,sage,0.00
ITEM-00674,ORD-00674,SKU-0475,1,493.00,XL,sage,0.00
ITEM-00675,ORD-00675,SKU-0363,1,772.00,XL,Mustard Yellow,0.00
ITEM-00676,ORD-00676,SKU-0152,1,1080.00,S,rust,0.00
ITEM-00677,ORD-00677,SKU-0002,1,1499.00,XL,Maroon,0.00
ITEM-00678,ORD-00678,SKU-0437,1,1319.00,XL,Terracotta,0.00
ITEM-00679,ORD-00679,SKU-0436,1,424.00,S,Indigo,0.00
ITEM-00680,ORD-00680,SKU-0205,1,1357.00,L,NAVY_BLUE,0.00
ITEM-00681,ORD-00681,SKU-0178,1,1315.00,XXL,Sage Green,0.00
ITEM-00682,ORD-00682,SKU-0203,1,983.00,L,mustard,0.00
ITEM-00683,ORD-00683,SKU-0282,1,1131.00,XL,Navy Blue,0.00
ITEM-00684,ORD-00684,SKU-0172,1,974.00,L,sage,0.00
ITEM-00685,ORD-00685,SKU-0035,1,1337.00,L,Ivory,0.00
ITEM-00686,ORD-00686,SKU-0176,1,518.00,S,Maroon,0.00
ITEM-00687,ORD-00687,SKU-0188,1,538.00,L,Mustard Yellow,0.00
ITEM-00688,ORD-00688,SKU-0164,1,1207.00,S,rust,0.00
ITEM-00689,ORD-00689,SKU-0033,1,918.00,XL,sage,0.00
ITEM-00690,ORD-00690,SKU-0114,1,585.00,M,navy,0.00
ITEM-00691,ORD-00691,SKU-0356,1,535.00,L,navy,0.00
ITEM-00692,ORD-00692,SKU-0277,1,1201.00,XS,sage,0.00
ITEM-00693,ORD-00693,SKU-0289,1,444.00,XL,navy,0.00
ITEM-00694,ORD-00694,SKU-0262,1,593.00,L,Ivory,0.00
ITEM-00695,ORD-00695,SKU-0408,1,626.00,XXL,NAVY_BLUE,0.00
ITEM-00696,ORD-00696,SKU-0338,1,1059.00,XL,Black,0.00
ITEM-00697,ORD-00697,SKU-0286,1,1122.00,S,Mustard Yellow,0.00
ITEM-00698,ORD-00698,SKU-0298,1,771.00,S,Black,0.00
ITEM-00699,ORD-00699,SKU-0095,1,1481.00,L,rust,0.00
ITEM-00700,ORD-00700,SKU-0005,1,889.00,XS,sage,0.00
ITEM-00701,ORD-00701,SKU-0221,1,974.00,XL,Terracotta,0.00
ITEM-00702,ORD-00702,SKU-0296,1,1310.00,XS,NAVY_BLUE,0.00
ITEM-00703,ORD-00703,SKU-0378,1,441.00,S,NAVY_BLUE,0.00
ITEM-00704,ORD-00704,SKU-0072,1,792.00,XL,Mustard Yellow,0.00
ITEM-00705,ORD-00705,SKU-0189,1,1256.00,M,Black,0.00
ITEM-00706,ORD-00706,SKU-0093,1,774.00,XS,Sage Green,0.00
ITEM-00707,ORD-00707,SKU-0008,1,803.00,XL,Navy Blue,0.00
ITEM-00708,ORD-00708,SKU-0053,1,452.00,M,Ivory,0.00
ITEM-00709,ORD-00709,SKU-0255,1,440.00,M,Black,0.00
ITEM-00710,ORD-00710,SKU-0179,1,1327.00,XS,Maroon,0.00
ITEM-00711,ORD-00711,SKU-0080,1,1006.00,XS,navy,0.00
ITEM-00712,ORD-00712,SKU-0307,1,1315.00,XXL,maroon_red,0.00
ITEM-00713,ORD-00713,SKU-0040,1,400.00,S,mustard,0.00
ITEM-00714,ORD-00714,SKU-0062,1,1057.00,S,maroon_red,0.00
ITEM-00715,ORD-00715,SKU-0223,1,1120.00,XS,Ivory,0.00
ITEM-00716,ORD-00716,SKU-0268,1,413.00,XS,navy,0.00
ITEM-00717,ORD-00717,SKU-0108,1,447.00,S,Sage Green,0.00
ITEM-00718,ORD-00718,SKU-0479,1,754.00,L,Black,0.00
ITEM-00719,ORD-00719,SKU-0162,1,886.00,L,sage,0.00
ITEM-00720,ORD-00720,SKU-0133,1,589.00,XS,Black,0.00
ITEM-00721,ORD-00721,SKU-0461,1,456.00,L,sage,0.00
ITEM-00722,ORD-00722,SKU-0288,1,1419.00,M,Navy Blue,0.00
ITEM-00723,ORD-00723,SKU-0257,1,1086.00,M,Navy Blue,0.00
ITEM-00724,ORD-00724,SKU-0090,1,1174.00,M,sage,0.00
ITEM-00725,ORD-00725,SKU-0432,1,1302.00,L,Ivory,0.00
ITEM-00726,ORD-00726,SKU-0471,1,1008.00,XS,rust,0.00
ITEM-00727,ORD-00727,SKU-0232,1,781.00,M,Black,0.00
ITEM-00728,ORD-00728,SKU-0308,1,531.00,XS,Ivory,0.00
ITEM-00729,ORD-00729,SKU-0462,1,940.00,XL,Maroon,0.00
ITEM-00730,ORD-00730,SKU-0451,1,489.00,XS,Maroon,0.00
ITEM-00731,ORD-00731,SKU-0228,1,717.00,M,Navy Blue,0.00
ITEM-00732,ORD-00732,SKU-0131,1,605.00,XL,sage,0.00
ITEM-00733,ORD-00733,SKU-0159,1,707.00,S,Sage Green,0.00
ITEM-00734,ORD-00734,SKU-0132,1,1413.00,XS,Terracotta,0.00
ITEM-00735,ORD-00735,SKU-0190,1,1410.00,XXL,Navy Blue,0.00
ITEM-00736,ORD-00736,SKU-0367,1,1421.00,XS,Black,0.00
ITEM-00737,ORD-00737,SKU-0384,1,689.00,M,Maroon,0.00
ITEM-00738,ORD-00738,SKU-0375,1,443.00,M,Navy Blue,0.00
ITEM-00739,ORD-00739,SKU-0273,1,678.00,M,navy,0.00
ITEM-00740,ORD-00740,SKU-0387,1,1016.00,S,sage,0.00
ITEM-00741,ORD-00741,SKU-0344,1,631.00,XXL,Terracotta,0.00
ITEM-00742,ORD-00742,SKU-0457,1,732.00,M,mustard,0.00
ITEM-00743,ORD-00743,SKU-0086,1,1100.00,S,sage,0.00
ITEM-00744,ORD-00744,SKU-0475,1,493.00,S,sage,0.00
ITEM-00745,ORD-00745,SKU-0363,1,772.00,L,Mustard Yellow,0.00
ITEM-00746,ORD-00746,SKU-0152,1,1080.00,L,rust,0.00
ITEM-00747,ORD-00747,SKU-0002,1,1499.00,XXL,Maroon,0.00
ITEM-00748,ORD-00748,SKU-0437,1,1319.00,XL,Terracotta,0.00
ITEM-00749,ORD-00749,SKU-0436,1,424.00,S,Indigo,0.00
ITEM-00750,ORD-00750,SKU-0205,1,1357.00,S,NAVY_BLUE,0.00
ITEM-00751,ORD-00751,SKU-0178,1,1315.00,L,Sage Green,0.00
ITEM-00752,ORD-00752,SKU-0203,1,983.00,M,mustard,0.00
ITEM-00753,ORD-00753,SKU-0282,1,1131.00,XS,Navy Blue,0.00
ITEM-00754,ORD-00754,SKU-0172,1,974.00,XXL,sage,0.00
ITEM-00755,ORD-00755,SKU-0035,1,1337.00,S,Ivory,0.00
ITEM-00756,ORD-00756,SKU-0176,1,518.00,S,Maroon,0.00
ITEM-00757,ORD-00757,SKU-0188,1,538.00,XL,Mustard Yellow,0.00
ITEM-00758,ORD-00758,SKU-0164,1,1207.00,L,rust,0.00
ITEM-00759,ORD-00759,SKU-0033,1,918.00,S,sage,0.00
ITEM-00760,ORD-00760,SKU-0114,1,585.00,XS,navy,0.00
ITEM-00761,ORD-00761,SKU-0356,1,535.00,XXL,navy,0.00
ITEM-00762,ORD-00762,SKU-0277,1,1201.00,XXL,sage,0.00
ITEM-00763,ORD-00763,SKU-0289,1,444.00,L,navy,0.00
ITEM-00764,ORD-00764,SKU-0262,1,593.00,XL,Ivory,0.00
ITEM-00765,ORD-00765,SKU-0408,1,626.00,L,NAVY_BLUE,0.00
ITEM-00766,ORD-00766,SKU-0338,1,1059.00,XS,Black,0.00
ITEM-00767,ORD-00767,SKU-0286,1,1122.00,L,Mustard Yellow,0.00
ITEM-00768,ORD-00768,SKU-0298,1,771.00,S,Black,0.00
ITEM-00769,ORD-00769,SKU-0095,1,1481.00,M,rust,0.00
ITEM-00770,ORD-00770,SKU-0005,1,889.00,XS,sage,0.00
ITEM-00771,ORD-00771,SKU-0221,1,974.00,S,Terracotta,0.00
ITEM-00772,ORD-00772,SKU-0296,1,1310.00,L,NAVY_BLUE,0.00
ITEM-00773,ORD-00773,SKU-0378,1,441.00,XL,NAVY_BLUE,0.00
ITEM-00774,ORD-00774,SKU-0072,1,792.00,XL,Mustard Yellow,0.00
ITEM-00775,ORD-00775,SKU-0189,1,1256.00,XXL,Black,0.00
ITEM-00776,ORD-00776,SKU-0093,1,774.00,L,Sage Green,0.00
ITEM-00777,ORD-00777,SKU-0008,1,803.00,XL,Navy Blue,0.00
ITEM-00778,ORD-00778,SKU-0053,1,452.00,XS,Ivory,0.00
ITEM-00779,ORD-00779,SKU-0255,1,440.00,XXL,Black,0.00
ITEM-00780,ORD-00780,SKU-0179,1,1327.00,S,Maroon,0.00
ITEM-00781,ORD-00781,SKU-0080,1,1006.00,XS,navy,0.00
ITEM-00782,ORD-00782,SKU-0307,1,1315.00,XXL,maroon_red,0.00
ITEM-00783,ORD-00783,SKU-0040,1,400.00,M,mustard,0.00
ITEM-00784,ORD-00784,SKU-0062,1,1057.00,XS,maroon_red,0.00
ITEM-00785,ORD-00785,SKU-0223,1,1120.00,XL,Ivory,0.00
ITEM-00786,ORD-00786,SKU-0268,1,413.00,XXL,navy,0.00
ITEM-00787,ORD-00787,SKU-0108,1,447.00,S,Sage Green,0.00
ITEM-00788,ORD-00788,SKU-0479,1,754.00,XL,Black,0.00
ITEM-00789,ORD-00789,SKU-0162,1,886.00,XXL,sage,0.00
ITEM-00790,ORD-00790,SKU-0133,1,589.00,L,Black,0.00
ITEM-00791,ORD-00791,SKU-0461,1,456.00,L,sage,0.00
ITEM-00792,ORD-00792,SKU-0288,1,1419.00,XL,Navy Blue,0.00
ITEM-00793,ORD-00793,SKU-0257,1,1086.00,S,Navy Blue,0.00
ITEM-00794,ORD-00794,SKU-0090,1,1174.00,S,sage,0.00
ITEM-00795,ORD-00795,SKU-0432,1,1302.00,XL,Ivory,0.00
ITEM-00796,ORD-00796,SKU-0471,1,1008.00,S,rust,0.00
ITEM-00797,ORD-00797,SKU-0232,1,781.00,M,Black,0.00
ITEM-00798,ORD-00798,SKU-0308,1,531.00,S,Ivory,0.00
ITEM-00799,ORD-00799,SKU-0462,1,940.00,M,Maroon,0.00
ITEM-00800,ORD-00800,SKU-0451,1,489.00,XS,Maroon,0.00
ITEM-00801,ORD-00801,SKU-0228,1,717.00,XXL,Navy Blue,0.00
ITEM-00802,ORD-00802,SKU-0131,1,605.00,M,sage,0.00
ITEM-00803,ORD-00803,SKU-0159,1,707.00,S,Sage Green,0.00
ITEM-00804,ORD-00804,SKU-0132,1,1413.00,XXL,Terracotta,0.00
ITEM-00805,ORD-00805,SKU-0190,1,1410.00,L,Navy Blue,0.00
ITEM-00806,ORD-00806,SKU-0367,1,1421.00,M,Black,0.00
ITEM-00807,ORD-00807,SKU-0384,1,689.00,L,Maroon,0.00
ITEM-00808,ORD-00808,SKU-0375,1,443.00,XL,Navy Blue,0.00
ITEM-00809,ORD-00809,SKU-0273,1,678.00,XXL,navy,0.00
ITEM-00810,ORD-00810,SKU-0387,1,1016.00,XS,sage,0.00
ITEM-00811,ORD-00811,SKU-0344,1,631.00,M,Terracotta,0.00
ITEM-00812,ORD-00812,SKU-0457,1,732.00,M,mustard,0.00
ITEM-00813,ORD-00813,SKU-0086,1,1100.00,L,sage,0.00
ITEM-00814,ORD-00814,SKU-0475,1,493.00,XL,sage,0.00
ITEM-00815,ORD-00815,SKU-0363,1,772.00,S,Mustard Yellow,0.00
ITEM-00816,ORD-00816,SKU-0152,1,1080.00,XS,rust,0.00
ITEM-00817,ORD-00817,SKU-0002,1,1499.00,S,Maroon,0.00
ITEM-00818,ORD-00818,SKU-0437,1,1319.00,S,Terracotta,0.00
ITEM-00819,ORD-00819,SKU-0436,1,424.00,XXL,Indigo,0.00
ITEM-00820,ORD-00820,SKU-0205,1,1357.00,S,NAVY_BLUE,0.00
ITEM-00821,ORD-00821,SKU-0178,1,1315.00,XS,Sage Green,0.00
ITEM-00822,ORD-00822,SKU-0203,1,983.00,XS,mustard,0.00
ITEM-00823,ORD-00823,SKU-0282,1,1131.00,XS,Navy Blue,0.00
ITEM-00824,ORD-00824,SKU-0172,1,974.00,XXL,sage,0.00
ITEM-00825,ORD-00825,SKU-0035,1,1337.00,XL,Ivory,0.00
ITEM-00826,ORD-00826,SKU-0176,1,518.00,L,Maroon,0.00
ITEM-00827,ORD-00827,SKU-0188,1,538.00,L,Mustard Yellow,0.00
ITEM-00828,ORD-00828,SKU-0164,1,1207.00,L,rust,0.00
ITEM-00829,ORD-00829,SKU-0033,1,918.00,XL,sage,0.00
ITEM-00830,ORD-00830,SKU-0114,1,585.00,L,navy,0.00
ITEM-00831,ORD-00831,SKU-0356,1,535.00,XXL,navy,0.00
ITEM-00832,ORD-00832,SKU-0277,1,1201.00,S,sage,0.00
ITEM-00833,ORD-00833,SKU-0289,1,444.00,S,navy,0.00
ITEM-00834,ORD-00834,SKU-0262,1,593.00,M,Ivory,0.00
ITEM-00835,ORD-00835,SKU-0408,1,626.00,M,NAVY_BLUE,0.00
ITEM-00836,ORD-00836,SKU-0338,1,1059.00,XS,Black,0.00
ITEM-00837,ORD-00837,SKU-0286,1,1122.00,S,Mustard Yellow,0.00
ITEM-00838,ORD-00838,SKU-0298,1,771.00,M,Black,0.00
ITEM-00839,ORD-00839,SKU-0095,1,1481.00,XXL,rust,0.00
ITEM-00840,ORD-00840,SKU-0005,1,889.00,XL,sage,0.00
ITEM-00841,ORD-00841,SKU-0221,1,974.00,M,Terracotta,0.00
ITEM-00842,ORD-00842,SKU-0296,1,1310.00,M,NAVY_BLUE,0.00
ITEM-00843,ORD-00843,SKU-0378,1,441.00,XXL,NAVY_BLUE,0.00
ITEM-00844,ORD-00844,SKU-0072,1,792.00,XS,Mustard Yellow,0.00
ITEM-00845,ORD-00845,SKU-0189,1,1256.00,XXL,Black,0.00
ITEM-00846,ORD-00846,SKU-0093,1,774.00,M,Sage Green,0.00
ITEM-00847,ORD-00847,SKU-0008,1,803.00,M,Navy Blue,0.00
ITEM-00848,ORD-00848,SKU-0053,1,452.00,S,Ivory,0.00
ITEM-00849,ORD-00849,SKU-0255,1,440.00,M,Black,0.00
ITEM-00850,ORD-00850,SKU-0179,1,1327.00,XL,Maroon,0.00
ITEM-00851,ORD-00851,SKU-0080,1,1006.00,XL,navy,0.00
ITEM-00852,ORD-00852,SKU-0307,1,1315.00,XS,maroon_red,0.00
ITEM-00853,ORD-00853,SKU-0040,1,400.00,M,mustard,0.00
ITEM-00854,ORD-00854,SKU-0062,1,1057.00,S,maroon_red,0.00
ITEM-00855,ORD-00855,SKU-0223,1,1120.00,M,Ivory,0.00
ITEM-00856,ORD-00856,SKU-0268,1,413.00,XXL,navy,0.00
ITEM-00857,ORD-00857,SKU-0108,1,447.00,L,Sage Green,0.00
ITEM-00858,ORD-00858,SKU-0479,1,754.00,XXL,Black,0.00
ITEM-00859,ORD-00859,SKU-0162,1,886.00,XL,sage,0.00
ITEM-00860,ORD-00860,SKU-0133,1,589.00,S,Black,0.00
ITEM-00861,ORD-00861,SKU-0461,1,456.00,S,sage,0.00
ITEM-00862,ORD-00862,SKU-0288,1,1419.00,L,Navy Blue,0.00
ITEM-00863,ORD-00863,SKU-0257,1,1086.00,XL,Navy Blue,0.00
ITEM-00864,ORD-00864,SKU-0090,1,1174.00,XL,sage,0.00
ITEM-00865,ORD-00865,SKU-0432,1,1302.00,XL,Ivory,0.00
ITEM-00866,ORD-00866,SKU-0471,1,1008.00,XXL,rust,0.00
ITEM-00867,ORD-00867,SKU-0232,1,781.00,S,Black,0.00
ITEM-00868,ORD-00868,SKU-0308,1,531.00,M,Ivory,0.00
ITEM-00869,ORD-00869,SKU-0462,1,940.00,S,Maroon,0.00
ITEM-00870,ORD-00870,SKU-0451,1,489.00,XL,Maroon,0.00
ITEM-00871,ORD-00871,SKU-0228,1,717.00,L,Navy Blue,0.00
ITEM-00872,ORD-00872,SKU-0131,1,605.00,XS,sage,0.00
ITEM-00873,ORD-00873,SKU-0159,1,707.00,M,Sage Green,0.00
ITEM-00874,ORD-00874,SKU-0132,1,1413.00,L,Terracotta,0.00
ITEM-00875,ORD-00875,SKU-0190,1,1410.00,XXL,Navy Blue,0.00
ITEM-00876,ORD-00876,SKU-0367,1,1421.00,XL,Black,0.00
ITEM-00877,ORD-00877,SKU-0384,1,689.00,L,Maroon,0.00
ITEM-00878,ORD-00878,SKU-0375,1,443.00,XS,Navy Blue,0.00
ITEM-00879,ORD-00879,SKU-0273,1,678.00,L,navy,0.00
ITEM-00880,ORD-00880,SKU-0387,1,1016.00,S,sage,0.00
ITEM-00881,ORD-00881,SKU-0344,1,631.00,XL,Terracotta,0.00
ITEM-00882,ORD-00882,SKU-0457,1,732.00,XS,mustard,0.00
ITEM-00883,ORD-00883,SKU-0086,1,1100.00,L,sage,0.00
ITEM-00884,ORD-00884,SKU-0475,1,493.00,L,sage,0.00
ITEM-00885,ORD-00885,SKU-0363,1,772.00,M,Mustard Yellow,0.00
ITEM-00886,ORD-00886,SKU-0152,1,1080.00,M,rust,0.00
ITEM-00887,ORD-00887,SKU-0002,1,1499.00,XXL,Maroon,0.00
ITEM-00888,ORD-00888,SKU-0437,1,1319.00,M,Terracotta,0.00
ITEM-00889,ORD-00889,SKU-0436,1,424.00,XXL,Indigo,0.00
ITEM-00890,ORD-00890,SKU-0205,1,1357.00,XS,NAVY_BLUE,0.00
ITEM-00891,ORD-00891,SKU-0178,1,1315.00,M,Sage Green,0.00
ITEM-00892,ORD-00892,SKU-0203,1,983.00,M,mustard,0.00
ITEM-00893,ORD-00893,SKU-0282,1,1131.00,S,Navy Blue,0.00
ITEM-00894,ORD-00894,SKU-0172,1,974.00,XXL,sage,0.00
ITEM-00895,ORD-00895,SKU-0035,1,1337.00,L,Ivory,0.00
ITEM-00896,ORD-00896,SKU-0176,1,518.00,XS,Maroon,0.00
ITEM-00897,ORD-00897,SKU-0188,1,538.00,XS,Mustard Yellow,0.00
ITEM-00898,ORD-00898,SKU-0164,1,1207.00,XS,rust,0.00
ITEM-00899,ORD-00899,SKU-0033,1,918.00,XXL,sage,0.00
ITEM-00900,ORD-00900,SKU-0114,1,585.00,L,navy,0.00
ITEM-00901,ORD-00901,SKU-0356,1,535.00,L,navy,0.00
ITEM-00902,ORD-00902,SKU-0277,1,1201.00,S,sage,0.00
ITEM-00903,ORD-00903,SKU-0289,1,444.00,XXL,navy,0.00
ITEM-00904,ORD-00904,SKU-0262,1,593.00,XS,Ivory,0.00
ITEM-00905,ORD-00905,SKU-0408,1,626.00,XL,NAVY_BLUE,0.00
ITEM-00906,ORD-00906,SKU-0338,1,1059.00,XL,Black,0.00
ITEM-00907,ORD-00907,SKU-0286,1,1122.00,XS,Mustard Yellow,0.00
ITEM-00908,ORD-00908,SKU-0298,1,771.00,XL,Black,0.00
ITEM-00909,ORD-00909,SKU-0095,1,1481.00,XS,rust,0.00
ITEM-00910,ORD-00910,SKU-0005,1,889.00,L,sage,0.00
ITEM-00911,ORD-00911,SKU-0221,1,974.00,XL,Terracotta,0.00
ITEM-00912,ORD-00912,SKU-0296,1,1310.00,XS,NAVY_BLUE,0.00
ITEM-00913,ORD-00913,SKU-0378,1,441.00,S,NAVY_BLUE,0.00
ITEM-00914,ORD-00914,SKU-0072,1,792.00,S,Mustard Yellow,0.00
ITEM-00915,ORD-00915,SKU-0189,1,1256.00,S,Black,0.00
ITEM-00916,ORD-00916,SKU-0093,1,774.00,XS,Sage Green,0.00
ITEM-00917,ORD-00917,SKU-0008,1,803.00,XL,Navy Blue,0.00
ITEM-00918,ORD-00918,SKU-0053,1,452.00,L,Ivory,0.00
ITEM-00919,ORD-00919,SKU-0255,1,440.00,XS,Black,0.00
ITEM-00920,ORD-00920,SKU-0179,1,1327.00,XXL,Maroon,0.00
ITEM-00921,ORD-00921,SKU-0080,1,1006.00,XS,navy,0.00
ITEM-00922,ORD-00922,SKU-0307,1,1315.00,L,maroon_red,0.00
ITEM-00923,ORD-00923,SKU-0040,1,400.00,S,mustard,0.00
ITEM-00924,ORD-00924,SKU-0062,1,1057.00,XXL,maroon_red,0.00
ITEM-00925,ORD-00925,SKU-0223,1,1120.00,XL,Ivory,0.00
ITEM-00926,ORD-00926,SKU-0268,1,413.00,L,navy,0.00
ITEM-00927,ORD-00927,SKU-0108,1,447.00,M,Sage Green,0.00
ITEM-00928,ORD-00928,SKU-0479,1,754.00,M,Black,0.00
ITEM-00929,ORD-00929,SKU-0162,1,886.00,XXL,sage,0.00
ITEM-00930,ORD-00930,SKU-0133,1,589.00,M,Black,0.00
ITEM-00931,ORD-00931,SKU-0461,1,456.00,M,sage,0.00
ITEM-00932,ORD-00932,SKU-0288,1,1419.00,M,Navy Blue,0.00
ITEM-00933,ORD-00933,SKU-0257,1,1086.00,XS,Navy Blue,0.00
ITEM-00934,ORD-00934,SKU-0090,1,1174.00,L,sage,0.00
ITEM-00935,ORD-00935,SKU-0432,1,1302.00,L,Ivory,0.00
ITEM-00936,ORD-00936,SKU-0471,1,1008.00,XL,rust,0.00
ITEM-00937,ORD-00937,SKU-0232,1,781.00,M,Black,0.00
ITEM-00938,ORD-00938,SKU-0308,1,531.00,XL,Ivory,0.00
ITEM-00939,ORD-00939,SKU-0462,1,940.00,XXL,Maroon,0.00
ITEM-00940,ORD-00940,SKU-0451,1,489.00,M,Maroon,0.00
ITEM-00941,ORD-00941,SKU-0228,1,717.00,S,Navy Blue,0.00
ITEM-00942,ORD-00942,SKU-0131,1,605.00,M,sage,0.00
ITEM-00943,ORD-00943,SKU-0159,1,707.00,XS,Sage Green,0.00
ITEM-00944,ORD-00944,SKU-0132,1,1413.00,L,Terracotta,0.00
ITEM-00945,ORD-00945,SKU-0190,1,1410.00,XXL,Navy Blue,0.00
ITEM-00946,ORD-00946,SKU-0367,1,1421.00,XXL,Black,0.00
ITEM-00947,ORD-00947,SKU-0384,1,689.00,XS,Maroon,0.00
ITEM-00948,ORD-00948,SKU-0375,1,443.00,S,Navy Blue,0.00
ITEM-00949,ORD-00949,SKU-0273,1,678.00,XXL,navy,0.00
ITEM-00950,ORD-00950,SKU-0387,1,1016.00,XS,sage,0.00
ITEM-00951,ORD-00951,SKU-0344,1,631.00,XL,Terracotta,0.00
ITEM-00952,ORD-00952,SKU-0457,1,732.00,XXL,mustard,0.00
ITEM-00953,ORD-00953,SKU-0086,1,1100.00,XXL,sage,0.00
ITEM-00954,ORD-00954,SKU-0475,1,493.00,XXL,sage,0.00
ITEM-00955,ORD-00955,SKU-0363,1,772.00,XL,Mustard Yellow,0.00
ITEM-00956,ORD-00956,SKU-0152,1,1080.00,XL,rust,0.00
ITEM-00957,ORD-00957,SKU-0002,1,1499.00,M,Maroon,0.00
ITEM-00958,ORD-00958,SKU-0437,1,1319.00,XL,Terracotta,0.00
ITEM-00959,ORD-00959,SKU-0436,1,424.00,XXL,Indigo,0.00
ITEM-00960,ORD-00960,SKU-0205,1,1357.00,L,NAVY_BLUE,0.00
ITEM-00961,ORD-00961,SKU-0178,1,1315.00,XL,Sage Green,0.00
ITEM-00962,ORD-00962,SKU-0203,1,983.00,S,mustard,0.00
ITEM-00963,ORD-00963,SKU-0282,1,1131.00,M,Navy Blue,0.00
ITEM-00964,ORD-00964,SKU-0172,1,974.00,XXL,sage,0.00
ITEM-00965,ORD-00965,SKU-0035,1,1337.00,M,Ivory,0.00
ITEM-00966,ORD-00966,SKU-0176,1,518.00,XL,Maroon,0.00
ITEM-00967,ORD-00967,SKU-0188,1,538.00,L,Mustard Yellow,0.00
ITEM-00968,ORD-00968,SKU-0164,1,1207.00,M,rust,0.00
ITEM-00969,ORD-00969,SKU-0033,1,918.00,S,sage,0.00
ITEM-00970,ORD-00970,SKU-0114,1,585.00,XXL,navy,0.00
ITEM-00971,ORD-00971,SKU-0356,1,535.00,XS,navy,0.00
ITEM-00972,ORD-00972,SKU-0277,1,1201.00,L,sage,0.00
ITEM-00973,ORD-00973,SKU-0289,1,444.00,XS,navy,0.00
ITEM-00974,ORD-00974,SKU-0262,1,593.00,M,Ivory,0.00
ITEM-00975,ORD-00975,SKU-0408,1,626.00,XL,NAVY_BLUE,0.00
ITEM-00976,ORD-00976,SKU-0338,1,1059.00,M,Black,0.00
ITEM-00977,ORD-00977,SKU-0286,1,1122.00,XS,Mustard Yellow,0.00
ITEM-00978,ORD-00978,SKU-0298,1,771.00,M,Black,0.00
ITEM-00979,ORD-00979,SKU-0095,1,1481.00,XL,rust,0.00
ITEM-00980,ORD-00980,SKU-0005,1,889.00,XXL,sage,0.00
ITEM-00981,ORD-00981,SKU-0221,1,974.00,XXL,Terracotta,0.00
ITEM-00982,ORD-00982,SKU-0296,1,1310.00,L,NAVY_BLUE,0.00
ITEM-00983,ORD-00983,SKU-0378,1,441.00,XXL,NAVY_BLUE,0.00
ITEM-00984,ORD-00984,SKU-0072,1,792.00,M,Mustard Yellow,0.00
ITEM-00985,ORD-00985,SKU-0189,1,1256.00,XXL,Black,0.00
ITEM-00986,ORD-00986,SKU-0093,1,774.00,XXL,Sage Green,0.00
ITEM-00987,ORD-00987,SKU-0008,1,803.00,S,Navy Blue,0.00
ITEM-00988,ORD-00988,SKU-0053,1,452.00,L,Ivory,0.00
ITEM-00989,ORD-00989,SKU-0255,1,440.00,S,Black,0.00
ITEM-00990,ORD-00990,SKU-0179,1,1327.00,XL,Maroon,0.00
ITEM-00991,ORD-00991,SKU-0080,1,1006.00,M,navy,0.00
ITEM-00992,ORD-00992,SKU-0307,1,1315.00,XL,maroon_red,0.00
ITEM-00993,ORD-00993,SKU-0040,1,400.00,XXL,mustard,0.00
ITEM-00994,ORD-00994,SKU-0062,1,1057.00,XL,maroon_red,0.00
ITEM-00995,ORD-00995,SKU-0223,1,1120.00,L,Ivory,0.00
ITEM-00996,ORD-00996,SKU-0268,1,413.00,XL,navy,0.00
ITEM-00997,ORD-00997,SKU-0108,1,447.00,XS,Sage Green,0.00
ITEM-00998,ORD-00998,SKU-0479,1,754.00,XXL,Black,0.00
ITEM-00999,ORD-00999,SKU-0162,1,886.00,XXL,sage,0.00
ITEM-01000,ORD-01000,SKU-0133,1,589.00,S,Black,0.00
ITEM-01001,ORD-01001,SKU-0461,1,456.00,S,sage,0.00
ITEM-01002,ORD-01002,SKU-0288,1,1419.00,L,Navy Blue,0.00
ITEM-01003,ORD-01003,SKU-0257,1,1086.00,L,Navy Blue,0.00
ITEM-01004,ORD-01004,SKU-0090,1,1174.00,L,sage,0.00
ITEM-01005,ORD-01005,SKU-0432,1,1302.00,XS,Ivory,0.00
ITEM-01006,ORD-01006,SKU-0471,1,1008.00,XL,rust,0.00
ITEM-01007,ORD-01007,SKU-0232,1,781.00,L,Black,0.00
ITEM-01008,ORD-01008,SKU-0308,1,531.00,L,Ivory,0.00
ITEM-01009,ORD-01009,SKU-0462,1,940.00,M,Maroon,0.00
ITEM-01010,ORD-01010,SKU-0451,1,489.00,S,Maroon,0.00
ITEM-01011,ORD-01011,SKU-0228,1,717.00,XL,Navy Blue,0.00
ITEM-01012,ORD-01012,SKU-0131,1,605.00,S,sage,0.00
ITEM-01013,ORD-01013,SKU-0159,1,707.00,XXL,Sage Green,0.00
ITEM-01014,ORD-01014,SKU-0132,1,1413.00,L,Terracotta,0.00
ITEM-01015,ORD-01015,SKU-0190,1,1410.00,M,Navy Blue,0.00
ITEM-01016,ORD-01016,SKU-0367,1,1421.00,XS,Black,0.00
ITEM-01017,ORD-01017,SKU-0384,1,689.00,M,Maroon,0.00
ITEM-01018,ORD-01018,SKU-0375,1,443.00,L,Navy Blue,0.00
ITEM-01019,ORD-01019,SKU-0273,1,678.00,XXL,navy,0.00
ITEM-01020,ORD-01020,SKU-0387,1,1016.00,L,sage,0.00
ITEM-01021,ORD-01021,SKU-0344,1,631.00,XS,Terracotta,0.00
ITEM-01022,ORD-01022,SKU-0457,1,732.00,L,mustard,0.00
ITEM-01023,ORD-01023,SKU-0086,1,1100.00,L,sage,0.00
ITEM-01024,ORD-01024,SKU-0475,1,493.00,XS,sage,0.00
ITEM-01025,ORD-01025,SKU-0363,1,772.00,XS,Mustard Yellow,0.00
ITEM-01026,ORD-01026,SKU-0152,1,1080.00,S,rust,0.00
ITEM-01027,ORD-01027,SKU-0002,1,1499.00,XS,Maroon,0.00
ITEM-01028,ORD-01028,SKU-0437,1,1319.00,M,Terracotta,0.00
ITEM-01029,ORD-01029,SKU-0436,1,424.00,XS,Indigo,0.00
ITEM-01030,ORD-01030,SKU-0205,1,1357.00,XXL,NAVY_BLUE,0.00
ITEM-01031,ORD-01031,SKU-0178,1,1315.00,XL,Sage Green,0.00
ITEM-01032,ORD-01032,SKU-0203,1,983.00,XXL,mustard,0.00
ITEM-01033,ORD-01033,SKU-0282,1,1131.00,S,Navy Blue,0.00
ITEM-01034,ORD-01034,SKU-0172,1,974.00,XS,sage,0.00
ITEM-01035,ORD-01035,SKU-0035,1,1337.00,XXL,Ivory,0.00
ITEM-01036,ORD-01036,SKU-0176,1,518.00,M,Maroon,0.00
ITEM-01037,ORD-01037,SKU-0188,1,538.00,S,Mustard Yellow,0.00
ITEM-01038,ORD-01038,SKU-0164,1,1207.00,XXL,rust,0.00
ITEM-01039,ORD-01039,SKU-0033,1,918.00,XXL,sage,0.00
ITEM-01040,ORD-01040,SKU-0114,1,585.00,XS,navy,0.00
ITEM-01041,ORD-01041,SKU-0356,1,535.00,S,navy,0.00
ITEM-01042,ORD-01042,SKU-0277,1,1201.00,XL,sage,0.00
ITEM-01043,ORD-01043,SKU-0289,1,444.00,XXL,navy,0.00
ITEM-01044,ORD-01044,SKU-0262,1,593.00,XXL,Ivory,0.00
ITEM-01045,ORD-01045,SKU-0408,1,626.00,XXL,NAVY_BLUE,0.00
ITEM-01046,ORD-01046,SKU-0338,1,1059.00,L,Black,0.00
ITEM-01047,ORD-01047,SKU-0286,1,1122.00,XL,Mustard Yellow,0.00
ITEM-01048,ORD-01048,SKU-0298,1,771.00,XS,Black,0.00
ITEM-01049,ORD-01049,SKU-0095,1,1481.00,XL,rust,0.00
ITEM-01050,ORD-01050,SKU-0005,1,889.00,XXL,sage,0.00
ITEM-01051,ORD-01051,SKU-0221,1,974.00,XL,Terracotta,0.00
ITEM-01052,ORD-01052,SKU-0296,1,1310.00,XXL,NAVY_BLUE,0.00
ITEM-01053,ORD-01053,SKU-0378,1,441.00,M,NAVY_BLUE,0.00
ITEM-01054,ORD-01054,SKU-0072,1,792.00,XXL,Mustard Yellow,0.00
ITEM-01055,ORD-01055,SKU-0189,1,1256.00,S,Black,0.00
ITEM-01056,ORD-01056,SKU-0093,1,774.00,XXL,Sage Green,0.00
ITEM-01057,ORD-01057,SKU-0008,1,803.00,XL,Navy Blue,0.00
ITEM-01058,ORD-01058,SKU-0053,1,452.00,XL,Ivory,0.00
ITEM-01059,ORD-01059,SKU-0255,1,440.00,L,Black,0.00
ITEM-01060,ORD-01060,SKU-0179,1,1327.00,XXL,Maroon,0.00
ITEM-01061,ORD-01061,SKU-0080,1,1006.00,L,navy,0.00
ITEM-01062,ORD-01062,SKU-0307,1,1315.00,S,maroon_red,0.00
ITEM-01063,ORD-01063,SKU-0040,1,400.00,S,mustard,0.00
ITEM-01064,ORD-01064,SKU-0062,1,1057.00,M,maroon_red,0.00
ITEM-01065,ORD-01065,SKU-0223,1,1120.00,S,Ivory,0.00
ITEM-01066,ORD-01066,SKU-0268,1,413.00,M,navy,0.00
ITEM-01067,ORD-01067,SKU-0108,1,447.00,XL,Sage Green,0.00
ITEM-01068,ORD-01068,SKU-0479,1,754.00,S,Black,0.00
ITEM-01069,ORD-01069,SKU-0162,1,886.00,XXL,sage,0.00
ITEM-01070,ORD-01070,SKU-0133,1,589.00,XS,Black,0.00
ITEM-01071,ORD-01071,SKU-0461,1,456.00,XL,sage,0.00
ITEM-01072,ORD-01072,SKU-0288,1,1419.00,XXL,Navy Blue,0.00
ITEM-01073,ORD-01073,SKU-0257,1,1086.00,XS,Navy Blue,0.00
ITEM-01074,ORD-01074,SKU-0090,1,1174.00,S,sage,0.00
ITEM-01075,ORD-01075,SKU-0432,1,1302.00,L,Ivory,0.00
ITEM-01076,ORD-01076,SKU-0471,1,1008.00,XXL,rust,0.00
ITEM-01077,ORD-01077,SKU-0232,1,781.00,L,Black,0.00
ITEM-01078,ORD-01078,SKU-0308,1,531.00,M,Ivory,0.00
ITEM-01079,ORD-01079,SKU-0462,1,940.00,M,Maroon,0.00
ITEM-01080,ORD-01080,SKU-0451,1,489.00,XL,Maroon,0.00
ITEM-01081,ORD-01081,SKU-0228,1,717.00,XXL,Navy Blue,0.00
ITEM-01082,ORD-01082,SKU-0131,1,605.00,XS,sage,0.00
ITEM-01083,ORD-01083,SKU-0159,1,707.00,XXL,Sage Green,0.00
ITEM-01084,ORD-01084,SKU-0132,1,1413.00,XL,Terracotta,0.00
ITEM-01085,ORD-01085,SKU-0190,1,1410.00,XL,Navy Blue,0.00
ITEM-01086,ORD-01086,SKU-0367,1,1421.00,L,Black,0.00
ITEM-01087,ORD-01087,SKU-0384,1,689.00,XL,Maroon,0.00
ITEM-01088,ORD-01088,SKU-0375,1,443.00,L,Navy Blue,0.00
ITEM-01089,ORD-01089,SKU-0273,1,678.00,XS,navy,0.00
ITEM-01090,ORD-01090,SKU-0387,1,1016.00,S,sage,0.00
ITEM-01091,ORD-01091,SKU-0344,1,631.00,XL,Terracotta,0.00
ITEM-01092,ORD-01092,SKU-0457,1,732.00,XL,mustard,0.00
ITEM-01093,ORD-01093,SKU-0086,1,1100.00,XL,sage,0.00
ITEM-01094,ORD-01094,SKU-0475,1,493.00,XS,sage,0.00
ITEM-01095,ORD-01095,SKU-0363,1,772.00,XXL,Mustard Yellow,0.00
ITEM-01096,ORD-01096,SKU-0152,1,1080.00,M,rust,0.00
ITEM-01097,ORD-01097,SKU-0002,1,1499.00,S,Maroon,0.00
ITEM-01098,ORD-01098,SKU-0437,1,1319.00,XS,Terracotta,0.00
ITEM-01099,ORD-01099,SKU-0436,1,424.00,L,Indigo,0.00
ITEM-01100,ORD-01100,SKU-0205,1,1357.00,XS,NAVY_BLUE,0.00
ITEM-01101,ORD-01101,SKU-0178,1,1315.00,XS,Sage Green,0.00
ITEM-01102,ORD-01102,SKU-0203,1,983.00,XXL,mustard,0.00
ITEM-01103,ORD-01103,SKU-0282,1,1131.00,XXL,Navy Blue,0.00
ITEM-01104,ORD-01104,SKU-0172,1,974.00,S,sage,0.00
ITEM-01105,ORD-01105,SKU-0035,1,1337.00,XL,Ivory,0.00
ITEM-01106,ORD-01106,SKU-0176,1,518.00,XS,Maroon,0.00
ITEM-01107,ORD-01107,SKU-0188,1,538.00,L,Mustard Yellow,0.00
ITEM-01108,ORD-01108,SKU-0164,1,1207.00,M,rust,0.00
ITEM-01109,ORD-01109,SKU-0033,1,918.00,XXL,sage,0.00
ITEM-01110,ORD-01110,SKU-0114,1,585.00,M,navy,0.00
ITEM-01111,ORD-01111,SKU-0356,1,535.00,XS,navy,0.00
ITEM-01112,ORD-01112,SKU-0277,1,1201.00,S,sage,0.00
ITEM-01113,ORD-01113,SKU-0289,1,444.00,S,navy,0.00
ITEM-01114,ORD-01114,SKU-0262,1,593.00,S,Ivory,0.00
ITEM-01115,ORD-01115,SKU-0408,1,626.00,XS,NAVY_BLUE,0.00
ITEM-01116,ORD-01116,SKU-0338,1,1059.00,XS,Black,0.00
ITEM-01117,ORD-01117,SKU-0286,1,1122.00,S,Mustard Yellow,0.00
ITEM-01118,ORD-01118,SKU-0298,1,771.00,XL,Black,0.00
ITEM-01119,ORD-01119,SKU-0095,1,1481.00,S,rust,0.00
ITEM-01120,ORD-01120,SKU-0005,1,889.00,L,sage,0.00
ITEM-01121,ORD-01121,SKU-0221,1,974.00,XS,Terracotta,0.00
ITEM-01122,ORD-01122,SKU-0296,1,1310.00,XXL,NAVY_BLUE,0.00
ITEM-01123,ORD-01123,SKU-0378,1,441.00,L,NAVY_BLUE,0.00
ITEM-01124,ORD-01124,SKU-0072,1,792.00,XL,Mustard Yellow,0.00
ITEM-01125,ORD-01125,SKU-0189,1,1256.00,L,Black,0.00
ITEM-01126,ORD-01126,SKU-0093,1,774.00,L,Sage Green,0.00
ITEM-01127,ORD-01127,SKU-0008,1,803.00,L,Navy Blue,0.00
ITEM-01128,ORD-01128,SKU-0053,1,452.00,XL,Ivory,0.00
ITEM-01129,ORD-01129,SKU-0255,1,440.00,XL,Black,0.00
ITEM-01130,ORD-01130,SKU-0179,1,1327.00,M,Maroon,0.00
ITEM-01131,ORD-01131,SKU-0080,1,1006.00,XS,navy,0.00
ITEM-01132,ORD-01132,SKU-0307,1,1315.00,M,maroon_red,0.00
ITEM-01133,ORD-01133,SKU-0040,1,400.00,XXL,mustard,0.00
ITEM-01134,ORD-01134,SKU-0062,1,1057.00,S,maroon_red,0.00
ITEM-01135,ORD-01135,SKU-0223,1,1120.00,XXL,Ivory,0.00
ITEM-01136,ORD-01136,SKU-0268,1,413.00,S,navy,0.00
ITEM-01137,ORD-01137,SKU-0108,1,447.00,XL,Sage Green,0.00
ITEM-01138,ORD-01138,SKU-0479,1,754.00,L,Black,0.00
ITEM-01139,ORD-01139,SKU-0162,1,886.00,M,sage,0.00
ITEM-01140,ORD-01140,SKU-0133,1,589.00,L,Black,0.00
ITEM-01141,ORD-01141,SKU-0461,1,456.00,S,sage,0.00
ITEM-01142,ORD-01142,SKU-0288,1,1419.00,XXL,Navy Blue,0.00
ITEM-01143,ORD-01143,SKU-0257,1,1086.00,M,Navy Blue,0.00
ITEM-01144,ORD-01144,SKU-0090,1,1174.00,XL,sage,0.00
ITEM-01145,ORD-01145,SKU-0432,1,1302.00,M,Ivory,0.00
ITEM-01146,ORD-01146,SKU-0471,1,1008.00,L,rust,0.00
ITEM-01147,ORD-01147,SKU-0232,1,781.00,M,Black,0.00
ITEM-01148,ORD-01148,SKU-0308,1,531.00,L,Ivory,0.00
ITEM-01149,ORD-01149,SKU-0462,1,940.00,S,Maroon,0.00
ITEM-01150,ORD-01150,SKU-0451,1,489.00,XS,Maroon,0.00
ITEM-01151,ORD-01151,SKU-0228,1,717.00,XXL,Navy Blue,0.00
ITEM-01152,ORD-01152,SKU-0131,1,605.00,M,sage,0.00
ITEM-01153,ORD-01153,SKU-0159,1,707.00,L,Sage Green,0.00
ITEM-01154,ORD-01154,SKU-0132,1,1413.00,L,Terracotta,0.00
ITEM-01155,ORD-01155,SKU-0190,1,1410.00,L,Navy Blue,0.00
ITEM-01156,ORD-01156,SKU-0367,1,1421.00,M,Black,0.00
ITEM-01157,ORD-01157,SKU-0384,1,689.00,XXL,Maroon,0.00
ITEM-01158,ORD-01158,SKU-0375,1,443.00,XL,Navy Blue,0.00
ITEM-01159,ORD-01159,SKU-0273,1,678.00,S,navy,0.00
ITEM-01160,ORD-01160,SKU-0387,1,1016.00,XXL,sage,0.00
ITEM-01161,ORD-01161,SKU-0344,1,631.00,L,Terracotta,0.00
ITEM-01162,ORD-01162,SKU-0457,1,732.00,S,mustard,0.00
ITEM-01163,ORD-01163,SKU-0086,1,1100.00,XXL,sage,0.00
ITEM-01164,ORD-01164,SKU-0475,1,493.00,L,sage,0.00
ITEM-01165,ORD-01165,SKU-0363,1,772.00,L,Mustard Yellow,0.00
ITEM-01166,ORD-01166,SKU-0152,1,1080.00,XL,rust,0.00
ITEM-01167,ORD-01167,SKU-0002,1,1499.00,S,Maroon,0.00
ITEM-01168,ORD-01168,SKU-0437,1,1319.00,XS,Terracotta,0.00
ITEM-01169,ORD-01169,SKU-0436,1,424.00,XL,Indigo,0.00
ITEM-01170,ORD-01170,SKU-0205,1,1357.00,S,NAVY_BLUE,0.00
ITEM-01171,ORD-01171,SKU-0178,1,1315.00,S,Sage Green,0.00
ITEM-01172,ORD-01172,SKU-0203,1,983.00,L,mustard,0.00
ITEM-01173,ORD-01173,SKU-0282,1,1131.00,L,Navy Blue,0.00
ITEM-01174,ORD-01174,SKU-0172,1,974.00,S,sage,0.00
ITEM-01175,ORD-01175,SKU-0035,1,1337.00,L,Ivory,0.00
ITEM-01176,ORD-01176,SKU-0176,1,518.00,M,Maroon,0.00
ITEM-01177,ORD-01177,SKU-0188,1,538.00,XS,Mustard Yellow,0.00
ITEM-01178,ORD-01178,SKU-0164,1,1207.00,S,rust,0.00
ITEM-01179,ORD-01179,SKU-0033,1,918.00,XXL,sage,0.00
ITEM-01180,ORD-01180,SKU-0114,1,585.00,XXL,navy,0.00
ITEM-01181,ORD-01181,SKU-0356,1,535.00,M,navy,0.00
ITEM-01182,ORD-01182,SKU-0277,1,1201.00,L,sage,0.00
ITEM-01183,ORD-01183,SKU-0289,1,444.00,XS,navy,0.00
ITEM-01184,ORD-01184,SKU-0262,1,593.00,XL,Ivory,0.00
ITEM-01185,ORD-01185,SKU-0408,1,626.00,XXL,NAVY_BLUE,0.00
ITEM-01186,ORD-01186,SKU-0338,1,1059.00,XS,Black,0.00
ITEM-01187,ORD-01187,SKU-0286,1,1122.00,M,Mustard Yellow,0.00
ITEM-01188,ORD-01188,SKU-0298,1,771.00,M,Black,0.00
ITEM-01189,ORD-01189,SKU-0095,1,1481.00,XS,rust,0.00
ITEM-01190,ORD-01190,SKU-0005,1,889.00,M,sage,0.00
ITEM-01191,ORD-01191,SKU-0221,1,974.00,XXL,Terracotta,0.00
ITEM-01192,ORD-01192,SKU-0296,1,1310.00,L,NAVY_BLUE,0.00
ITEM-01193,ORD-01193,SKU-0378,1,441.00,L,NAVY_BLUE,0.00
ITEM-01194,ORD-01194,SKU-0072,1,792.00,L,Mustard Yellow,0.00
ITEM-01195,ORD-01195,SKU-0189,1,1256.00,L,Black,0.00
ITEM-01196,ORD-01196,SKU-0093,1,774.00,S,Sage Green,0.00
ITEM-01197,ORD-01197,SKU-0008,1,803.00,XXL,Navy Blue,0.00
ITEM-01198,ORD-01198,SKU-0053,1,452.00,S,Ivory,0.00
ITEM-01199,ORD-01199,SKU-0255,1,440.00,S,Black,0.00
ITEM-01200,ORD-01200,SKU-0179,1,1327.00,L,Maroon,0.00
ITEM-01201,ORD-01201,SKU-0080,1,1006.00,M,navy,0.00
ITEM-01202,ORD-01202,SKU-0307,1,1315.00,M,maroon_red,0.00
ITEM-01203,ORD-01203,SKU-0040,1,400.00,L,mustard,0.00
ITEM-01204,ORD-01204,SKU-0062,1,1057.00,XL,maroon_red,0.00
ITEM-01205,ORD-01205,SKU-0223,1,1120.00,S,Ivory,0.00
ITEM-01206,ORD-01206,SKU-0268,1,413.00,S,navy,0.00
ITEM-01207,ORD-01207,SKU-0108,1,447.00,S,Sage Green,0.00
ITEM-01208,ORD-01208,SKU-0479,1,754.00,S,Black,0.00
ITEM-01209,ORD-01209,SKU-0162,1,886.00,XS,sage,0.00
ITEM-01210,ORD-01210,SKU-0133,1,589.00,XL,Black,0.00
ITEM-01211,ORD-01211,SKU-0461,1,456.00,M,sage,0.00
ITEM-01212,ORD-01212,SKU-0288,1,1419.00,XXL,Navy Blue,0.00
ITEM-01213,ORD-01213,SKU-0257,1,1086.00,XXL,Navy Blue,0.00
ITEM-01214,ORD-01214,SKU-0090,1,1174.00,XS,sage,0.00
ITEM-01215,ORD-01215,SKU-0432,1,1302.00,XXL,Ivory,0.00
ITEM-01216,ORD-01216,SKU-0471,1,1008.00,M,rust,0.00
ITEM-01217,ORD-01217,SKU-0232,1,781.00,S,Black,0.00
ITEM-01218,ORD-01218,SKU-0308,1,531.00,S,Ivory,0.00
ITEM-01219,ORD-01219,SKU-0462,1,940.00,XL,Maroon,0.00
ITEM-01220,ORD-01220,SKU-0451,1,489.00,S,Maroon,0.00
ITEM-01221,ORD-01221,SKU-0228,1,717.00,XXL,Navy Blue,0.00
ITEM-01222,ORD-01222,SKU-0131,1,605.00,S,sage,0.00
ITEM-01223,ORD-01223,SKU-0159,1,707.00,M,Sage Green,0.00
ITEM-01224,ORD-01224,SKU-0132,1,1413.00,M,Terracotta,0.00
ITEM-01225,ORD-01225,SKU-0190,1,1410.00,XL,Navy Blue,0.00
ITEM-01226,ORD-01226,SKU-0367,1,1421.00,L,Black,0.00
ITEM-01227,ORD-01227,SKU-0384,1,689.00,XS,Maroon,0.00
ITEM-01228,ORD-01228,SKU-0375,1,443.00,XL,Navy Blue,0.00
ITEM-01229,ORD-01229,SKU-0273,1,678.00,S,navy,0.00
ITEM-01230,ORD-01230,SKU-0387,1,1016.00,XL,sage,0.00
ITEM-01231,ORD-01231,SKU-0344,1,631.00,XL,Terracotta,0.00
ITEM-01232,ORD-01232,SKU-0457,1,732.00,XS,mustard,0.00
ITEM-01233,ORD-01233,SKU-0086,1,1100.00,L,sage,0.00
ITEM-01234,ORD-01234,SKU-0475,1,493.00,XL,sage,0.00
ITEM-01235,ORD-01235,SKU-0363,1,772.00,M,Mustard Yellow,0.00
ITEM-01236,ORD-01236,SKU-0152,1,1080.00,M,rust,0.00
ITEM-01237,ORD-01237,SKU-0002,1,1499.00,XL,Maroon,0.00
ITEM-01238,ORD-01238,SKU-0437,1,1319.00,S,Terracotta,0.00
ITEM-01239,ORD-01239,SKU-0436,1,424.00,M,Indigo,0.00
ITEM-01240,ORD-01240,SKU-0205,1,1357.00,XS,NAVY_BLUE,0.00
ITEM-01241,ORD-01241,SKU-0178,1,1315.00,S,Sage Green,0.00
ITEM-01242,ORD-01242,SKU-0203,1,983.00,XL,mustard,0.00
ITEM-01243,ORD-01243,SKU-0282,1,1131.00,M,Navy Blue,0.00
ITEM-01244,ORD-01244,SKU-0172,1,974.00,XXL,sage,0.00
ITEM-01245,ORD-01245,SKU-0035,1,1337.00,S,Ivory,0.00
ITEM-01246,ORD-01246,SKU-0176,1,518.00,XL,Maroon,0.00
ITEM-01247,ORD-01247,SKU-0188,1,538.00,L,Mustard Yellow,0.00
ITEM-01248,ORD-01248,SKU-0164,1,1207.00,XS,rust,0.00
ITEM-01249,ORD-01249,SKU-0033,1,918.00,M,sage,0.00
ITEM-01250,ORD-01250,SKU-0114,1,585.00,XL,navy,0.00
ITEM-01251,ORD-01251,SKU-0356,1,535.00,XL,navy,0.00
ITEM-01252,ORD-01252,SKU-0277,1,1201.00,XS,sage,0.00
ITEM-01253,ORD-01253,SKU-0289,1,444.00,S,navy,0.00
ITEM-01254,ORD-01254,SKU-0262,1,593.00,XXL,Ivory,0.00
ITEM-01255,ORD-01255,SKU-0408,1,626.00,S,NAVY_BLUE,0.00
ITEM-01256,ORD-01256,SKU-0338,1,1059.00,L,Black,0.00
ITEM-01257,ORD-01257,SKU-0286,1,1122.00,XL,Mustard Yellow,0.00
ITEM-01258,ORD-01258,SKU-0298,1,771.00,XXL,Black,0.00
ITEM-01259,ORD-01259,SKU-0095,1,1481.00,XL,rust,0.00
ITEM-01260,ORD-01260,SKU-0005,1,889.00,XS,sage,0.00
ITEM-01261,ORD-01261,SKU-0221,1,974.00,XXL,Terracotta,0.00
ITEM-01262,ORD-01262,SKU-0296,1,1310.00,M,NAVY_BLUE,0.00
ITEM-01263,ORD-01263,SKU-0378,1,441.00,S,NAVY_BLUE,0.00
ITEM-01264,ORD-01264,SKU-0072,1,792.00,XXL,Mustard Yellow,0.00
ITEM-01265,ORD-01265,SKU-0189,1,1256.00,XL,Black,0.00
ITEM-01266,ORD-01266,SKU-0093,1,774.00,L,Sage Green,0.00
ITEM-01267,ORD-01267,SKU-0008,1,803.00,XXL,Navy Blue,0.00
ITEM-01268,ORD-01268,SKU-0053,1,452.00,S,Ivory,0.00
ITEM-01269,ORD-01269,SKU-0255,1,440.00,S,Black,0.00
ITEM-01270,ORD-01270,SKU-0179,1,1327.00,M,Maroon,0.00
ITEM-01271,ORD-01271,SKU-0080,1,1006.00,S,navy,0.00
ITEM-01272,ORD-01272,SKU-0307,1,1315.00,XL,maroon_red,0.00
ITEM-01273,ORD-01273,SKU-0040,1,400.00,M,mustard,0.00
ITEM-01274,ORD-01274,SKU-0062,1,1057.00,S,maroon_red,0.00
ITEM-01275,ORD-01275,SKU-0223,1,1120.00,S,Ivory,0.00
ITEM-01276,ORD-01276,SKU-0268,1,413.00,XS,navy,0.00
ITEM-01277,ORD-01277,SKU-0108,1,447.00,XL,Sage Green,0.00
ITEM-01278,ORD-01278,SKU-0479,1,754.00,XS,Black,0.00
ITEM-01279,ORD-01279,SKU-0162,1,886.00,XL,sage,0.00
ITEM-01280,ORD-01280,SKU-0133,1,589.00,XXL,Black,0.00
ITEM-01281,ORD-01281,SKU-0461,1,456.00,S,sage,0.00
ITEM-01282,ORD-01282,SKU-0288,1,1419.00,XS,Navy Blue,0.00
ITEM-01283,ORD-01283,SKU-0257,1,1086.00,S,Navy Blue,0.00
ITEM-01284,ORD-01284,SKU-0090,1,1174.00,XL,sage,0.00
ITEM-01285,ORD-01285,SKU-0432,1,1302.00,XL,Ivory,0.00
ITEM-01286,ORD-01286,SKU-0471,1,1008.00,M,rust,0.00
ITEM-01287,ORD-01287,SKU-0232,1,781.00,XXL,Black,0.00
ITEM-01288,ORD-01288,SKU-0308,1,531.00,M,Ivory,0.00
ITEM-01289,ORD-01289,SKU-0462,1,940.00,XXL,Maroon,0.00
ITEM-01290,ORD-01290,SKU-0451,1,489.00,S,Maroon,0.00
ITEM-01291,ORD-01291,SKU-0228,1,717.00,XL,Navy Blue,0.00
ITEM-01292,ORD-01292,SKU-0131,1,605.00,XS,sage,0.00
ITEM-01293,ORD-01293,SKU-0159,1,707.00,S,Sage Green,0.00
ITEM-01294,ORD-01294,SKU-0132,1,1413.00,XS,Terracotta,0.00
ITEM-01295,ORD-01295,SKU-0190,1,1410.00,M,Navy Blue,0.00
ITEM-01296,ORD-01296,SKU-0367,1,1421.00,L,Black,0.00
ITEM-01297,ORD-01297,SKU-0384,1,689.00,XXL,Maroon,0.00
ITEM-01298,ORD-01298,SKU-0375,1,443.00,M,Navy Blue,0.00
ITEM-01299,ORD-01299,SKU-0273,1,678.00,XXL,navy,0.00
ITEM-01300,ORD-01300,SKU-0387,1,1016.00,XS,sage,0.00
ITEM-01301,ORD-01301,SKU-0344,1,631.00,XS,Terracotta,0.00
ITEM-01302,ORD-01302,SKU-0457,1,732.00,XS,mustard,0.00
ITEM-01303,ORD-01303,SKU-0086,1,1100.00,XS,sage,0.00
ITEM-01304,ORD-01304,SKU-0475,1,493.00,XS,sage,0.00
ITEM-01305,ORD-01305,SKU-0363,1,772.00,L,Mustard Yellow,0.00
ITEM-01306,ORD-01306,SKU-0152,1,1080.00,L,rust,0.00
ITEM-01307,ORD-01307,SKU-0002,1,1499.00,XXL,Maroon,0.00
ITEM-01308,ORD-01308,SKU-0437,1,1319.00,M,Terracotta,0.00
ITEM-01309,ORD-01309,SKU-0436,1,424.00,XS,Indigo,0.00
ITEM-01310,ORD-01310,SKU-0205,1,1357.00,L,NAVY_BLUE,0.00
ITEM-01311,ORD-01311,SKU-0178,1,1315.00,XS,Sage Green,0.00
ITEM-01312,ORD-01312,SKU-0203,1,983.00,XXL,mustard,0.00
ITEM-01313,ORD-01313,SKU-0282,1,1131.00,XXL,Navy Blue,0.00
ITEM-01314,ORD-01314,SKU-0172,1,974.00,M,sage,0.00
ITEM-01315,ORD-01315,SKU-0035,1,1337.00,XS,Ivory,0.00
ITEM-01316,ORD-01316,SKU-0176,1,518.00,XL,Maroon,0.00
ITEM-01317,ORD-01317,SKU-0188,1,538.00,XXL,Mustard Yellow,0.00
ITEM-01318,ORD-01318,SKU-0164,1,1207.00,XL,rust,0.00
ITEM-01319,ORD-01319,SKU-0033,1,918.00,XL,sage,0.00
ITEM-01320,ORD-01320,SKU-0114,1,585.00,M,navy,0.00
ITEM-01321,ORD-01321,SKU-0356,1,535.00,L,navy,0.00
ITEM-01322,ORD-01322,SKU-0277,1,1201.00,XL,sage,0.00
ITEM-01323,ORD-01323,SKU-0289,1,444.00,L,navy,0.00
ITEM-01324,ORD-01324,SKU-0262,1,593.00,S,Ivory,0.00
ITEM-01325,ORD-01325,SKU-0408,1,626.00,XXL,NAVY_BLUE,0.00
ITEM-01326,ORD-01326,SKU-0338,1,1059.00,S,Black,0.00
ITEM-01327,ORD-01327,SKU-0286,1,1122.00,XXL,Mustard Yellow,0.00
ITEM-01328,ORD-01328,SKU-0298,1,771.00,XL,Black,0.00
ITEM-01329,ORD-01329,SKU-0095,1,1481.00,L,rust,0.00
ITEM-01330,ORD-01330,SKU-0005,1,889.00,M,sage,0.00
ITEM-01331,ORD-01331,SKU-0221,1,974.00,L,Terracotta,0.00
ITEM-01332,ORD-01332,SKU-0296,1,1310.00,XS,NAVY_BLUE,0.00
ITEM-01333,ORD-01333,SKU-0378,1,441.00,S,NAVY_BLUE,0.00
ITEM-01334,ORD-01334,SKU-0072,1,792.00,XS,Mustard Yellow,0.00
ITEM-01335,ORD-01335,SKU-0189,1,1256.00,M,Black,0.00
ITEM-01336,ORD-01336,SKU-0093,1,774.00,L,Sage Green,0.00
ITEM-01337,ORD-01337,SKU-0008,1,803.00,M,Navy Blue,0.00
ITEM-01338,ORD-01338,SKU-0053,1,452.00,XL,Ivory,0.00
ITEM-01339,ORD-01339,SKU-0255,1,440.00,XS,Black,0.00
ITEM-01340,ORD-01340,SKU-0179,1,1327.00,XL,Maroon,0.00
ITEM-01341,ORD-01341,SKU-0080,1,1006.00,L,navy,0.00
ITEM-01342,ORD-01342,SKU-0307,1,1315.00,M,maroon_red,0.00
ITEM-01343,ORD-01343,SKU-0040,1,400.00,S,mustard,0.00
ITEM-01344,ORD-01344,SKU-0062,1,1057.00,XS,maroon_red,0.00
ITEM-01345,ORD-01345,SKU-0223,1,1120.00,XS,Ivory,0.00
ITEM-01346,ORD-01346,SKU-0268,1,413.00,XS,navy,0.00
ITEM-01347,ORD-01347,SKU-0108,1,447.00,M,Sage Green,0.00
ITEM-01348,ORD-01348,SKU-0479,1,754.00,XS,Black,0.00
ITEM-01349,ORD-01349,SKU-0162,1,886.00,XL,sage,0.00
ITEM-01350,ORD-01350,SKU-0133,1,589.00,M,Black,0.00
ITEM-01351,ORD-01351,SKU-0461,1,456.00,XS,sage,0.00
ITEM-01352,ORD-01352,SKU-0288,1,1419.00,XL,Navy Blue,0.00
ITEM-01353,ORD-01353,SKU-0257,1,1086.00,XXL,Navy Blue,0.00
ITEM-01354,ORD-01354,SKU-0090,1,1174.00,M,sage,0.00
ITEM-01355,ORD-01355,SKU-0432,1,1302.00,S,Ivory,0.00
ITEM-01356,ORD-01356,SKU-0471,1,1008.00,S,rust,0.00
ITEM-01357,ORD-01357,SKU-0232,1,781.00,XXL,Black,0.00
ITEM-01358,ORD-01358,SKU-0308,1,531.00,M,Ivory,0.00
ITEM-01359,ORD-01359,SKU-0462,1,940.00,XXL,Maroon,0.00
ITEM-01360,ORD-01360,SKU-0451,1,489.00,M,Maroon,0.00
ITEM-01361,ORD-01361,SKU-0228,1,717.00,M,Navy Blue,0.00
ITEM-01362,ORD-01362,SKU-0131,1,605.00,S,sage,0.00
ITEM-01363,ORD-01363,SKU-0159,1,707.00,M,Sage Green,0.00
ITEM-01364,ORD-01364,SKU-0132,1,1413.00,M,Terracotta,0.00
ITEM-01365,ORD-01365,SKU-0190,1,1410.00,XL,Navy Blue,0.00
ITEM-01366,ORD-01366,SKU-0367,1,1421.00,L,Black,0.00
ITEM-01367,ORD-01367,SKU-0384,1,689.00,M,Maroon,0.00
ITEM-01368,ORD-01368,SKU-0375,1,443.00,S,Navy Blue,0.00
ITEM-01369,ORD-01369,SKU-0273,1,678.00,XL,navy,0.00
ITEM-01370,ORD-01370,SKU-0387,1,1016.00,M,sage,0.00
ITEM-01371,ORD-01371,SKU-0344,1,631.00,XL,Terracotta,0.00
ITEM-01372,ORD-01372,SKU-0457,1,732.00,XS,mustard,0.00
ITEM-01373,ORD-01373,SKU-0086,1,1100.00,L,sage,0.00
ITEM-01374,ORD-01374,SKU-0475,1,493.00,M,sage,0.00
ITEM-01375,ORD-01375,SKU-0363,1,772.00,XS,Mustard Yellow,0.00
ITEM-01376,ORD-01376,SKU-0152,1,1080.00,L,rust,0.00
ITEM-01377,ORD-01377,SKU-0002,1,1499.00,L,Maroon,0.00
ITEM-01378,ORD-01378,SKU-0437,1,1319.00,L,Terracotta,0.00
ITEM-01379,ORD-01379,SKU-0436,1,424.00,XXL,Indigo,0.00
ITEM-01380,ORD-01380,SKU-0205,1,1357.00,XXL,NAVY_BLUE,0.00
ITEM-01381,ORD-01381,SKU-0178,1,1315.00,XL,Sage Green,0.00
ITEM-01382,ORD-01382,SKU-0203,1,983.00,XS,mustard,0.00
ITEM-01383,ORD-01383,SKU-0282,1,1131.00,XL,Navy Blue,0.00
ITEM-01384,ORD-01384,SKU-0172,1,974.00,L,sage,0.00
ITEM-01385,ORD-01385,SKU-0035,1,1337.00,XL,Ivory,0.00
ITEM-01386,ORD-01386,SKU-0176,1,518.00,XS,Maroon,0.00
ITEM-01387,ORD-01387,SKU-0188,1,538.00,XL,Mustard Yellow,0.00
ITEM-01388,ORD-01388,SKU-0164,1,1207.00,XXL,rust,0.00
ITEM-01389,ORD-01389,SKU-0033,1,918.00,S,sage,0.00
ITEM-01390,ORD-01390,SKU-0114,1,585.00,L,navy,0.00
ITEM-01391,ORD-01391,SKU-0356,1,535.00,M,navy,0.00
ITEM-01392,ORD-01392,SKU-0277,1,1201.00,XS,sage,0.00
ITEM-01393,ORD-01393,SKU-0289,1,444.00,S,navy,0.00
ITEM-01394,ORD-01394,SKU-0262,1,593.00,S,Ivory,0.00
ITEM-01395,ORD-01395,SKU-0408,1,626.00,L,NAVY_BLUE,0.00
ITEM-01396,ORD-01396,SKU-0338,1,1059.00,L,Black,0.00
ITEM-01397,ORD-01397,SKU-0286,1,1122.00,XS,Mustard Yellow,0.00
ITEM-01398,ORD-01398,SKU-0298,1,771.00,XXL,Black,0.00
ITEM-01399,ORD-01399,SKU-0095,1,1481.00,XS,rust,0.00
ITEM-01400,ORD-01400,SKU-0005,1,889.00,L,sage,0.00
ITEM-01401,ORD-01401,SKU-0221,1,974.00,XXL,Terracotta,0.00
ITEM-01402,ORD-01402,SKU-0296,1,1310.00,XS,NAVY_BLUE,0.00
ITEM-01403,ORD-01403,SKU-0378,1,441.00,XL,NAVY_BLUE,0.00
ITEM-01404,ORD-01404,SKU-0072,1,792.00,XL,Mustard Yellow,0.00
ITEM-01405,ORD-01405,SKU-0189,1,1256.00,M,Black,0.00
ITEM-01406,ORD-01406,SKU-0093,1,774.00,L,Sage Green,0.00
ITEM-01407,ORD-01407,SKU-0008,1,803.00,S,Navy Blue,0.00
ITEM-01408,ORD-01408,SKU-0053,1,452.00,XL,Ivory,0.00
ITEM-01409,ORD-01409,SKU-0255,1,440.00,XS,Black,0.00
ITEM-01410,ORD-01410,SKU-0179,1,1327.00,S,Maroon,0.00
ITEM-01411,ORD-01411,SKU-0080,1,1006.00,XXL,navy,0.00
ITEM-01412,ORD-01412,SKU-0307,1,1315.00,S,maroon_red,0.00
ITEM-01413,ORD-01413,SKU-0040,1,400.00,S,mustard,0.00
ITEM-01414,ORD-01414,SKU-0062,1,1057.00,M,maroon_red,0.00
ITEM-01415,ORD-01415,SKU-0223,1,1120.00,XL,Ivory,0.00
ITEM-01416,ORD-01416,SKU-0268,1,413.00,M,navy,0.00
ITEM-01417,ORD-01417,SKU-0108,1,447.00,XL,Sage Green,0.00
ITEM-01418,ORD-01418,SKU-0479,1,754.00,XL,Black,0.00
ITEM-01419,ORD-01419,SKU-0162,1,886.00,L,sage,0.00
ITEM-01420,ORD-01420,SKU-0133,1,589.00,M,Black,0.00
ITEM-01421,ORD-01421,SKU-0461,1,456.00,L,sage,0.00
ITEM-01422,ORD-01422,SKU-0288,1,1419.00,XL,Navy Blue,0.00
ITEM-01423,ORD-01423,SKU-0257,1,1086.00,XL,Navy Blue,0.00
ITEM-01424,ORD-01424,SKU-0090,1,1174.00,S,sage,0.00
ITEM-01425,ORD-01425,SKU-0432,1,1302.00,XS,Ivory,0.00
ITEM-01426,ORD-01426,SKU-0471,1,1008.00,XL,rust,0.00
ITEM-01427,ORD-01427,SKU-0232,1,781.00,XL,Black,0.00
ITEM-01428,ORD-01428,SKU-0308,1,531.00,L,Ivory,0.00
ITEM-01429,ORD-01429,SKU-0462,1,940.00,XL,Maroon,0.00
ITEM-01430,ORD-01430,SKU-0451,1,489.00,S,Maroon,0.00
ITEM-01431,ORD-01431,SKU-0228,1,717.00,L,Navy Blue,0.00
ITEM-01432,ORD-01432,SKU-0131,1,605.00,XXL,sage,0.00
ITEM-01433,ORD-01433,SKU-0159,1,707.00,S,Sage Green,0.00
ITEM-01434,ORD-01434,SKU-0132,1,1413.00,XS,Terracotta,0.00
ITEM-01435,ORD-01435,SKU-0190,1,1410.00,L,Navy Blue,0.00
ITEM-01436,ORD-01436,SKU-0367,1,1421.00,M,Black,0.00
ITEM-01437,ORD-01437,SKU-0384,1,689.00,M,Maroon,0.00
ITEM-01438,ORD-01438,SKU-0375,1,443.00,L,Navy Blue,0.00
ITEM-01439,ORD-01439,SKU-0273,1,678.00,XXL,navy,0.00
ITEM-01440,ORD-01440,SKU-0387,1,1016.00,XL,sage,0.00
ITEM-01441,ORD-01441,SKU-0344,1,631.00,XL,Terracotta,0.00
ITEM-01442,ORD-01442,SKU-0457,1,732.00,XL,mustard,0.00
ITEM-01443,ORD-01443,SKU-0086,1,1100.00,XXL,sage,0.00
ITEM-01444,ORD-01444,SKU-0475,1,493.00,S,sage,0.00
ITEM-01445,ORD-01445,SKU-0363,1,772.00,XS,Mustard Yellow,0.00
ITEM-01446,ORD-01446,SKU-0152,1,1080.00,XXL,rust,0.00
ITEM-01447,ORD-01447,SKU-0002,1,1499.00,XS,Maroon,0.00
ITEM-01448,ORD-01448,SKU-0437,1,1319.00,S,Terracotta,0.00
ITEM-01449,ORD-01449,SKU-0436,1,424.00,S,Indigo,0.00
ITEM-01450,ORD-01450,SKU-0205,1,1357.00,XXL,NAVY_BLUE,0.00
ITEM-01451,ORD-01451,SKU-0178,1,1315.00,XL,Sage Green,0.00
ITEM-01452,ORD-01452,SKU-0203,1,983.00,XL,mustard,0.00
ITEM-01453,ORD-01453,SKU-0282,1,1131.00,M,Navy Blue,0.00
ITEM-01454,ORD-01454,SKU-0172,1,974.00,XL,sage,0.00
ITEM-01455,ORD-01455,SKU-0035,1,1337.00,XL,Ivory,0.00
ITEM-01456,ORD-01456,SKU-0176,1,518.00,S,Maroon,0.00
ITEM-01457,ORD-01457,SKU-0188,1,538.00,XXL,Mustard Yellow,0.00
ITEM-01458,ORD-01458,SKU-0164,1,1207.00,XS,rust,0.00
ITEM-01459,ORD-01459,SKU-0033,1,918.00,XXL,sage,0.00
ITEM-01460,ORD-01460,SKU-0114,1,585.00,XXL,navy,0.00
ITEM-01461,ORD-01461,SKU-0356,1,535.00,XXL,navy,0.00
ITEM-01462,ORD-01462,SKU-0277,1,1201.00,XS,sage,0.00
ITEM-01463,ORD-01463,SKU-0289,1,444.00,XXL,navy,0.00
ITEM-01464,ORD-01464,SKU-0262,1,593.00,XXL,Ivory,0.00
ITEM-01465,ORD-01465,SKU-0408,1,626.00,M,NAVY_BLUE,0.00
ITEM-01466,ORD-01466,SKU-0338,1,1059.00,S,Black,0.00
ITEM-01467,ORD-01467,SKU-0286,1,1122.00,M,Mustard Yellow,0.00
ITEM-01468,ORD-01468,SKU-0298,1,771.00,XL,Black,0.00
ITEM-01469,ORD-01469,SKU-0095,1,1481.00,S,rust,0.00
ITEM-01470,ORD-01470,SKU-0005,1,889.00,XS,sage,0.00
ITEM-01471,ORD-01471,SKU-0221,1,974.00,M,Terracotta,0.00
ITEM-01472,ORD-01472,SKU-0296,1,1310.00,XL,NAVY_BLUE,0.00
ITEM-01473,ORD-01473,SKU-0378,1,441.00,S,NAVY_BLUE,0.00
ITEM-01474,ORD-01474,SKU-0072,1,792.00,XXL,Mustard Yellow,0.00
ITEM-01475,ORD-01475,SKU-0189,1,1256.00,XL,Black,0.00
ITEM-01476,ORD-01476,SKU-0093,1,774.00,M,Sage Green,0.00
ITEM-01477,ORD-01477,SKU-0008,1,803.00,XL,Navy Blue,0.00
ITEM-01478,ORD-01478,SKU-0053,1,452.00,XXL,Ivory,0.00
ITEM-01479,ORD-01479,SKU-0255,1,440.00,XS,Black,0.00
ITEM-01480,ORD-01480,SKU-0179,1,1327.00,S,Maroon,0.00
ITEM-01481,ORD-01481,SKU-0080,1,1006.00,M,navy,0.00
ITEM-01482,ORD-01482,SKU-0307,1,1315.00,XL,maroon_red,0.00
ITEM-01483,ORD-01483,SKU-0040,1,400.00,XXL,mustard,0.00
ITEM-01484,ORD-01484,SKU-0062,1,1057.00,XXL,maroon_red,0.00
ITEM-01485,ORD-01485,SKU-0223,1,1120.00,XL,Ivory,0.00
ITEM-01486,ORD-01486,SKU-0268,1,413.00,L,navy,0.00
ITEM-01487,ORD-01487,SKU-0108,1,447.00,XS,Sage Green,0.00
ITEM-01488,ORD-01488,SKU-0479,1,754.00,XS,Black,0.00
ITEM-01489,ORD-01489,SKU-0162,1,886.00,S,sage,0.00
ITEM-01490,ORD-01490,SKU-0133,1,589.00,XS,Black,0.00
ITEM-01491,ORD-01491,SKU-0461,1,456.00,XXL,sage,0.00
ITEM-01492,ORD-01492,SKU-0288,1,1419.00,XXL,Navy Blue,0.00
ITEM-01493,ORD-01493,SKU-0257,1,1086.00,XXL,Navy Blue,0.00
ITEM-01494,ORD-01494,SKU-0090,1,1174.00,M,sage,0.00
ITEM-01495,ORD-01495,SKU-0432,1,1302.00,XXL,Ivory,0.00
ITEM-01496,ORD-01496,SKU-0471,1,1008.00,L,rust,0.00
ITEM-01497,ORD-01497,SKU-0232,1,781.00,XXL,Black,0.00
ITEM-01498,ORD-01498,SKU-0308,1,531.00,L,Ivory,0.00
ITEM-01499,ORD-01499,SKU-0462,1,940.00,M,Maroon,0.00
ITEM-01500,ORD-01500,SKU-0451,1,489.00,L,Maroon,0.00
ITEM-01501,ORD-01501,SKU-0228,1,717.00,L,Navy Blue,0.00
ITEM-01502,ORD-01502,SKU-0131,1,605.00,M,sage,0.00
ITEM-01503,ORD-01503,SKU-0159,1,707.00,M,Sage Green,0.00
ITEM-01504,ORD-01504,SKU-0132,1,1413.00,M,Terracotta,0.00
ITEM-01505,ORD-01505,SKU-0190,1,1410.00,XL,Navy Blue,0.00
ITEM-01506,ORD-01506,SKU-0367,1,1421.00,L,Black,0.00
ITEM-01507,ORD-01507,SKU-0384,1,689.00,S,Maroon,0.00
ITEM-01508,ORD-01508,SKU-0375,1,443.00,XS,Navy Blue,0.00
ITEM-01509,ORD-01509,SKU-0273,1,678.00,XXL,navy,0.00
ITEM-01510,ORD-01510,SKU-0387,1,1016.00,L,sage,0.00
ITEM-01511,ORD-01511,SKU-0344,1,631.00,XXL,Terracotta,0.00
ITEM-01512,ORD-01512,SKU-0457,1,732.00,S,mustard,0.00
ITEM-01513,ORD-01513,SKU-0086,1,1100.00,L,sage,0.00
ITEM-01514,ORD-01514,SKU-0475,1,493.00,M,sage,0.00
ITEM-01515,ORD-01515,SKU-0363,1,772.00,XS,Mustard Yellow,0.00
ITEM-01516,ORD-01516,SKU-0152,1,1080.00,M,rust,0.00
ITEM-01517,ORD-01517,SKU-0002,1,1499.00,XL,Maroon,0.00
ITEM-01518,ORD-01518,SKU-0437,1,1319.00,XL,Terracotta,0.00
ITEM-01519,ORD-01519,SKU-0436,1,424.00,XXL,Indigo,0.00
ITEM-01520,ORD-01520,SKU-0205,1,1357.00,XS,NAVY_BLUE,0.00
ITEM-01521,ORD-01521,SKU-0178,1,1315.00,XXL,Sage Green,0.00
ITEM-01522,ORD-01522,SKU-0203,1,983.00,L,mustard,0.00
ITEM-01523,ORD-01523,SKU-0282,1,1131.00,L,Navy Blue,0.00
ITEM-01524,ORD-01524,SKU-0172,1,974.00,XS,sage,0.00
ITEM-01525,ORD-01525,SKU-0035,1,1337.00,XS,Ivory,0.00
ITEM-01526,ORD-01526,SKU-0176,1,518.00,L,Maroon,0.00
ITEM-01527,ORD-01527,SKU-0188,1,538.00,L,Mustard Yellow,0.00
ITEM-01528,ORD-01528,SKU-0164,1,1207.00,XXL,rust,0.00
ITEM-01529,ORD-01529,SKU-0033,1,918.00,XL,sage,0.00
ITEM-01530,ORD-01530,SKU-0114,1,585.00,M,navy,0.00
ITEM-01531,ORD-01531,SKU-0356,1,535.00,XS,navy,0.00
ITEM-01532,ORD-01532,SKU-0277,1,1201.00,M,sage,0.00
ITEM-01533,ORD-01533,SKU-0289,1,444.00,M,navy,0.00
ITEM-01534,ORD-01534,SKU-0262,1,593.00,S,Ivory,0.00
ITEM-01535,ORD-01535,SKU-0408,1,626.00,M,NAVY_BLUE,0.00
ITEM-01536,ORD-01536,SKU-0338,1,1059.00,XS,Black,0.00
ITEM-01537,ORD-01537,SKU-0286,1,1122.00,L,Mustard Yellow,0.00
ITEM-01538,ORD-01538,SKU-0298,1,771.00,XL,Black,0.00
ITEM-01539,ORD-01539,SKU-0095,1,1481.00,S,rust,0.00
ITEM-01540,ORD-01540,SKU-0005,1,889.00,M,sage,0.00
ITEM-01541,ORD-01541,SKU-0221,1,974.00,XXL,Terracotta,0.00
ITEM-01542,ORD-01542,SKU-0296,1,1310.00,L,NAVY_BLUE,0.00
ITEM-01543,ORD-01543,SKU-0378,1,441.00,L,NAVY_BLUE,0.00
ITEM-01544,ORD-01544,SKU-0072,1,792.00,XXL,Mustard Yellow,0.00
ITEM-01545,ORD-01545,SKU-0189,1,1256.00,M,Black,0.00
ITEM-01546,ORD-01546,SKU-0093,1,774.00,XL,Sage Green,0.00
ITEM-01547,ORD-01547,SKU-0008,1,803.00,M,Navy Blue,0.00
ITEM-01548,ORD-01548,SKU-0053,1,452.00,XXL,Ivory,0.00
ITEM-01549,ORD-01549,SKU-0255,1,440.00,L,Black,0.00
ITEM-01550,ORD-01550,SKU-0179,1,1327.00,L,Maroon,0.00
ITEM-01551,ORD-01551,SKU-0080,1,1006.00,XL,navy,0.00
ITEM-01552,ORD-01552,SKU-0307,1,1315.00,XS,maroon_red,0.00
ITEM-01553,ORD-01553,SKU-0040,1,400.00,S,mustard,0.00
ITEM-01554,ORD-01554,SKU-0062,1,1057.00,XXL,maroon_red,0.00
ITEM-01555,ORD-01555,SKU-0223,1,1120.00,S,Ivory,0.00
ITEM-01556,ORD-01556,SKU-0268,1,413.00,XL,navy,0.00
ITEM-01557,ORD-01557,SKU-0108,1,447.00,M,Sage Green,0.00
ITEM-01558,ORD-01558,SKU-0479,1,754.00,M,Black,0.00
ITEM-01559,ORD-01559,SKU-0162,1,886.00,S,sage,0.00
ITEM-01560,ORD-01560,SKU-0133,1,589.00,S,Black,0.00
ITEM-01561,ORD-01561,SKU-0461,1,456.00,S,sage,0.00
ITEM-01562,ORD-01562,SKU-0288,1,1419.00,XXL,Navy Blue,0.00
ITEM-01563,ORD-01563,SKU-0257,1,1086.00,XXL,Navy Blue,0.00
ITEM-01564,ORD-01564,SKU-0090,1,1174.00,S,sage,0.00
ITEM-01565,ORD-01565,SKU-0432,1,1302.00,XL,Ivory,0.00
ITEM-01566,ORD-01566,SKU-0471,1,1008.00,S,rust,0.00
ITEM-01567,ORD-01567,SKU-0232,1,781.00,L,Black,0.00
ITEM-01568,ORD-01568,SKU-0308,1,531.00,M,Ivory,0.00
ITEM-01569,ORD-01569,SKU-0462,1,940.00,S,Maroon,0.00
ITEM-01570,ORD-01570,SKU-0451,1,489.00,XS,Maroon,0.00
ITEM-01571,ORD-01571,SKU-0228,1,717.00,L,Navy Blue,0.00
ITEM-01572,ORD-01572,SKU-0131,1,605.00,XS,sage,0.00
ITEM-01573,ORD-01573,SKU-0159,1,707.00,L,Sage Green,0.00
ITEM-01574,ORD-01574,SKU-0132,1,1413.00,M,Terracotta,0.00
ITEM-01575,ORD-01575,SKU-0190,1,1410.00,M,Navy Blue,0.00
ITEM-01576,ORD-01576,SKU-0367,1,1421.00,XL,Black,0.00
ITEM-01577,ORD-01577,SKU-0384,1,689.00,XS,Maroon,0.00
ITEM-01578,ORD-01578,SKU-0375,1,443.00,L,Navy Blue,0.00
ITEM-01579,ORD-01579,SKU-0273,1,678.00,XL,navy,0.00
ITEM-01580,ORD-01580,SKU-0387,1,1016.00,XL,sage,0.00
ITEM-01581,ORD-01581,SKU-0344,1,631.00,XL,Terracotta,0.00
ITEM-01582,ORD-01582,SKU-0457,1,732.00,XS,mustard,0.00
ITEM-01583,ORD-01583,SKU-0086,1,1100.00,M,sage,0.00
ITEM-01584,ORD-01584,SKU-0475,1,493.00,XS,sage,0.00
ITEM-01585,ORD-01585,SKU-0363,1,772.00,S,Mustard Yellow,0.00
ITEM-01586,ORD-01586,SKU-0152,1,1080.00,XXL,rust,0.00
ITEM-01587,ORD-01587,SKU-0002,1,1499.00,L,Maroon,0.00
ITEM-01588,ORD-01588,SKU-0437,1,1319.00,XS,Terracotta,0.00
ITEM-01589,ORD-01589,SKU-0436,1,424.00,M,Indigo,0.00
ITEM-01590,ORD-01590,SKU-0205,1,1357.00,L,NAVY_BLUE,0.00
ITEM-01591,ORD-01591,SKU-0178,1,1315.00,XS,Sage Green,0.00
ITEM-01592,ORD-01592,SKU-0203,1,983.00,L,mustard,0.00
ITEM-01593,ORD-01593,SKU-0282,1,1131.00,S,Navy Blue,0.00
ITEM-01594,ORD-01594,SKU-0172,1,974.00,XL,sage,0.00
ITEM-01595,ORD-01595,SKU-0035,1,1337.00,L,Ivory,0.00
ITEM-01596,ORD-01596,SKU-0176,1,518.00,XS,Maroon,0.00
ITEM-01597,ORD-01597,SKU-0188,1,538.00,XXL,Mustard Yellow,0.00
ITEM-01598,ORD-01598,SKU-0164,1,1207.00,XS,rust,0.00
ITEM-01599,ORD-01599,SKU-0033,1,918.00,M,sage,0.00
ITEM-01600,ORD-01600,SKU-0114,1,585.00,L,navy,0.00
ITEM-01601,ORD-01601,SKU-0356,1,535.00,XS,navy,0.00
ITEM-01602,ORD-01602,SKU-0277,1,1201.00,XL,sage,0.00
ITEM-01603,ORD-01603,SKU-0289,1,444.00,XS,navy,0.00
ITEM-01604,ORD-01604,SKU-0262,1,593.00,XXL,Ivory,0.00
ITEM-01605,ORD-01605,SKU-0408,1,626.00,M,NAVY_BLUE,0.00
ITEM-01606,ORD-01606,SKU-0338,1,1059.00,S,Black,0.00
ITEM-01607,ORD-01607,SKU-0286,1,1122.00,XS,Mustard Yellow,0.00
ITEM-01608,ORD-01608,SKU-0298,1,771.00,XS,Black,0.00
ITEM-01609,ORD-01609,SKU-0095,1,1481.00,XL,rust,0.00
ITEM-01610,ORD-01610,SKU-0005,1,889.00,XS,sage,0.00
ITEM-01611,ORD-01611,SKU-0221,1,974.00,XXL,Terracotta,0.00
ITEM-01612,ORD-01612,SKU-0296,1,1310.00,L,NAVY_BLUE,0.00
ITEM-01613,ORD-01613,SKU-0378,1,441.00,XL,NAVY_BLUE,0.00
ITEM-01614,ORD-01614,SKU-0072,1,792.00,M,Mustard Yellow,0.00
ITEM-01615,ORD-01615,SKU-0189,1,1256.00,XL,Black,0.00
ITEM-01616,ORD-01616,SKU-0093,1,774.00,XXL,Sage Green,0.00
ITEM-01617,ORD-01617,SKU-0008,1,803.00,M,Navy Blue,0.00
ITEM-01618,ORD-01618,SKU-0053,1,452.00,XXL,Ivory,0.00
ITEM-01619,ORD-01619,SKU-0255,1,440.00,S,Black,0.00
ITEM-01620,ORD-01620,SKU-0179,1,1327.00,XS,Maroon,0.00
ITEM-01621,ORD-01621,SKU-0080,1,1006.00,L,navy,0.00
ITEM-01622,ORD-01622,SKU-0307,1,1315.00,M,maroon_red,0.00
ITEM-01623,ORD-01623,SKU-0040,1,400.00,XXL,mustard,0.00
ITEM-01624,ORD-01624,SKU-0062,1,1057.00,XS,maroon_red,0.00
ITEM-01625,ORD-01625,SKU-0223,1,1120.00,S,Ivory,0.00
ITEM-01626,ORD-01626,SKU-0268,1,413.00,XS,navy,0.00
ITEM-01627,ORD-01627,SKU-0108,1,447.00,S,Sage Green,0.00
ITEM-01628,ORD-01628,SKU-0479,1,754.00,M,Black,0.00
ITEM-01629,ORD-01629,SKU-0162,1,886.00,XS,sage,0.00
ITEM-01630,ORD-01630,SKU-0133,1,589.00,S,Black,0.00
ITEM-01631,ORD-01631,SKU-0461,1,456.00,S,sage,0.00
ITEM-01632,ORD-01632,SKU-0288,1,1419.00,XXL,Navy Blue,0.00
ITEM-01633,ORD-01633,SKU-0257,1,1086.00,L,Navy Blue,0.00
ITEM-01634,ORD-01634,SKU-0090,1,1174.00,XXL,sage,0.00
ITEM-01635,ORD-01635,SKU-0432,1,1302.00,M,Ivory,0.00
ITEM-01636,ORD-01636,SKU-0471,1,1008.00,S,rust,0.00
ITEM-01637,ORD-01637,SKU-0232,1,781.00,L,Black,0.00
ITEM-01638,ORD-01638,SKU-0308,1,531.00,XXL,Ivory,0.00
ITEM-01639,ORD-01639,SKU-0462,1,940.00,XL,Maroon,0.00
ITEM-01640,ORD-01640,SKU-0451,1,489.00,L,Maroon,0.00
ITEM-01641,ORD-01641,SKU-0228,1,717.00,M,Navy Blue,0.00
ITEM-01642,ORD-01642,SKU-0131,1,605.00,XS,sage,0.00
ITEM-01643,ORD-01643,SKU-0159,1,707.00,XS,Sage Green,0.00
ITEM-01644,ORD-01644,SKU-0132,1,1413.00,M,Terracotta,0.00
ITEM-01645,ORD-01645,SKU-0190,1,1410.00,XS,Navy Blue,0.00
ITEM-01646,ORD-01646,SKU-0367,1,1421.00,S,Black,0.00
ITEM-01647,ORD-01647,SKU-0384,1,689.00,L,Maroon,0.00
ITEM-01648,ORD-01648,SKU-0375,1,443.00,L,Navy Blue,0.00
ITEM-01649,ORD-01649,SKU-0273,1,678.00,XXL,navy,0.00
ITEM-01650,ORD-01650,SKU-0387,1,1016.00,XXL,sage,0.00
ITEM-01651,ORD-01651,SKU-0344,1,631.00,XXL,Terracotta,0.00
ITEM-01652,ORD-01652,SKU-0457,1,732.00,M,mustard,0.00
ITEM-01653,ORD-01653,SKU-0086,1,1100.00,XS,sage,0.00
ITEM-01654,ORD-01654,SKU-0475,1,493.00,L,sage,0.00
ITEM-01655,ORD-01655,SKU-0363,1,772.00,M,Mustard Yellow,0.00
ITEM-01656,ORD-01656,SKU-0152,1,1080.00,XL,rust,0.00
ITEM-01657,ORD-01657,SKU-0002,1,1499.00,S,Maroon,0.00
ITEM-01658,ORD-01658,SKU-0437,1,1319.00,XXL,Terracotta,0.00
ITEM-01659,ORD-01659,SKU-0436,1,424.00,XL,Indigo,0.00
ITEM-01660,ORD-01660,SKU-0205,1,1357.00,L,NAVY_BLUE,0.00
ITEM-01661,ORD-01661,SKU-0178,1,1315.00,L,Sage Green,0.00
ITEM-01662,ORD-01662,SKU-0203,1,983.00,L,mustard,0.00
ITEM-01663,ORD-01663,SKU-0282,1,1131.00,XS,Navy Blue,0.00
ITEM-01664,ORD-01664,SKU-0172,1,974.00,S,sage,0.00
ITEM-01665,ORD-01665,SKU-0035,1,1337.00,XXL,Ivory,0.00
ITEM-01666,ORD-01666,SKU-0176,1,518.00,L,Maroon,0.00
ITEM-01667,ORD-01667,SKU-0188,1,538.00,M,Mustard Yellow,0.00
ITEM-01668,ORD-01668,SKU-0164,1,1207.00,M,rust,0.00
ITEM-01669,ORD-01669,SKU-0033,1,918.00,XS,sage,0.00
ITEM-01670,ORD-01670,SKU-0114,1,585.00,XS,navy,0.00
ITEM-01671,ORD-01671,SKU-0356,1,535.00,XS,navy,0.00
ITEM-01672,ORD-01672,SKU-0277,1,1201.00,S,sage,0.00
ITEM-01673,ORD-01673,SKU-0289,1,444.00,S,navy,0.00
ITEM-01674,ORD-01674,SKU-0262,1,593.00,S,Ivory,0.00
ITEM-01675,ORD-01675,SKU-0408,1,626.00,XXL,NAVY_BLUE,0.00
ITEM-01676,ORD-01676,SKU-0338,1,1059.00,XL,Black,0.00
ITEM-01677,ORD-01677,SKU-0286,1,1122.00,S,Mustard Yellow,0.00
ITEM-01678,ORD-01678,SKU-0298,1,771.00,XL,Black,0.00
ITEM-01679,ORD-01679,SKU-0095,1,1481.00,M,rust,0.00
ITEM-01680,ORD-01680,SKU-0005,1,889.00,XL,sage,0.00
ITEM-01681,ORD-01681,SKU-0221,1,974.00,XXL,Terracotta,0.00
ITEM-01682,ORD-01682,SKU-0296,1,1310.00,S,NAVY_BLUE,0.00
ITEM-01683,ORD-01683,SKU-0378,1,441.00,XXL,NAVY_BLUE,0.00
ITEM-01684,ORD-01684,SKU-0072,1,792.00,XS,Mustard Yellow,0.00
ITEM-01685,ORD-01685,SKU-0189,1,1256.00,XS,Black,0.00
ITEM-01686,ORD-01686,SKU-0093,1,774.00,XL,Sage Green,0.00
ITEM-01687,ORD-01687,SKU-0008,1,803.00,XS,Navy Blue,0.00
ITEM-01688,ORD-01688,SKU-0053,1,452.00,L,Ivory,0.00
ITEM-01689,ORD-01689,SKU-0255,1,440.00,L,Black,0.00
ITEM-01690,ORD-01690,SKU-0179,1,1327.00,XL,Maroon,0.00
ITEM-01691,ORD-01691,SKU-0080,1,1006.00,S,navy,0.00
ITEM-01692,ORD-01692,SKU-0307,1,1315.00,XS,maroon_red,0.00
ITEM-01693,ORD-01693,SKU-0040,1,400.00,L,mustard,0.00
ITEM-01694,ORD-01694,SKU-0062,1,1057.00,XL,maroon_red,0.00
ITEM-01695,ORD-01695,SKU-0223,1,1120.00,L,Ivory,0.00
ITEM-01696,ORD-01696,SKU-0268,1,413.00,L,navy,0.00
ITEM-01697,ORD-01697,SKU-0108,1,447.00,L,Sage Green,0.00
ITEM-01698,ORD-01698,SKU-0479,1,754.00,L,Black,0.00
ITEM-01699,ORD-01699,SKU-0162,1,886.00,S,sage,0.00
ITEM-01700,ORD-01700,SKU-0133,1,589.00,XS,Black,0.00
ITEM-01701,ORD-01701,SKU-0461,1,456.00,S,sage,0.00
ITEM-01702,ORD-01702,SKU-0288,1,1419.00,L,Navy Blue,0.00
ITEM-01703,ORD-01703,SKU-0257,1,1086.00,L,Navy Blue,0.00
ITEM-01704,ORD-01704,SKU-0090,1,1174.00,XXL,sage,0.00
ITEM-01705,ORD-01705,SKU-0432,1,1302.00,L,Ivory,0.00
ITEM-01706,ORD-01706,SKU-0471,1,1008.00,S,rust,0.00
ITEM-01707,ORD-01707,SKU-0232,1,781.00,XXL,Black,0.00
ITEM-01708,ORD-01708,SKU-0308,1,531.00,M,Ivory,0.00
ITEM-01709,ORD-01709,SKU-0462,1,940.00,XS,Maroon,0.00
ITEM-01710,ORD-01710,SKU-0451,1,489.00,L,Maroon,0.00
ITEM-01711,ORD-01711,SKU-0228,1,717.00,XXL,Navy Blue,0.00
ITEM-01712,ORD-01712,SKU-0131,1,605.00,M,sage,0.00
ITEM-01713,ORD-01713,SKU-0159,1,707.00,L,Sage Green,0.00
ITEM-01714,ORD-01714,SKU-0132,1,1413.00,XL,Terracotta,0.00
ITEM-01715,ORD-01715,SKU-0190,1,1410.00,L,Navy Blue,0.00
ITEM-01716,ORD-01716,SKU-0367,1,1421.00,L,Black,0.00
ITEM-01717,ORD-01717,SKU-0384,1,689.00,XXL,Maroon,0.00
ITEM-01718,ORD-01718,SKU-0375,1,443.00,XXL,Navy Blue,0.00
ITEM-01719,ORD-01719,SKU-0273,1,678.00,S,navy,0.00
ITEM-01720,ORD-01720,SKU-0387,1,1016.00,M,sage,0.00
ITEM-01721,ORD-01721,SKU-0344,1,631.00,S,Terracotta,0.00
ITEM-01722,ORD-01722,SKU-0457,1,732.00,XL,mustard,0.00
ITEM-01723,ORD-01723,SKU-0086,1,1100.00,M,sage,0.00
ITEM-01724,ORD-01724,SKU-0475,1,493.00,XXL,sage,0.00
ITEM-01725,ORD-01725,SKU-0363,1,772.00,XXL,Mustard Yellow,0.00
ITEM-01726,ORD-01726,SKU-0152,1,1080.00,M,rust,0.00
ITEM-01727,ORD-01727,SKU-0002,1,1499.00,M,Maroon,0.00
ITEM-01728,ORD-01728,SKU-0437,1,1319.00,M,Terracotta,0.00
ITEM-01729,ORD-01729,SKU-0436,1,424.00,L,Indigo,0.00
ITEM-01730,ORD-01730,SKU-0205,1,1357.00,S,NAVY_BLUE,0.00
ITEM-01731,ORD-01731,SKU-0178,1,1315.00,XXL,Sage Green,0.00
ITEM-01732,ORD-01732,SKU-0203,1,983.00,XS,mustard,0.00
ITEM-01733,ORD-01733,SKU-0282,1,1131.00,S,Navy Blue,0.00
ITEM-01734,ORD-01734,SKU-0172,1,974.00,XL,sage,0.00
ITEM-01735,ORD-01735,SKU-0035,1,1337.00,XXL,Ivory,0.00
ITEM-01736,ORD-01736,SKU-0176,1,518.00,XL,Maroon,0.00
ITEM-01737,ORD-01737,SKU-0188,1,538.00,XXL,Mustard Yellow,0.00
ITEM-01738,ORD-01738,SKU-0164,1,1207.00,XXL,rust,0.00
ITEM-01739,ORD-01739,SKU-0033,1,918.00,XL,sage,0.00
ITEM-01740,ORD-01740,SKU-0114,1,585.00,M,navy,0.00
ITEM-01741,ORD-01741,SKU-0356,1,535.00,L,navy,0.00
ITEM-01742,ORD-01742,SKU-0277,1,1201.00,XL,sage,0.00
ITEM-01743,ORD-01743,SKU-0289,1,444.00,XS,navy,0.00
ITEM-01744,ORD-01744,SKU-0262,1,593.00,XL,Ivory,0.00
ITEM-01745,ORD-01745,SKU-0408,1,626.00,L,NAVY_BLUE,0.00
ITEM-01746,ORD-01746,SKU-0338,1,1059.00,S,Black,0.00
ITEM-01747,ORD-01747,SKU-0286,1,1122.00,XXL,Mustard Yellow,0.00
ITEM-01748,ORD-01748,SKU-0298,1,771.00,S,Black,0.00
ITEM-01749,ORD-01749,SKU-0095,1,1481.00,S,rust,0.00
ITEM-01750,ORD-01750,SKU-0005,1,889.00,S,sage,0.00
ITEM-01751,ORD-01751,SKU-0221,1,974.00,XL,Terracotta,0.00
ITEM-01752,ORD-01752,SKU-0296,1,1310.00,S,NAVY_BLUE,0.00
ITEM-01753,ORD-01753,SKU-0378,1,441.00,L,NAVY_BLUE,0.00
ITEM-01754,ORD-01754,SKU-0072,1,792.00,M,Mustard Yellow,0.00
ITEM-01755,ORD-01755,SKU-0189,1,1256.00,XL,Black,0.00
ITEM-01756,ORD-01756,SKU-0093,1,774.00,L,Sage Green,0.00
ITEM-01757,ORD-01757,SKU-0008,1,803.00,XL,Navy Blue,0.00
ITEM-01758,ORD-01758,SKU-0053,1,452.00,XXL,Ivory,0.00
ITEM-01759,ORD-01759,SKU-0255,1,440.00,XS,Black,0.00
ITEM-01760,ORD-01760,SKU-0179,1,1327.00,XL,Maroon,0.00
ITEM-01761,ORD-01761,SKU-0080,1,1006.00,XS,navy,0.00
ITEM-01762,ORD-01762,SKU-0307,1,1315.00,S,maroon_red,0.00
ITEM-01763,ORD-01763,SKU-0040,1,400.00,S,mustard,0.00
ITEM-01764,ORD-01764,SKU-0062,1,1057.00,L,maroon_red,0.00
ITEM-01765,ORD-01765,SKU-0223,1,1120.00,XXL,Ivory,0.00
ITEM-01766,ORD-01766,SKU-0268,1,413.00,L,navy,0.00
ITEM-01767,ORD-01767,SKU-0108,1,447.00,S,Sage Green,0.00
ITEM-01768,ORD-01768,SKU-0479,1,754.00,XS,Black,0.00
ITEM-01769,ORD-01769,SKU-0162,1,886.00,S,sage,0.00
ITEM-01770,ORD-01770,SKU-0133,1,589.00,XL,Black,0.00
ITEM-01771,ORD-01771,SKU-0461,1,456.00,M,sage,0.00
ITEM-01772,ORD-01772,SKU-0288,1,1419.00,S,Navy Blue,0.00
ITEM-01773,ORD-01773,SKU-0257,1,1086.00,M,Navy Blue,0.00
ITEM-01774,ORD-01774,SKU-0090,1,1174.00,XL,sage,0.00
ITEM-01775,ORD-01775,SKU-0432,1,1302.00,XXL,Ivory,0.00
ITEM-01776,ORD-01776,SKU-0471,1,1008.00,XXL,rust,0.00
ITEM-01777,ORD-01777,SKU-0232,1,781.00,M,Black,0.00
ITEM-01778,ORD-01778,SKU-0308,1,531.00,L,Ivory,0.00
ITEM-01779,ORD-01779,SKU-0462,1,940.00,S,Maroon,0.00
ITEM-01780,ORD-01780,SKU-0451,1,489.00,M,Maroon,0.00
ITEM-01781,ORD-01781,SKU-0228,1,717.00,XXL,Navy Blue,0.00
ITEM-01782,ORD-01782,SKU-0131,1,605.00,L,sage,0.00
ITEM-01783,ORD-01783,SKU-0159,1,707.00,S,Sage Green,0.00
ITEM-01784,ORD-01784,SKU-0132,1,1413.00,M,Terracotta,0.00
ITEM-01785,ORD-01785,SKU-0190,1,1410.00,S,Navy Blue,0.00
ITEM-01786,ORD-01786,SKU-0367,1,1421.00,XXL,Black,0.00
ITEM-01787,ORD-01787,SKU-0384,1,689.00,XS,Maroon,0.00
ITEM-01788,ORD-01788,SKU-0375,1,443.00,M,Navy Blue,0.00
ITEM-01789,ORD-01789,SKU-0273,1,678.00,XXL,navy,0.00
ITEM-01790,ORD-01790,SKU-0387,1,1016.00,M,sage,0.00
ITEM-01791,ORD-01791,SKU-0344,1,631.00,M,Terracotta,0.00
ITEM-01792,ORD-01792,SKU-0457,1,732.00,XS,mustard,0.00
ITEM-01793,ORD-01793,SKU-0086,1,1100.00,L,sage,0.00
ITEM-01794,ORD-01794,SKU-0475,1,493.00,L,sage,0.00
ITEM-01795,ORD-01795,SKU-0363,1,772.00,XXL,Mustard Yellow,0.00
ITEM-01796,ORD-01796,SKU-0152,1,1080.00,L,rust,0.00
ITEM-01797,ORD-01797,SKU-0002,1,1499.00,XL,Maroon,0.00
ITEM-01798,ORD-01798,SKU-0437,1,1319.00,XL,Terracotta,0.00
ITEM-01799,ORD-01799,SKU-0436,1,424.00,M,Indigo,0.00
ITEM-01800,ORD-01800,SKU-0205,1,1357.00,XL,NAVY_BLUE,0.00
ITEM-01801,ORD-01801,SKU-0178,1,1315.00,S,Sage Green,0.00
ITEM-01802,ORD-01802,SKU-0203,1,983.00,XS,mustard,0.00
ITEM-01803,ORD-01803,SKU-0282,1,1131.00,M,Navy Blue,0.00
ITEM-01804,ORD-01804,SKU-0172,1,974.00,L,sage,0.00
ITEM-01805,ORD-01805,SKU-0035,1,1337.00,S,Ivory,0.00
ITEM-01806,ORD-01806,SKU-0176,1,518.00,L,Maroon,0.00
ITEM-01807,ORD-01807,SKU-0188,1,538.00,L,Mustard Yellow,0.00
ITEM-01808,ORD-01808,SKU-0164,1,1207.00,XL,rust,0.00
ITEM-01809,ORD-01809,SKU-0033,1,918.00,XXL,sage,0.00
ITEM-01810,ORD-01810,SKU-0114,1,585.00,M,navy,0.00
ITEM-01811,ORD-01811,SKU-0356,1,535.00,M,navy,0.00
ITEM-01812,ORD-01812,SKU-0277,1,1201.00,L,sage,0.00
ITEM-01813,ORD-01813,SKU-0289,1,444.00,L,navy,0.00
ITEM-01814,ORD-01814,SKU-0262,1,593.00,XXL,Ivory,0.00
ITEM-01815,ORD-01815,SKU-0408,1,626.00,XXL,NAVY_BLUE,0.00
ITEM-01816,ORD-01816,SKU-0338,1,1059.00,M,Black,0.00
ITEM-01817,ORD-01817,SKU-0286,1,1122.00,XXL,Mustard Yellow,0.00
ITEM-01818,ORD-01818,SKU-0298,1,771.00,L,Black,0.00
ITEM-01819,ORD-01819,SKU-0095,1,1481.00,L,rust,0.00
ITEM-01820,ORD-01820,SKU-0005,1,889.00,XL,sage,0.00
ITEM-01821,ORD-01821,SKU-0221,1,974.00,S,Terracotta,0.00
ITEM-01822,ORD-01822,SKU-0296,1,1310.00,XL,NAVY_BLUE,0.00
ITEM-01823,ORD-01823,SKU-0378,1,441.00,XXL,NAVY_BLUE,0.00
ITEM-01824,ORD-01824,SKU-0072,1,792.00,M,Mustard Yellow,0.00
ITEM-01825,ORD-01825,SKU-0189,1,1256.00,M,Black,0.00
ITEM-01826,ORD-01826,SKU-0093,1,774.00,XS,Sage Green,0.00
ITEM-01827,ORD-01827,SKU-0008,1,803.00,M,Navy Blue,0.00
ITEM-01828,ORD-01828,SKU-0053,1,452.00,M,Ivory,0.00
ITEM-01829,ORD-01829,SKU-0255,1,440.00,S,Black,0.00
ITEM-01830,ORD-01830,SKU-0179,1,1327.00,XS,Maroon,0.00
ITEM-01831,ORD-01831,SKU-0080,1,1006.00,XS,navy,0.00
ITEM-01832,ORD-01832,SKU-0307,1,1315.00,XS,maroon_red,0.00
ITEM-01833,ORD-01833,SKU-0040,1,400.00,XXL,mustard,0.00
ITEM-01834,ORD-01834,SKU-0062,1,1057.00,XXL,maroon_red,0.00
ITEM-01835,ORD-01835,SKU-0223,1,1120.00,S,Ivory,0.00
ITEM-01836,ORD-01836,SKU-0268,1,413.00,M,navy,0.00
ITEM-01837,ORD-01837,SKU-0108,1,447.00,XXL,Sage Green,0.00
ITEM-01838,ORD-01838,SKU-0479,1,754.00,XL,Black,0.00
ITEM-01839,ORD-01839,SKU-0162,1,886.00,XS,sage,0.00
ITEM-01840,ORD-01840,SKU-0133,1,589.00,XXL,Black,0.00
ITEM-01841,ORD-01841,SKU-0461,1,456.00,XXL,sage,0.00
ITEM-01842,ORD-01842,SKU-0288,1,1419.00,XL,Navy Blue,0.00
ITEM-01843,ORD-01843,SKU-0257,1,1086.00,L,Navy Blue,0.00
ITEM-01844,ORD-01844,SKU-0090,1,1174.00,M,sage,0.00
ITEM-01845,ORD-01845,SKU-0432,1,1302.00,S,Ivory,0.00
ITEM-01846,ORD-01846,SKU-0471,1,1008.00,XL,rust,0.00
ITEM-01847,ORD-01847,SKU-0232,1,781.00,XS,Black,0.00
ITEM-01848,ORD-01848,SKU-0308,1,531.00,L,Ivory,0.00
ITEM-01849,ORD-01849,SKU-0462,1,940.00,XXL,Maroon,0.00
ITEM-01850,ORD-01850,SKU-0451,1,489.00,XS,Maroon,0.00
ITEM-01851,ORD-01851,SKU-0228,1,717.00,XL,Navy Blue,0.00
ITEM-01852,ORD-01852,SKU-0131,1,605.00,S,sage,0.00
ITEM-01853,ORD-01853,SKU-0159,1,707.00,L,Sage Green,0.00
ITEM-01854,ORD-01854,SKU-0132,1,1413.00,S,Terracotta,0.00
ITEM-01855,ORD-01855,SKU-0190,1,1410.00,L,Navy Blue,0.00
ITEM-01856,ORD-01856,SKU-0367,1,1421.00,XL,Black,0.00
ITEM-01857,ORD-01857,SKU-0384,1,689.00,L,Maroon,0.00
ITEM-01858,ORD-01858,SKU-0375,1,443.00,XS,Navy Blue,0.00
ITEM-01859,ORD-01859,SKU-0273,1,678.00,XXL,navy,0.00
ITEM-01860,ORD-01860,SKU-0387,1,1016.00,XXL,sage,0.00
ITEM-01861,ORD-01861,SKU-0344,1,631.00,XS,Terracotta,0.00
ITEM-01862,ORD-01862,SKU-0457,1,732.00,L,mustard,0.00
ITEM-01863,ORD-01863,SKU-0086,1,1100.00,XXL,sage,0.00
ITEM-01864,ORD-01864,SKU-0475,1,493.00,XS,sage,0.00
ITEM-01865,ORD-01865,SKU-0363,1,772.00,XXL,Mustard Yellow,0.00
ITEM-01866,ORD-01866,SKU-0152,1,1080.00,S,rust,0.00
ITEM-01867,ORD-01867,SKU-0002,1,1499.00,XS,Maroon,0.00
ITEM-01868,ORD-01868,SKU-0437,1,1319.00,M,Terracotta,0.00
ITEM-01869,ORD-01869,SKU-0436,1,424.00,XXL,Indigo,0.00
ITEM-01870,ORD-01870,SKU-0205,1,1357.00,S,NAVY_BLUE,0.00
ITEM-01871,ORD-01871,SKU-0178,1,1315.00,XS,Sage Green,0.00
ITEM-01872,ORD-01872,SKU-0203,1,983.00,XXL,mustard,0.00
ITEM-01873,ORD-01873,SKU-0282,1,1131.00,L,Navy Blue,0.00
ITEM-01874,ORD-01874,SKU-0172,1,974.00,S,sage,0.00
ITEM-01875,ORD-01875,SKU-0035,1,1337.00,XL,Ivory,0.00
ITEM-01876,ORD-01876,SKU-0176,1,518.00,XS,Maroon,0.00
ITEM-01877,ORD-01877,SKU-0188,1,538.00,XS,Mustard Yellow,0.00
ITEM-01878,ORD-01878,SKU-0164,1,1207.00,L,rust,0.00
ITEM-01879,ORD-01879,SKU-0033,1,918.00,S,sage,0.00
ITEM-01880,ORD-01880,SKU-0114,1,585.00,S,navy,0.00
ITEM-01881,ORD-01881,SKU-0356,1,535.00,S,navy,0.00
ITEM-01882,ORD-01882,SKU-0277,1,1201.00,S,sage,0.00
ITEM-01883,ORD-01883,SKU-0289,1,444.00,XS,navy,0.00
ITEM-01884,ORD-01884,SKU-0262,1,593.00,XXL,Ivory,0.00
ITEM-01885,ORD-01885,SKU-0408,1,626.00,XS,NAVY_BLUE,0.00
ITEM-01886,ORD-01886,SKU-0338,1,1059.00,XL,Black,0.00
ITEM-01887,ORD-01887,SKU-0286,1,1122.00,XL,Mustard Yellow,0.00
ITEM-01888,ORD-01888,SKU-0298,1,771.00,XXL,Black,0.00
ITEM-01889,ORD-01889,SKU-0095,1,1481.00,XL,rust,0.00
ITEM-01890,ORD-01890,SKU-0005,1,889.00,M,sage,0.00
ITEM-01891,ORD-01891,SKU-0221,1,974.00,L,Terracotta,0.00
ITEM-01892,ORD-01892,SKU-0296,1,1310.00,S,NAVY_BLUE,0.00
ITEM-01893,ORD-01893,SKU-0378,1,441.00,M,NAVY_BLUE,0.00
ITEM-01894,ORD-01894,SKU-0072,1,792.00,XXL,Mustard Yellow,0.00
ITEM-01895,ORD-01895,SKU-0189,1,1256.00,M,Black,0.00
ITEM-01896,ORD-01896,SKU-0093,1,774.00,XXL,Sage Green,0.00
ITEM-01897,ORD-01897,SKU-0008,1,803.00,XXL,Navy Blue,0.00
ITEM-01898,ORD-01898,SKU-0053,1,452.00,XS,Ivory,0.00
ITEM-01899,ORD-01899,SKU-0255,1,440.00,XS,Black,0.00
ITEM-01900,ORD-01900,SKU-0179,1,1327.00,XXL,Maroon,0.00
ITEM-01901,ORD-01901,SKU-0080,1,1006.00,M,navy,0.00
ITEM-01902,ORD-01902,SKU-0307,1,1315.00,L,maroon_red,0.00
ITEM-01903,ORD-01903,SKU-0040,1,400.00,S,mustard,0.00
ITEM-01904,ORD-01904,SKU-0062,1,1057.00,L,maroon_red,0.00
ITEM-01905,ORD-01905,SKU-0223,1,1120.00,S,Ivory,0.00
ITEM-01906,ORD-01906,SKU-0268,1,413.00,S,navy,0.00
ITEM-01907,ORD-01907,SKU-0108,1,447.00,XL,Sage Green,0.00
ITEM-01908,ORD-01908,SKU-0479,1,754.00,XS,Black,0.00
ITEM-01909,ORD-01909,SKU-0162,1,886.00,M,sage,0.00
ITEM-01910,ORD-01910,SKU-0133,1,589.00,XL,Black,0.00
ITEM-01911,ORD-01911,SKU-0461,1,456.00,XXL,sage,0.00
ITEM-01912,ORD-01912,SKU-0288,1,1419.00,XS,Navy Blue,0.00
ITEM-01913,ORD-01913,SKU-0257,1,1086.00,M,Navy Blue,0.00
ITEM-01914,ORD-01914,SKU-0090,1,1174.00,L,sage,0.00
ITEM-01915,ORD-01915,SKU-0432,1,1302.00,S,Ivory,0.00
ITEM-01916,ORD-01916,SKU-0471,1,1008.00,XL,rust,0.00
ITEM-01917,ORD-01917,SKU-0232,1,781.00,L,Black,0.00
ITEM-01918,ORD-01918,SKU-0308,1,531.00,S,Ivory,0.00
ITEM-01919,ORD-01919,SKU-0462,1,940.00,L,Maroon,0.00
ITEM-01920,ORD-01920,SKU-0451,1,489.00,M,Maroon,0.00
ITEM-01921,ORD-01921,SKU-0228,1,717.00,S,Navy Blue,0.00
ITEM-01922,ORD-01922,SKU-0131,1,605.00,L,sage,0.00
ITEM-01923,ORD-01923,SKU-0159,1,707.00,S,Sage Green,0.00
ITEM-01924,ORD-01924,SKU-0132,1,1413.00,XL,Terracotta,0.00
ITEM-01925,ORD-01925,SKU-0190,1,1410.00,L,Navy Blue,0.00
ITEM-01926,ORD-01926,SKU-0367,1,1421.00,XS,Black,0.00
ITEM-01927,ORD-01927,SKU-0384,1,689.00,XL,Maroon,0.00
ITEM-01928,ORD-01928,SKU-0375,1,443.00,XL,Navy Blue,0.00
ITEM-01929,ORD-01929,SKU-0273,1,678.00,XXL,navy,0.00
ITEM-01930,ORD-01930,SKU-0387,1,1016.00,XL,sage,0.00
ITEM-01931,ORD-01931,SKU-0344,1,631.00,S,Terracotta,0.00
ITEM-01932,ORD-01932,SKU-0457,1,732.00,S,mustard,0.00
ITEM-01933,ORD-01933,SKU-0086,1,1100.00,XS,sage,0.00
ITEM-01934,ORD-01934,SKU-0475,1,493.00,L,sage,0.00
ITEM-01935,ORD-01935,SKU-0363,1,772.00,S,Mustard Yellow,0.00
ITEM-01936,ORD-01936,SKU-0152,1,1080.00,S,rust,0.00
ITEM-01937,ORD-01937,SKU-0002,1,1499.00,XS,Maroon,0.00
ITEM-01938,ORD-01938,SKU-0437,1,1319.00,XXL,Terracotta,0.00
ITEM-01939,ORD-01939,SKU-0436,1,424.00,XXL,Indigo,0.00
ITEM-01940,ORD-01940,SKU-0205,1,1357.00,S,NAVY_BLUE,0.00
ITEM-01941,ORD-01941,SKU-0178,1,1315.00,S,Sage Green,0.00
ITEM-01942,ORD-01942,SKU-0203,1,983.00,L,mustard,0.00
ITEM-01943,ORD-01943,SKU-0282,1,1131.00,S,Navy Blue,0.00
ITEM-01944,ORD-01944,SKU-0172,1,974.00,L,sage,0.00
ITEM-01945,ORD-01945,SKU-0035,1,1337.00,L,Ivory,0.00
ITEM-01946,ORD-01946,SKU-0176,1,518.00,M,Maroon,0.00
ITEM-01947,ORD-01947,SKU-0188,1,538.00,L,Mustard Yellow,0.00
ITEM-01948,ORD-01948,SKU-0164,1,1207.00,L,rust,0.00
ITEM-01949,ORD-01949,SKU-0033,1,918.00,XXL,sage,0.00
ITEM-01950,ORD-01950,SKU-0114,1,585.00,XS,navy,0.00
ITEM-01951,ORD-01951,SKU-0356,1,535.00,M,navy,0.00
ITEM-01952,ORD-01952,SKU-0277,1,1201.00,XXL,sage,0.00
ITEM-01953,ORD-01953,SKU-0289,1,444.00,L,navy,0.00
ITEM-01954,ORD-01954,SKU-0262,1,593.00,XL,Ivory,0.00
ITEM-01955,ORD-01955,SKU-0408,1,626.00,XXL,NAVY_BLUE,0.00
ITEM-01956,ORD-01956,SKU-0338,1,1059.00,XXL,Black,0.00
ITEM-01957,ORD-01957,SKU-0286,1,1122.00,XXL,Mustard Yellow,0.00
ITEM-01958,ORD-01958,SKU-0298,1,771.00,XS,Black,0.00
ITEM-01959,ORD-01959,SKU-0095,1,1481.00,L,rust,0.00
ITEM-01960,ORD-01960,SKU-0005,1,889.00,S,sage,0.00
ITEM-01961,ORD-01961,SKU-0221,1,974.00,S,Terracotta,0.00
ITEM-01962,ORD-01962,SKU-0296,1,1310.00,L,NAVY_BLUE,0.00
ITEM-01963,ORD-01963,SKU-0378,1,441.00,XXL,NAVY_BLUE,0.00
ITEM-01964,ORD-01964,SKU-0072,1,792.00,M,Mustard Yellow,0.00
ITEM-01965,ORD-01965,SKU-0189,1,1256.00,S,Black,0.00
ITEM-01966,ORD-01966,SKU-0093,1,774.00,S,Sage Green,0.00
ITEM-01967,ORD-01967,SKU-0008,1,803.00,XL,Navy Blue,0.00
ITEM-01968,ORD-01968,SKU-0053,1,452.00,L,Ivory,0.00
ITEM-01969,ORD-01969,SKU-0255,1,440.00,S,Black,0.00
ITEM-01970,ORD-01970,SKU-0179,1,1327.00,XL,Maroon,0.00
ITEM-01971,ORD-01971,SKU-0080,1,1006.00,M,navy,0.00
ITEM-01972,ORD-01972,SKU-0307,1,1315.00,XL,maroon_red,0.00
ITEM-01973,ORD-01973,SKU-0040,1,400.00,L,mustard,0.00
ITEM-01974,ORD-01974,SKU-0062,1,1057.00,XXL,maroon_red,0.00
ITEM-01975,ORD-01975,SKU-0223,1,1120.00,S,Ivory,0.00
ITEM-01976,ORD-01976,SKU-0268,1,413.00,S,navy,0.00
ITEM-01977,ORD-01977,SKU-0108,1,447.00,S,Sage Green,0.00
ITEM-01978,ORD-01978,SKU-0479,1,754.00,M,Black,0.00
ITEM-01979,ORD-01979,SKU-0162,1,886.00,M,sage,0.00
ITEM-01980,ORD-01980,SKU-0133,1,589.00,XL,Black,0.00
ITEM-01981,ORD-01981,SKU-0461,1,456.00,L,sage,0.00
ITEM-01982,ORD-01982,SKU-0288,1,1419.00,XS,Navy Blue,0.00
ITEM-01983,ORD-01983,SKU-0257,1,1086.00,S,Navy Blue,0.00
ITEM-01984,ORD-01984,SKU-0090,1,1174.00,S,sage,0.00
ITEM-01985,ORD-01985,SKU-0432,1,1302.00,M,Ivory,0.00
ITEM-01986,ORD-01986,SKU-0471,1,1008.00,XXL,rust,0.00
ITEM-01987,ORD-01987,SKU-0232,1,781.00,XXL,Black,0.00
ITEM-01988,ORD-01988,SKU-0308,1,531.00,XL,Ivory,0.00
ITEM-01989,ORD-01989,SKU-0462,1,940.00,S,Maroon,0.00
ITEM-01990,ORD-01990,SKU-0451,1,489.00,M,Maroon,0.00
ITEM-01991,ORD-01991,SKU-0228,1,717.00,XXL,Navy Blue,0.00
ITEM-01992,ORD-01992,SKU-0131,1,605.00,S,sage,0.00
ITEM-01993,ORD-01993,SKU-0159,1,707.00,XXL,Sage Green,0.00
ITEM-01994,ORD-01994,SKU-0132,1,1413.00,S,Terracotta,0.00
ITEM-01995,ORD-01995,SKU-0190,1,1410.00,XS,Navy Blue,0.00
ITEM-01996,ORD-01996,SKU-0367,1,1421.00,S,Black,0.00
ITEM-01997,ORD-01997,SKU-0384,1,689.00,XL,Maroon,0.00
ITEM-01998,ORD-01998,SKU-0375,1,443.00,L,Navy Blue,0.00
ITEM-01999,ORD-01999,SKU-0273,1,678.00,L,navy,0.00
ITEM-02000,ORD-02000,SKU-0387,1,1016.00,L,sage,0.00
ITEM-02001,ORD-02001,SKU-0344,1,631.00,XL,Terracotta,0.00
ITEM-02002,ORD-02002,SKU-0457,1,732.00,XS,mustard,0.00
ITEM-02003,ORD-02003,SKU-0086,1,1100.00,XXL,sage,0.00
ITEM-02004,ORD-02004,SKU-0475,1,493.00,L,sage,0.00
ITEM-02005,ORD-02005,SKU-0363,1,772.00,L,Mustard Yellow,0.00
ITEM-02006,ORD-02006,SKU-0152,1,1080.00,M,rust,0.00
ITEM-02007,ORD-02007,SKU-0002,1,1499.00,XS,Maroon,0.00
ITEM-02008,ORD-02008,SKU-0437,1,1319.00,S,Terracotta,0.00
ITEM-02009,ORD-02009,SKU-0436,1,424.00,XXL,Indigo,0.00
ITEM-02010,ORD-02010,SKU-0205,1,1357.00,L,NAVY_BLUE,0.00
ITEM-02011,ORD-02011,SKU-0178,1,1315.00,XS,Sage Green,0.00
ITEM-02012,ORD-02012,SKU-0203,1,983.00,S,mustard,0.00
ITEM-02013,ORD-02013,SKU-0282,1,1131.00,XS,Navy Blue,0.00
ITEM-02014,ORD-02014,SKU-0172,1,974.00,XL,sage,0.00
ITEM-02015,ORD-02015,SKU-0035,1,1337.00,XL,Ivory,0.00
ITEM-02016,ORD-02016,SKU-0176,1,518.00,S,Maroon,0.00
ITEM-02017,ORD-02017,SKU-0188,1,538.00,XL,Mustard Yellow,0.00
ITEM-02018,ORD-02018,SKU-0164,1,1207.00,M,rust,0.00
ITEM-02019,ORD-02019,SKU-0033,1,918.00,L,sage,0.00
ITEM-02020,ORD-02020,SKU-0114,1,585.00,XXL,navy,0.00
ITEM-02021,ORD-02021,SKU-0356,1,535.00,S,navy,0.00
ITEM-02022,ORD-02022,SKU-0277,1,1201.00,S,sage,0.00
ITEM-02023,ORD-02023,SKU-0289,1,444.00,M,navy,0.00
ITEM-02024,ORD-02024,SKU-0262,1,593.00,M,Ivory,0.00
ITEM-02025,ORD-02025,SKU-0408,1,626.00,S,NAVY_BLUE,0.00
ITEM-02026,ORD-02026,SKU-0338,1,1059.00,S,Black,0.00
ITEM-02027,ORD-02027,SKU-0286,1,1122.00,M,Mustard Yellow,0.00
ITEM-02028,ORD-02028,SKU-0298,1,771.00,S,Black,0.00
ITEM-02029,ORD-02029,SKU-0095,1,1481.00,S,rust,0.00
ITEM-02030,ORD-02030,SKU-0005,1,889.00,M,sage,0.00
ITEM-02031,ORD-02031,SKU-0221,1,974.00,M,Terracotta,0.00
ITEM-02032,ORD-02032,SKU-0296,1,1310.00,M,NAVY_BLUE,0.00
ITEM-02033,ORD-02033,SKU-0378,1,441.00,XXL,NAVY_BLUE,0.00
ITEM-02034,ORD-02034,SKU-0072,1,792.00,L,Mustard Yellow,0.00
ITEM-02035,ORD-02035,SKU-0189,1,1256.00,XXL,Black,0.00
ITEM-02036,ORD-02036,SKU-0093,1,774.00,XL,Sage Green,0.00
ITEM-02037,ORD-02037,SKU-0008,1,803.00,XL,Navy Blue,0.00
ITEM-02038,ORD-02038,SKU-0053,1,452.00,XL,Ivory,0.00
ITEM-02039,ORD-02039,SKU-0255,1,440.00,XXL,Black,0.00
ITEM-02040,ORD-02040,SKU-0179,1,1327.00,XXL,Maroon,0.00
ITEM-02041,ORD-02041,SKU-0080,1,1006.00,XS,navy,0.00
ITEM-02042,ORD-02042,SKU-0307,1,1315.00,S,maroon_red,0.00
ITEM-02043,ORD-02043,SKU-0040,1,400.00,M,mustard,0.00
ITEM-02044,ORD-02044,SKU-0062,1,1057.00,S,maroon_red,0.00
ITEM-02045,ORD-02045,SKU-0223,1,1120.00,S,Ivory,0.00
ITEM-02046,ORD-02046,SKU-0268,1,413.00,L,navy,0.00
ITEM-02047,ORD-02047,SKU-0108,1,447.00,M,Sage Green,0.00
ITEM-02048,ORD-02048,SKU-0479,1,754.00,XXL,Black,0.00
ITEM-02049,ORD-02049,SKU-0162,1,886.00,XL,sage,0.00
ITEM-02050,ORD-02050,SKU-0133,1,589.00,M,Black,0.00
ITEM-02051,ORD-02051,SKU-0461,1,456.00,XXL,sage,0.00
ITEM-02052,ORD-02052,SKU-0288,1,1419.00,S,Navy Blue,0.00
ITEM-02053,ORD-02053,SKU-0257,1,1086.00,XXL,Navy Blue,0.00
ITEM-02054,ORD-02054,SKU-0090,1,1174.00,XL,sage,0.00
ITEM-02055,ORD-02055,SKU-0432,1,1302.00,XS,Ivory,0.00
ITEM-02056,ORD-02056,SKU-0471,1,1008.00,XS,rust,0.00
ITEM-02057,ORD-02057,SKU-0232,1,781.00,M,Black,0.00
ITEM-02058,ORD-02058,SKU-0308,1,531.00,L,Ivory,0.00
ITEM-02059,ORD-02059,SKU-0462,1,940.00,XXL,Maroon,0.00
ITEM-02060,ORD-02060,SKU-0451,1,489.00,M,Maroon,0.00
ITEM-02061,ORD-02061,SKU-0228,1,717.00,M,Navy Blue,0.00
ITEM-02062,ORD-02062,SKU-0131,1,605.00,XXL,sage,0.00
ITEM-02063,ORD-02063,SKU-0159,1,707.00,S,Sage Green,0.00
ITEM-02064,ORD-02064,SKU-0132,1,1413.00,XXL,Terracotta,0.00
ITEM-02065,ORD-02065,SKU-0190,1,1410.00,S,Navy Blue,0.00
ITEM-02066,ORD-02066,SKU-0367,1,1421.00,XS,Black,0.00
ITEM-02067,ORD-02067,SKU-0384,1,689.00,S,Maroon,0.00
ITEM-02068,ORD-02068,SKU-0375,1,443.00,M,Navy Blue,0.00
ITEM-02069,ORD-02069,SKU-0273,1,678.00,S,navy,0.00
ITEM-02070,ORD-02070,SKU-0387,1,1016.00,M,sage,0.00
ITEM-02071,ORD-02071,SKU-0344,1,631.00,M,Terracotta,0.00
ITEM-02072,ORD-02072,SKU-0457,1,732.00,L,mustard,0.00
ITEM-02073,ORD-02073,SKU-0086,1,1100.00,S,sage,0.00
ITEM-02074,ORD-02074,SKU-0475,1,493.00,S,sage,0.00
ITEM-02075,ORD-02075,SKU-0363,1,772.00,M,Mustard Yellow,0.00
ITEM-02076,ORD-02076,SKU-0152,1,1080.00,S,rust,0.00
ITEM-02077,ORD-02077,SKU-0002,1,1499.00,XS,Maroon,0.00
ITEM-02078,ORD-02078,SKU-0437,1,1319.00,S,Terracotta,0.00
ITEM-02079,ORD-02079,SKU-0436,1,424.00,XS,Indigo,0.00
ITEM-02080,ORD-02080,SKU-0205,1,1357.00,XL,NAVY_BLUE,0.00
ITEM-02081,ORD-02081,SKU-0178,1,1315.00,S,Sage Green,0.00
ITEM-02082,ORD-02082,SKU-0203,1,983.00,M,mustard,0.00
ITEM-02083,ORD-02083,SKU-0282,1,1131.00,XL,Navy Blue,0.00
ITEM-02084,ORD-02084,SKU-0172,1,974.00,S,sage,0.00
ITEM-02085,ORD-02085,SKU-0035,1,1337.00,XL,Ivory,0.00
ITEM-02086,ORD-02086,SKU-0176,1,518.00,XS,Maroon,0.00
ITEM-02087,ORD-02087,SKU-0188,1,538.00,XXL,Mustard Yellow,0.00
ITEM-02088,ORD-02088,SKU-0164,1,1207.00,XS,rust,0.00
ITEM-02089,ORD-02089,SKU-0033,1,918.00,L,sage,0.00
ITEM-02090,ORD-02090,SKU-0114,1,585.00,L,navy,0.00
ITEM-02091,ORD-02091,SKU-0356,1,535.00,XL,navy,0.00
ITEM-02092,ORD-02092,SKU-0277,1,1201.00,XS,sage,0.00
ITEM-02093,ORD-02093,SKU-0289,1,444.00,L,navy,0.00
ITEM-02094,ORD-02094,SKU-0262,1,593.00,XXL,Ivory,0.00
ITEM-02095,ORD-02095,SKU-0408,1,626.00,S,NAVY_BLUE,0.00
ITEM-02096,ORD-02096,SKU-0338,1,1059.00,XXL,Black,0.00
ITEM-02097,ORD-02097,SKU-0286,1,1122.00,M,Mustard Yellow,0.00
ITEM-02098,ORD-02098,SKU-0298,1,771.00,L,Black,0.00
ITEM-02099,ORD-02099,SKU-0095,1,1481.00,L,rust,0.00
ITEM-02100,ORD-02100,SKU-0005,1,889.00,XL,sage,0.00
ITEM-02101,ORD-02101,SKU-0221,1,974.00,XS,Terracotta,0.00
ITEM-02102,ORD-02102,SKU-0296,1,1310.00,L,NAVY_BLUE,0.00
ITEM-02103,ORD-02103,SKU-0378,1,441.00,XS,NAVY_BLUE,0.00
ITEM-02104,ORD-02104,SKU-0072,1,792.00,S,Mustard Yellow,0.00
ITEM-02105,ORD-02105,SKU-0189,1,1256.00,XL,Black,0.00
ITEM-02106,ORD-02106,SKU-0093,1,774.00,XXL,Sage Green,0.00
ITEM-02107,ORD-02107,SKU-0008,1,803.00,XXL,Navy Blue,0.00
ITEM-02108,ORD-02108,SKU-0053,1,452.00,XL,Ivory,0.00
ITEM-02109,ORD-02109,SKU-0255,1,440.00,M,Black,0.00
ITEM-02110,ORD-02110,SKU-0179,1,1327.00,XS,Maroon,0.00
ITEM-02111,ORD-02111,SKU-0080,1,1006.00,L,navy,0.00
ITEM-02112,ORD-02112,SKU-0307,1,1315.00,M,maroon_red,0.00
ITEM-02113,ORD-02113,SKU-0040,1,400.00,XS,mustard,0.00
ITEM-02114,ORD-02114,SKU-0062,1,1057.00,XL,maroon_red,0.00
ITEM-02115,ORD-02115,SKU-0223,1,1120.00,XS,Ivory,0.00
ITEM-02116,ORD-02116,SKU-0268,1,413.00,M,navy,0.00
ITEM-02117,ORD-02117,SKU-0108,1,447.00,M,Sage Green,0.00
ITEM-02118,ORD-02118,SKU-0479,1,754.00,XL,Black,0.00
ITEM-02119,ORD-02119,SKU-0162,1,886.00,L,sage,0.00
ITEM-02120,ORD-02120,SKU-0133,1,589.00,S,Black,0.00
ITEM-02121,ORD-02121,SKU-0461,1,456.00,S,sage,0.00
ITEM-02122,ORD-02122,SKU-0288,1,1419.00,XL,Navy Blue,0.00
ITEM-02123,ORD-02123,SKU-0257,1,1086.00,XL,Navy Blue,0.00
ITEM-02124,ORD-02124,SKU-0090,1,1174.00,XXL,sage,0.00
ITEM-02125,ORD-02125,SKU-0432,1,1302.00,XL,Ivory,0.00
ITEM-02126,ORD-02126,SKU-0471,1,1008.00,S,rust,0.00
ITEM-02127,ORD-02127,SKU-0232,1,781.00,M,Black,0.00
ITEM-02128,ORD-02128,SKU-0308,1,531.00,XXL,Ivory,0.00
ITEM-02129,ORD-02129,SKU-0462,1,940.00,M,Maroon,0.00
ITEM-02130,ORD-02130,SKU-0451,1,489.00,XL,Maroon,0.00
ITEM-02131,ORD-02131,SKU-0228,1,717.00,XS,Navy Blue,0.00
ITEM-02132,ORD-02132,SKU-0131,1,605.00,S,sage,0.00
ITEM-02133,ORD-02133,SKU-0159,1,707.00,M,Sage Green,0.00
ITEM-02134,ORD-02134,SKU-0132,1,1413.00,XS,Terracotta,0.00
ITEM-02135,ORD-02135,SKU-0190,1,1410.00,XS,Navy Blue,0.00
ITEM-02136,ORD-02136,SKU-0367,1,1421.00,XXL,Black,0.00
ITEM-02137,ORD-02137,SKU-0384,1,689.00,XL,Maroon,0.00
ITEM-02138,ORD-02138,SKU-0375,1,443.00,S,Navy Blue,0.00
ITEM-02139,ORD-02139,SKU-0273,1,678.00,S,navy,0.00
ITEM-02140,ORD-02140,SKU-0387,1,1016.00,S,sage,0.00
ITEM-02141,ORD-02141,SKU-0344,1,631.00,M,Terracotta,0.00
ITEM-02142,ORD-02142,SKU-0457,1,732.00,L,mustard,0.00
ITEM-02143,ORD-02143,SKU-0086,1,1100.00,XXL,sage,0.00
ITEM-02144,ORD-02144,SKU-0475,1,493.00,XL,sage,0.00
ITEM-02145,ORD-02145,SKU-0363,1,772.00,XL,Mustard Yellow,0.00
ITEM-02146,ORD-02146,SKU-0152,1,1080.00,XS,rust,0.00
ITEM-02147,ORD-02147,SKU-0002,1,1499.00,XS,Maroon,0.00
ITEM-02148,ORD-02148,SKU-0437,1,1319.00,M,Terracotta,0.00
ITEM-02149,ORD-02149,SKU-0436,1,424.00,XS,Indigo,0.00
ITEM-02150,ORD-02150,SKU-0205,1,1357.00,XL,NAVY_BLUE,0.00
ITEM-02151,ORD-02151,SKU-0178,1,1315.00,XL,Sage Green,0.00
ITEM-02152,ORD-02152,SKU-0203,1,983.00,S,mustard,0.00
ITEM-02153,ORD-02153,SKU-0282,1,1131.00,XXL,Navy Blue,0.00
ITEM-02154,ORD-02154,SKU-0172,1,974.00,M,sage,0.00
ITEM-02155,ORD-02155,SKU-0035,1,1337.00,XXL,Ivory,0.00
ITEM-02156,ORD-02156,SKU-0176,1,518.00,S,Maroon,0.00
ITEM-02157,ORD-02157,SKU-0188,1,538.00,XXL,Mustard Yellow,0.00
ITEM-02158,ORD-02158,SKU-0164,1,1207.00,L,rust,0.00
ITEM-02159,ORD-02159,SKU-0033,1,918.00,S,sage,0.00
ITEM-02160,ORD-02160,SKU-0114,1,585.00,XL,navy,0.00
ITEM-02161,ORD-02161,SKU-0356,1,535.00,M,navy,0.00
ITEM-02162,ORD-02162,SKU-0277,1,1201.00,XXL,sage,0.00
ITEM-02163,ORD-02163,SKU-0289,1,444.00,M,navy,0.00
ITEM-02164,ORD-02164,SKU-0262,1,593.00,XXL,Ivory,0.00
ITEM-02165,ORD-02165,SKU-0408,1,626.00,XXL,NAVY_BLUE,0.00
ITEM-02166,ORD-02166,SKU-0338,1,1059.00,L,Black,0.00
ITEM-02167,ORD-02167,SKU-0286,1,1122.00,XS,Mustard Yellow,0.00
ITEM-02168,ORD-02168,SKU-0298,1,771.00,XS,Black,0.00
ITEM-02169,ORD-02169,SKU-0095,1,1481.00,XS,rust,0.00
ITEM-02170,ORD-02170,SKU-0005,1,889.00,L,sage,0.00
ITEM-02171,ORD-02171,SKU-0221,1,974.00,M,Terracotta,0.00
ITEM-02172,ORD-02172,SKU-0296,1,1310.00,L,NAVY_BLUE,0.00
ITEM-02173,ORD-02173,SKU-0378,1,441.00,S,NAVY_BLUE,0.00
ITEM-02174,ORD-02174,SKU-0072,1,792.00,XL,Mustard Yellow,0.00
ITEM-02175,ORD-02175,SKU-0189,1,1256.00,XS,Black,0.00
ITEM-02176,ORD-02176,SKU-0093,1,774.00,L,Sage Green,0.00
ITEM-02177,ORD-02177,SKU-0008,1,803.00,XXL,Navy Blue,0.00
ITEM-02178,ORD-02178,SKU-0053,1,452.00,XS,Ivory,0.00
ITEM-02179,ORD-02179,SKU-0255,1,440.00,M,Black,0.00
ITEM-02180,ORD-02180,SKU-0179,1,1327.00,L,Maroon,0.00
ITEM-02181,ORD-02181,SKU-0080,1,1006.00,L,navy,0.00
ITEM-02182,ORD-02182,SKU-0307,1,1315.00,L,maroon_red,0.00
ITEM-02183,ORD-02183,SKU-0040,1,400.00,XXL,mustard,0.00
ITEM-02184,ORD-02184,SKU-0062,1,1057.00,XS,maroon_red,0.00
ITEM-02185,ORD-02185,SKU-0223,1,1120.00,S,Ivory,0.00
ITEM-02186,ORD-02186,SKU-0268,1,413.00,XS,navy,0.00
ITEM-02187,ORD-02187,SKU-0108,1,447.00,M,Sage Green,0.00
ITEM-02188,ORD-02188,SKU-0479,1,754.00,M,Black,0.00
ITEM-02189,ORD-02189,SKU-0162,1,886.00,XS,sage,0.00
ITEM-02190,ORD-02190,SKU-0133,1,589.00,M,Black,0.00
ITEM-02191,ORD-02191,SKU-0461,1,456.00,M,sage,0.00
ITEM-02192,ORD-02192,SKU-0288,1,1419.00,XL,Navy Blue,0.00
ITEM-02193,ORD-02193,SKU-0257,1,1086.00,XL,Navy Blue,0.00
ITEM-02194,ORD-02194,SKU-0090,1,1174.00,S,sage,0.00
ITEM-02195,ORD-02195,SKU-0432,1,1302.00,S,Ivory,0.00
ITEM-02196,ORD-02196,SKU-0471,1,1008.00,XS,rust,0.00
ITEM-02197,ORD-02197,SKU-0232,1,781.00,S,Black,0.00
ITEM-02198,ORD-02198,SKU-0308,1,531.00,XL,Ivory,0.00
ITEM-02199,ORD-02199,SKU-0462,1,940.00,XS,Maroon,0.00
ITEM-02200,ORD-02200,SKU-0451,1,489.00,M,Maroon,0.00
ITEM-02201,ORD-02201,SKU-0228,1,717.00,XXL,Navy Blue,0.00
ITEM-02202,ORD-02202,SKU-0131,1,605.00,XS,sage,0.00
ITEM-02203,ORD-02203,SKU-0159,1,707.00,XS,Sage Green,0.00
ITEM-02204,ORD-02204,SKU-0132,1,1413.00,XXL,Terracotta,0.00
ITEM-02205,ORD-02205,SKU-0190,1,1410.00,XL,Navy Blue,0.00
ITEM-02206,ORD-02206,SKU-0367,1,1421.00,L,Black,0.00
ITEM-02207,ORD-02207,SKU-0384,1,689.00,XS,Maroon,0.00
ITEM-02208,ORD-02208,SKU-0375,1,443.00,S,Navy Blue,0.00
ITEM-02209,ORD-02209,SKU-0273,1,678.00,XXL,navy,0.00
ITEM-02210,ORD-02210,SKU-0387,1,1016.00,XS,sage,0.00
ITEM-02211,ORD-02211,SKU-0344,1,631.00,XXL,Terracotta,0.00
ITEM-02212,ORD-02212,SKU-0457,1,732.00,XXL,mustard,0.00
ITEM-02213,ORD-02213,SKU-0086,1,1100.00,M,sage,0.00
ITEM-02214,ORD-02214,SKU-0475,1,493.00,XS,sage,0.00
ITEM-02215,ORD-02215,SKU-0363,1,772.00,S,Mustard Yellow,0.00
ITEM-02216,ORD-02216,SKU-0152,1,1080.00,S,rust,0.00
ITEM-02217,ORD-02217,SKU-0002,1,1499.00,S,Maroon,0.00
ITEM-02218,ORD-02218,SKU-0437,1,1319.00,M,Terracotta,0.00
ITEM-02219,ORD-02219,SKU-0436,1,424.00,XXL,Indigo,0.00
ITEM-02220,ORD-02220,SKU-0205,1,1357.00,XL,NAVY_BLUE,0.00
ITEM-02221,ORD-02221,SKU-0178,1,1315.00,M,Sage Green,0.00
ITEM-02222,ORD-02222,SKU-0203,1,983.00,XL,mustard,0.00
ITEM-02223,ORD-02223,SKU-0282,1,1131.00,XXL,Navy Blue,0.00
ITEM-02224,ORD-02224,SKU-0172,1,974.00,XXL,sage,0.00
ITEM-02225,ORD-02225,SKU-0035,1,1337.00,S,Ivory,0.00
ITEM-02226,ORD-02226,SKU-0176,1,518.00,S,Maroon,0.00
ITEM-02227,ORD-02227,SKU-0188,1,538.00,S,Mustard Yellow,0.00
ITEM-02228,ORD-02228,SKU-0164,1,1207.00,XXL,rust,0.00
ITEM-02229,ORD-02229,SKU-0033,1,918.00,L,sage,0.00
ITEM-02230,ORD-02230,SKU-0114,1,585.00,XXL,navy,0.00
ITEM-02231,ORD-02231,SKU-0356,1,535.00,XS,navy,0.00
ITEM-02232,ORD-02232,SKU-0277,1,1201.00,XXL,sage,0.00
ITEM-02233,ORD-02233,SKU-0289,1,444.00,M,navy,0.00
ITEM-02234,ORD-02234,SKU-0262,1,593.00,XL,Ivory,0.00
ITEM-02235,ORD-02235,SKU-0408,1,626.00,M,NAVY_BLUE,0.00
ITEM-02236,ORD-02236,SKU-0338,1,1059.00,L,Black,0.00
ITEM-02237,ORD-02237,SKU-0286,1,1122.00,XL,Mustard Yellow,0.00
ITEM-02238,ORD-02238,SKU-0298,1,771.00,L,Black,0.00
ITEM-02239,ORD-02239,SKU-0095,1,1481.00,XXL,rust,0.00
ITEM-02240,ORD-02240,SKU-0005,1,889.00,M,sage,0.00
ITEM-02241,ORD-02241,SKU-0221,1,974.00,XS,Terracotta,0.00
ITEM-02242,ORD-02242,SKU-0296,1,1310.00,XL,NAVY_BLUE,0.00
ITEM-02243,ORD-02243,SKU-0378,1,441.00,S,NAVY_BLUE,0.00
ITEM-02244,ORD-02244,SKU-0072,1,792.00,XL,Mustard Yellow,0.00
ITEM-02245,ORD-02245,SKU-0189,1,1256.00,XXL,Black,0.00
ITEM-02246,ORD-02246,SKU-0093,1,774.00,XL,Sage Green,0.00
ITEM-02247,ORD-02247,SKU-0008,1,803.00,XXL,Navy Blue,0.00
ITEM-02248,ORD-02248,SKU-0053,1,452.00,L,Ivory,0.00
ITEM-02249,ORD-02249,SKU-0255,1,440.00,XS,Black,0.00
ITEM-02250,ORD-02250,SKU-0179,1,1327.00,L,Maroon,0.00
ITEM-02251,ORD-02251,SKU-0080,1,1006.00,XS,navy,0.00
ITEM-02252,ORD-02252,SKU-0307,1,1315.00,XS,maroon_red,0.00
ITEM-02253,ORD-02253,SKU-0040,1,400.00,M,mustard,0.00
ITEM-02254,ORD-02254,SKU-0062,1,1057.00,M,maroon_red,0.00
ITEM-02255,ORD-02255,SKU-0223,1,1120.00,M,Ivory,0.00
ITEM-02256,ORD-02256,SKU-0268,1,413.00,S,navy,0.00
ITEM-02257,ORD-02257,SKU-0108,1,447.00,XL,Sage Green,0.00
ITEM-02258,ORD-02258,SKU-0479,1,754.00,S,Black,0.00
ITEM-02259,ORD-02259,SKU-0162,1,886.00,L,sage,0.00
ITEM-02260,ORD-02260,SKU-0133,1,589.00,XL,Black,0.00
ITEM-02261,ORD-02261,SKU-0461,1,456.00,XS,sage,0.00
ITEM-02262,ORD-02262,SKU-0288,1,1419.00,XS,Navy Blue,0.00
ITEM-02263,ORD-02263,SKU-0257,1,1086.00,XL,Navy Blue,0.00
ITEM-02264,ORD-02264,SKU-0090,1,1174.00,L,sage,0.00
ITEM-02265,ORD-02265,SKU-0432,1,1302.00,S,Ivory,0.00
ITEM-02266,ORD-02266,SKU-0471,1,1008.00,S,rust,0.00
ITEM-02267,ORD-02267,SKU-0232,1,781.00,S,Black,0.00
ITEM-02268,ORD-02268,SKU-0308,1,531.00,S,Ivory,0.00
ITEM-02269,ORD-02269,SKU-0462,1,940.00,L,Maroon,0.00
ITEM-02270,ORD-02270,SKU-0451,1,489.00,XL,Maroon,0.00
ITEM-02271,ORD-02271,SKU-0228,1,717.00,M,Navy Blue,0.00
ITEM-02272,ORD-02272,SKU-0131,1,605.00,L,sage,0.00
ITEM-02273,ORD-02273,SKU-0159,1,707.00,XS,Sage Green,0.00
ITEM-02274,ORD-02274,SKU-0132,1,1413.00,XL,Terracotta,0.00
ITEM-02275,ORD-02275,SKU-0190,1,1410.00,M,Navy Blue,0.00
ITEM-02276,ORD-02276,SKU-0367,1,1421.00,XXL,Black,0.00
ITEM-02277,ORD-02277,SKU-0384,1,689.00,S,Maroon,0.00
ITEM-02278,ORD-02278,SKU-0375,1,443.00,L,Navy Blue,0.00
ITEM-02279,ORD-02279,SKU-0273,1,678.00,S,navy,0.00
ITEM-02280,ORD-02280,SKU-0387,1,1016.00,L,sage,0.00
ITEM-02281,ORD-02281,SKU-0344,1,631.00,XS,Terracotta,0.00
ITEM-02282,ORD-02282,SKU-0457,1,732.00,L,mustard,0.00
ITEM-02283,ORD-02283,SKU-0086,1,1100.00,XS,sage,0.00
ITEM-02284,ORD-02284,SKU-0475,1,493.00,XXL,sage,0.00
ITEM-02285,ORD-02285,SKU-0363,1,772.00,XL,Mustard Yellow,0.00
ITEM-02286,ORD-02286,SKU-0152,1,1080.00,XS,rust,0.00
ITEM-02287,ORD-02287,SKU-0002,1,1499.00,XXL,Maroon,0.00
ITEM-02288,ORD-02288,SKU-0437,1,1319.00,M,Terracotta,0.00
ITEM-02289,ORD-02289,SKU-0436,1,424.00,XS,Indigo,0.00
ITEM-02290,ORD-02290,SKU-0205,1,1357.00,M,NAVY_BLUE,0.00
ITEM-02291,ORD-02291,SKU-0178,1,1315.00,XL,Sage Green,0.00
ITEM-02292,ORD-02292,SKU-0203,1,983.00,S,mustard,0.00
ITEM-02293,ORD-02293,SKU-0282,1,1131.00,XXL,Navy Blue,0.00
ITEM-02294,ORD-02294,SKU-0172,1,974.00,S,sage,0.00
ITEM-02295,ORD-02295,SKU-0035,1,1337.00,XXL,Ivory,0.00
ITEM-02296,ORD-02296,SKU-0176,1,518.00,XL,Maroon,0.00
ITEM-02297,ORD-02297,SKU-0188,1,538.00,L,Mustard Yellow,0.00
ITEM-02298,ORD-02298,SKU-0164,1,1207.00,L,rust,0.00
ITEM-02299,ORD-02299,SKU-0033,1,918.00,XL,sage,0.00
ITEM-02300,ORD-02300,SKU-0114,1,585.00,S,navy,0.00
ITEM-02301,ORD-02301,SKU-0356,1,535.00,S,navy,0.00
ITEM-02302,ORD-02302,SKU-0277,1,1201.00,M,sage,0.00
ITEM-02303,ORD-02303,SKU-0289,1,444.00,XXL,navy,0.00
ITEM-02304,ORD-02304,SKU-0262,1,593.00,L,Ivory,0.00
ITEM-02305,ORD-02305,SKU-0408,1,626.00,S,NAVY_BLUE,0.00
ITEM-02306,ORD-02306,SKU-0338,1,1059.00,L,Black,0.00
ITEM-02307,ORD-02307,SKU-0286,1,1122.00,L,Mustard Yellow,0.00
ITEM-02308,ORD-02308,SKU-0298,1,771.00,S,Black,0.00
ITEM-02309,ORD-02309,SKU-0095,1,1481.00,L,rust,0.00
ITEM-02310,ORD-02310,SKU-0005,1,889.00,XXL,sage,0.00
ITEM-02311,ORD-02311,SKU-0221,1,974.00,M,Terracotta,0.00
ITEM-02312,ORD-02312,SKU-0296,1,1310.00,XXL,NAVY_BLUE,0.00
ITEM-02313,ORD-02313,SKU-0378,1,441.00,XS,NAVY_BLUE,0.00
ITEM-02314,ORD-02314,SKU-0072,1,792.00,XS,Mustard Yellow,0.00
ITEM-02315,ORD-02315,SKU-0189,1,1256.00,XL,Black,0.00
ITEM-02316,ORD-02316,SKU-0093,1,774.00,XS,Sage Green,0.00
ITEM-02317,ORD-02317,SKU-0008,1,803.00,XL,Navy Blue,0.00
ITEM-02318,ORD-02318,SKU-0053,1,452.00,XXL,Ivory,0.00
ITEM-02319,ORD-02319,SKU-0255,1,440.00,XS,Black,0.00
ITEM-02320,ORD-02320,SKU-0179,1,1327.00,S,Maroon,0.00
ITEM-02321,ORD-02321,SKU-0080,1,1006.00,XXL,navy,0.00
ITEM-02322,ORD-02322,SKU-0307,1,1315.00,S,maroon_red,0.00
ITEM-02323,ORD-02323,SKU-0040,1,400.00,XS,mustard,0.00
ITEM-02324,ORD-02324,SKU-0062,1,1057.00,XL,maroon_red,0.00
ITEM-02325,ORD-02325,SKU-0223,1,1120.00,XS,Ivory,0.00
ITEM-02326,ORD-02326,SKU-0268,1,413.00,S,navy,0.00
ITEM-02327,ORD-02327,SKU-0108,1,447.00,XL,Sage Green,0.00
ITEM-02328,ORD-02328,SKU-0479,1,754.00,XXL,Black,0.00
ITEM-02329,ORD-02329,SKU-0162,1,886.00,XL,sage,0.00
ITEM-02330,ORD-02330,SKU-0133,1,589.00,M,Black,0.00
ITEM-02331,ORD-02331,SKU-0461,1,456.00,XXL,sage,0.00
ITEM-02332,ORD-02332,SKU-0288,1,1419.00,XXL,Navy Blue,0.00
ITEM-02333,ORD-02333,SKU-0257,1,1086.00,M,Navy Blue,0.00
ITEM-02334,ORD-02334,SKU-0090,1,1174.00,XL,sage,0.00
ITEM-02335,ORD-02335,SKU-0432,1,1302.00,XL,Ivory,0.00
ITEM-02336,ORD-02336,SKU-0471,1,1008.00,S,rust,0.00
ITEM-02337,ORD-02337,SKU-0232,1,781.00,XS,Black,0.00
ITEM-02338,ORD-02338,SKU-0308,1,531.00,S,Ivory,0.00
ITEM-02339,ORD-02339,SKU-0462,1,940.00,XL,Maroon,0.00
ITEM-02340,ORD-02340,SKU-0451,1,489.00,XL,Maroon,0.00
ITEM-02341,ORD-02341,SKU-0228,1,717.00,XXL,Navy Blue,0.00
ITEM-02342,ORD-02342,SKU-0131,1,605.00,L,sage,0.00
ITEM-02343,ORD-02343,SKU-0159,1,707.00,L,Sage Green,0.00
ITEM-02344,ORD-02344,SKU-0132,1,1413.00,XL,Terracotta,0.00
ITEM-02345,ORD-02345,SKU-0190,1,1410.00,S,Navy Blue,0.00
ITEM-02346,ORD-02346,SKU-0367,1,1421.00,XS,Black,0.00
ITEM-02347,ORD-02347,SKU-0384,1,689.00,M,Maroon,0.00
ITEM-02348,ORD-02348,SKU-0375,1,443.00,XL,Navy Blue,0.00
ITEM-02349,ORD-02349,SKU-0273,1,678.00,L,navy,0.00
ITEM-02350,ORD-02350,SKU-0387,1,1016.00,XS,sage,0.00
ITEM-02351,ORD-02351,SKU-0344,1,631.00,XL,Terracotta,0.00
ITEM-02352,ORD-02352,SKU-0457,1,732.00,XXL,mustard,0.00
ITEM-02353,ORD-02353,SKU-0086,1,1100.00,L,sage,0.00
ITEM-02354,ORD-02354,SKU-0475,1,493.00,XL,sage,0.00
ITEM-02355,ORD-02355,SKU-0363,1,772.00,S,Mustard Yellow,0.00
ITEM-02356,ORD-02356,SKU-0152,1,1080.00,M,rust,0.00
ITEM-02357,ORD-02357,SKU-0002,1,1499.00,XL,Maroon,0.00
ITEM-02358,ORD-02358,SKU-0437,1,1319.00,XXL,Terracotta,0.00
ITEM-02359,ORD-02359,SKU-0436,1,424.00,L,Indigo,0.00
ITEM-02360,ORD-02360,SKU-0205,1,1357.00,L,NAVY_BLUE,0.00
ITEM-02361,ORD-02361,SKU-0178,1,1315.00,L,Sage Green,0.00
ITEM-02362,ORD-02362,SKU-0203,1,983.00,S,mustard,0.00
ITEM-02363,ORD-02363,SKU-0282,1,1131.00,XS,Navy Blue,0.00
ITEM-02364,ORD-02364,SKU-0172,1,974.00,L,sage,0.00
ITEM-02365,ORD-02365,SKU-0035,1,1337.00,M,Ivory,0.00
ITEM-02366,ORD-02366,SKU-0176,1,518.00,XS,Maroon,0.00
ITEM-02367,ORD-02367,SKU-0188,1,538.00,XL,Mustard Yellow,0.00
ITEM-02368,ORD-02368,SKU-0164,1,1207.00,S,rust,0.00
ITEM-02369,ORD-02369,SKU-0033,1,918.00,L,sage,0.00
ITEM-02370,ORD-02370,SKU-0114,1,585.00,XXL,navy,0.00
ITEM-02371,ORD-02371,SKU-0356,1,535.00,L,navy,0.00
ITEM-02372,ORD-02372,SKU-0277,1,1201.00,M,sage,0.00
ITEM-02373,ORD-02373,SKU-0289,1,444.00,M,navy,0.00
ITEM-02374,ORD-02374,SKU-0262,1,593.00,XXL,Ivory,0.00
ITEM-02375,ORD-02375,SKU-0408,1,626.00,M,NAVY_BLUE,0.00
ITEM-02376,ORD-02376,SKU-0338,1,1059.00,XS,Black,0.00
ITEM-02377,ORD-02377,SKU-0286,1,1122.00,XL,Mustard Yellow,0.00
ITEM-02378,ORD-02378,SKU-0298,1,771.00,XXL,Black,0.00
ITEM-02379,ORD-02379,SKU-0095,1,1481.00,XL,rust,0.00
ITEM-02380,ORD-02380,SKU-0005,1,889.00,L,sage,0.00
ITEM-02381,ORD-02381,SKU-0221,1,974.00,XL,Terracotta,0.00
ITEM-02382,ORD-02382,SKU-0296,1,1310.00,M,NAVY_BLUE,0.00
ITEM-02383,ORD-02383,SKU-0378,1,441.00,XL,NAVY_BLUE,0.00
ITEM-02384,ORD-02384,SKU-0072,1,792.00,XL,Mustard Yellow,0.00
ITEM-02385,ORD-02385,SKU-0189,1,1256.00,M,Black,0.00
ITEM-02386,ORD-02386,SKU-0093,1,774.00,XS,Sage Green,0.00
ITEM-02387,ORD-02387,SKU-0008,1,803.00,L,Navy Blue,0.00
ITEM-02388,ORD-02388,SKU-0053,1,452.00,XS,Ivory,0.00
ITEM-02389,ORD-02389,SKU-0255,1,440.00,M,Black,0.00
ITEM-02390,ORD-02390,SKU-0179,1,1327.00,XXL,Maroon,0.00
ITEM-02391,ORD-02391,SKU-0080,1,1006.00,XS,navy,0.00
ITEM-02392,ORD-02392,SKU-0307,1,1315.00,L,maroon_red,0.00
ITEM-02393,ORD-02393,SKU-0040,1,400.00,XS,mustard,0.00
ITEM-02394,ORD-02394,SKU-0062,1,1057.00,XS,maroon_red,0.00
ITEM-02395,ORD-02395,SKU-0223,1,1120.00,S,Ivory,0.00
ITEM-02396,ORD-02396,SKU-0268,1,413.00,XXL,navy,0.00
ITEM-02397,ORD-02397,SKU-0108,1,447.00,S,Sage Green,0.00
ITEM-02398,ORD-02398,SKU-0479,1,754.00,M,Black,0.00
ITEM-02399,ORD-02399,SKU-0162,1,886.00,S,sage,0.00
ITEM-02400,ORD-02400,SKU-0133,1,589.00,XXL,Black,0.00
ITEM-02401,ORD-02401,SKU-0461,1,456.00,L,sage,0.00
ITEM-02402,ORD-02402,SKU-0288,1,1419.00,XS,Navy Blue,0.00
ITEM-02403,ORD-02403,SKU-0257,1,1086.00,M,Navy Blue,0.00
ITEM-02404,ORD-02404,SKU-0090,1,1174.00,S,sage,0.00
ITEM-02405,ORD-02405,SKU-0432,1,1302.00,L,Ivory,0.00
ITEM-02406,ORD-02406,SKU-0471,1,1008.00,S,rust,0.00
ITEM-02407,ORD-02407,SKU-0232,1,781.00,XXL,Black,0.00
ITEM-02408,ORD-02408,SKU-0308,1,531.00,XXL,Ivory,0.00
ITEM-02409,ORD-02409,SKU-0462,1,940.00,XS,Maroon,0.00
ITEM-02410,ORD-02410,SKU-0451,1,489.00,L,Maroon,0.00
ITEM-02411,ORD-02411,SKU-0228,1,717.00,S,Navy Blue,0.00
ITEM-02412,ORD-02412,SKU-0131,1,605.00,M,sage,0.00
ITEM-02413,ORD-02413,SKU-0159,1,707.00,XS,Sage Green,0.00
ITEM-02414,ORD-02414,SKU-0132,1,1413.00,XXL,Terracotta,0.00
ITEM-02415,ORD-02415,SKU-0190,1,1410.00,S,Navy Blue,0.00
ITEM-02416,ORD-02416,SKU-0367,1,1421.00,XS,Black,0.00
ITEM-02417,ORD-02417,SKU-0384,1,689.00,L,Maroon,0.00
ITEM-02418,ORD-02418,SKU-0375,1,443.00,L,Navy Blue,0.00
ITEM-02419,ORD-02419,SKU-0273,1,678.00,XS,navy,0.00
ITEM-02420,ORD-02420,SKU-0387,1,1016.00,XXL,sage,0.00
ITEM-02421,ORD-02421,SKU-0344,1,631.00,M,Terracotta,0.00
ITEM-02422,ORD-02422,SKU-0457,1,732.00,XL,mustard,0.00
ITEM-02423,ORD-02423,SKU-0086,1,1100.00,S,sage,0.00
ITEM-02424,ORD-02424,SKU-0475,1,493.00,L,sage,0.00
ITEM-02425,ORD-02425,SKU-0363,1,772.00,M,Mustard Yellow,0.00
ITEM-02426,ORD-02426,SKU-0152,1,1080.00,S,rust,0.00
ITEM-02427,ORD-02427,SKU-0002,1,1499.00,XS,Maroon,0.00
ITEM-02428,ORD-02428,SKU-0437,1,1319.00,L,Terracotta,0.00
ITEM-02429,ORD-02429,SKU-0436,1,424.00,S,Indigo,0.00
ITEM-02430,ORD-02430,SKU-0205,1,1357.00,S,NAVY_BLUE,0.00
ITEM-02431,ORD-02431,SKU-0178,1,1315.00,XXL,Sage Green,0.00
ITEM-02432,ORD-02432,SKU-0203,1,983.00,XL,mustard,0.00
ITEM-02433,ORD-02433,SKU-0282,1,1131.00,L,Navy Blue,0.00
ITEM-02434,ORD-02434,SKU-0172,1,974.00,L,sage,0.00
ITEM-02435,ORD-02435,SKU-0035,1,1337.00,XXL,Ivory,0.00
ITEM-02436,ORD-02436,SKU-0176,1,518.00,M,Maroon,0.00
ITEM-02437,ORD-02437,SKU-0188,1,538.00,S,Mustard Yellow,0.00
ITEM-02438,ORD-02438,SKU-0164,1,1207.00,L,rust,0.00
ITEM-02439,ORD-02439,SKU-0033,1,918.00,L,sage,0.00
ITEM-02440,ORD-02440,SKU-0114,1,585.00,S,navy,0.00
ITEM-02441,ORD-02441,SKU-0356,1,535.00,L,navy,0.00
ITEM-02442,ORD-02442,SKU-0277,1,1201.00,XXL,sage,0.00
ITEM-02443,ORD-02443,SKU-0289,1,444.00,XXL,navy,0.00
ITEM-02444,ORD-02444,SKU-0262,1,593.00,M,Ivory,0.00
ITEM-02445,ORD-02445,SKU-0408,1,626.00,M,NAVY_BLUE,0.00
ITEM-02446,ORD-02446,SKU-0338,1,1059.00,S,Black,0.00
ITEM-02447,ORD-02447,SKU-0286,1,1122.00,S,Mustard Yellow,0.00
ITEM-02448,ORD-02448,SKU-0298,1,771.00,XL,Black,0.00
ITEM-02449,ORD-02449,SKU-0095,1,1481.00,L,rust,0.00
ITEM-02450,ORD-02450,SKU-0005,1,889.00,XS,sage,0.00
ITEM-02451,ORD-02451,SKU-0221,1,974.00,L,Terracotta,0.00
ITEM-02452,ORD-02452,SKU-0296,1,1310.00,XXL,NAVY_BLUE,0.00
ITEM-02453,ORD-02453,SKU-0378,1,441.00,XXL,NAVY_BLUE,0.00
ITEM-02454,ORD-02454,SKU-0072,1,792.00,S,Mustard Yellow,0.00
ITEM-02455,ORD-02455,SKU-0189,1,1256.00,XXL,Black,0.00
ITEM-02456,ORD-02456,SKU-0093,1,774.00,S,Sage Green,0.00
ITEM-02457,ORD-02457,SKU-0008,1,803.00,M,Navy Blue,0.00
ITEM-02458,ORD-02458,SKU-0053,1,452.00,L,Ivory,0.00
ITEM-02459,ORD-02459,SKU-0255,1,440.00,S,Black,0.00
ITEM-02460,ORD-02460,SKU-0179,1,1327.00,XL,Maroon,0.00
ITEM-02461,ORD-02461,SKU-0080,1,1006.00,L,navy,0.00
ITEM-02462,ORD-02462,SKU-0307,1,1315.00,XL,maroon_red,0.00
ITEM-02463,ORD-02463,SKU-0040,1,400.00,XL,mustard,0.00
ITEM-02464,ORD-02464,SKU-0062,1,1057.00,XL,maroon_red,0.00
ITEM-02465,ORD-02465,SKU-0223,1,1120.00,S,Ivory,0.00
ITEM-02466,ORD-02466,SKU-0268,1,413.00,S,navy,0.00
ITEM-02467,ORD-02467,SKU-0108,1,447.00,L,Sage Green,0.00
ITEM-02468,ORD-02468,SKU-0479,1,754.00,S,Black,0.00
ITEM-02469,ORD-02469,SKU-0162,1,886.00,S,sage,0.00
ITEM-02470,ORD-02470,SKU-0133,1,589.00,L,Black,0.00
ITEM-02471,ORD-02471,SKU-0461,1,456.00,XS,sage,0.00
ITEM-02472,ORD-02472,SKU-0288,1,1419.00,S,Navy Blue,0.00
ITEM-02473,ORD-02473,SKU-0257,1,1086.00,XS,Navy Blue,0.00
ITEM-02474,ORD-02474,SKU-0090,1,1174.00,M,sage,0.00
ITEM-02475,ORD-02475,SKU-0432,1,1302.00,XXL,Ivory,0.00
ITEM-02476,ORD-02476,SKU-0471,1,1008.00,M,rust,0.00
ITEM-02477,ORD-02477,SKU-0232,1,781.00,L,Black,0.00
ITEM-02478,ORD-02478,SKU-0308,1,531.00,S,Ivory,0.00
ITEM-02479,ORD-02479,SKU-0462,1,940.00,L,Maroon,0.00
ITEM-02480,ORD-02480,SKU-0451,1,489.00,S,Maroon,0.00
ITEM-02481,ORD-02481,SKU-0228,1,717.00,M,Navy Blue,0.00
ITEM-02482,ORD-02482,SKU-0131,1,605.00,S,sage,0.00
ITEM-02483,ORD-02483,SKU-0159,1,707.00,M,Sage Green,0.00
ITEM-02484,ORD-02484,SKU-0132,1,1413.00,XXL,Terracotta,0.00
ITEM-02485,ORD-02485,SKU-0190,1,1410.00,L,Navy Blue,0.00
ITEM-02486,ORD-02486,SKU-0367,1,1421.00,M,Black,0.00
ITEM-02487,ORD-02487,SKU-0384,1,689.00,XL,Maroon,0.00
ITEM-02488,ORD-02488,SKU-0375,1,443.00,S,Navy Blue,0.00
ITEM-02489,ORD-02489,SKU-0273,1,678.00,XL,navy,0.00
ITEM-02490,ORD-02490,SKU-0387,1,1016.00,XXL,sage,0.00
ITEM-02491,ORD-02491,SKU-0344,1,631.00,S,Terracotta,0.00
ITEM-02492,ORD-02492,SKU-0457,1,732.00,XL,mustard,0.00
ITEM-02493,ORD-02493,SKU-0086,1,1100.00,S,sage,0.00
ITEM-02494,ORD-02494,SKU-0475,1,493.00,S,sage,0.00
ITEM-02495,ORD-02495,SKU-0363,1,772.00,XS,Mustard Yellow,0.00
ITEM-02496,ORD-02496,SKU-0152,1,1080.00,XS,rust,0.00
ITEM-02497,ORD-02497,SKU-0002,1,1499.00,XXL,Maroon,0.00
ITEM-02498,ORD-02498,SKU-0437,1,1319.00,XXL,Terracotta,0.00
ITEM-02499,ORD-02499,SKU-0436,1,424.00,L,Indigo,0.00
ITEM-02500,ORD-02500,SKU-0205,1,1357.00,XS,NAVY_BLUE,0.00
ITEM-02501,ORD-02501,SKU-0178,1,1315.00,XXL,Sage Green,0.00
ITEM-02502,ORD-02502,SKU-0203,1,983.00,XXL,mustard,0.00
ITEM-02503,ORD-02503,SKU-0282,1,1131.00,L,Navy Blue,0.00
ITEM-02504,ORD-02504,SKU-0172,1,974.00,XS,sage,0.00
ITEM-02505,ORD-02505,SKU-0035,1,1337.00,XL,Ivory,0.00
ITEM-02506,ORD-02506,SKU-0176,1,518.00,XL,Maroon,0.00
ITEM-02507,ORD-02507,SKU-0188,1,538.00,S,Mustard Yellow,0.00
ITEM-02508,ORD-02508,SKU-0164,1,1207.00,L,rust,0.00
ITEM-02509,ORD-02509,SKU-0033,1,918.00,L,sage,0.00
ITEM-02510,ORD-02510,SKU-0114,1,585.00,L,navy,0.00
ITEM-02511,ORD-02511,SKU-0356,1,535.00,XXL,navy,0.00
ITEM-02512,ORD-02512,SKU-0277,1,1201.00,M,sage,0.00
ITEM-02513,ORD-02513,SKU-0289,1,444.00,XL,navy,0.00
ITEM-02514,ORD-02514,SKU-0262,1,593.00,XS,Ivory,0.00
ITEM-02515,ORD-02515,SKU-0408,1,626.00,XS,NAVY_BLUE,0.00
ITEM-02516,ORD-02516,SKU-0338,1,1059.00,S,Black,0.00
ITEM-02517,ORD-02517,SKU-0286,1,1122.00,M,Mustard Yellow,0.00
ITEM-02518,ORD-02518,SKU-0298,1,771.00,XXL,Black,0.00
ITEM-02519,ORD-02519,SKU-0095,1,1481.00,XXL,rust,0.00
ITEM-02520,ORD-02520,SKU-0005,1,889.00,XS,sage,0.00
ITEM-02521,ORD-02521,SKU-0221,1,974.00,S,Terracotta,0.00
ITEM-02522,ORD-02522,SKU-0296,1,1310.00,XXL,NAVY_BLUE,0.00
ITEM-02523,ORD-02523,SKU-0378,1,441.00,S,NAVY_BLUE,0.00
ITEM-02524,ORD-02524,SKU-0072,1,792.00,XXL,Mustard Yellow,0.00
ITEM-02525,ORD-02525,SKU-0189,1,1256.00,XL,Black,0.00
ITEM-02526,ORD-02526,SKU-0093,1,774.00,M,Sage Green,0.00
ITEM-02527,ORD-02527,SKU-0008,1,803.00,M,Navy Blue,0.00
ITEM-02528,ORD-02528,SKU-0053,1,452.00,XS,Ivory,0.00
ITEM-02529,ORD-02529,SKU-0255,1,440.00,XXL,Black,0.00
ITEM-02530,ORD-02530,SKU-0179,1,1327.00,XS,Maroon,0.00
ITEM-02531,ORD-02531,SKU-0080,1,1006.00,XXL,navy,0.00
ITEM-02532,ORD-02532,SKU-0307,1,1315.00,S,maroon_red,0.00
ITEM-02533,ORD-02533,SKU-0040,1,400.00,XXL,mustard,0.00
ITEM-02534,ORD-02534,SKU-0062,1,1057.00,M,maroon_red,0.00
ITEM-02535,ORD-02535,SKU-0223,1,1120.00,XXL,Ivory,0.00
ITEM-02536,ORD-02536,SKU-0268,1,413.00,XS,navy,0.00
ITEM-02537,ORD-02537,SKU-0108,1,447.00,M,Sage Green,0.00
ITEM-02538,ORD-02538,SKU-0479,1,754.00,S,Black,0.00
ITEM-02539,ORD-02539,SKU-0162,1,886.00,L,sage,0.00
ITEM-02540,ORD-02540,SKU-0133,1,589.00,XXL,Black,0.00
ITEM-02541,ORD-02541,SKU-0461,1,456.00,M,sage,0.00
ITEM-02542,ORD-02542,SKU-0288,1,1419.00,M,Navy Blue,0.00
ITEM-02543,ORD-02543,SKU-0257,1,1086.00,XL,Navy Blue,0.00
ITEM-02544,ORD-02544,SKU-0090,1,1174.00,L,sage,0.00
ITEM-02545,ORD-02545,SKU-0432,1,1302.00,S,Ivory,0.00
ITEM-02546,ORD-02546,SKU-0471,1,1008.00,S,rust,0.00
ITEM-02547,ORD-02547,SKU-0232,1,781.00,XL,Black,0.00
ITEM-02548,ORD-02548,SKU-0308,1,531.00,XS,Ivory,0.00
ITEM-02549,ORD-02549,SKU-0462,1,940.00,L,Maroon,0.00
ITEM-02550,ORD-02550,SKU-0451,1,489.00,XS,Maroon,0.00
ITEM-02551,ORD-02551,SKU-0228,1,717.00,XL,Navy Blue,0.00
ITEM-02552,ORD-02552,SKU-0131,1,605.00,XL,sage,0.00
ITEM-02553,ORD-02553,SKU-0159,1,707.00,XS,Sage Green,0.00
ITEM-02554,ORD-02554,SKU-0132,1,1413.00,S,Terracotta,0.00
ITEM-02555,ORD-02555,SKU-0190,1,1410.00,XS,Navy Blue,0.00
ITEM-02556,ORD-02556,SKU-0367,1,1421.00,M,Black,0.00
ITEM-02557,ORD-02557,SKU-0384,1,689.00,S,Maroon,0.00
ITEM-02558,ORD-02558,SKU-0375,1,443.00,XS,Navy Blue,0.00
ITEM-02559,ORD-02559,SKU-0273,1,678.00,XXL,navy,0.00
ITEM-02560,ORD-02560,SKU-0387,1,1016.00,XL,sage,0.00
ITEM-02561,ORD-02561,SKU-0344,1,631.00,XS,Terracotta,0.00
ITEM-02562,ORD-02562,SKU-0457,1,732.00,XXL,mustard,0.00
ITEM-02563,ORD-02563,SKU-0086,1,1100.00,XS,sage,0.00
ITEM-02564,ORD-02564,SKU-0475,1,493.00,S,sage,0.00
ITEM-02565,ORD-02565,SKU-0363,1,772.00,XS,Mustard Yellow,0.00
ITEM-02566,ORD-02566,SKU-0152,1,1080.00,XL,rust,0.00
ITEM-02567,ORD-02567,SKU-0002,1,1499.00,XS,Maroon,0.00
ITEM-02568,ORD-02568,SKU-0437,1,1319.00,S,Terracotta,0.00
ITEM-02569,ORD-02569,SKU-0436,1,424.00,XL,Indigo,0.00
ITEM-02570,ORD-02570,SKU-0205,1,1357.00,XL,NAVY_BLUE,0.00
ITEM-02571,ORD-02571,SKU-0178,1,1315.00,S,Sage Green,0.00
ITEM-02572,ORD-02572,SKU-0203,1,983.00,XS,mustard,0.00
ITEM-02573,ORD-02573,SKU-0282,1,1131.00,XXL,Navy Blue,0.00
ITEM-02574,ORD-02574,SKU-0172,1,974.00,L,sage,0.00
ITEM-02575,ORD-02575,SKU-0035,1,1337.00,S,Ivory,0.00
ITEM-02576,ORD-02576,SKU-0176,1,518.00,S,Maroon,0.00
ITEM-02577,ORD-02577,SKU-0188,1,538.00,M,Mustard Yellow,0.00
ITEM-02578,ORD-02578,SKU-0164,1,1207.00,S,rust,0.00
ITEM-02579,ORD-02579,SKU-0033,1,918.00,XL,sage,0.00
ITEM-02580,ORD-02580,SKU-0114,1,585.00,XL,navy,0.00
ITEM-02581,ORD-02581,SKU-0356,1,535.00,S,navy,0.00
ITEM-02582,ORD-02582,SKU-0277,1,1201.00,M,sage,0.00
ITEM-02583,ORD-02583,SKU-0289,1,444.00,S,navy,0.00
ITEM-02584,ORD-02584,SKU-0262,1,593.00,S,Ivory,0.00
ITEM-02585,ORD-02585,SKU-0408,1,626.00,XS,NAVY_BLUE,0.00
ITEM-02586,ORD-02586,SKU-0338,1,1059.00,S,Black,0.00
ITEM-02587,ORD-02587,SKU-0286,1,1122.00,S,Mustard Yellow,0.00
ITEM-02588,ORD-02588,SKU-0298,1,771.00,M,Black,0.00
ITEM-02589,ORD-02589,SKU-0095,1,1481.00,M,rust,0.00
ITEM-02590,ORD-02590,SKU-0005,1,889.00,L,sage,0.00
ITEM-02591,ORD-02591,SKU-0221,1,974.00,XS,Terracotta,0.00
ITEM-02592,ORD-02592,SKU-0296,1,1310.00,XS,NAVY_BLUE,0.00
ITEM-02593,ORD-02593,SKU-0378,1,441.00,L,NAVY_BLUE,0.00
ITEM-02594,ORD-02594,SKU-0072,1,792.00,XXL,Mustard Yellow,0.00
ITEM-02595,ORD-02595,SKU-0189,1,1256.00,XL,Black,0.00
ITEM-02596,ORD-02596,SKU-0093,1,774.00,XXL,Sage Green,0.00
ITEM-02597,ORD-02597,SKU-0008,1,803.00,S,Navy Blue,0.00
ITEM-02598,ORD-02598,SKU-0053,1,452.00,S,Ivory,0.00
ITEM-02599,ORD-02599,SKU-0255,1,440.00,XXL,Black,0.00
ITEM-02600,ORD-02600,SKU-0179,1,1327.00,M,Maroon,0.00
ITEM-02601,ORD-02601,SKU-0080,1,1006.00,S,navy,0.00
ITEM-02602,ORD-02602,SKU-0307,1,1315.00,M,maroon_red,0.00
ITEM-02603,ORD-02603,SKU-0040,1,400.00,L,mustard,0.00
ITEM-02604,ORD-02604,SKU-0062,1,1057.00,XL,maroon_red,0.00
ITEM-02605,ORD-02605,SKU-0223,1,1120.00,XL,Ivory,0.00
ITEM-02606,ORD-02606,SKU-0268,1,413.00,S,navy,0.00
ITEM-02607,ORD-02607,SKU-0108,1,447.00,L,Sage Green,0.00
ITEM-02608,ORD-02608,SKU-0479,1,754.00,M,Black,0.00
ITEM-02609,ORD-02609,SKU-0162,1,886.00,S,sage,0.00
ITEM-02610,ORD-02610,SKU-0133,1,589.00,XXL,Black,0.00
ITEM-02611,ORD-02611,SKU-0461,1,456.00,XXL,sage,0.00
ITEM-02612,ORD-02612,SKU-0288,1,1419.00,M,Navy Blue,0.00
ITEM-02613,ORD-02613,SKU-0257,1,1086.00,XXL,Navy Blue,0.00
ITEM-02614,ORD-02614,SKU-0090,1,1174.00,XXL,sage,0.00
ITEM-02615,ORD-02615,SKU-0432,1,1302.00,XXL,Ivory,0.00
ITEM-02616,ORD-02616,SKU-0471,1,1008.00,S,rust,0.00
ITEM-02617,ORD-02617,SKU-0232,1,781.00,L,Black,0.00
ITEM-02618,ORD-02618,SKU-0308,1,531.00,XXL,Ivory,0.00
ITEM-02619,ORD-02619,SKU-0462,1,940.00,L,Maroon,0.00
ITEM-02620,ORD-02620,SKU-0451,1,489.00,XS,Maroon,0.00
ITEM-02621,ORD-02621,SKU-0228,1,717.00,S,Navy Blue,0.00
ITEM-02622,ORD-02622,SKU-0131,1,605.00,XS,sage,0.00
ITEM-02623,ORD-02623,SKU-0159,1,707.00,XL,Sage Green,0.00
ITEM-02624,ORD-02624,SKU-0132,1,1413.00,XS,Terracotta,0.00
ITEM-02625,ORD-02625,SKU-0190,1,1410.00,XL,Navy Blue,0.00
ITEM-02626,ORD-02626,SKU-0367,1,1421.00,XS,Black,0.00
ITEM-02627,ORD-02627,SKU-0384,1,689.00,S,Maroon,0.00
ITEM-02628,ORD-02628,SKU-0375,1,443.00,M,Navy Blue,0.00
ITEM-02629,ORD-02629,SKU-0273,1,678.00,XXL,navy,0.00
ITEM-02630,ORD-02630,SKU-0387,1,1016.00,M,sage,0.00
ITEM-02631,ORD-02631,SKU-0344,1,631.00,XL,Terracotta,0.00
ITEM-02632,ORD-02632,SKU-0457,1,732.00,S,mustard,0.00
ITEM-02633,ORD-02633,SKU-0086,1,1100.00,XXL,sage,0.00
ITEM-02634,ORD-02634,SKU-0475,1,493.00,XXL,sage,0.00
ITEM-02635,ORD-02635,SKU-0363,1,772.00,XXL,Mustard Yellow,0.00
ITEM-02636,ORD-02636,SKU-0152,1,1080.00,S,rust,0.00
ITEM-02637,ORD-02637,SKU-0002,1,1499.00,XXL,Maroon,0.00
ITEM-02638,ORD-02638,SKU-0437,1,1319.00,XL,Terracotta,0.00
ITEM-02639,ORD-02639,SKU-0436,1,424.00,L,Indigo,0.00
ITEM-02640,ORD-02640,SKU-0205,1,1357.00,L,NAVY_BLUE,0.00
ITEM-02641,ORD-02641,SKU-0178,1,1315.00,XS,Sage Green,0.00
ITEM-02642,ORD-02642,SKU-0203,1,983.00,XS,mustard,0.00
ITEM-02643,ORD-02643,SKU-0282,1,1131.00,XXL,Navy Blue,0.00
ITEM-02644,ORD-02644,SKU-0172,1,974.00,S,sage,0.00
ITEM-02645,ORD-02645,SKU-0035,1,1337.00,XL,Ivory,0.00
ITEM-02646,ORD-02646,SKU-0176,1,518.00,XXL,Maroon,0.00
ITEM-02647,ORD-02647,SKU-0188,1,538.00,L,Mustard Yellow,0.00
ITEM-02648,ORD-02648,SKU-0164,1,1207.00,XXL,rust,0.00
ITEM-02649,ORD-02649,SKU-0033,1,918.00,S,sage,0.00
ITEM-02650,ORD-02650,SKU-0114,1,585.00,L,navy,0.00
ITEM-02651,ORD-02651,SKU-0356,1,535.00,M,navy,0.00
ITEM-02652,ORD-02652,SKU-0277,1,1201.00,XXL,sage,0.00
ITEM-02653,ORD-02653,SKU-0289,1,444.00,XS,navy,0.00
ITEM-02654,ORD-02654,SKU-0262,1,593.00,M,Ivory,0.00
ITEM-02655,ORD-02655,SKU-0408,1,626.00,M,NAVY_BLUE,0.00
ITEM-02656,ORD-02656,SKU-0338,1,1059.00,XL,Black,0.00
ITEM-02657,ORD-02657,SKU-0286,1,1122.00,S,Mustard Yellow,0.00
ITEM-02658,ORD-02658,SKU-0298,1,771.00,S,Black,0.00
ITEM-02659,ORD-02659,SKU-0095,1,1481.00,XL,rust,0.00
ITEM-02660,ORD-02660,SKU-0005,1,889.00,S,sage,0.00
ITEM-02661,ORD-02661,SKU-0221,1,974.00,XXL,Terracotta,0.00
ITEM-02662,ORD-02662,SKU-0296,1,1310.00,L,NAVY_BLUE,0.00
ITEM-02663,ORD-02663,SKU-0378,1,441.00,XL,NAVY_BLUE,0.00
ITEM-02664,ORD-02664,SKU-0072,1,792.00,XL,Mustard Yellow,0.00
ITEM-02665,ORD-02665,SKU-0189,1,1256.00,XXL,Black,0.00
ITEM-02666,ORD-02666,SKU-0093,1,774.00,XS,Sage Green,0.00
ITEM-02667,ORD-02667,SKU-0008,1,803.00,M,Navy Blue,0.00
ITEM-02668,ORD-02668,SKU-0053,1,452.00,L,Ivory,0.00
ITEM-02669,ORD-02669,SKU-0255,1,440.00,S,Black,0.00
ITEM-02670,ORD-02670,SKU-0179,1,1327.00,S,Maroon,0.00
ITEM-02671,ORD-02671,SKU-0080,1,1006.00,S,navy,0.00
ITEM-02672,ORD-02672,SKU-0307,1,1315.00,S,maroon_red,0.00
ITEM-02673,ORD-02673,SKU-0040,1,400.00,S,mustard,0.00
ITEM-02674,ORD-02674,SKU-0062,1,1057.00,XS,maroon_red,0.00
ITEM-02675,ORD-02675,SKU-0223,1,1120.00,XL,Ivory,0.00
ITEM-02676,ORD-02676,SKU-0268,1,413.00,L,navy,0.00
ITEM-02677,ORD-02677,SKU-0108,1,447.00,L,Sage Green,0.00
ITEM-02678,ORD-02678,SKU-0479,1,754.00,L,Black,0.00
ITEM-02679,ORD-02679,SKU-0162,1,886.00,S,sage,0.00
ITEM-02680,ORD-02680,SKU-0133,1,589.00,M,Black,0.00
ITEM-02681,ORD-02681,SKU-0461,1,456.00,XL,sage,0.00
ITEM-02682,ORD-02682,SKU-0288,1,1419.00,S,Navy Blue,0.00
ITEM-02683,ORD-02683,SKU-0257,1,1086.00,L,Navy Blue,0.00
ITEM-02684,ORD-02684,SKU-0090,1,1174.00,XS,sage,0.00
ITEM-02685,ORD-02685,SKU-0432,1,1302.00,L,Ivory,0.00
ITEM-02686,ORD-02686,SKU-0471,1,1008.00,XS,rust,0.00
ITEM-02687,ORD-02687,SKU-0232,1,781.00,XL,Black,0.00
ITEM-02688,ORD-02688,SKU-0308,1,531.00,XXL,Ivory,0.00
ITEM-02689,ORD-02689,SKU-0462,1,940.00,M,Maroon,0.00
ITEM-02690,ORD-02690,SKU-0451,1,489.00,XXL,Maroon,0.00
ITEM-02691,ORD-02691,SKU-0228,1,717.00,XS,Navy Blue,0.00
ITEM-02692,ORD-02692,SKU-0131,1,605.00,L,sage,0.00
ITEM-02693,ORD-02693,SKU-0159,1,707.00,S,Sage Green,0.00
ITEM-02694,ORD-02694,SKU-0132,1,1413.00,M,Terracotta,0.00
ITEM-02695,ORD-02695,SKU-0190,1,1410.00,S,Navy Blue,0.00
ITEM-02696,ORD-02696,SKU-0367,1,1421.00,XXL,Black,0.00
ITEM-02697,ORD-02697,SKU-0384,1,689.00,XXL,Maroon,0.00
ITEM-02698,ORD-02698,SKU-0375,1,443.00,XS,Navy Blue,0.00
ITEM-02699,ORD-02699,SKU-0273,1,678.00,L,navy,0.00
ITEM-02700,ORD-02700,SKU-0387,1,1016.00,XL,sage,0.00
ITEM-02701,ORD-02701,SKU-0344,1,631.00,S,Terracotta,0.00
ITEM-02702,ORD-02702,SKU-0457,1,732.00,XS,mustard,0.00
ITEM-02703,ORD-02703,SKU-0086,1,1100.00,S,sage,0.00
ITEM-02704,ORD-02704,SKU-0475,1,493.00,L,sage,0.00
ITEM-02705,ORD-02705,SKU-0363,1,772.00,S,Mustard Yellow,0.00
ITEM-02706,ORD-02706,SKU-0152,1,1080.00,XL,rust,0.00
ITEM-02707,ORD-02707,SKU-0002,1,1499.00,L,Maroon,0.00
ITEM-02708,ORD-02708,SKU-0437,1,1319.00,XS,Terracotta,0.00
ITEM-02709,ORD-02709,SKU-0436,1,424.00,S,Indigo,0.00
ITEM-02710,ORD-02710,SKU-0205,1,1357.00,S,NAVY_BLUE,0.00
ITEM-02711,ORD-02711,SKU-0178,1,1315.00,XXL,Sage Green,0.00
ITEM-02712,ORD-02712,SKU-0203,1,983.00,XL,mustard,0.00
ITEM-02713,ORD-02713,SKU-0282,1,1131.00,XS,Navy Blue,0.00
ITEM-02714,ORD-02714,SKU-0172,1,974.00,XS,sage,0.00
ITEM-02715,ORD-02715,SKU-0035,1,1337.00,XXL,Ivory,0.00
ITEM-02716,ORD-02716,SKU-0176,1,518.00,XS,Maroon,0.00
ITEM-02717,ORD-02717,SKU-0188,1,538.00,XL,Mustard Yellow,0.00
ITEM-02718,ORD-02718,SKU-0164,1,1207.00,M,rust,0.00
ITEM-02719,ORD-02719,SKU-0033,1,918.00,L,sage,0.00
ITEM-02720,ORD-02720,SKU-0114,1,585.00,XS,navy,0.00
ITEM-02721,ORD-02721,SKU-0356,1,535.00,M,navy,0.00
ITEM-02722,ORD-02722,SKU-0277,1,1201.00,S,sage,0.00
ITEM-02723,ORD-02723,SKU-0289,1,444.00,XL,navy,0.00
ITEM-02724,ORD-02724,SKU-0262,1,593.00,L,Ivory,0.00
ITEM-02725,ORD-02725,SKU-0408,1,626.00,S,NAVY_BLUE,0.00
ITEM-02726,ORD-02726,SKU-0338,1,1059.00,XXL,Black,0.00
ITEM-02727,ORD-02727,SKU-0286,1,1122.00,XXL,Mustard Yellow,0.00
ITEM-02728,ORD-02728,SKU-0298,1,771.00,XL,Black,0.00
ITEM-02729,ORD-02729,SKU-0095,1,1481.00,S,rust,0.00
ITEM-02730,ORD-02730,SKU-0005,1,889.00,S,sage,0.00
ITEM-02731,ORD-02731,SKU-0221,1,974.00,M,Terracotta,0.00
ITEM-02732,ORD-02732,SKU-0296,1,1310.00,L,NAVY_BLUE,0.00
ITEM-02733,ORD-02733,SKU-0378,1,441.00,XL,NAVY_BLUE,0.00
ITEM-02734,ORD-02734,SKU-0072,1,792.00,L,Mustard Yellow,0.00
ITEM-02735,ORD-02735,SKU-0189,1,1256.00,L,Black,0.00
ITEM-02736,ORD-02736,SKU-0093,1,774.00,XXL,Sage Green,0.00
ITEM-02737,ORD-02737,SKU-0008,1,803.00,S,Navy Blue,0.00
ITEM-02738,ORD-02738,SKU-0053,1,452.00,XL,Ivory,0.00
ITEM-02739,ORD-02739,SKU-0255,1,440.00,S,Black,0.00
ITEM-02740,ORD-02740,SKU-0179,1,1327.00,M,Maroon,0.00
ITEM-02741,ORD-02741,SKU-0080,1,1006.00,XL,navy,0.00
ITEM-02742,ORD-02742,SKU-0307,1,1315.00,M,maroon_red,0.00
ITEM-02743,ORD-02743,SKU-0040,1,400.00,XXL,mustard,0.00
ITEM-02744,ORD-02744,SKU-0062,1,1057.00,XL,maroon_red,0.00
ITEM-02745,ORD-02745,SKU-0223,1,1120.00,XXL,Ivory,0.00
ITEM-02746,ORD-02746,SKU-0268,1,413.00,M,navy,0.00
ITEM-02747,ORD-02747,SKU-0108,1,447.00,M,Sage Green,0.00
ITEM-02748,ORD-02748,SKU-0479,1,754.00,XL,Black,0.00
ITEM-02749,ORD-02749,SKU-0162,1,886.00,XS,sage,0.00
ITEM-02750,ORD-02750,SKU-0133,1,589.00,L,Black,0.00
ITEM-02751,ORD-02751,SKU-0461,1,456.00,XL,sage,0.00
ITEM-02752,ORD-02752,SKU-0288,1,1419.00,XL,Navy Blue,0.00
ITEM-02753,ORD-02753,SKU-0257,1,1086.00,L,Navy Blue,0.00
ITEM-02754,ORD-02754,SKU-0090,1,1174.00,XXL,sage,0.00
ITEM-02755,ORD-02755,SKU-0432,1,1302.00,XL,Ivory,0.00
ITEM-02756,ORD-02756,SKU-0471,1,1008.00,M,rust,0.00
ITEM-02757,ORD-02757,SKU-0232,1,781.00,XS,Black,0.00
ITEM-02758,ORD-02758,SKU-0308,1,531.00,XL,Ivory,0.00
ITEM-02759,ORD-02759,SKU-0462,1,940.00,M,Maroon,0.00
ITEM-02760,ORD-02760,SKU-0451,1,489.00,XS,Maroon,0.00
ITEM-02761,ORD-02761,SKU-0228,1,717.00,M,Navy Blue,0.00
ITEM-02762,ORD-02762,SKU-0131,1,605.00,XXL,sage,0.00
ITEM-02763,ORD-02763,SKU-0159,1,707.00,XL,Sage Green,0.00
ITEM-02764,ORD-02764,SKU-0132,1,1413.00,XS,Terracotta,0.00
ITEM-02765,ORD-02765,SKU-0190,1,1410.00,XL,Navy Blue,0.00
ITEM-02766,ORD-02766,SKU-0367,1,1421.00,L,Black,0.00
ITEM-02767,ORD-02767,SKU-0384,1,689.00,S,Maroon,0.00
ITEM-02768,ORD-02768,SKU-0375,1,443.00,S,Navy Blue,0.00
ITEM-02769,ORD-02769,SKU-0273,1,678.00,S,navy,0.00
ITEM-02770,ORD-02770,SKU-0387,1,1016.00,XL,sage,0.00
ITEM-02771,ORD-02771,SKU-0344,1,631.00,L,Terracotta,0.00
ITEM-02772,ORD-02772,SKU-0457,1,732.00,XL,mustard,0.00
ITEM-02773,ORD-02773,SKU-0086,1,1100.00,XXL,sage,0.00
ITEM-02774,ORD-02774,SKU-0475,1,493.00,XL,sage,0.00
ITEM-02775,ORD-02775,SKU-0363,1,772.00,XS,Mustard Yellow,0.00
ITEM-02776,ORD-02776,SKU-0152,1,1080.00,XL,rust,0.00
ITEM-02777,ORD-02777,SKU-0002,1,1499.00,M,Maroon,0.00
ITEM-02778,ORD-02778,SKU-0437,1,1319.00,XL,Terracotta,0.00
ITEM-02779,ORD-02779,SKU-0436,1,424.00,M,Indigo,0.00
ITEM-02780,ORD-02780,SKU-0205,1,1357.00,XL,NAVY_BLUE,0.00
ITEM-02781,ORD-02781,SKU-0178,1,1315.00,XS,Sage Green,0.00
ITEM-02782,ORD-02782,SKU-0203,1,983.00,XL,mustard,0.00
ITEM-02783,ORD-02783,SKU-0282,1,1131.00,XL,Navy Blue,0.00
ITEM-02784,ORD-02784,SKU-0172,1,974.00,L,sage,0.00
ITEM-02785,ORD-02785,SKU-0035,1,1337.00,XXL,Ivory,0.00
ITEM-02786,ORD-02786,SKU-0176,1,518.00,XXL,Maroon,0.00
ITEM-02787,ORD-02787,SKU-0188,1,538.00,XS,Mustard Yellow,0.00
ITEM-02788,ORD-02788,SKU-0164,1,1207.00,XXL,rust,0.00
ITEM-02789,ORD-02789,SKU-0033,1,918.00,XL,sage,0.00
ITEM-02790,ORD-02790,SKU-0114,1,585.00,S,navy,0.00
ITEM-02791,ORD-02791,SKU-0356,1,535.00,XL,navy,0.00
ITEM-02792,ORD-02792,SKU-0277,1,1201.00,XL,sage,0.00
ITEM-02793,ORD-02793,SKU-0289,1,444.00,S,navy,0.00
ITEM-02794,ORD-02794,SKU-0262,1,593.00,M,Ivory,0.00
ITEM-02795,ORD-02795,SKU-0408,1,626.00,XXL,NAVY_BLUE,0.00
ITEM-02796,ORD-02796,SKU-0338,1,1059.00,XXL,Black,0.00
ITEM-02797,ORD-02797,SKU-0286,1,1122.00,L,Mustard Yellow,0.00
ITEM-02798,ORD-02798,SKU-0298,1,771.00,XL,Black,0.00
ITEM-02799,ORD-02799,SKU-0095,1,1481.00,XXL,rust,0.00
ITEM-02800,ORD-02800,SKU-0005,1,889.00,M,sage,0.00
ITEM-02801,ORD-02801,SKU-0221,1,974.00,XXL,Terracotta,0.00
ITEM-02802,ORD-02802,SKU-0296,1,1310.00,S,NAVY_BLUE,0.00
ITEM-02803,ORD-02803,SKU-0378,1,441.00,XS,NAVY_BLUE,0.00
ITEM-02804,ORD-02804,SKU-0072,1,792.00,XL,Mustard Yellow,0.00
ITEM-02805,ORD-02805,SKU-0189,1,1256.00,L,Black,0.00
ITEM-02806,ORD-02806,SKU-0093,1,774.00,XS,Sage Green,0.00
ITEM-02807,ORD-02807,SKU-0008,1,803.00,M,Navy Blue,0.00
ITEM-02808,ORD-02808,SKU-0053,1,452.00,XS,Ivory,0.00
ITEM-02809,ORD-02809,SKU-0255,1,440.00,L,Black,0.00
ITEM-02810,ORD-02810,SKU-0179,1,1327.00,XS,Maroon,0.00
ITEM-02811,ORD-02811,SKU-0080,1,1006.00,M,navy,0.00
ITEM-02812,ORD-02812,SKU-0307,1,1315.00,M,maroon_red,0.00
ITEM-02813,ORD-02813,SKU-0040,1,400.00,XXL,mustard,0.00
ITEM-02814,ORD-02814,SKU-0062,1,1057.00,XL,maroon_red,0.00
ITEM-02815,ORD-02815,SKU-0223,1,1120.00,L,Ivory,0.00
ITEM-02816,ORD-02816,SKU-0268,1,413.00,S,navy,0.00
ITEM-02817,ORD-02817,SKU-0108,1,447.00,M,Sage Green,0.00
ITEM-02818,ORD-02818,SKU-0479,1,754.00,M,Black,0.00
ITEM-02819,ORD-02819,SKU-0162,1,886.00,L,sage,0.00
ITEM-02820,ORD-02820,SKU-0133,1,589.00,L,Black,0.00
ITEM-02821,ORD-02821,SKU-0461,1,456.00,S,sage,0.00
ITEM-02822,ORD-02822,SKU-0288,1,1419.00,S,Navy Blue,0.00
ITEM-02823,ORD-02823,SKU-0257,1,1086.00,M,Navy Blue,0.00
ITEM-02824,ORD-02824,SKU-0090,1,1174.00,XXL,sage,0.00
ITEM-02825,ORD-02825,SKU-0432,1,1302.00,M,Ivory,0.00
ITEM-02826,ORD-02826,SKU-0471,1,1008.00,XL,rust,0.00
ITEM-02827,ORD-02827,SKU-0232,1,781.00,M,Black,0.00
ITEM-02828,ORD-02828,SKU-0308,1,531.00,XL,Ivory,0.00
ITEM-02829,ORD-02829,SKU-0462,1,940.00,M,Maroon,0.00
ITEM-02830,ORD-02830,SKU-0451,1,489.00,S,Maroon,0.00
ITEM-02831,ORD-02831,SKU-0228,1,717.00,S,Navy Blue,0.00
ITEM-02832,ORD-02832,SKU-0131,1,605.00,S,sage,0.00
ITEM-02833,ORD-02833,SKU-0159,1,707.00,M,Sage Green,0.00
ITEM-02834,ORD-02834,SKU-0132,1,1413.00,XS,Terracotta,0.00
ITEM-02835,ORD-02835,SKU-0190,1,1410.00,L,Navy Blue,0.00
ITEM-02836,ORD-02836,SKU-0367,1,1421.00,M,Black,0.00
ITEM-02837,ORD-02837,SKU-0384,1,689.00,L,Maroon,0.00
ITEM-02838,ORD-02838,SKU-0375,1,443.00,XXL,Navy Blue,0.00
ITEM-02839,ORD-02839,SKU-0273,1,678.00,M,navy,0.00
ITEM-02840,ORD-02840,SKU-0387,1,1016.00,M,sage,0.00
ITEM-02841,ORD-02841,SKU-0344,1,631.00,XL,Terracotta,0.00
ITEM-02842,ORD-02842,SKU-0457,1,732.00,XS,mustard,0.00
ITEM-02843,ORD-02843,SKU-0086,1,1100.00,XL,sage,0.00
ITEM-02844,ORD-02844,SKU-0475,1,493.00,XL,sage,0.00
ITEM-02845,ORD-02845,SKU-0363,1,772.00,XXL,Mustard Yellow,0.00
ITEM-02846,ORD-02846,SKU-0152,1,1080.00,XS,rust,0.00
ITEM-02847,ORD-02847,SKU-0002,1,1499.00,XL,Maroon,0.00
ITEM-02848,ORD-02848,SKU-0437,1,1319.00,XL,Terracotta,0.00
ITEM-02849,ORD-02849,SKU-0436,1,424.00,XL,Indigo,0.00
ITEM-02850,ORD-02850,SKU-0205,1,1357.00,L,NAVY_BLUE,0.00
ITEM-02851,ORD-02851,SKU-0178,1,1315.00,XL,Sage Green,0.00
ITEM-02852,ORD-02852,SKU-0203,1,983.00,M,mustard,0.00
ITEM-02853,ORD-02853,SKU-0282,1,1131.00,XXL,Navy Blue,0.00
ITEM-02854,ORD-02854,SKU-0172,1,974.00,XS,sage,0.00
ITEM-02855,ORD-02855,SKU-0035,1,1337.00,XXL,Ivory,0.00
ITEM-02856,ORD-02856,SKU-0176,1,518.00,XL,Maroon,0.00
ITEM-02857,ORD-02857,SKU-0188,1,538.00,M,Mustard Yellow,0.00
ITEM-02858,ORD-02858,SKU-0164,1,1207.00,XL,rust,0.00
ITEM-02859,ORD-02859,SKU-0033,1,918.00,XL,sage,0.00
ITEM-02860,ORD-02860,SKU-0114,1,585.00,L,navy,0.00
ITEM-02861,ORD-02861,SKU-0356,1,535.00,XXL,navy,0.00
ITEM-02862,ORD-02862,SKU-0277,1,1201.00,XL,sage,0.00
ITEM-02863,ORD-02863,SKU-0289,1,444.00,L,navy,0.00
ITEM-02864,ORD-02864,SKU-0262,1,593.00,XS,Ivory,0.00
ITEM-02865,ORD-02865,SKU-0408,1,626.00,S,NAVY_BLUE,0.00
ITEM-02866,ORD-02866,SKU-0338,1,1059.00,XL,Black,0.00
ITEM-02867,ORD-02867,SKU-0286,1,1122.00,L,Mustard Yellow,0.00
ITEM-02868,ORD-02868,SKU-0298,1,771.00,XXL,Black,0.00
ITEM-02869,ORD-02869,SKU-0095,1,1481.00,XS,rust,0.00
ITEM-02870,ORD-02870,SKU-0005,1,889.00,XXL,sage,0.00
ITEM-02871,ORD-02871,SKU-0221,1,974.00,XS,Terracotta,0.00
ITEM-02872,ORD-02872,SKU-0296,1,1310.00,XS,NAVY_BLUE,0.00
ITEM-02873,ORD-02873,SKU-0378,1,441.00,L,NAVY_BLUE,0.00
ITEM-02874,ORD-02874,SKU-0072,1,792.00,L,Mustard Yellow,0.00
ITEM-02875,ORD-02875,SKU-0189,1,1256.00,XXL,Black,0.00
ITEM-02876,ORD-02876,SKU-0093,1,774.00,S,Sage Green,0.00
ITEM-02877,ORD-02877,SKU-0008,1,803.00,XXL,Navy Blue,0.00
ITEM-02878,ORD-02878,SKU-0053,1,452.00,XXL,Ivory,0.00
ITEM-02879,ORD-02879,SKU-0255,1,440.00,XXL,Black,0.00
ITEM-02880,ORD-02880,SKU-0179,1,1327.00,XXL,Maroon,0.00
ITEM-02881,ORD-02881,SKU-0080,1,1006.00,XXL,navy,0.00
ITEM-02882,ORD-02882,SKU-0307,1,1315.00,L,maroon_red,0.00
ITEM-02883,ORD-02883,SKU-0040,1,400.00,M,mustard,0.00
ITEM-02884,ORD-02884,SKU-0062,1,1057.00,XXL,maroon_red,0.00
ITEM-02885,ORD-02885,SKU-0223,1,1120.00,L,Ivory,0.00
ITEM-02886,ORD-02886,SKU-0268,1,413.00,S,navy,0.00
ITEM-02887,ORD-02887,SKU-0108,1,447.00,M,Sage Green,0.00
ITEM-02888,ORD-02888,SKU-0479,1,754.00,XL,Black,0.00
ITEM-02889,ORD-02889,SKU-0162,1,886.00,M,sage,0.00
ITEM-02890,ORD-02890,SKU-0133,1,589.00,XS,Black,0.00
ITEM-02891,ORD-02891,SKU-0461,1,456.00,XL,sage,0.00
ITEM-02892,ORD-02892,SKU-0288,1,1419.00,XXL,Navy Blue,0.00
ITEM-02893,ORD-02893,SKU-0257,1,1086.00,S,Navy Blue,0.00
ITEM-02894,ORD-02894,SKU-0090,1,1174.00,XXL,sage,0.00
ITEM-02895,ORD-02895,SKU-0432,1,1302.00,L,Ivory,0.00
ITEM-02896,ORD-02896,SKU-0471,1,1008.00,S,rust,0.00
ITEM-02897,ORD-02897,SKU-0232,1,781.00,L,Black,0.00
ITEM-02898,ORD-02898,SKU-0308,1,531.00,S,Ivory,0.00
ITEM-02899,ORD-02899,SKU-0462,1,940.00,XS,Maroon,0.00
ITEM-02900,ORD-02900,SKU-0451,1,489.00,XL,Maroon,0.00
ITEM-02901,ORD-02901,SKU-0228,1,717.00,M,Navy Blue,0.00
ITEM-02902,ORD-02902,SKU-0131,1,605.00,L,sage,0.00
ITEM-02903,ORD-02903,SKU-0159,1,707.00,M,Sage Green,0.00
ITEM-02904,ORD-02904,SKU-0132,1,1413.00,S,Terracotta,0.00
ITEM-02905,ORD-02905,SKU-0190,1,1410.00,XS,Navy Blue,0.00
ITEM-02906,ORD-02906,SKU-0367,1,1421.00,XL,Black,0.00
ITEM-02907,ORD-02907,SKU-0384,1,689.00,S,Maroon,0.00
ITEM-02908,ORD-02908,SKU-0375,1,443.00,L,Navy Blue,0.00
ITEM-02909,ORD-02909,SKU-0273,1,678.00,XXL,navy,0.00
ITEM-02910,ORD-02910,SKU-0387,1,1016.00,XL,sage,0.00
ITEM-02911,ORD-02911,SKU-0344,1,631.00,L,Terracotta,0.00
ITEM-02912,ORD-02912,SKU-0457,1,732.00,XS,mustard,0.00
ITEM-02913,ORD-02913,SKU-0086,1,1100.00,XL,sage,0.00
ITEM-02914,ORD-02914,SKU-0475,1,493.00,XL,sage,0.00
ITEM-02915,ORD-02915,SKU-0363,1,772.00,XXL,Mustard Yellow,0.00
ITEM-02916,ORD-02916,SKU-0152,1,1080.00,XL,rust,0.00
ITEM-02917,ORD-02917,SKU-0002,1,1499.00,XL,Maroon,0.00
ITEM-02918,ORD-02918,SKU-0437,1,1319.00,XS,Terracotta,0.00
ITEM-02919,ORD-02919,SKU-0436,1,424.00,XS,Indigo,0.00
ITEM-02920,ORD-02920,SKU-0205,1,1357.00,XXL,NAVY_BLUE,0.00
ITEM-02921,ORD-02921,SKU-0178,1,1315.00,XXL,Sage Green,0.00
ITEM-02922,ORD-02922,SKU-0203,1,983.00,L,mustard,0.00
ITEM-02923,ORD-02923,SKU-0282,1,1131.00,L,Navy Blue,0.00
ITEM-02924,ORD-02924,SKU-0172,1,974.00,XL,sage,0.00
ITEM-02925,ORD-02925,SKU-0035,1,1337.00,S,Ivory,0.00
ITEM-02926,ORD-02926,SKU-0176,1,518.00,S,Maroon,0.00
ITEM-02927,ORD-02927,SKU-0188,1,538.00,M,Mustard Yellow,0.00
ITEM-02928,ORD-02928,SKU-0164,1,1207.00,M,rust,0.00
ITEM-02929,ORD-02929,SKU-0033,1,918.00,XXL,sage,0.00
ITEM-02930,ORD-02930,SKU-0114,1,585.00,XL,navy,0.00
ITEM-02931,ORD-02931,SKU-0356,1,535.00,S,navy,0.00
ITEM-02932,ORD-02932,SKU-0277,1,1201.00,XS,sage,0.00
ITEM-02933,ORD-02933,SKU-0289,1,444.00,M,navy,0.00
ITEM-02934,ORD-02934,SKU-0262,1,593.00,XS,Ivory,0.00
ITEM-02935,ORD-02935,SKU-0408,1,626.00,XL,NAVY_BLUE,0.00
ITEM-02936,ORD-02936,SKU-0338,1,1059.00,XL,Black,0.00
ITEM-02937,ORD-02937,SKU-0286,1,1122.00,XL,Mustard Yellow,0.00
ITEM-02938,ORD-02938,SKU-0298,1,771.00,M,Black,0.00
ITEM-02939,ORD-02939,SKU-0095,1,1481.00,M,rust,0.00
ITEM-02940,ORD-02940,SKU-0005,1,889.00,L,sage,0.00
ITEM-02941,ORD-02941,SKU-0221,1,974.00,XS,Terracotta,0.00
ITEM-02942,ORD-02942,SKU-0296,1,1310.00,XL,NAVY_BLUE,0.00
ITEM-02943,ORD-02943,SKU-0378,1,441.00,L,NAVY_BLUE,0.00
ITEM-02944,ORD-02944,SKU-0072,1,792.00,XS,Mustard Yellow,0.00
ITEM-02945,ORD-02945,SKU-0189,1,1256.00,M,Black,0.00
ITEM-02946,ORD-02946,SKU-0093,1,774.00,M,Sage Green,0.00
ITEM-02947,ORD-02947,SKU-0008,1,803.00,M,Navy Blue,0.00
ITEM-02948,ORD-02948,SKU-0053,1,452.00,L,Ivory,0.00
ITEM-02949,ORD-02949,SKU-0255,1,440.00,XS,Black,0.00
ITEM-02950,ORD-02950,SKU-0179,1,1327.00,S,Maroon,0.00
ITEM-02951,ORD-02951,SKU-0080,1,1006.00,XS,navy,0.00
ITEM-02952,ORD-02952,SKU-0307,1,1315.00,XXL,maroon_red,0.00
ITEM-02953,ORD-02953,SKU-0040,1,400.00,S,mustard,0.00
ITEM-02954,ORD-02954,SKU-0062,1,1057.00,XL,maroon_red,0.00
ITEM-02955,ORD-02955,SKU-0223,1,1120.00,XL,Ivory,0.00
ITEM-02956,ORD-02956,SKU-0268,1,413.00,XXL,navy,0.00
ITEM-02957,ORD-02957,SKU-0108,1,447.00,XXL,Sage Green,0.00
ITEM-02958,ORD-02958,SKU-0479,1,754.00,XL,Black,0.00
ITEM-02959,ORD-02959,SKU-0162,1,886.00,XL,sage,0.00
ITEM-02960,ORD-02960,SKU-0133,1,589.00,XL,Black,0.00
ITEM-02961,ORD-02961,SKU-0461,1,456.00,XS,sage,0.00
ITEM-02962,ORD-02962,SKU-0288,1,1419.00,M,Navy Blue,0.00
ITEM-02963,ORD-02963,SKU-0257,1,1086.00,M,Navy Blue,0.00
ITEM-02964,ORD-02964,SKU-0090,1,1174.00,XS,sage,0.00
ITEM-02965,ORD-02965,SKU-0432,1,1302.00,L,Ivory,0.00
ITEM-02966,ORD-02966,SKU-0471,1,1008.00,XL,rust,0.00
ITEM-02967,ORD-02967,SKU-0232,1,781.00,XL,Black,0.00
ITEM-02968,ORD-02968,SKU-0308,1,531.00,XXL,Ivory,0.00
ITEM-02969,ORD-02969,SKU-0462,1,940.00,XL,Maroon,0.00
ITEM-02970,ORD-02970,SKU-0451,1,489.00,S,Maroon,0.00
ITEM-02971,ORD-02971,SKU-0228,1,717.00,M,Navy Blue,0.00
ITEM-02972,ORD-02972,SKU-0131,1,605.00,S,sage,0.00
ITEM-02973,ORD-02973,SKU-0159,1,707.00,XS,Sage Green,0.00
ITEM-02974,ORD-02974,SKU-0132,1,1413.00,S,Terracotta,0.00
ITEM-02975,ORD-02975,SKU-0190,1,1410.00,XXL,Navy Blue,0.00
ITEM-02976,ORD-02976,SKU-0367,1,1421.00,XL,Black,0.00
ITEM-02977,ORD-02977,SKU-0384,1,689.00,XXL,Maroon,0.00
ITEM-02978,ORD-02978,SKU-0375,1,443.00,XL,Navy Blue,0.00
ITEM-02979,ORD-02979,SKU-0273,1,678.00,L,navy,0.00
ITEM-02980,ORD-02980,SKU-0387,1,1016.00,M,sage,0.00
ITEM-02981,ORD-02981,SKU-0344,1,631.00,XS,Terracotta,0.00
ITEM-02982,ORD-02982,SKU-0457,1,732.00,XS,mustard,0.00
ITEM-02983,ORD-02983,SKU-0086,1,1100.00,L,sage,0.00
ITEM-02984,ORD-02984,SKU-0475,1,493.00,M,sage,0.00
ITEM-02985,ORD-02985,SKU-0363,1,772.00,M,Mustard Yellow,0.00
ITEM-02986,ORD-02986,SKU-0152,1,1080.00,M,rust,0.00
ITEM-02987,ORD-02987,SKU-0002,1,1499.00,XL,Maroon,0.00
ITEM-02988,ORD-02988,SKU-0437,1,1319.00,S,Terracotta,0.00
ITEM-02989,ORD-02989,SKU-0436,1,424.00,XS,Indigo,0.00
ITEM-02990,ORD-02990,SKU-0205,1,1357.00,L,NAVY_BLUE,0.00
ITEM-02991,ORD-02991,SKU-0178,1,1315.00,XS,Sage Green,0.00
ITEM-02992,ORD-02992,SKU-0203,1,983.00,L,mustard,0.00
ITEM-02993,ORD-02993,SKU-0282,1,1131.00,S,Navy Blue,0.00
ITEM-02994,ORD-02994,SKU-0172,1,974.00,XL,sage,0.00
ITEM-02995,ORD-02995,SKU-0035,1,1337.00,L,Ivory,0.00
ITEM-02996,ORD-02996,SKU-0176,1,518.00,XS,Maroon,0.00
ITEM-02997,ORD-02997,SKU-0188,1,538.00,XL,Mustard Yellow,0.00
ITEM-02998,ORD-02998,SKU-0164,1,1207.00,L,rust,0.00
ITEM-02999,ORD-02999,SKU-0033,1,918.00,L,sage,0.00
ITEM-03000,ORD-03000,SKU-0114,1,585.00,L,navy,0.00
ITEM-03001,ORD-03001,SKU-0356,1,535.00,S,navy,0.00
ITEM-03002,ORD-03002,SKU-0277,1,1201.00,XXL,sage,0.00
ITEM-03003,ORD-03003,SKU-0289,1,444.00,S,navy,0.00
ITEM-03004,ORD-03004,SKU-0262,1,593.00,S,Ivory,0.00
ITEM-03005,ORD-03005,SKU-0408,1,626.00,L,NAVY_BLUE,0.00
ITEM-03006,ORD-03006,SKU-0338,1,1059.00,XXL,Black,0.00
ITEM-03007,ORD-03007,SKU-0286,1,1122.00,L,Mustard Yellow,0.00
ITEM-03008,ORD-03008,SKU-0298,1,771.00,S,Black,0.00
ITEM-03009,ORD-03009,SKU-0095,1,1481.00,XL,rust,0.00
ITEM-03010,ORD-03010,SKU-0005,1,889.00,M,sage,0.00
ITEM-03011,ORD-03011,SKU-0221,1,974.00,XS,Terracotta,0.00
ITEM-03012,ORD-03012,SKU-0296,1,1310.00,XXL,NAVY_BLUE,0.00
ITEM-03013,ORD-03013,SKU-0378,1,441.00,S,NAVY_BLUE,0.00
ITEM-03014,ORD-03014,SKU-0072,1,792.00,S,Mustard Yellow,0.00
ITEM-03015,ORD-03015,SKU-0189,1,1256.00,XXL,Black,0.00
ITEM-03016,ORD-03016,SKU-0093,1,774.00,S,Sage Green,0.00
ITEM-03017,ORD-03017,SKU-0008,1,803.00,S,Navy Blue,0.00
ITEM-03018,ORD-03018,SKU-0053,1,452.00,M,Ivory,0.00
ITEM-03019,ORD-03019,SKU-0255,1,440.00,L,Black,0.00
ITEM-03020,ORD-03020,SKU-0179,1,1327.00,S,Maroon,0.00
ITEM-03021,ORD-03021,SKU-0080,1,1006.00,M,navy,0.00
ITEM-03022,ORD-03022,SKU-0307,1,1315.00,XXL,maroon_red,0.00
ITEM-03023,ORD-03023,SKU-0040,1,400.00,L,mustard,0.00
ITEM-03024,ORD-03024,SKU-0062,1,1057.00,XL,maroon_red,0.00
ITEM-03025,ORD-03025,SKU-0223,1,1120.00,M,Ivory,0.00
ITEM-03026,ORD-03026,SKU-0268,1,413.00,XXL,navy,0.00
ITEM-03027,ORD-03027,SKU-0108,1,447.00,L,Sage Green,0.00
ITEM-03028,ORD-03028,SKU-0479,1,754.00,XL,Black,0.00
ITEM-03029,ORD-03029,SKU-0162,1,886.00,M,sage,0.00
ITEM-03030,ORD-03030,SKU-0133,1,589.00,M,Black,0.00
ITEM-03031,ORD-03031,SKU-0461,1,456.00,L,sage,0.00
ITEM-03032,ORD-03032,SKU-0288,1,1419.00,XL,Navy Blue,0.00
ITEM-03033,ORD-03033,SKU-0257,1,1086.00,L,Navy Blue,0.00
ITEM-03034,ORD-03034,SKU-0090,1,1174.00,XL,sage,0.00
ITEM-03035,ORD-03035,SKU-0432,1,1302.00,XL,Ivory,0.00
ITEM-03036,ORD-03036,SKU-0471,1,1008.00,S,rust,0.00
ITEM-03037,ORD-03037,SKU-0232,1,781.00,M,Black,0.00
ITEM-03038,ORD-03038,SKU-0308,1,531.00,M,Ivory,0.00
ITEM-03039,ORD-03039,SKU-0462,1,940.00,XXL,Maroon,0.00
ITEM-03040,ORD-03040,SKU-0451,1,489.00,XS,Maroon,0.00
ITEM-03041,ORD-03041,SKU-0228,1,717.00,L,Navy Blue,0.00
ITEM-03042,ORD-03042,SKU-0131,1,605.00,XS,sage,0.00
ITEM-03043,ORD-03043,SKU-0159,1,707.00,S,Sage Green,0.00
ITEM-03044,ORD-03044,SKU-0132,1,1413.00,XS,Terracotta,0.00
ITEM-03045,ORD-03045,SKU-0190,1,1410.00,XS,Navy Blue,0.00
ITEM-03046,ORD-03046,SKU-0367,1,1421.00,L,Black,0.00
ITEM-03047,ORD-03047,SKU-0384,1,689.00,L,Maroon,0.00
ITEM-03048,ORD-03048,SKU-0375,1,443.00,XL,Navy Blue,0.00
ITEM-03049,ORD-03049,SKU-0273,1,678.00,L,navy,0.00
ITEM-03050,ORD-03050,SKU-0387,1,1016.00,L,sage,0.00
ITEM-03051,ORD-03051,SKU-0344,1,631.00,XL,Terracotta,0.00
ITEM-03052,ORD-03052,SKU-0457,1,732.00,XXL,mustard,0.00
ITEM-03053,ORD-03053,SKU-0086,1,1100.00,XS,sage,0.00
ITEM-03054,ORD-03054,SKU-0475,1,493.00,XS,sage,0.00
ITEM-03055,ORD-03055,SKU-0363,1,772.00,M,Mustard Yellow,0.00
ITEM-03056,ORD-03056,SKU-0152,1,1080.00,M,rust,0.00
ITEM-03057,ORD-03057,SKU-0002,1,1499.00,XS,Maroon,0.00
ITEM-03058,ORD-03058,SKU-0437,1,1319.00,L,Terracotta,0.00
ITEM-03059,ORD-03059,SKU-0436,1,424.00,S,Indigo,0.00
ITEM-03060,ORD-03060,SKU-0205,1,1357.00,XXL,NAVY_BLUE,0.00
ITEM-03061,ORD-03061,SKU-0178,1,1315.00,S,Sage Green,0.00
ITEM-03062,ORD-03062,SKU-0203,1,983.00,XS,mustard,0.00
ITEM-03063,ORD-03063,SKU-0282,1,1131.00,L,Navy Blue,0.00
ITEM-03064,ORD-03064,SKU-0172,1,974.00,XXL,sage,0.00
ITEM-03065,ORD-03065,SKU-0035,1,1337.00,M,Ivory,0.00
ITEM-03066,ORD-03066,SKU-0176,1,518.00,XS,Maroon,0.00
ITEM-03067,ORD-03067,SKU-0188,1,538.00,S,Mustard Yellow,0.00
ITEM-03068,ORD-03068,SKU-0164,1,1207.00,XS,rust,0.00
ITEM-03069,ORD-03069,SKU-0033,1,918.00,L,sage,0.00
ITEM-03070,ORD-03070,SKU-0114,1,585.00,XL,navy,0.00
ITEM-03071,ORD-03071,SKU-0356,1,535.00,XL,navy,0.00
ITEM-03072,ORD-03072,SKU-0277,1,1201.00,S,sage,0.00
ITEM-03073,ORD-03073,SKU-0289,1,444.00,XS,navy,0.00
ITEM-03074,ORD-03074,SKU-0262,1,593.00,L,Ivory,0.00
ITEM-03075,ORD-03075,SKU-0408,1,626.00,XXL,NAVY_BLUE,0.00
ITEM-03076,ORD-03076,SKU-0338,1,1059.00,XS,Black,0.00
ITEM-03077,ORD-03077,SKU-0286,1,1122.00,L,Mustard Yellow,0.00
ITEM-03078,ORD-03078,SKU-0298,1,771.00,XS,Black,0.00
ITEM-03079,ORD-03079,SKU-0095,1,1481.00,XXL,rust,0.00
ITEM-03080,ORD-03080,SKU-0005,1,889.00,L,sage,0.00
ITEM-03081,ORD-03081,SKU-0221,1,974.00,M,Terracotta,0.00
ITEM-03082,ORD-03082,SKU-0296,1,1310.00,XXL,NAVY_BLUE,0.00
ITEM-03083,ORD-03083,SKU-0378,1,441.00,XL,NAVY_BLUE,0.00
ITEM-03084,ORD-03084,SKU-0072,1,792.00,M,Mustard Yellow,0.00
ITEM-03085,ORD-03085,SKU-0189,1,1256.00,M,Black,0.00
ITEM-03086,ORD-03086,SKU-0093,1,774.00,XS,Sage Green,0.00
ITEM-03087,ORD-03087,SKU-0008,1,803.00,L,Navy Blue,0.00
ITEM-03088,ORD-03088,SKU-0053,1,452.00,S,Ivory,0.00
ITEM-03089,ORD-03089,SKU-0255,1,440.00,L,Black,0.00
ITEM-03090,ORD-03090,SKU-0179,1,1327.00,XS,Maroon,0.00
ITEM-03091,ORD-03091,SKU-0080,1,1006.00,XS,navy,0.00
ITEM-03092,ORD-03092,SKU-0307,1,1315.00,XS,maroon_red,0.00
ITEM-03093,ORD-03093,SKU-0040,1,400.00,M,mustard,0.00
ITEM-03094,ORD-03094,SKU-0062,1,1057.00,XL,maroon_red,0.00
ITEM-03095,ORD-03095,SKU-0223,1,1120.00,M,Ivory,0.00
ITEM-03096,ORD-03096,SKU-0268,1,413.00,XXL,navy,0.00
ITEM-03097,ORD-03097,SKU-0108,1,447.00,S,Sage Green,0.00
ITEM-03098,ORD-03098,SKU-0479,1,754.00,M,Black,0.00
ITEM-03099,ORD-03099,SKU-0162,1,886.00,L,sage,0.00
ITEM-03100,ORD-03100,SKU-0133,1,589.00,XL,Black,0.00
ITEM-03101,ORD-03101,SKU-0461,1,456.00,L,sage,0.00
ITEM-03102,ORD-03102,SKU-0288,1,1419.00,XXL,Navy Blue,0.00
ITEM-03103,ORD-03103,SKU-0257,1,1086.00,L,Navy Blue,0.00
ITEM-03104,ORD-03104,SKU-0090,1,1174.00,L,sage,0.00
ITEM-03105,ORD-03105,SKU-0432,1,1302.00,XS,Ivory,0.00
ITEM-03106,ORD-03106,SKU-0471,1,1008.00,M,rust,0.00
ITEM-03107,ORD-03107,SKU-0232,1,781.00,M,Black,0.00
ITEM-03108,ORD-03108,SKU-0308,1,531.00,XL,Ivory,0.00
ITEM-03109,ORD-03109,SKU-0462,1,940.00,XS,Maroon,0.00
ITEM-03110,ORD-03110,SKU-0451,1,489.00,S,Maroon,0.00
ITEM-03111,ORD-03111,SKU-0228,1,717.00,S,Navy Blue,0.00
ITEM-03112,ORD-03112,SKU-0131,1,605.00,L,sage,0.00
ITEM-03113,ORD-03113,SKU-0159,1,707.00,S,Sage Green,0.00
ITEM-03114,ORD-03114,SKU-0132,1,1413.00,L,Terracotta,0.00
ITEM-03115,ORD-03115,SKU-0190,1,1410.00,L,Navy Blue,0.00
ITEM-03116,ORD-03116,SKU-0367,1,1421.00,XL,Black,0.00
ITEM-03117,ORD-03117,SKU-0384,1,689.00,M,Maroon,0.00
ITEM-03118,ORD-03118,SKU-0375,1,443.00,XL,Navy Blue,0.00
ITEM-03119,ORD-03119,SKU-0273,1,678.00,S,navy,0.00
ITEM-03120,ORD-03120,SKU-0387,1,1016.00,XXL,sage,0.00
ITEM-03121,ORD-03121,SKU-0344,1,631.00,XL,Terracotta,0.00
ITEM-03122,ORD-03122,SKU-0457,1,732.00,L,mustard,0.00
ITEM-03123,ORD-03123,SKU-0086,1,1100.00,L,sage,0.00
ITEM-03124,ORD-03124,SKU-0475,1,493.00,M,sage,0.00
ITEM-03125,ORD-03125,SKU-0363,1,772.00,S,Mustard Yellow,0.00
ITEM-03126,ORD-03126,SKU-0152,1,1080.00,S,rust,0.00
ITEM-03127,ORD-03127,SKU-0002,1,1499.00,L,Maroon,0.00
ITEM-03128,ORD-03128,SKU-0437,1,1319.00,L,Terracotta,0.00
ITEM-03129,ORD-03129,SKU-0436,1,424.00,XXL,Indigo,0.00
ITEM-03130,ORD-03130,SKU-0205,1,1357.00,S,NAVY_BLUE,0.00
ITEM-03131,ORD-03131,SKU-0178,1,1315.00,L,Sage Green,0.00
ITEM-03132,ORD-03132,SKU-0203,1,983.00,M,mustard,0.00
ITEM-03133,ORD-03133,SKU-0282,1,1131.00,XS,Navy Blue,0.00
ITEM-03134,ORD-03134,SKU-0172,1,974.00,XS,sage,0.00
ITEM-03135,ORD-03135,SKU-0035,1,1337.00,L,Ivory,0.00
ITEM-03136,ORD-03136,SKU-0176,1,518.00,XL,Maroon,0.00
ITEM-03137,ORD-03137,SKU-0188,1,538.00,M,Mustard Yellow,0.00
ITEM-03138,ORD-03138,SKU-0164,1,1207.00,L,rust,0.00
ITEM-03139,ORD-03139,SKU-0033,1,918.00,XL,sage,0.00
ITEM-03140,ORD-03140,SKU-0114,1,585.00,M,navy,0.00
ITEM-03141,ORD-03141,SKU-0356,1,535.00,M,navy,0.00
ITEM-03142,ORD-03142,SKU-0277,1,1201.00,L,sage,0.00
ITEM-03143,ORD-03143,SKU-0289,1,444.00,S,navy,0.00
ITEM-03144,ORD-03144,SKU-0262,1,593.00,L,Ivory,0.00
ITEM-03145,ORD-03145,SKU-0408,1,626.00,XS,NAVY_BLUE,0.00
ITEM-03146,ORD-03146,SKU-0338,1,1059.00,XL,Black,0.00
ITEM-03147,ORD-03147,SKU-0286,1,1122.00,XXL,Mustard Yellow,0.00
ITEM-03148,ORD-03148,SKU-0298,1,771.00,XS,Black,0.00
ITEM-03149,ORD-03149,SKU-0095,1,1481.00,XXL,rust,0.00
ITEM-03150,ORD-03150,SKU-0005,1,889.00,XXL,sage,0.00
ITEM-03151,ORD-03151,SKU-0221,1,974.00,XXL,Terracotta,0.00
ITEM-03152,ORD-03152,SKU-0296,1,1310.00,S,NAVY_BLUE,0.00
ITEM-03153,ORD-03153,SKU-0378,1,441.00,XL,NAVY_BLUE,0.00
ITEM-03154,ORD-03154,SKU-0072,1,792.00,XS,Mustard Yellow,0.00
ITEM-03155,ORD-03155,SKU-0189,1,1256.00,XL,Black,0.00
ITEM-03156,ORD-03156,SKU-0093,1,774.00,XS,Sage Green,0.00
ITEM-03157,ORD-03157,SKU-0008,1,803.00,XXL,Navy Blue,0.00
ITEM-03158,ORD-03158,SKU-0053,1,452.00,M,Ivory,0.00
ITEM-03159,ORD-03159,SKU-0255,1,440.00,XXL,Black,0.00
ITEM-03160,ORD-03160,SKU-0179,1,1327.00,L,Maroon,0.00
ITEM-03161,ORD-03161,SKU-0080,1,1006.00,L,navy,0.00
ITEM-03162,ORD-03162,SKU-0307,1,1315.00,XS,maroon_red,0.00
ITEM-03163,ORD-03163,SKU-0040,1,400.00,XS,mustard,0.00
ITEM-03164,ORD-03164,SKU-0062,1,1057.00,XS,maroon_red,0.00
ITEM-03165,ORD-03165,SKU-0223,1,1120.00,XL,Ivory,0.00
ITEM-03166,ORD-03166,SKU-0268,1,413.00,XXL,navy,0.00
ITEM-03167,ORD-03167,SKU-0108,1,447.00,XS,Sage Green,0.00
ITEM-03168,ORD-03168,SKU-0479,1,754.00,XXL,Black,0.00
ITEM-03169,ORD-03169,SKU-0162,1,886.00,M,sage,0.00
ITEM-03170,ORD-03170,SKU-0133,1,589.00,XL,Black,0.00
ITEM-03171,ORD-03171,SKU-0461,1,456.00,M,sage,0.00
ITEM-03172,ORD-03172,SKU-0288,1,1419.00,S,Navy Blue,0.00
ITEM-03173,ORD-03173,SKU-0257,1,1086.00,XXL,Navy Blue,0.00
ITEM-03174,ORD-03174,SKU-0090,1,1174.00,M,sage,0.00
ITEM-03175,ORD-03175,SKU-0432,1,1302.00,L,Ivory,0.00
ITEM-03176,ORD-03176,SKU-0471,1,1008.00,XXL,rust,0.00
ITEM-03177,ORD-03177,SKU-0232,1,781.00,XS,Black,0.00
ITEM-03178,ORD-03178,SKU-0308,1,531.00,XS,Ivory,0.00
ITEM-03179,ORD-03179,SKU-0462,1,940.00,S,Maroon,0.00
ITEM-03180,ORD-03180,SKU-0451,1,489.00,M,Maroon,0.00
ITEM-03181,ORD-03181,SKU-0228,1,717.00,M,Navy Blue,0.00
ITEM-03182,ORD-03182,SKU-0131,1,605.00,S,sage,0.00
ITEM-03183,ORD-03183,SKU-0159,1,707.00,XXL,Sage Green,0.00
ITEM-03184,ORD-03184,SKU-0132,1,1413.00,XS,Terracotta,0.00
ITEM-03185,ORD-03185,SKU-0190,1,1410.00,S,Navy Blue,0.00
ITEM-03186,ORD-03186,SKU-0367,1,1421.00,S,Black,0.00
ITEM-03187,ORD-03187,SKU-0384,1,689.00,XS,Maroon,0.00
ITEM-03188,ORD-03188,SKU-0375,1,443.00,XS,Navy Blue,0.00
ITEM-03189,ORD-03189,SKU-0273,1,678.00,L,navy,0.00
ITEM-03190,ORD-03190,SKU-0387,1,1016.00,XXL,sage,0.00
ITEM-03191,ORD-03191,SKU-0344,1,631.00,M,Terracotta,0.00
ITEM-03192,ORD-03192,SKU-0457,1,732.00,L,mustard,0.00
ITEM-03193,ORD-03193,SKU-0086,1,1100.00,S,sage,0.00
ITEM-03194,ORD-03194,SKU-0475,1,493.00,XXL,sage,0.00
ITEM-03195,ORD-03195,SKU-0363,1,772.00,XL,Mustard Yellow,0.00
ITEM-03196,ORD-03196,SKU-0152,1,1080.00,XS,rust,0.00
ITEM-03197,ORD-03197,SKU-0002,1,1499.00,M,Maroon,0.00
ITEM-03198,ORD-03198,SKU-0437,1,1319.00,S,Terracotta,0.00
ITEM-03199,ORD-03199,SKU-0436,1,424.00,M,Indigo,0.00
ITEM-03200,ORD-03200,SKU-0205,1,1357.00,M,NAVY_BLUE,0.00
ITEM-03201,ORD-03201,SKU-0178,1,1315.00,S,Sage Green,0.00
ITEM-03202,ORD-03202,SKU-0203,1,983.00,XXL,mustard,0.00
ITEM-03203,ORD-03203,SKU-0282,1,1131.00,M,Navy Blue,0.00
ITEM-03204,ORD-03204,SKU-0172,1,974.00,L,sage,0.00
ITEM-03205,ORD-03205,SKU-0035,1,1337.00,S,Ivory,0.00
ITEM-03206,ORD-03206,SKU-0176,1,518.00,XL,Maroon,0.00
ITEM-03207,ORD-03207,SKU-0188,1,538.00,XL,Mustard Yellow,0.00
ITEM-03208,ORD-03208,SKU-0164,1,1207.00,XL,rust,0.00
ITEM-03209,ORD-03209,SKU-0033,1,918.00,XL,sage,0.00
ITEM-03210,ORD-03210,SKU-0114,1,585.00,S,navy,0.00
ITEM-03211,ORD-03211,SKU-0356,1,535.00,S,navy,0.00
ITEM-03212,ORD-03212,SKU-0277,1,1201.00,L,sage,0.00
ITEM-03213,ORD-03213,SKU-0289,1,444.00,XXL,navy,0.00
ITEM-03214,ORD-03214,SKU-0262,1,593.00,M,Ivory,0.00
ITEM-03215,ORD-03215,SKU-0408,1,626.00,M,NAVY_BLUE,0.00
ITEM-03216,ORD-03216,SKU-0338,1,1059.00,XS,Black,0.00
ITEM-03217,ORD-03217,SKU-0286,1,1122.00,XL,Mustard Yellow,0.00
ITEM-03218,ORD-03218,SKU-0298,1,771.00,XXL,Black,0.00
ITEM-03219,ORD-03219,SKU-0095,1,1481.00,S,rust,0.00
ITEM-03220,ORD-03220,SKU-0005,1,889.00,XL,sage,0.00
ITEM-03221,ORD-03221,SKU-0221,1,974.00,XL,Terracotta,0.00
ITEM-03222,ORD-03222,SKU-0296,1,1310.00,XS,NAVY_BLUE,0.00
ITEM-03223,ORD-03223,SKU-0378,1,441.00,XXL,NAVY_BLUE,0.00
ITEM-03224,ORD-03224,SKU-0072,1,792.00,L,Mustard Yellow,0.00
ITEM-03225,ORD-03225,SKU-0189,1,1256.00,XS,Black,0.00
ITEM-03226,ORD-03226,SKU-0093,1,774.00,S,Sage Green,0.00
ITEM-03227,ORD-03227,SKU-0008,1,803.00,XL,Navy Blue,0.00
ITEM-03228,ORD-03228,SKU-0053,1,452.00,XS,Ivory,0.00
ITEM-03229,ORD-03229,SKU-0255,1,440.00,XL,Black,0.00
ITEM-03230,ORD-03230,SKU-0179,1,1327.00,M,Maroon,0.00
ITEM-03231,ORD-03231,SKU-0080,1,1006.00,XS,navy,0.00
ITEM-03232,ORD-03232,SKU-0307,1,1315.00,XS,maroon_red,0.00
ITEM-03233,ORD-03233,SKU-0040,1,400.00,M,mustard,0.00
ITEM-03234,ORD-03234,SKU-0062,1,1057.00,S,maroon_red,0.00
ITEM-03235,ORD-03235,SKU-0223,1,1120.00,M,Ivory,0.00
ITEM-03236,ORD-03236,SKU-0268,1,413.00,S,navy,0.00
ITEM-03237,ORD-03237,SKU-0108,1,447.00,S,Sage Green,0.00
ITEM-03238,ORD-03238,SKU-0479,1,754.00,L,Black,0.00
ITEM-03239,ORD-03239,SKU-0162,1,886.00,XS,sage,0.00
ITEM-03240,ORD-03240,SKU-0133,1,589.00,XXL,Black,0.00
ITEM-03241,ORD-03241,SKU-0461,1,456.00,XL,sage,0.00
ITEM-03242,ORD-03242,SKU-0288,1,1419.00,L,Navy Blue,0.00
ITEM-03243,ORD-03243,SKU-0257,1,1086.00,L,Navy Blue,0.00
ITEM-03244,ORD-03244,SKU-0090,1,1174.00,XL,sage,0.00
ITEM-03245,ORD-03245,SKU-0432,1,1302.00,XL,Ivory,0.00
ITEM-03246,ORD-03246,SKU-0471,1,1008.00,XXL,rust,0.00
ITEM-03247,ORD-03247,SKU-0232,1,781.00,XS,Black,0.00
ITEM-03248,ORD-03248,SKU-0308,1,531.00,S,Ivory,0.00
ITEM-03249,ORD-03249,SKU-0462,1,940.00,XXL,Maroon,0.00
ITEM-03250,ORD-03250,SKU-0451,1,489.00,XXL,Maroon,0.00
ITEM-03251,ORD-03251,SKU-0228,1,717.00,XL,Navy Blue,0.00
ITEM-03252,ORD-03252,SKU-0131,1,605.00,L,sage,0.00
ITEM-03253,ORD-03253,SKU-0159,1,707.00,S,Sage Green,0.00
ITEM-03254,ORD-03254,SKU-0132,1,1413.00,XS,Terracotta,0.00
ITEM-03255,ORD-03255,SKU-0190,1,1410.00,XL,Navy Blue,0.00
ITEM-03256,ORD-03256,SKU-0367,1,1421.00,XS,Black,0.00
ITEM-03257,ORD-03257,SKU-0384,1,689.00,XL,Maroon,0.00
ITEM-03258,ORD-03258,SKU-0375,1,443.00,L,Navy Blue,0.00
ITEM-03259,ORD-03259,SKU-0273,1,678.00,S,navy,0.00
ITEM-03260,ORD-03260,SKU-0387,1,1016.00,XL,sage,0.00
ITEM-03261,ORD-03261,SKU-0344,1,631.00,L,Terracotta,0.00
ITEM-03262,ORD-03262,SKU-0457,1,732.00,XL,mustard,0.00
ITEM-03263,ORD-03263,SKU-0086,1,1100.00,XS,sage,0.00
ITEM-03264,ORD-03264,SKU-0475,1,493.00,XS,sage,0.00
ITEM-03265,ORD-03265,SKU-0363,1,772.00,S,Mustard Yellow,0.00
ITEM-03266,ORD-03266,SKU-0152,1,1080.00,M,rust,0.00
ITEM-03267,ORD-03267,SKU-0002,1,1499.00,S,Maroon,0.00
ITEM-03268,ORD-03268,SKU-0437,1,1319.00,XL,Terracotta,0.00
ITEM-03269,ORD-03269,SKU-0436,1,424.00,XXL,Indigo,0.00
ITEM-03270,ORD-03270,SKU-0205,1,1357.00,M,NAVY_BLUE,0.00
ITEM-03271,ORD-03271,SKU-0178,1,1315.00,M,Sage Green,0.00
ITEM-03272,ORD-03272,SKU-0203,1,983.00,XS,mustard,0.00
ITEM-03273,ORD-03273,SKU-0282,1,1131.00,XL,Navy Blue,0.00
ITEM-03274,ORD-03274,SKU-0172,1,974.00,XL,sage,0.00
ITEM-03275,ORD-03275,SKU-0035,1,1337.00,XS,Ivory,0.00
ITEM-03276,ORD-03276,SKU-0176,1,518.00,M,Maroon,0.00
ITEM-03277,ORD-03277,SKU-0188,1,538.00,S,Mustard Yellow,0.00
ITEM-03278,ORD-03278,SKU-0164,1,1207.00,M,rust,0.00
ITEM-03279,ORD-03279,SKU-0033,1,918.00,XL,sage,0.00
ITEM-03280,ORD-03280,SKU-0114,1,585.00,L,navy,0.00
ITEM-03281,ORD-03281,SKU-0356,1,535.00,S,navy,0.00
ITEM-03282,ORD-03282,SKU-0277,1,1201.00,XXL,sage,0.00
ITEM-03283,ORD-03283,SKU-0289,1,444.00,M,navy,0.00
ITEM-03284,ORD-03284,SKU-0262,1,593.00,S,Ivory,0.00
ITEM-03285,ORD-03285,SKU-0408,1,626.00,M,NAVY_BLUE,0.00
ITEM-03286,ORD-03286,SKU-0338,1,1059.00,XS,Black,0.00
ITEM-03287,ORD-03287,SKU-0286,1,1122.00,L,Mustard Yellow,0.00
ITEM-03288,ORD-03288,SKU-0298,1,771.00,XS,Black,0.00
ITEM-03289,ORD-03289,SKU-0095,1,1481.00,XXL,rust,0.00
ITEM-03290,ORD-03290,SKU-0005,1,889.00,XXL,sage,0.00
ITEM-03291,ORD-03291,SKU-0221,1,974.00,XL,Terracotta,0.00
ITEM-03292,ORD-03292,SKU-0296,1,1310.00,M,NAVY_BLUE,0.00
ITEM-03293,ORD-03293,SKU-0378,1,441.00,S,NAVY_BLUE,0.00
ITEM-03294,ORD-03294,SKU-0072,1,792.00,M,Mustard Yellow,0.00
ITEM-03295,ORD-03295,SKU-0189,1,1256.00,XL,Black,0.00
ITEM-03296,ORD-03296,SKU-0093,1,774.00,S,Sage Green,0.00
ITEM-03297,ORD-03297,SKU-0008,1,803.00,XXL,Navy Blue,0.00
ITEM-03298,ORD-03298,SKU-0053,1,452.00,XXL,Ivory,0.00
ITEM-03299,ORD-03299,SKU-0255,1,440.00,M,Black,0.00
ITEM-03300,ORD-03300,SKU-0179,1,1327.00,L,Maroon,0.00
ITEM-03301,ORD-03301,SKU-0080,1,1006.00,S,navy,0.00
ITEM-03302,ORD-03302,SKU-0307,1,1315.00,XXL,maroon_red,0.00
ITEM-03303,ORD-03303,SKU-0040,1,400.00,L,mustard,0.00
ITEM-03304,ORD-03304,SKU-0062,1,1057.00,M,maroon_red,0.00
ITEM-03305,ORD-03305,SKU-0223,1,1120.00,XS,Ivory,0.00
ITEM-03306,ORD-03306,SKU-0268,1,413.00,XL,navy,0.00
ITEM-03307,ORD-03307,SKU-0108,1,447.00,XL,Sage Green,0.00
ITEM-03308,ORD-03308,SKU-0479,1,754.00,M,Black,0.00
ITEM-03309,ORD-03309,SKU-0162,1,886.00,S,sage,0.00
ITEM-03310,ORD-03310,SKU-0133,1,589.00,M,Black,0.00
ITEM-03311,ORD-03311,SKU-0461,1,456.00,XXL,sage,0.00
ITEM-03312,ORD-03312,SKU-0288,1,1419.00,L,Navy Blue,0.00
ITEM-03313,ORD-03313,SKU-0257,1,1086.00,L,Navy Blue,0.00
ITEM-03314,ORD-03314,SKU-0090,1,1174.00,L,sage,0.00
ITEM-03315,ORD-03315,SKU-0432,1,1302.00,L,Ivory,0.00
ITEM-03316,ORD-03316,SKU-0471,1,1008.00,XXL,rust,0.00
ITEM-03317,ORD-03317,SKU-0232,1,781.00,XS,Black,0.00
ITEM-03318,ORD-03318,SKU-0308,1,531.00,XXL,Ivory,0.00
ITEM-03319,ORD-03319,SKU-0462,1,940.00,XL,Maroon,0.00
ITEM-03320,ORD-03320,SKU-0451,1,489.00,S,Maroon,0.00
ITEM-03321,ORD-03321,SKU-0228,1,717.00,XL,Navy Blue,0.00
ITEM-03322,ORD-03322,SKU-0131,1,605.00,XL,sage,0.00
ITEM-03323,ORD-03323,SKU-0159,1,707.00,XL,Sage Green,0.00
ITEM-03324,ORD-03324,SKU-0132,1,1413.00,XL,Terracotta,0.00
ITEM-03325,ORD-03325,SKU-0190,1,1410.00,XXL,Navy Blue,0.00
ITEM-03326,ORD-03326,SKU-0367,1,1421.00,M,Black,0.00
ITEM-03327,ORD-03327,SKU-0384,1,689.00,L,Maroon,0.00
ITEM-03328,ORD-03328,SKU-0375,1,443.00,S,Navy Blue,0.00
ITEM-03329,ORD-03329,SKU-0273,1,678.00,M,navy,0.00
ITEM-03330,ORD-03330,SKU-0387,1,1016.00,S,sage,0.00
ITEM-03331,ORD-03331,SKU-0344,1,631.00,S,Terracotta,0.00
ITEM-03332,ORD-03332,SKU-0457,1,732.00,XL,mustard,0.00
ITEM-03333,ORD-03333,SKU-0086,1,1100.00,XL,sage,0.00
ITEM-03334,ORD-03334,SKU-0475,1,493.00,XXL,sage,0.00
ITEM-03335,ORD-03335,SKU-0363,1,772.00,L,Mustard Yellow,0.00
ITEM-03336,ORD-03336,SKU-0152,1,1080.00,XS,rust,0.00
ITEM-03337,ORD-03337,SKU-0002,1,1499.00,M,Maroon,0.00
ITEM-03338,ORD-03338,SKU-0437,1,1319.00,XS,Terracotta,0.00
ITEM-03339,ORD-03339,SKU-0436,1,424.00,XL,Indigo,0.00
ITEM-03340,ORD-03340,SKU-0205,1,1357.00,XS,NAVY_BLUE,0.00
ITEM-03341,ORD-03341,SKU-0178,1,1315.00,XXL,Sage Green,0.00
ITEM-03342,ORD-03342,SKU-0203,1,983.00,XL,mustard,0.00
ITEM-03343,ORD-03343,SKU-0282,1,1131.00,XL,Navy Blue,0.00
ITEM-03344,ORD-03344,SKU-0172,1,974.00,S,sage,0.00
ITEM-03345,ORD-03345,SKU-0035,1,1337.00,L,Ivory,0.00
ITEM-03346,ORD-03346,SKU-0176,1,518.00,XS,Maroon,0.00
ITEM-03347,ORD-03347,SKU-0188,1,538.00,L,Mustard Yellow,0.00
ITEM-03348,ORD-03348,SKU-0164,1,1207.00,XL,rust,0.00
ITEM-03349,ORD-03349,SKU-0033,1,918.00,XS,sage,0.00
ITEM-03350,ORD-03350,SKU-0114,1,585.00,M,navy,0.00
ITEM-03351,ORD-03351,SKU-0356,1,535.00,L,navy,0.00
ITEM-03352,ORD-03352,SKU-0277,1,1201.00,XL,sage,0.00
ITEM-03353,ORD-03353,SKU-0289,1,444.00,L,navy,0.00
ITEM-03354,ORD-03354,SKU-0262,1,593.00,L,Ivory,0.00
ITEM-03355,ORD-03355,SKU-0408,1,626.00,L,NAVY_BLUE,0.00
ITEM-03356,ORD-03356,SKU-0338,1,1059.00,L,Black,0.00
ITEM-03357,ORD-03357,SKU-0286,1,1122.00,S,Mustard Yellow,0.00
ITEM-03358,ORD-03358,SKU-0298,1,771.00,XXL,Black,0.00
ITEM-03359,ORD-03359,SKU-0095,1,1481.00,S,rust,0.00
ITEM-03360,ORD-03360,SKU-0005,1,889.00,S,sage,0.00
ITEM-03361,ORD-03361,SKU-0221,1,974.00,XL,Terracotta,0.00
ITEM-03362,ORD-03362,SKU-0296,1,1310.00,XL,NAVY_BLUE,0.00
ITEM-03363,ORD-03363,SKU-0378,1,441.00,M,NAVY_BLUE,0.00
ITEM-03364,ORD-03364,SKU-0072,1,792.00,L,Mustard Yellow,0.00
ITEM-03365,ORD-03365,SKU-0189,1,1256.00,XXL,Black,0.00
ITEM-03366,ORD-03366,SKU-0093,1,774.00,L,Sage Green,0.00
ITEM-03367,ORD-03367,SKU-0008,1,803.00,M,Navy Blue,0.00
ITEM-03368,ORD-03368,SKU-0053,1,452.00,L,Ivory,0.00
ITEM-03369,ORD-03369,SKU-0255,1,440.00,XXL,Black,0.00
ITEM-03370,ORD-03370,SKU-0179,1,1327.00,XXL,Maroon,0.00
ITEM-03371,ORD-03371,SKU-0080,1,1006.00,S,navy,0.00
ITEM-03372,ORD-03372,SKU-0307,1,1315.00,XS,maroon_red,0.00
ITEM-03373,ORD-03373,SKU-0040,1,400.00,XL,mustard,0.00
ITEM-03374,ORD-03374,SKU-0062,1,1057.00,S,maroon_red,0.00
ITEM-03375,ORD-03375,SKU-0223,1,1120.00,L,Ivory,0.00
ITEM-03376,ORD-03376,SKU-0268,1,413.00,L,navy,0.00
ITEM-03377,ORD-03377,SKU-0108,1,447.00,M,Sage Green,0.00
ITEM-03378,ORD-03378,SKU-0479,1,754.00,S,Black,0.00
ITEM-03379,ORD-03379,SKU-0162,1,886.00,XS,sage,0.00
ITEM-03380,ORD-03380,SKU-0133,1,589.00,S,Black,0.00
ITEM-03381,ORD-03381,SKU-0461,1,456.00,S,sage,0.00
ITEM-03382,ORD-03382,SKU-0288,1,1419.00,L,Navy Blue,0.00
ITEM-03383,ORD-03383,SKU-0257,1,1086.00,M,Navy Blue,0.00
ITEM-03384,ORD-03384,SKU-0090,1,1174.00,XL,sage,0.00
ITEM-03385,ORD-03385,SKU-0432,1,1302.00,XS,Ivory,0.00
ITEM-03386,ORD-03386,SKU-0471,1,1008.00,L,rust,0.00
ITEM-03387,ORD-03387,SKU-0232,1,781.00,M,Black,0.00
ITEM-03388,ORD-03388,SKU-0308,1,531.00,S,Ivory,0.00
ITEM-03389,ORD-03389,SKU-0462,1,940.00,XS,Maroon,0.00
ITEM-03390,ORD-03390,SKU-0451,1,489.00,S,Maroon,0.00
ITEM-03391,ORD-03391,SKU-0228,1,717.00,XXL,Navy Blue,0.00
ITEM-03392,ORD-03392,SKU-0131,1,605.00,XL,sage,0.00
ITEM-03393,ORD-03393,SKU-0159,1,707.00,S,Sage Green,0.00
ITEM-03394,ORD-03394,SKU-0132,1,1413.00,XS,Terracotta,0.00
ITEM-03395,ORD-03395,SKU-0190,1,1410.00,XXL,Navy Blue,0.00
ITEM-03396,ORD-03396,SKU-0367,1,1421.00,L,Black,0.00
ITEM-03397,ORD-03397,SKU-0384,1,689.00,L,Maroon,0.00
ITEM-03398,ORD-03398,SKU-0375,1,443.00,L,Navy Blue,0.00
ITEM-03399,ORD-03399,SKU-0273,1,678.00,XL,navy,0.00
ITEM-03400,ORD-03400,SKU-0387,1,1016.00,S,sage,0.00
ITEM-03401,ORD-03401,SKU-0344,1,631.00,L,Terracotta,0.00
ITEM-03402,ORD-03402,SKU-0457,1,732.00,XXL,mustard,0.00
ITEM-03403,ORD-03403,SKU-0086,1,1100.00,XXL,sage,0.00
ITEM-03404,ORD-03404,SKU-0475,1,493.00,XXL,sage,0.00
ITEM-03405,ORD-03405,SKU-0363,1,772.00,S,Mustard Yellow,0.00
ITEM-03406,ORD-03406,SKU-0152,1,1080.00,XL,rust,0.00
ITEM-03407,ORD-03407,SKU-0002,1,1499.00,M,Maroon,0.00
ITEM-03408,ORD-03408,SKU-0437,1,1319.00,XL,Terracotta,0.00
ITEM-03409,ORD-03409,SKU-0436,1,424.00,XL,Indigo,0.00
ITEM-03410,ORD-03410,SKU-0205,1,1357.00,S,NAVY_BLUE,0.00
ITEM-03411,ORD-03411,SKU-0178,1,1315.00,M,Sage Green,0.00
ITEM-03412,ORD-03412,SKU-0203,1,983.00,XXL,mustard,0.00
ITEM-03413,ORD-03413,SKU-0282,1,1131.00,S,Navy Blue,0.00
ITEM-03414,ORD-03414,SKU-0172,1,974.00,L,sage,0.00
ITEM-03415,ORD-03415,SKU-0035,1,1337.00,M,Ivory,0.00
ITEM-03416,ORD-03416,SKU-0176,1,518.00,S,Maroon,0.00
ITEM-03417,ORD-03417,SKU-0188,1,538.00,S,Mustard Yellow,0.00
ITEM-03418,ORD-03418,SKU-0164,1,1207.00,L,rust,0.00
ITEM-03419,ORD-03419,SKU-0033,1,918.00,M,sage,0.00
ITEM-03420,ORD-03420,SKU-0114,1,585.00,M,navy,0.00
ITEM-03421,ORD-03421,SKU-0356,1,535.00,M,navy,0.00
ITEM-03422,ORD-03422,SKU-0277,1,1201.00,XS,sage,0.00
ITEM-03423,ORD-03423,SKU-0289,1,444.00,XS,navy,0.00
ITEM-03424,ORD-03424,SKU-0262,1,593.00,L,Ivory,0.00
ITEM-03425,ORD-03425,SKU-0408,1,626.00,M,NAVY_BLUE,0.00
ITEM-03426,ORD-03426,SKU-0338,1,1059.00,XL,Black,0.00
ITEM-03427,ORD-03427,SKU-0286,1,1122.00,XXL,Mustard Yellow,0.00
ITEM-03428,ORD-03428,SKU-0298,1,771.00,XL,Black,0.00
ITEM-03429,ORD-03429,SKU-0095,1,1481.00,XS,rust,0.00
ITEM-03430,ORD-03430,SKU-0005,1,889.00,S,sage,0.00
ITEM-03431,ORD-03431,SKU-0221,1,974.00,S,Terracotta,0.00
ITEM-03432,ORD-03432,SKU-0296,1,1310.00,L,NAVY_BLUE,0.00
ITEM-03433,ORD-03433,SKU-0378,1,441.00,S,NAVY_BLUE,0.00
ITEM-03434,ORD-03434,SKU-0072,1,792.00,XL,Mustard Yellow,0.00
ITEM-03435,ORD-03435,SKU-0189,1,1256.00,XS,Black,0.00
ITEM-03436,ORD-03436,SKU-0093,1,774.00,XL,Sage Green,0.00
ITEM-03437,ORD-03437,SKU-0008,1,803.00,L,Navy Blue,0.00
ITEM-03438,ORD-03438,SKU-0053,1,452.00,XXL,Ivory,0.00
ITEM-03439,ORD-03439,SKU-0255,1,440.00,M,Black,0.00
ITEM-03440,ORD-03440,SKU-0179,1,1327.00,M,Maroon,0.00
ITEM-03441,ORD-03441,SKU-0080,1,1006.00,XL,navy,0.00
ITEM-03442,ORD-03442,SKU-0307,1,1315.00,S,maroon_red,0.00
ITEM-03443,ORD-03443,SKU-0040,1,400.00,S,mustard,0.00
ITEM-03444,ORD-03444,SKU-0062,1,1057.00,XS,maroon_red,0.00
ITEM-03445,ORD-03445,SKU-0223,1,1120.00,XL,Ivory,0.00
ITEM-03446,ORD-03446,SKU-0268,1,413.00,XXL,navy,0.00
ITEM-03447,ORD-03447,SKU-0108,1,447.00,XL,Sage Green,0.00
ITEM-03448,ORD-03448,SKU-0479,1,754.00,L,Black,0.00
ITEM-03449,ORD-03449,SKU-0162,1,886.00,XS,sage,0.00
ITEM-03450,ORD-03450,SKU-0133,1,589.00,S,Black,0.00
ITEM-03451,ORD-03451,SKU-0461,1,456.00,XXL,sage,0.00
ITEM-03452,ORD-03452,SKU-0288,1,1419.00,L,Navy Blue,0.00
ITEM-03453,ORD-03453,SKU-0257,1,1086.00,L,Navy Blue,0.00
ITEM-03454,ORD-03454,SKU-0090,1,1174.00,S,sage,0.00
ITEM-03455,ORD-03455,SKU-0432,1,1302.00,M,Ivory,0.00
ITEM-03456,ORD-03456,SKU-0471,1,1008.00,L,rust,0.00
ITEM-03457,ORD-03457,SKU-0232,1,781.00,L,Black,0.00
ITEM-03458,ORD-03458,SKU-0308,1,531.00,XL,Ivory,0.00
ITEM-03459,ORD-03459,SKU-0462,1,940.00,XS,Maroon,0.00
ITEM-03460,ORD-03460,SKU-0451,1,489.00,S,Maroon,0.00
ITEM-03461,ORD-03461,SKU-0228,1,717.00,XXL,Navy Blue,0.00
ITEM-03462,ORD-03462,SKU-0131,1,605.00,XXL,sage,0.00
ITEM-03463,ORD-03463,SKU-0159,1,707.00,XS,Sage Green,0.00
ITEM-03464,ORD-03464,SKU-0132,1,1413.00,S,Terracotta,0.00
ITEM-03465,ORD-03465,SKU-0190,1,1410.00,S,Navy Blue,0.00
ITEM-03466,ORD-03466,SKU-0367,1,1421.00,M,Black,0.00
ITEM-03467,ORD-03467,SKU-0384,1,689.00,S,Maroon,0.00
ITEM-03468,ORD-03468,SKU-0375,1,443.00,L,Navy Blue,0.00
ITEM-03469,ORD-03469,SKU-0273,1,678.00,XL,navy,0.00
ITEM-03470,ORD-03470,SKU-0387,1,1016.00,XXL,sage,0.00
ITEM-03471,ORD-03471,SKU-0344,1,631.00,L,Terracotta,0.00
ITEM-03472,ORD-03472,SKU-0457,1,732.00,M,mustard,0.00
ITEM-03473,ORD-03473,SKU-0086,1,1100.00,XL,sage,0.00
ITEM-03474,ORD-03474,SKU-0475,1,493.00,XXL,sage,0.00
ITEM-03475,ORD-03475,SKU-0363,1,772.00,L,Mustard Yellow,0.00
ITEM-03476,ORD-03476,SKU-0152,1,1080.00,XS,rust,0.00
ITEM-03477,ORD-03477,SKU-0002,1,1499.00,L,Maroon,0.00
ITEM-03478,ORD-03478,SKU-0437,1,1319.00,L,Terracotta,0.00
ITEM-03479,ORD-03479,SKU-0436,1,424.00,L,Indigo,0.00
ITEM-03480,ORD-03480,SKU-0205,1,1357.00,S,NAVY_BLUE,0.00
ITEM-03481,ORD-03481,SKU-0178,1,1315.00,XL,Sage Green,0.00
ITEM-03482,ORD-03482,SKU-0203,1,983.00,L,mustard,0.00
ITEM-03483,ORD-03483,SKU-0282,1,1131.00,M,Navy Blue,0.00
ITEM-03484,ORD-03484,SKU-0172,1,974.00,XS,sage,0.00
ITEM-03485,ORD-03485,SKU-0035,1,1337.00,XL,Ivory,0.00
ITEM-03486,ORD-03486,SKU-0176,1,518.00,XXL,Maroon,0.00
ITEM-03487,ORD-03487,SKU-0188,1,538.00,XXL,Mustard Yellow,0.00
ITEM-03488,ORD-03488,SKU-0164,1,1207.00,XL,rust,0.00
ITEM-03489,ORD-03489,SKU-0033,1,918.00,S,sage,0.00
ITEM-03490,ORD-03490,SKU-0114,1,585.00,XL,navy,0.00
ITEM-03491,ORD-03491,SKU-0356,1,535.00,M,navy,0.00
ITEM-03492,ORD-03492,SKU-0277,1,1201.00,S,sage,0.00
ITEM-03493,ORD-03493,SKU-0289,1,444.00,M,navy,0.00
ITEM-03494,ORD-03494,SKU-0262,1,593.00,XXL,Ivory,0.00
ITEM-03495,ORD-03495,SKU-0408,1,626.00,M,NAVY_BLUE,0.00
ITEM-03496,ORD-03496,SKU-0338,1,1059.00,M,Black,0.00
ITEM-03497,ORD-03497,SKU-0286,1,1122.00,XXL,Mustard Yellow,0.00
ITEM-03498,ORD-03498,SKU-0298,1,771.00,L,Black,0.00
ITEM-03499,ORD-03499,SKU-0095,1,1481.00,XL,rust,0.00
ITEM-03500,ORD-03500,SKU-0005,1,889.00,XXL,sage,0.00
ITEM-03501,ORD-03501,SKU-0221,1,974.00,XS,Terracotta,0.00
ITEM-03502,ORD-03502,SKU-0296,1,1310.00,M,NAVY_BLUE,0.00
ITEM-03503,ORD-03503,SKU-0378,1,441.00,XXL,NAVY_BLUE,0.00
ITEM-03504,ORD-03504,SKU-0072,1,792.00,XXL,Mustard Yellow,0.00
ITEM-03505,ORD-03505,SKU-0189,1,1256.00,L,Black,0.00
ITEM-03506,ORD-03506,SKU-0093,1,774.00,S,Sage Green,0.00
ITEM-03507,ORD-03507,SKU-0008,1,803.00,XS,Navy Blue,0.00
ITEM-03508,ORD-03508,SKU-0053,1,452.00,M,Ivory,0.00
ITEM-03509,ORD-03509,SKU-0255,1,440.00,S,Black,0.00
ITEM-03510,ORD-03510,SKU-0179,1,1327.00,XL,Maroon,0.00
ITEM-03511,ORD-03511,SKU-0080,1,1006.00,XS,navy,0.00
ITEM-03512,ORD-03512,SKU-0307,1,1315.00,XS,maroon_red,0.00
ITEM-03513,ORD-03513,SKU-0040,1,400.00,XL,mustard,0.00
ITEM-03514,ORD-03514,SKU-0062,1,1057.00,L,maroon_red,0.00
ITEM-03515,ORD-03515,SKU-0223,1,1120.00,S,Ivory,0.00
ITEM-03516,ORD-03516,SKU-0268,1,413.00,M,navy,0.00
ITEM-03517,ORD-03517,SKU-0108,1,447.00,XXL,Sage Green,0.00
ITEM-03518,ORD-03518,SKU-0479,1,754.00,XS,Black,0.00
ITEM-03519,ORD-03519,SKU-0162,1,886.00,XXL,sage,0.00
ITEM-03520,ORD-03520,SKU-0133,1,589.00,L,Black,0.00
ITEM-03521,ORD-03521,SKU-0461,1,456.00,XS,sage,0.00
ITEM-03522,ORD-03522,SKU-0288,1,1419.00,L,Navy Blue,0.00
ITEM-03523,ORD-03523,SKU-0257,1,1086.00,XL,Navy Blue,0.00
ITEM-03524,ORD-03524,SKU-0090,1,1174.00,XL,sage,0.00
ITEM-03525,ORD-03525,SKU-0432,1,1302.00,M,Ivory,0.00
ITEM-03526,ORD-03526,SKU-0471,1,1008.00,XXL,rust,0.00
ITEM-03527,ORD-03527,SKU-0232,1,781.00,XS,Black,0.00
ITEM-03528,ORD-03528,SKU-0308,1,531.00,XS,Ivory,0.00
ITEM-03529,ORD-03529,SKU-0462,1,940.00,M,Maroon,0.00
ITEM-03530,ORD-03530,SKU-0451,1,489.00,S,Maroon,0.00
ITEM-03531,ORD-03531,SKU-0228,1,717.00,S,Navy Blue,0.00
ITEM-03532,ORD-03532,SKU-0131,1,605.00,XS,sage,0.00
ITEM-03533,ORD-03533,SKU-0159,1,707.00,S,Sage Green,0.00
ITEM-03534,ORD-03534,SKU-0132,1,1413.00,XS,Terracotta,0.00
ITEM-03535,ORD-03535,SKU-0190,1,1410.00,L,Navy Blue,0.00
ITEM-03536,ORD-03536,SKU-0367,1,1421.00,XXL,Black,0.00
ITEM-03537,ORD-03537,SKU-0384,1,689.00,S,Maroon,0.00
ITEM-03538,ORD-03538,SKU-0375,1,443.00,L,Navy Blue,0.00
ITEM-03539,ORD-03539,SKU-0273,1,678.00,S,navy,0.00
ITEM-03540,ORD-03540,SKU-0387,1,1016.00,S,sage,0.00
ITEM-03541,ORD-03541,SKU-0344,1,631.00,XXL,Terracotta,0.00
ITEM-03542,ORD-03542,SKU-0457,1,732.00,XXL,mustard,0.00
ITEM-03543,ORD-03543,SKU-0086,1,1100.00,M,sage,0.00
ITEM-03544,ORD-03544,SKU-0475,1,493.00,XL,sage,0.00
ITEM-03545,ORD-03545,SKU-0363,1,772.00,S,Mustard Yellow,0.00
ITEM-03546,ORD-03546,SKU-0152,1,1080.00,XS,rust,0.00
ITEM-03547,ORD-03547,SKU-0002,1,1499.00,XXL,Maroon,0.00
ITEM-03548,ORD-03548,SKU-0437,1,1319.00,XXL,Terracotta,0.00
ITEM-03549,ORD-03549,SKU-0436,1,424.00,M,Indigo,0.00
ITEM-03550,ORD-03550,SKU-0205,1,1357.00,XXL,NAVY_BLUE,0.00
ITEM-03551,ORD-03551,SKU-0178,1,1315.00,L,Sage Green,0.00
ITEM-03552,ORD-03552,SKU-0203,1,983.00,XS,mustard,0.00
ITEM-03553,ORD-03553,SKU-0282,1,1131.00,L,Navy Blue,0.00
ITEM-03554,ORD-03554,SKU-0172,1,974.00,S,sage,0.00
ITEM-03555,ORD-03555,SKU-0035,1,1337.00,S,Ivory,0.00
ITEM-03556,ORD-03556,SKU-0176,1,518.00,S,Maroon,0.00
ITEM-03557,ORD-03557,SKU-0188,1,538.00,S,Mustard Yellow,0.00
ITEM-03558,ORD-03558,SKU-0164,1,1207.00,XXL,rust,0.00
ITEM-03559,ORD-03559,SKU-0033,1,918.00,M,sage,0.00
ITEM-03560,ORD-03560,SKU-0114,1,585.00,L,navy,0.00
ITEM-03561,ORD-03561,SKU-0356,1,535.00,XS,navy,0.00
ITEM-03562,ORD-03562,SKU-0277,1,1201.00,XL,sage,0.00
ITEM-03563,ORD-03563,SKU-0289,1,444.00,XXL,navy,0.00
ITEM-03564,ORD-03564,SKU-0262,1,593.00,XXL,Ivory,0.00
ITEM-03565,ORD-03565,SKU-0408,1,626.00,S,NAVY_BLUE,0.00
ITEM-03566,ORD-03566,SKU-0338,1,1059.00,S,Black,0.00
ITEM-03567,ORD-03567,SKU-0286,1,1122.00,XS,Mustard Yellow,0.00
ITEM-03568,ORD-03568,SKU-0298,1,771.00,L,Black,0.00
ITEM-03569,ORD-03569,SKU-0095,1,1481.00,M,rust,0.00
ITEM-03570,ORD-03570,SKU-0005,1,889.00,L,sage,0.00
ITEM-03571,ORD-03571,SKU-0221,1,974.00,XXL,Terracotta,0.00
ITEM-03572,ORD-03572,SKU-0296,1,1310.00,M,NAVY_BLUE,0.00
ITEM-03573,ORD-03573,SKU-0378,1,441.00,L,NAVY_BLUE,0.00
ITEM-03574,ORD-03574,SKU-0072,1,792.00,L,Mustard Yellow,0.00
ITEM-03575,ORD-03575,SKU-0189,1,1256.00,XXL,Black,0.00
ITEM-03576,ORD-03576,SKU-0093,1,774.00,M,Sage Green,0.00
ITEM-03577,ORD-03577,SKU-0008,1,803.00,XL,Navy Blue,0.00
ITEM-03578,ORD-03578,SKU-0053,1,452.00,L,Ivory,0.00
ITEM-03579,ORD-03579,SKU-0255,1,440.00,XL,Black,0.00
ITEM-03580,ORD-03580,SKU-0179,1,1327.00,XS,Maroon,0.00
ITEM-03581,ORD-03581,SKU-0080,1,1006.00,XXL,navy,0.00
ITEM-03582,ORD-03582,SKU-0307,1,1315.00,S,maroon_red,0.00
ITEM-03583,ORD-03583,SKU-0040,1,400.00,XXL,mustard,0.00
ITEM-03584,ORD-03584,SKU-0062,1,1057.00,S,maroon_red,0.00
ITEM-03585,ORD-03585,SKU-0223,1,1120.00,S,Ivory,0.00
ITEM-03586,ORD-03586,SKU-0268,1,413.00,M,navy,0.00
ITEM-03587,ORD-03587,SKU-0108,1,447.00,M,Sage Green,0.00
ITEM-03588,ORD-03588,SKU-0479,1,754.00,L,Black,0.00
ITEM-03589,ORD-03589,SKU-0162,1,886.00,XS,sage,0.00
ITEM-03590,ORD-03590,SKU-0133,1,589.00,S,Black,0.00
ITEM-03591,ORD-03591,SKU-0461,1,456.00,XS,sage,0.00
ITEM-03592,ORD-03592,SKU-0288,1,1419.00,S,Navy Blue,0.00
ITEM-03593,ORD-03593,SKU-0257,1,1086.00,XL,Navy Blue,0.00
ITEM-03594,ORD-03594,SKU-0090,1,1174.00,S,sage,0.00
ITEM-03595,ORD-03595,SKU-0432,1,1302.00,XL,Ivory,0.00
ITEM-03596,ORD-03596,SKU-0471,1,1008.00,L,rust,0.00
ITEM-03597,ORD-03597,SKU-0232,1,781.00,M,Black,0.00
ITEM-03598,ORD-03598,SKU-0308,1,531.00,S,Ivory,0.00
ITEM-03599,ORD-03599,SKU-0462,1,940.00,L,Maroon,0.00
ITEM-03600,ORD-03600,SKU-0451,1,489.00,S,Maroon,0.00
ITEM-03601,ORD-03601,SKU-0228,1,717.00,M,Navy Blue,0.00
ITEM-03602,ORD-03602,SKU-0131,1,605.00,L,sage,0.00
ITEM-03603,ORD-03603,SKU-0159,1,707.00,M,Sage Green,0.00
ITEM-03604,ORD-03604,SKU-0132,1,1413.00,L,Terracotta,0.00
ITEM-03605,ORD-03605,SKU-0190,1,1410.00,S,Navy Blue,0.00
ITEM-03606,ORD-03606,SKU-0367,1,1421.00,M,Black,0.00
ITEM-03607,ORD-03607,SKU-0384,1,689.00,S,Maroon,0.00
ITEM-03608,ORD-03608,SKU-0375,1,443.00,L,Navy Blue,0.00
ITEM-03609,ORD-03609,SKU-0273,1,678.00,XL,navy,0.00
ITEM-03610,ORD-03610,SKU-0387,1,1016.00,S,sage,0.00
ITEM-03611,ORD-03611,SKU-0344,1,631.00,XS,Terracotta,0.00
ITEM-03612,ORD-03612,SKU-0457,1,732.00,XL,mustard,0.00
ITEM-03613,ORD-03613,SKU-0086,1,1100.00,XXL,sage,0.00
ITEM-03614,ORD-03614,SKU-0475,1,493.00,S,sage,0.00
ITEM-03615,ORD-03615,SKU-0363,1,772.00,S,Mustard Yellow,0.00
ITEM-03616,ORD-03616,SKU-0152,1,1080.00,L,rust,0.00
ITEM-03617,ORD-03617,SKU-0002,1,1499.00,XL,Maroon,0.00
ITEM-03618,ORD-03618,SKU-0437,1,1319.00,XL,Terracotta,0.00
ITEM-03619,ORD-03619,SKU-0436,1,424.00,XL,Indigo,0.00
ITEM-03620,ORD-03620,SKU-0205,1,1357.00,L,NAVY_BLUE,0.00
ITEM-03621,ORD-03621,SKU-0178,1,1315.00,XS,Sage Green,0.00
ITEM-03622,ORD-03622,SKU-0203,1,983.00,L,mustard,0.00
ITEM-03623,ORD-03623,SKU-0282,1,1131.00,XS,Navy Blue,0.00
ITEM-03624,ORD-03624,SKU-0172,1,974.00,XXL,sage,0.00
ITEM-03625,ORD-03625,SKU-0035,1,1337.00,XS,Ivory,0.00
ITEM-03626,ORD-03626,SKU-0176,1,518.00,XS,Maroon,0.00
ITEM-03627,ORD-03627,SKU-0188,1,538.00,M,Mustard Yellow,0.00
ITEM-03628,ORD-03628,SKU-0164,1,1207.00,M,rust,0.00
ITEM-03629,ORD-03629,SKU-0033,1,918.00,XL,sage,0.00
ITEM-03630,ORD-03630,SKU-0114,1,585.00,XS,navy,0.00
ITEM-03631,ORD-03631,SKU-0356,1,535.00,S,navy,0.00
ITEM-03632,ORD-03632,SKU-0277,1,1201.00,S,sage,0.00
ITEM-03633,ORD-03633,SKU-0289,1,444.00,L,navy,0.00
ITEM-03634,ORD-03634,SKU-0262,1,593.00,XL,Ivory,0.00
ITEM-03635,ORD-03635,SKU-0408,1,626.00,S,NAVY_BLUE,0.00
ITEM-03636,ORD-03636,SKU-0338,1,1059.00,XL,Black,0.00
ITEM-03637,ORD-03637,SKU-0286,1,1122.00,XXL,Mustard Yellow,0.00
ITEM-03638,ORD-03638,SKU-0298,1,771.00,S,Black,0.00
ITEM-03639,ORD-03639,SKU-0095,1,1481.00,XXL,rust,0.00
ITEM-03640,ORD-03640,SKU-0005,1,889.00,L,sage,0.00
ITEM-03641,ORD-03641,SKU-0221,1,974.00,XXL,Terracotta,0.00
ITEM-03642,ORD-03642,SKU-0296,1,1310.00,XL,NAVY_BLUE,0.00
ITEM-03643,ORD-03643,SKU-0378,1,441.00,XXL,NAVY_BLUE,0.00
ITEM-03644,ORD-03644,SKU-0072,1,792.00,XL,Mustard Yellow,0.00
ITEM-03645,ORD-03645,SKU-0189,1,1256.00,L,Black,0.00
ITEM-03646,ORD-03646,SKU-0093,1,774.00,M,Sage Green,0.00
ITEM-03647,ORD-03647,SKU-0008,1,803.00,XXL,Navy Blue,0.00
ITEM-03648,ORD-03648,SKU-0053,1,452.00,XS,Ivory,0.00
ITEM-03649,ORD-03649,SKU-0255,1,440.00,S,Black,0.00
ITEM-03650,ORD-03650,SKU-0179,1,1327.00,XL,Maroon,0.00
ITEM-03651,ORD-03651,SKU-0080,1,1006.00,L,navy,0.00
ITEM-03652,ORD-03652,SKU-0307,1,1315.00,S,maroon_red,0.00
ITEM-03653,ORD-03653,SKU-0040,1,400.00,XXL,mustard,0.00
ITEM-03654,ORD-03654,SKU-0062,1,1057.00,L,maroon_red,0.00
ITEM-03655,ORD-03655,SKU-0223,1,1120.00,XL,Ivory,0.00
ITEM-03656,ORD-03656,SKU-0268,1,413.00,M,navy,0.00
ITEM-03657,ORD-03657,SKU-0108,1,447.00,XXL,Sage Green,0.00
ITEM-03658,ORD-03658,SKU-0479,1,754.00,XL,Black,0.00
ITEM-03659,ORD-03659,SKU-0162,1,886.00,M,sage,0.00
ITEM-03660,ORD-03660,SKU-0133,1,589.00,S,Black,0.00
ITEM-03661,ORD-03661,SKU-0461,1,456.00,L,sage,0.00
ITEM-03662,ORD-03662,SKU-0288,1,1419.00,XXL,Navy Blue,0.00
ITEM-03663,ORD-03663,SKU-0257,1,1086.00,L,Navy Blue,0.00
ITEM-03664,ORD-03664,SKU-0090,1,1174.00,XL,sage,0.00
ITEM-03665,ORD-03665,SKU-0432,1,1302.00,M,Ivory,0.00
ITEM-03666,ORD-03666,SKU-0471,1,1008.00,XXL,rust,0.00
ITEM-03667,ORD-03667,SKU-0232,1,781.00,XS,Black,0.00
ITEM-03668,ORD-03668,SKU-0308,1,531.00,XS,Ivory,0.00
ITEM-03669,ORD-03669,SKU-0462,1,940.00,L,Maroon,0.00
ITEM-03670,ORD-03670,SKU-0451,1,489.00,XXL,Maroon,0.00
ITEM-03671,ORD-03671,SKU-0228,1,717.00,L,Navy Blue,0.00
ITEM-03672,ORD-03672,SKU-0131,1,605.00,S,sage,0.00
ITEM-03673,ORD-03673,SKU-0159,1,707.00,S,Sage Green,0.00
ITEM-03674,ORD-03674,SKU-0132,1,1413.00,M,Terracotta,0.00
ITEM-03675,ORD-03675,SKU-0190,1,1410.00,S,Navy Blue,0.00
ITEM-03676,ORD-03676,SKU-0367,1,1421.00,XL,Black,0.00
ITEM-03677,ORD-03677,SKU-0384,1,689.00,M,Maroon,0.00
ITEM-03678,ORD-03678,SKU-0375,1,443.00,L,Navy Blue,0.00
ITEM-03679,ORD-03679,SKU-0273,1,678.00,S,navy,0.00
ITEM-03680,ORD-03680,SKU-0387,1,1016.00,L,sage,0.00
ITEM-03681,ORD-03681,SKU-0344,1,631.00,L,Terracotta,0.00
ITEM-03682,ORD-03682,SKU-0457,1,732.00,M,mustard,0.00
ITEM-03683,ORD-03683,SKU-0086,1,1100.00,XL,sage,0.00
ITEM-03684,ORD-03684,SKU-0475,1,493.00,S,sage,0.00
ITEM-03685,ORD-03685,SKU-0363,1,772.00,XS,Mustard Yellow,0.00
ITEM-03686,ORD-03686,SKU-0152,1,1080.00,XL,rust,0.00
ITEM-03687,ORD-03687,SKU-0002,1,1499.00,XS,Maroon,0.00
ITEM-03688,ORD-03688,SKU-0437,1,1319.00,XS,Terracotta,0.00
ITEM-03689,ORD-03689,SKU-0436,1,424.00,L,Indigo,0.00
ITEM-03690,ORD-03690,SKU-0205,1,1357.00,S,NAVY_BLUE,0.00
ITEM-03691,ORD-03691,SKU-0178,1,1315.00,S,Sage Green,0.00
ITEM-03692,ORD-03692,SKU-0203,1,983.00,XS,mustard,0.00
ITEM-03693,ORD-03693,SKU-0282,1,1131.00,XXL,Navy Blue,0.00
ITEM-03694,ORD-03694,SKU-0172,1,974.00,L,sage,0.00
ITEM-03695,ORD-03695,SKU-0035,1,1337.00,XS,Ivory,0.00
ITEM-03696,ORD-03696,SKU-0176,1,518.00,XL,Maroon,0.00
ITEM-03697,ORD-03697,SKU-0188,1,538.00,L,Mustard Yellow,0.00
ITEM-03698,ORD-03698,SKU-0164,1,1207.00,XXL,rust,0.00
ITEM-03699,ORD-03699,SKU-0033,1,918.00,XL,sage,0.00
ITEM-03700,ORD-03700,SKU-0114,1,585.00,XXL,navy,0.00
ITEM-03701,ORD-03701,SKU-0356,1,535.00,XXL,navy,0.00
ITEM-03702,ORD-03702,SKU-0277,1,1201.00,XS,sage,0.00
ITEM-03703,ORD-03703,SKU-0289,1,444.00,XXL,navy,0.00
ITEM-03704,ORD-03704,SKU-0262,1,593.00,XL,Ivory,0.00
ITEM-03705,ORD-03705,SKU-0408,1,626.00,S,NAVY_BLUE,0.00
ITEM-03706,ORD-03706,SKU-0338,1,1059.00,S,Black,0.00
ITEM-03707,ORD-03707,SKU-0286,1,1122.00,XXL,Mustard Yellow,0.00
ITEM-03708,ORD-03708,SKU-0298,1,771.00,M,Black,0.00
ITEM-03709,ORD-03709,SKU-0095,1,1481.00,XXL,rust,0.00
ITEM-03710,ORD-03710,SKU-0005,1,889.00,S,sage,0.00
ITEM-03711,ORD-03711,SKU-0221,1,974.00,L,Terracotta,0.00
ITEM-03712,ORD-03712,SKU-0296,1,1310.00,M,NAVY_BLUE,0.00
ITEM-03713,ORD-03713,SKU-0378,1,441.00,L,NAVY_BLUE,0.00
ITEM-03714,ORD-03714,SKU-0072,1,792.00,XXL,Mustard Yellow,0.00
ITEM-03715,ORD-03715,SKU-0189,1,1256.00,XL,Black,0.00
ITEM-03716,ORD-03716,SKU-0093,1,774.00,XS,Sage Green,0.00
ITEM-03717,ORD-03717,SKU-0008,1,803.00,M,Navy Blue,0.00
ITEM-03718,ORD-03718,SKU-0053,1,452.00,XL,Ivory,0.00
ITEM-03719,ORD-03719,SKU-0255,1,440.00,M,Black,0.00
ITEM-03720,ORD-03720,SKU-0179,1,1327.00,L,Maroon,0.00
ITEM-03721,ORD-03721,SKU-0080,1,1006.00,S,navy,0.00
ITEM-03722,ORD-03722,SKU-0307,1,1315.00,XS,maroon_red,0.00
ITEM-03723,ORD-03723,SKU-0040,1,400.00,XL,mustard,0.00
ITEM-03724,ORD-03724,SKU-0062,1,1057.00,XL,maroon_red,0.00
ITEM-03725,ORD-03725,SKU-0223,1,1120.00,L,Ivory,0.00
ITEM-03726,ORD-03726,SKU-0268,1,413.00,XL,navy,0.00
ITEM-03727,ORD-03727,SKU-0108,1,447.00,S,Sage Green,0.00
ITEM-03728,ORD-03728,SKU-0479,1,754.00,S,Black,0.00
ITEM-03729,ORD-03729,SKU-0162,1,886.00,XL,sage,0.00
ITEM-03730,ORD-03730,SKU-0133,1,589.00,L,Black,0.00
ITEM-03731,ORD-03731,SKU-0461,1,456.00,S,sage,0.00
ITEM-03732,ORD-03732,SKU-0288,1,1419.00,XS,Navy Blue,0.00
ITEM-03733,ORD-03733,SKU-0257,1,1086.00,XS,Navy Blue,0.00
ITEM-03734,ORD-03734,SKU-0090,1,1174.00,XXL,sage,0.00
ITEM-03735,ORD-03735,SKU-0432,1,1302.00,XXL,Ivory,0.00
ITEM-03736,ORD-03736,SKU-0471,1,1008.00,M,rust,0.00
ITEM-03737,ORD-03737,SKU-0232,1,781.00,XL,Black,0.00
ITEM-03738,ORD-03738,SKU-0308,1,531.00,XS,Ivory,0.00
ITEM-03739,ORD-03739,SKU-0462,1,940.00,M,Maroon,0.00
ITEM-03740,ORD-03740,SKU-0451,1,489.00,L,Maroon,0.00
ITEM-03741,ORD-03741,SKU-0228,1,717.00,S,Navy Blue,0.00
ITEM-03742,ORD-03742,SKU-0131,1,605.00,L,sage,0.00
ITEM-03743,ORD-03743,SKU-0159,1,707.00,XXL,Sage Green,0.00
ITEM-03744,ORD-03744,SKU-0132,1,1413.00,S,Terracotta,0.00
ITEM-03745,ORD-03745,SKU-0190,1,1410.00,S,Navy Blue,0.00
ITEM-03746,ORD-03746,SKU-0367,1,1421.00,XS,Black,0.00
ITEM-03747,ORD-03747,SKU-0384,1,689.00,XL,Maroon,0.00
ITEM-03748,ORD-03748,SKU-0375,1,443.00,L,Navy Blue,0.00
ITEM-03749,ORD-03749,SKU-0273,1,678.00,XL,navy,0.00
ITEM-03750,ORD-03750,SKU-0387,1,1016.00,XL,sage,0.00
ITEM-03751,ORD-03751,SKU-0344,1,631.00,M,Terracotta,0.00
ITEM-03752,ORD-03752,SKU-0457,1,732.00,M,mustard,0.00
ITEM-03753,ORD-03753,SKU-0086,1,1100.00,XS,sage,0.00
ITEM-03754,ORD-03754,SKU-0475,1,493.00,XXL,sage,0.00
ITEM-03755,ORD-03755,SKU-0363,1,772.00,XL,Mustard Yellow,0.00
ITEM-03756,ORD-03756,SKU-0152,1,1080.00,XS,rust,0.00
ITEM-03757,ORD-03757,SKU-0002,1,1499.00,XL,Maroon,0.00
ITEM-03758,ORD-03758,SKU-0437,1,1319.00,L,Terracotta,0.00
ITEM-03759,ORD-03759,SKU-0436,1,424.00,S,Indigo,0.00
ITEM-03760,ORD-03760,SKU-0205,1,1357.00,M,NAVY_BLUE,0.00
ITEM-03761,ORD-03761,SKU-0178,1,1315.00,S,Sage Green,0.00
ITEM-03762,ORD-03762,SKU-0203,1,983.00,XXL,mustard,0.00
ITEM-03763,ORD-03763,SKU-0282,1,1131.00,L,Navy Blue,0.00
ITEM-03764,ORD-03764,SKU-0172,1,974.00,XXL,sage,0.00
ITEM-03765,ORD-03765,SKU-0035,1,1337.00,L,Ivory,0.00
ITEM-03766,ORD-03766,SKU-0176,1,518.00,XXL,Maroon,0.00
ITEM-03767,ORD-03767,SKU-0188,1,538.00,M,Mustard Yellow,0.00
ITEM-03768,ORD-03768,SKU-0164,1,1207.00,XL,rust,0.00
ITEM-03769,ORD-03769,SKU-0033,1,918.00,XS,sage,0.00
ITEM-03770,ORD-03770,SKU-0114,1,585.00,S,navy,0.00
ITEM-03771,ORD-03771,SKU-0356,1,535.00,S,navy,0.00
ITEM-03772,ORD-03772,SKU-0277,1,1201.00,S,sage,0.00
ITEM-03773,ORD-03773,SKU-0289,1,444.00,XL,navy,0.00
ITEM-03774,ORD-03774,SKU-0262,1,593.00,S,Ivory,0.00
ITEM-03775,ORD-03775,SKU-0408,1,626.00,XXL,NAVY_BLUE,0.00
ITEM-03776,ORD-03776,SKU-0338,1,1059.00,L,Black,0.00
ITEM-03777,ORD-03777,SKU-0286,1,1122.00,L,Mustard Yellow,0.00
ITEM-03778,ORD-03778,SKU-0298,1,771.00,XS,Black,0.00
ITEM-03779,ORD-03779,SKU-0095,1,1481.00,XXL,rust,0.00
ITEM-03780,ORD-03780,SKU-0005,1,889.00,M,sage,0.00
ITEM-03781,ORD-03781,SKU-0221,1,974.00,XXL,Terracotta,0.00
ITEM-03782,ORD-03782,SKU-0296,1,1310.00,XS,NAVY_BLUE,0.00
ITEM-03783,ORD-03783,SKU-0378,1,441.00,XS,NAVY_BLUE,0.00
ITEM-03784,ORD-03784,SKU-0072,1,792.00,XXL,Mustard Yellow,0.00
ITEM-03785,ORD-03785,SKU-0189,1,1256.00,XL,Black,0.00
ITEM-03786,ORD-03786,SKU-0093,1,774.00,L,Sage Green,0.00
ITEM-03787,ORD-03787,SKU-0008,1,803.00,L,Navy Blue,0.00
ITEM-03788,ORD-03788,SKU-0053,1,452.00,L,Ivory,0.00
ITEM-03789,ORD-03789,SKU-0255,1,440.00,M,Black,0.00
ITEM-03790,ORD-03790,SKU-0179,1,1327.00,S,Maroon,0.00
ITEM-03791,ORD-03791,SKU-0080,1,1006.00,XXL,navy,0.00
ITEM-03792,ORD-03792,SKU-0307,1,1315.00,XXL,maroon_red,0.00
ITEM-03793,ORD-03793,SKU-0040,1,400.00,M,mustard,0.00
ITEM-03794,ORD-03794,SKU-0062,1,1057.00,S,maroon_red,0.00
ITEM-03795,ORD-03795,SKU-0223,1,1120.00,XS,Ivory,0.00
ITEM-03796,ORD-03796,SKU-0268,1,413.00,XXL,navy,0.00
ITEM-03797,ORD-03797,SKU-0108,1,447.00,L,Sage Green,0.00
ITEM-03798,ORD-03798,SKU-0479,1,754.00,XL,Black,0.00
ITEM-03799,ORD-03799,SKU-0162,1,886.00,XXL,sage,0.00
ITEM-03800,ORD-03800,SKU-0133,1,589.00,M,Black,0.00
ITEM-03801,ORD-03801,SKU-0461,1,456.00,S,sage,0.00
ITEM-03802,ORD-03802,SKU-0288,1,1419.00,XS,Navy Blue,0.00
ITEM-03803,ORD-03803,SKU-0257,1,1086.00,XL,Navy Blue,0.00
ITEM-03804,ORD-03804,SKU-0090,1,1174.00,XL,sage,0.00
ITEM-03805,ORD-03805,SKU-0432,1,1302.00,L,Ivory,0.00
ITEM-03806,ORD-03806,SKU-0471,1,1008.00,S,rust,0.00
ITEM-03807,ORD-03807,SKU-0232,1,781.00,L,Black,0.00
ITEM-03808,ORD-03808,SKU-0308,1,531.00,XS,Ivory,0.00
ITEM-03809,ORD-03809,SKU-0462,1,940.00,XS,Maroon,0.00
ITEM-03810,ORD-03810,SKU-0451,1,489.00,L,Maroon,0.00
ITEM-03811,ORD-03811,SKU-0228,1,717.00,M,Navy Blue,0.00
ITEM-03812,ORD-03812,SKU-0131,1,605.00,S,sage,0.00
ITEM-03813,ORD-03813,SKU-0159,1,707.00,S,Sage Green,0.00
ITEM-03814,ORD-03814,SKU-0132,1,1413.00,XS,Terracotta,0.00
ITEM-03815,ORD-03815,SKU-0190,1,1410.00,XL,Navy Blue,0.00
ITEM-03816,ORD-03816,SKU-0367,1,1421.00,M,Black,0.00
ITEM-03817,ORD-03817,SKU-0384,1,689.00,L,Maroon,0.00
ITEM-03818,ORD-03818,SKU-0375,1,443.00,L,Navy Blue,0.00
ITEM-03819,ORD-03819,SKU-0273,1,678.00,XS,navy,0.00
ITEM-03820,ORD-03820,SKU-0387,1,1016.00,XS,sage,0.00
ITEM-03821,ORD-03821,SKU-0344,1,631.00,XL,Terracotta,0.00
ITEM-03822,ORD-03822,SKU-0457,1,732.00,XL,mustard,0.00
ITEM-03823,ORD-03823,SKU-0086,1,1100.00,M,sage,0.00
ITEM-03824,ORD-03824,SKU-0475,1,493.00,S,sage,0.00
ITEM-03825,ORD-03825,SKU-0363,1,772.00,XS,Mustard Yellow,0.00
ITEM-03826,ORD-03826,SKU-0152,1,1080.00,XL,rust,0.00
ITEM-03827,ORD-03827,SKU-0002,1,1499.00,M,Maroon,0.00
ITEM-03828,ORD-03828,SKU-0437,1,1319.00,XL,Terracotta,0.00
ITEM-03829,ORD-03829,SKU-0436,1,424.00,XL,Indigo,0.00
ITEM-03830,ORD-03830,SKU-0205,1,1357.00,XL,NAVY_BLUE,0.00
ITEM-03831,ORD-03831,SKU-0178,1,1315.00,S,Sage Green,0.00
ITEM-03832,ORD-03832,SKU-0203,1,983.00,M,mustard,0.00
ITEM-03833,ORD-03833,SKU-0282,1,1131.00,M,Navy Blue,0.00
ITEM-03834,ORD-03834,SKU-0172,1,974.00,XXL,sage,0.00
ITEM-03835,ORD-03835,SKU-0035,1,1337.00,XS,Ivory,0.00
ITEM-03836,ORD-03836,SKU-0176,1,518.00,XL,Maroon,0.00
ITEM-03837,ORD-03837,SKU-0188,1,538.00,XXL,Mustard Yellow,0.00
ITEM-03838,ORD-03838,SKU-0164,1,1207.00,L,rust,0.00
ITEM-03839,ORD-03839,SKU-0033,1,918.00,XXL,sage,0.00
ITEM-03840,ORD-03840,SKU-0114,1,585.00,L,navy,0.00
ITEM-03841,ORD-03841,SKU-0356,1,535.00,XL,navy,0.00
ITEM-03842,ORD-03842,SKU-0277,1,1201.00,M,sage,0.00
ITEM-03843,ORD-03843,SKU-0289,1,444.00,M,navy,0.00
ITEM-03844,ORD-03844,SKU-0262,1,593.00,S,Ivory,0.00
ITEM-03845,ORD-03845,SKU-0408,1,626.00,XXL,NAVY_BLUE,0.00
ITEM-03846,ORD-03846,SKU-0338,1,1059.00,XXL,Black,0.00
ITEM-03847,ORD-03847,SKU-0286,1,1122.00,M,Mustard Yellow,0.00
ITEM-03848,ORD-03848,SKU-0298,1,771.00,L,Black,0.00
ITEM-03849,ORD-03849,SKU-0095,1,1481.00,M,rust,0.00
ITEM-03850,ORD-03850,SKU-0005,1,889.00,L,sage,0.00
ITEM-03851,ORD-03851,SKU-0221,1,974.00,XS,Terracotta,0.00
ITEM-03852,ORD-03852,SKU-0296,1,1310.00,L,NAVY_BLUE,0.00
ITEM-03853,ORD-03853,SKU-0378,1,441.00,M,NAVY_BLUE,0.00
ITEM-03854,ORD-03854,SKU-0072,1,792.00,XXL,Mustard Yellow,0.00
ITEM-03855,ORD-03855,SKU-0189,1,1256.00,XL,Black,0.00
ITEM-03856,ORD-03856,SKU-0093,1,774.00,L,Sage Green,0.00
ITEM-03857,ORD-03857,SKU-0008,1,803.00,XS,Navy Blue,0.00
ITEM-03858,ORD-03858,SKU-0053,1,452.00,L,Ivory,0.00
ITEM-03859,ORD-03859,SKU-0255,1,440.00,XL,Black,0.00
ITEM-03860,ORD-03860,SKU-0179,1,1327.00,XL,Maroon,0.00
ITEM-03861,ORD-03861,SKU-0080,1,1006.00,M,navy,0.00
ITEM-03862,ORD-03862,SKU-0307,1,1315.00,XL,maroon_red,0.00
ITEM-03863,ORD-03863,SKU-0040,1,400.00,XXL,mustard,0.00
ITEM-03864,ORD-03864,SKU-0062,1,1057.00,M,maroon_red,0.00
ITEM-03865,ORD-03865,SKU-0223,1,1120.00,M,Ivory,0.00
ITEM-03866,ORD-03866,SKU-0268,1,413.00,XXL,navy,0.00
ITEM-03867,ORD-03867,SKU-0108,1,447.00,XXL,Sage Green,0.00
ITEM-03868,ORD-03868,SKU-0479,1,754.00,S,Black,0.00
ITEM-03869,ORD-03869,SKU-0162,1,886.00,XL,sage,0.00
ITEM-03870,ORD-03870,SKU-0133,1,589.00,XS,Black,0.00
ITEM-03871,ORD-03871,SKU-0461,1,456.00,XL,sage,0.00
ITEM-03872,ORD-03872,SKU-0288,1,1419.00,M,Navy Blue,0.00
ITEM-03873,ORD-03873,SKU-0257,1,1086.00,M,Navy Blue,0.00
ITEM-03874,ORD-03874,SKU-0090,1,1174.00,XS,sage,0.00
ITEM-03875,ORD-03875,SKU-0432,1,1302.00,M,Ivory,0.00
ITEM-03876,ORD-03876,SKU-0471,1,1008.00,M,rust,0.00
ITEM-03877,ORD-03877,SKU-0232,1,781.00,XXL,Black,0.00
ITEM-03878,ORD-03878,SKU-0308,1,531.00,XS,Ivory,0.00
ITEM-03879,ORD-03879,SKU-0462,1,940.00,S,Maroon,0.00
ITEM-03880,ORD-03880,SKU-0451,1,489.00,XL,Maroon,0.00
ITEM-03881,ORD-03881,SKU-0228,1,717.00,XL,Navy Blue,0.00
ITEM-03882,ORD-03882,SKU-0131,1,605.00,L,sage,0.00
ITEM-03883,ORD-03883,SKU-0159,1,707.00,S,Sage Green,0.00
ITEM-03884,ORD-03884,SKU-0132,1,1413.00,XS,Terracotta,0.00
ITEM-03885,ORD-03885,SKU-0190,1,1410.00,XL,Navy Blue,0.00
ITEM-03886,ORD-03886,SKU-0367,1,1421.00,XXL,Black,0.00
ITEM-03887,ORD-03887,SKU-0384,1,689.00,XS,Maroon,0.00
ITEM-03888,ORD-03888,SKU-0375,1,443.00,M,Navy Blue,0.00
ITEM-03889,ORD-03889,SKU-0273,1,678.00,L,navy,0.00
ITEM-03890,ORD-03890,SKU-0387,1,1016.00,XS,sage,0.00
ITEM-03891,ORD-03891,SKU-0344,1,631.00,XXL,Terracotta,0.00
ITEM-03892,ORD-03892,SKU-0457,1,732.00,S,mustard,0.00
ITEM-03893,ORD-03893,SKU-0086,1,1100.00,S,sage,0.00
ITEM-03894,ORD-03894,SKU-0475,1,493.00,XXL,sage,0.00
ITEM-03895,ORD-03895,SKU-0363,1,772.00,XXL,Mustard Yellow,0.00
ITEM-03896,ORD-03896,SKU-0152,1,1080.00,L,rust,0.00
ITEM-03897,ORD-03897,SKU-0002,1,1499.00,M,Maroon,0.00
ITEM-03898,ORD-03898,SKU-0437,1,1319.00,S,Terracotta,0.00
ITEM-03899,ORD-03899,SKU-0436,1,424.00,XS,Indigo,0.00
ITEM-03900,ORD-03900,SKU-0205,1,1357.00,S,NAVY_BLUE,0.00
ITEM-03901,ORD-03901,SKU-0178,1,1315.00,L,Sage Green,0.00
ITEM-03902,ORD-03902,SKU-0203,1,983.00,S,mustard,0.00
ITEM-03903,ORD-03903,SKU-0282,1,1131.00,XS,Navy Blue,0.00
ITEM-03904,ORD-03904,SKU-0172,1,974.00,XS,sage,0.00
ITEM-03905,ORD-03905,SKU-0035,1,1337.00,XS,Ivory,0.00
ITEM-03906,ORD-03906,SKU-0176,1,518.00,XL,Maroon,0.00
ITEM-03907,ORD-03907,SKU-0188,1,538.00,XS,Mustard Yellow,0.00
ITEM-03908,ORD-03908,SKU-0164,1,1207.00,M,rust,0.00
ITEM-03909,ORD-03909,SKU-0033,1,918.00,XL,sage,0.00
ITEM-03910,ORD-03910,SKU-0114,1,585.00,XXL,navy,0.00
ITEM-03911,ORD-03911,SKU-0356,1,535.00,M,navy,0.00
ITEM-03912,ORD-03912,SKU-0277,1,1201.00,L,sage,0.00
ITEM-03913,ORD-03913,SKU-0289,1,444.00,L,navy,0.00
ITEM-03914,ORD-03914,SKU-0262,1,593.00,L,Ivory,0.00
ITEM-03915,ORD-03915,SKU-0408,1,626.00,L,NAVY_BLUE,0.00
ITEM-03916,ORD-03916,SKU-0338,1,1059.00,XXL,Black,0.00
ITEM-03917,ORD-03917,SKU-0286,1,1122.00,XL,Mustard Yellow,0.00
ITEM-03918,ORD-03918,SKU-0298,1,771.00,XXL,Black,0.00
ITEM-03919,ORD-03919,SKU-0095,1,1481.00,L,rust,0.00
ITEM-03920,ORD-03920,SKU-0005,1,889.00,XL,sage,0.00
ITEM-03921,ORD-03921,SKU-0221,1,974.00,L,Terracotta,0.00
ITEM-03922,ORD-03922,SKU-0296,1,1310.00,S,NAVY_BLUE,0.00
ITEM-03923,ORD-03923,SKU-0378,1,441.00,L,NAVY_BLUE,0.00
ITEM-03924,ORD-03924,SKU-0072,1,792.00,S,Mustard Yellow,0.00
ITEM-03925,ORD-03925,SKU-0189,1,1256.00,XS,Black,0.00
ITEM-03926,ORD-03926,SKU-0093,1,774.00,XS,Sage Green,0.00
ITEM-03927,ORD-03927,SKU-0008,1,803.00,XS,Navy Blue,0.00
ITEM-03928,ORD-03928,SKU-0053,1,452.00,L,Ivory,0.00
ITEM-03929,ORD-03929,SKU-0255,1,440.00,XS,Black,0.00
ITEM-03930,ORD-03930,SKU-0179,1,1327.00,M,Maroon,0.00
ITEM-03931,ORD-03931,SKU-0080,1,1006.00,M,navy,0.00
ITEM-03932,ORD-03932,SKU-0307,1,1315.00,XS,maroon_red,0.00
ITEM-03933,ORD-03933,SKU-0040,1,400.00,XXL,mustard,0.00
ITEM-03934,ORD-03934,SKU-0062,1,1057.00,M,maroon_red,0.00
ITEM-03935,ORD-03935,SKU-0223,1,1120.00,XL,Ivory,0.00
ITEM-03936,ORD-03936,SKU-0268,1,413.00,XXL,navy,0.00
ITEM-03937,ORD-03937,SKU-0108,1,447.00,L,Sage Green,0.00
ITEM-03938,ORD-03938,SKU-0479,1,754.00,S,Black,0.00
ITEM-03939,ORD-03939,SKU-0162,1,886.00,XL,sage,0.00
ITEM-03940,ORD-03940,SKU-0133,1,589.00,M,Black,0.00
ITEM-03941,ORD-03941,SKU-0461,1,456.00,S,sage,0.00
ITEM-03942,ORD-03942,SKU-0288,1,1419.00,L,Navy Blue,0.00
ITEM-03943,ORD-03943,SKU-0257,1,1086.00,XXL,Navy Blue,0.00
ITEM-03944,ORD-03944,SKU-0090,1,1174.00,S,sage,0.00
ITEM-03945,ORD-03945,SKU-0432,1,1302.00,S,Ivory,0.00
ITEM-03946,ORD-03946,SKU-0471,1,1008.00,XS,rust,0.00
ITEM-03947,ORD-03947,SKU-0232,1,781.00,S,Black,0.00
ITEM-03948,ORD-03948,SKU-0308,1,531.00,S,Ivory,0.00
ITEM-03949,ORD-03949,SKU-0462,1,940.00,XXL,Maroon,0.00
ITEM-03950,ORD-03950,SKU-0451,1,489.00,XL,Maroon,0.00
ITEM-03951,ORD-03951,SKU-0228,1,717.00,XL,Navy Blue,0.00
ITEM-03952,ORD-03952,SKU-0131,1,605.00,XS,sage,0.00
ITEM-03953,ORD-03953,SKU-0159,1,707.00,XL,Sage Green,0.00
ITEM-03954,ORD-03954,SKU-0132,1,1413.00,XXL,Terracotta,0.00
ITEM-03955,ORD-03955,SKU-0190,1,1410.00,XS,Navy Blue,0.00
ITEM-03956,ORD-03956,SKU-0367,1,1421.00,S,Black,0.00
ITEM-03957,ORD-03957,SKU-0384,1,689.00,XL,Maroon,0.00
ITEM-03958,ORD-03958,SKU-0375,1,443.00,L,Navy Blue,0.00
ITEM-03959,ORD-03959,SKU-0273,1,678.00,XXL,navy,0.00
ITEM-03960,ORD-03960,SKU-0387,1,1016.00,M,sage,0.00
ITEM-03961,ORD-03961,SKU-0344,1,631.00,S,Terracotta,0.00
ITEM-03962,ORD-03962,SKU-0457,1,732.00,XS,mustard,0.00
ITEM-03963,ORD-03963,SKU-0086,1,1100.00,M,sage,0.00
ITEM-03964,ORD-03964,SKU-0475,1,493.00,XL,sage,0.00
ITEM-03965,ORD-03965,SKU-0363,1,772.00,M,Mustard Yellow,0.00
ITEM-03966,ORD-03966,SKU-0152,1,1080.00,XS,rust,0.00
ITEM-03967,ORD-03967,SKU-0002,1,1499.00,L,Maroon,0.00
ITEM-03968,ORD-03968,SKU-0437,1,1319.00,L,Terracotta,0.00
ITEM-03969,ORD-03969,SKU-0436,1,424.00,XL,Indigo,0.00
ITEM-03970,ORD-03970,SKU-0205,1,1357.00,XL,NAVY_BLUE,0.00
ITEM-03971,ORD-03971,SKU-0178,1,1315.00,M,Sage Green,0.00
ITEM-03972,ORD-03972,SKU-0203,1,983.00,XL,mustard,0.00
ITEM-03973,ORD-03973,SKU-0282,1,1131.00,XXL,Navy Blue,0.00
ITEM-03974,ORD-03974,SKU-0172,1,974.00,XXL,sage,0.00
ITEM-03975,ORD-03975,SKU-0035,1,1337.00,XXL,Ivory,0.00
ITEM-03976,ORD-03976,SKU-0176,1,518.00,L,Maroon,0.00
ITEM-03977,ORD-03977,SKU-0188,1,538.00,S,Mustard Yellow,0.00
ITEM-03978,ORD-03978,SKU-0164,1,1207.00,M,rust,0.00
ITEM-03979,ORD-03979,SKU-0033,1,918.00,XL,sage,0.00
ITEM-03980,ORD-03980,SKU-0114,1,585.00,M,navy,0.00
ITEM-03981,ORD-03981,SKU-0356,1,535.00,S,navy,0.00
ITEM-03982,ORD-03982,SKU-0277,1,1201.00,S,sage,0.00
ITEM-03983,ORD-03983,SKU-0289,1,444.00,XXL,navy,0.00
ITEM-03984,ORD-03984,SKU-0262,1,593.00,S,Ivory,0.00
ITEM-03985,ORD-03985,SKU-0408,1,626.00,L,NAVY_BLUE,0.00
ITEM-03986,ORD-03986,SKU-0338,1,1059.00,XL,Black,0.00
ITEM-03987,ORD-03987,SKU-0286,1,1122.00,L,Mustard Yellow,0.00
ITEM-03988,ORD-03988,SKU-0298,1,771.00,M,Black,0.00
ITEM-03989,ORD-03989,SKU-0095,1,1481.00,XXL,rust,0.00
ITEM-03990,ORD-03990,SKU-0005,1,889.00,XXL,sage,0.00
ITEM-03991,ORD-03991,SKU-0221,1,974.00,XS,Terracotta,0.00
ITEM-03992,ORD-03992,SKU-0296,1,1310.00,XS,NAVY_BLUE,0.00
ITEM-03993,ORD-03993,SKU-0378,1,441.00,L,NAVY_BLUE,0.00
ITEM-03994,ORD-03994,SKU-0072,1,792.00,S,Mustard Yellow,0.00
ITEM-03995,ORD-03995,SKU-0189,1,1256.00,XXL,Black,0.00
ITEM-03996,ORD-03996,SKU-0093,1,774.00,M,Sage Green,0.00
ITEM-03997,ORD-03997,SKU-0008,1,803.00,L,Navy Blue,0.00
ITEM-03998,ORD-03998,SKU-0053,1,452.00,XL,Ivory,0.00
ITEM-03999,ORD-03999,SKU-0255,1,440.00,XS,Black,0.00
ITEM-04000,ORD-04000,SKU-0179,1,1327.00,S,Maroon,0.00
ITEM-04001,ORD-04001,SKU-0080,1,1006.00,XS,navy,0.00
ITEM-04002,ORD-04002,SKU-0307,1,1315.00,XXL,maroon_red,0.00
ITEM-04003,ORD-04003,SKU-0040,1,400.00,XXL,mustard,0.00
ITEM-04004,ORD-04004,SKU-0062,1,1057.00,M,maroon_red,0.00
ITEM-04005,ORD-04005,SKU-0223,1,1120.00,XXL,Ivory,0.00
ITEM-04006,ORD-04006,SKU-0268,1,413.00,L,navy,0.00
ITEM-04007,ORD-04007,SKU-0108,1,447.00,S,Sage Green,0.00
ITEM-04008,ORD-04008,SKU-0479,1,754.00,L,Black,0.00
ITEM-04009,ORD-04009,SKU-0162,1,886.00,XS,sage,0.00
ITEM-04010,ORD-04010,SKU-0133,1,589.00,XL,Black,0.00
ITEM-04011,ORD-04011,SKU-0461,1,456.00,S,sage,0.00
ITEM-04012,ORD-04012,SKU-0288,1,1419.00,M,Navy Blue,0.00
ITEM-04013,ORD-04013,SKU-0257,1,1086.00,XXL,Navy Blue,0.00
ITEM-04014,ORD-04014,SKU-0090,1,1174.00,XL,sage,0.00
ITEM-04015,ORD-04015,SKU-0432,1,1302.00,L,Ivory,0.00
ITEM-04016,ORD-04016,SKU-0471,1,1008.00,XXL,rust,0.00
ITEM-04017,ORD-04017,SKU-0232,1,781.00,XS,Black,0.00
ITEM-04018,ORD-04018,SKU-0308,1,531.00,M,Ivory,0.00
ITEM-04019,ORD-04019,SKU-0462,1,940.00,S,Maroon,0.00
ITEM-04020,ORD-04020,SKU-0451,1,489.00,M,Maroon,0.00
ITEM-04021,ORD-04021,SKU-0228,1,717.00,M,Navy Blue,0.00
ITEM-04022,ORD-04022,SKU-0131,1,605.00,S,sage,0.00
ITEM-04023,ORD-04023,SKU-0159,1,707.00,XL,Sage Green,0.00
ITEM-04024,ORD-04024,SKU-0132,1,1413.00,XS,Terracotta,0.00
ITEM-04025,ORD-04025,SKU-0190,1,1410.00,M,Navy Blue,0.00
ITEM-04026,ORD-04026,SKU-0367,1,1421.00,L,Black,0.00
ITEM-04027,ORD-04027,SKU-0384,1,689.00,M,Maroon,0.00
ITEM-04028,ORD-04028,SKU-0375,1,443.00,XL,Navy Blue,0.00
ITEM-04029,ORD-04029,SKU-0273,1,678.00,XL,navy,0.00
ITEM-04030,ORD-04030,SKU-0387,1,1016.00,XXL,sage,0.00
ITEM-04031,ORD-04031,SKU-0344,1,631.00,L,Terracotta,0.00
ITEM-04032,ORD-04032,SKU-0457,1,732.00,L,mustard,0.00
ITEM-04033,ORD-04033,SKU-0086,1,1100.00,XL,sage,0.00
ITEM-04034,ORD-04034,SKU-0475,1,493.00,XL,sage,0.00
ITEM-04035,ORD-04035,SKU-0363,1,772.00,L,Mustard Yellow,0.00
ITEM-04036,ORD-04036,SKU-0152,1,1080.00,M,rust,0.00
ITEM-04037,ORD-04037,SKU-0002,1,1499.00,XL,Maroon,0.00
ITEM-04038,ORD-04038,SKU-0437,1,1319.00,XXL,Terracotta,0.00
ITEM-04039,ORD-04039,SKU-0436,1,424.00,S,Indigo,0.00
ITEM-04040,ORD-04040,SKU-0205,1,1357.00,M,NAVY_BLUE,0.00
ITEM-04041,ORD-04041,SKU-0178,1,1315.00,XS,Sage Green,0.00
ITEM-04042,ORD-04042,SKU-0203,1,983.00,XXL,mustard,0.00
ITEM-04043,ORD-04043,SKU-0282,1,1131.00,XL,Navy Blue,0.00
ITEM-04044,ORD-04044,SKU-0172,1,974.00,L,sage,0.00
ITEM-04045,ORD-04045,SKU-0035,1,1337.00,XS,Ivory,0.00
ITEM-04046,ORD-04046,SKU-0176,1,518.00,S,Maroon,0.00
ITEM-04047,ORD-04047,SKU-0188,1,538.00,XXL,Mustard Yellow,0.00
ITEM-04048,ORD-04048,SKU-0164,1,1207.00,XXL,rust,0.00
ITEM-04049,ORD-04049,SKU-0033,1,918.00,L,sage,0.00
ITEM-04050,ORD-04050,SKU-0114,1,585.00,L,navy,0.00
ITEM-04051,ORD-04051,SKU-0356,1,535.00,XS,navy,0.00
ITEM-04052,ORD-04052,SKU-0277,1,1201.00,XL,sage,0.00
ITEM-04053,ORD-04053,SKU-0289,1,444.00,XL,navy,0.00
ITEM-04054,ORD-04054,SKU-0262,1,593.00,S,Ivory,0.00
ITEM-04055,ORD-04055,SKU-0408,1,626.00,L,NAVY_BLUE,0.00
ITEM-04056,ORD-04056,SKU-0338,1,1059.00,XL,Black,0.00
ITEM-04057,ORD-04057,SKU-0286,1,1122.00,L,Mustard Yellow,0.00
ITEM-04058,ORD-04058,SKU-0298,1,771.00,XXL,Black,0.00
ITEM-04059,ORD-04059,SKU-0095,1,1481.00,XXL,rust,0.00
ITEM-04060,ORD-04060,SKU-0005,1,889.00,S,sage,0.00
ITEM-04061,ORD-04061,SKU-0221,1,974.00,S,Terracotta,0.00
ITEM-04062,ORD-04062,SKU-0296,1,1310.00,L,NAVY_BLUE,0.00
ITEM-04063,ORD-04063,SKU-0378,1,441.00,M,NAVY_BLUE,0.00
ITEM-04064,ORD-04064,SKU-0072,1,792.00,M,Mustard Yellow,0.00
ITEM-04065,ORD-04065,SKU-0189,1,1256.00,XXL,Black,0.00
ITEM-04066,ORD-04066,SKU-0093,1,774.00,XXL,Sage Green,0.00
ITEM-04067,ORD-04067,SKU-0008,1,803.00,XL,Navy Blue,0.00
ITEM-04068,ORD-04068,SKU-0053,1,452.00,XL,Ivory,0.00
ITEM-04069,ORD-04069,SKU-0255,1,440.00,XL,Black,0.00
ITEM-04070,ORD-04070,SKU-0179,1,1327.00,XS,Maroon,0.00
ITEM-04071,ORD-04071,SKU-0080,1,1006.00,XXL,navy,0.00
ITEM-04072,ORD-04072,SKU-0307,1,1315.00,XS,maroon_red,0.00
ITEM-04073,ORD-04073,SKU-0040,1,400.00,XL,mustard,0.00
ITEM-04074,ORD-04074,SKU-0062,1,1057.00,XS,maroon_red,0.00
ITEM-04075,ORD-04075,SKU-0223,1,1120.00,S,Ivory,0.00
ITEM-04076,ORD-04076,SKU-0268,1,413.00,XXL,navy,0.00
ITEM-04077,ORD-04077,SKU-0108,1,447.00,L,Sage Green,0.00
ITEM-04078,ORD-04078,SKU-0479,1,754.00,XS,Black,0.00
ITEM-04079,ORD-04079,SKU-0162,1,886.00,XL,sage,0.00
ITEM-04080,ORD-04080,SKU-0133,1,589.00,S,Black,0.00
ITEM-04081,ORD-04081,SKU-0461,1,456.00,L,sage,0.00
ITEM-04082,ORD-04082,SKU-0288,1,1419.00,M,Navy Blue,0.00
ITEM-04083,ORD-04083,SKU-0257,1,1086.00,XS,Navy Blue,0.00
ITEM-04084,ORD-04084,SKU-0090,1,1174.00,S,sage,0.00
ITEM-04085,ORD-04085,SKU-0432,1,1302.00,XL,Ivory,0.00
ITEM-04086,ORD-04086,SKU-0471,1,1008.00,L,rust,0.00
ITEM-04087,ORD-04087,SKU-0232,1,781.00,XL,Black,0.00
ITEM-04088,ORD-04088,SKU-0308,1,531.00,XS,Ivory,0.00
ITEM-04089,ORD-04089,SKU-0462,1,940.00,XS,Maroon,0.00
ITEM-04090,ORD-04090,SKU-0451,1,489.00,L,Maroon,0.00
ITEM-04091,ORD-04091,SKU-0228,1,717.00,L,Navy Blue,0.00
ITEM-04092,ORD-04092,SKU-0131,1,605.00,S,sage,0.00
ITEM-04093,ORD-04093,SKU-0159,1,707.00,M,Sage Green,0.00
ITEM-04094,ORD-04094,SKU-0132,1,1413.00,L,Terracotta,0.00
ITEM-04095,ORD-04095,SKU-0190,1,1410.00,XL,Navy Blue,0.00
ITEM-04096,ORD-04096,SKU-0367,1,1421.00,XL,Black,0.00
ITEM-04097,ORD-04097,SKU-0384,1,689.00,M,Maroon,0.00
ITEM-04098,ORD-04098,SKU-0375,1,443.00,XL,Navy Blue,0.00
ITEM-04099,ORD-04099,SKU-0273,1,678.00,XXL,navy,0.00
ITEM-04100,ORD-04100,SKU-0387,1,1016.00,M,sage,0.00
ITEM-04101,ORD-04101,SKU-0344,1,631.00,S,Terracotta,0.00
ITEM-04102,ORD-04102,SKU-0457,1,732.00,M,mustard,0.00
ITEM-04103,ORD-04103,SKU-0086,1,1100.00,XL,sage,0.00
ITEM-04104,ORD-04104,SKU-0475,1,493.00,S,sage,0.00
ITEM-04105,ORD-04105,SKU-0363,1,772.00,L,Mustard Yellow,0.00
ITEM-04106,ORD-04106,SKU-0152,1,1080.00,XS,rust,0.00
ITEM-04107,ORD-04107,SKU-0002,1,1499.00,S,Maroon,0.00
ITEM-04108,ORD-04108,SKU-0437,1,1319.00,XXL,Terracotta,0.00
ITEM-04109,ORD-04109,SKU-0436,1,424.00,S,Indigo,0.00
ITEM-04110,ORD-04110,SKU-0205,1,1357.00,XS,NAVY_BLUE,0.00
ITEM-04111,ORD-04111,SKU-0178,1,1315.00,XL,Sage Green,0.00
ITEM-04112,ORD-04112,SKU-0203,1,983.00,XS,mustard,0.00
ITEM-04113,ORD-04113,SKU-0282,1,1131.00,XS,Navy Blue,0.00
ITEM-04114,ORD-04114,SKU-0172,1,974.00,XXL,sage,0.00
ITEM-04115,ORD-04115,SKU-0035,1,1337.00,XL,Ivory,0.00
ITEM-04116,ORD-04116,SKU-0176,1,518.00,S,Maroon,0.00
ITEM-04117,ORD-04117,SKU-0188,1,538.00,XS,Mustard Yellow,0.00
ITEM-04118,ORD-04118,SKU-0164,1,1207.00,XS,rust,0.00
ITEM-04119,ORD-04119,SKU-0033,1,918.00,S,sage,0.00
ITEM-04120,ORD-04120,SKU-0114,1,585.00,S,navy,0.00
ITEM-04121,ORD-04121,SKU-0356,1,535.00,XL,navy,0.00
ITEM-04122,ORD-04122,SKU-0277,1,1201.00,S,sage,0.00
ITEM-04123,ORD-04123,SKU-0289,1,444.00,XS,navy,0.00
ITEM-04124,ORD-04124,SKU-0262,1,593.00,M,Ivory,0.00
ITEM-04125,ORD-04125,SKU-0408,1,626.00,L,NAVY_BLUE,0.00
ITEM-04126,ORD-04126,SKU-0338,1,1059.00,S,Black,0.00
ITEM-04127,ORD-04127,SKU-0286,1,1122.00,L,Mustard Yellow,0.00
ITEM-04128,ORD-04128,SKU-0298,1,771.00,XXL,Black,0.00
ITEM-04129,ORD-04129,SKU-0095,1,1481.00,L,rust,0.00
ITEM-04130,ORD-04130,SKU-0005,1,889.00,M,sage,0.00
ITEM-04131,ORD-04131,SKU-0221,1,974.00,XS,Terracotta,0.00
ITEM-04132,ORD-04132,SKU-0296,1,1310.00,M,NAVY_BLUE,0.00
ITEM-04133,ORD-04133,SKU-0378,1,441.00,XS,NAVY_BLUE,0.00
ITEM-04134,ORD-04134,SKU-0072,1,792.00,XL,Mustard Yellow,0.00
ITEM-04135,ORD-04135,SKU-0189,1,1256.00,XL,Black,0.00
ITEM-04136,ORD-04136,SKU-0093,1,774.00,S,Sage Green,0.00
ITEM-04137,ORD-04137,SKU-0008,1,803.00,S,Navy Blue,0.00
ITEM-04138,ORD-04138,SKU-0053,1,452.00,XS,Ivory,0.00
ITEM-04139,ORD-04139,SKU-0255,1,440.00,S,Black,0.00
ITEM-04140,ORD-04140,SKU-0179,1,1327.00,S,Maroon,0.00
ITEM-04141,ORD-04141,SKU-0080,1,1006.00,XL,navy,0.00
ITEM-04142,ORD-04142,SKU-0307,1,1315.00,M,maroon_red,0.00
ITEM-04143,ORD-04143,SKU-0040,1,400.00,S,mustard,0.00
ITEM-04144,ORD-04144,SKU-0062,1,1057.00,XXL,maroon_red,0.00
ITEM-04145,ORD-04145,SKU-0223,1,1120.00,XXL,Ivory,0.00
ITEM-04146,ORD-04146,SKU-0268,1,413.00,XL,navy,0.00
ITEM-04147,ORD-04147,SKU-0108,1,447.00,S,Sage Green,0.00
ITEM-04148,ORD-04148,SKU-0479,1,754.00,L,Black,0.00
ITEM-04149,ORD-04149,SKU-0162,1,886.00,XXL,sage,0.00
ITEM-04150,ORD-04150,SKU-0133,1,589.00,M,Black,0.00
ITEM-04151,ORD-04151,SKU-0461,1,456.00,L,sage,0.00
ITEM-04152,ORD-04152,SKU-0288,1,1419.00,M,Navy Blue,0.00
ITEM-04153,ORD-04153,SKU-0257,1,1086.00,XS,Navy Blue,0.00
ITEM-04154,ORD-04154,SKU-0090,1,1174.00,S,sage,0.00
ITEM-04155,ORD-04155,SKU-0432,1,1302.00,S,Ivory,0.00
ITEM-04156,ORD-04156,SKU-0471,1,1008.00,XS,rust,0.00
ITEM-04157,ORD-04157,SKU-0232,1,781.00,XS,Black,0.00
ITEM-04158,ORD-04158,SKU-0308,1,531.00,XXL,Ivory,0.00
ITEM-04159,ORD-04159,SKU-0462,1,940.00,M,Maroon,0.00
ITEM-04160,ORD-04160,SKU-0451,1,489.00,XS,Maroon,0.00
ITEM-04161,ORD-04161,SKU-0228,1,717.00,XS,Navy Blue,0.00
ITEM-04162,ORD-04162,SKU-0131,1,605.00,XL,sage,0.00
ITEM-04163,ORD-04163,SKU-0159,1,707.00,XS,Sage Green,0.00
ITEM-04164,ORD-04164,SKU-0132,1,1413.00,XL,Terracotta,0.00
ITEM-04165,ORD-04165,SKU-0190,1,1410.00,XL,Navy Blue,0.00
ITEM-04166,ORD-04166,SKU-0367,1,1421.00,M,Black,0.00
ITEM-04167,ORD-04167,SKU-0384,1,689.00,M,Maroon,0.00
ITEM-04168,ORD-04168,SKU-0375,1,443.00,M,Navy Blue,0.00
ITEM-04169,ORD-04169,SKU-0273,1,678.00,S,navy,0.00
ITEM-04170,ORD-04170,SKU-0387,1,1016.00,XXL,sage,0.00
ITEM-04171,ORD-04171,SKU-0344,1,631.00,M,Terracotta,0.00
ITEM-04172,ORD-04172,SKU-0457,1,732.00,XL,mustard,0.00
ITEM-04173,ORD-04173,SKU-0086,1,1100.00,L,sage,0.00
ITEM-04174,ORD-04174,SKU-0475,1,493.00,XXL,sage,0.00
ITEM-04175,ORD-04175,SKU-0363,1,772.00,XS,Mustard Yellow,0.00
ITEM-04176,ORD-04176,SKU-0152,1,1080.00,L,rust,0.00
ITEM-04177,ORD-04177,SKU-0002,1,1499.00,XXL,Maroon,0.00
ITEM-04178,ORD-04178,SKU-0437,1,1319.00,XS,Terracotta,0.00
ITEM-04179,ORD-04179,SKU-0436,1,424.00,M,Indigo,0.00
ITEM-04180,ORD-04180,SKU-0205,1,1357.00,XXL,NAVY_BLUE,0.00
ITEM-04181,ORD-04181,SKU-0178,1,1315.00,L,Sage Green,0.00
ITEM-04182,ORD-04182,SKU-0203,1,983.00,XXL,mustard,0.00
ITEM-04183,ORD-04183,SKU-0282,1,1131.00,XS,Navy Blue,0.00
ITEM-04184,ORD-04184,SKU-0172,1,974.00,XXL,sage,0.00
ITEM-04185,ORD-04185,SKU-0035,1,1337.00,XL,Ivory,0.00
ITEM-04186,ORD-04186,SKU-0176,1,518.00,M,Maroon,0.00
ITEM-04187,ORD-04187,SKU-0188,1,538.00,S,Mustard Yellow,0.00
ITEM-04188,ORD-04188,SKU-0164,1,1207.00,L,rust,0.00
ITEM-04189,ORD-04189,SKU-0033,1,918.00,XXL,sage,0.00
ITEM-04190,ORD-04190,SKU-0114,1,585.00,M,navy,0.00
ITEM-04191,ORD-04191,SKU-0356,1,535.00,S,navy,0.00
ITEM-04192,ORD-04192,SKU-0277,1,1201.00,S,sage,0.00
ITEM-04193,ORD-04193,SKU-0289,1,444.00,XL,navy,0.00
ITEM-04194,ORD-04194,SKU-0262,1,593.00,M,Ivory,0.00
ITEM-04195,ORD-04195,SKU-0408,1,626.00,S,NAVY_BLUE,0.00
ITEM-04196,ORD-04196,SKU-0338,1,1059.00,S,Black,0.00
ITEM-04197,ORD-04197,SKU-0286,1,1122.00,XS,Mustard Yellow,0.00
ITEM-04198,ORD-04198,SKU-0298,1,771.00,XXL,Black,0.00
ITEM-04199,ORD-04199,SKU-0095,1,1481.00,S,rust,0.00
ITEM-04200,ORD-04200,SKU-0005,1,889.00,M,sage,0.00
ITEM-04201,ORD-04201,SKU-0221,1,974.00,L,Terracotta,0.00
ITEM-04202,ORD-04202,SKU-0296,1,1310.00,XS,NAVY_BLUE,0.00
ITEM-04203,ORD-04203,SKU-0378,1,441.00,XL,NAVY_BLUE,0.00
ITEM-04204,ORD-04204,SKU-0072,1,792.00,S,Mustard Yellow,0.00
ITEM-04205,ORD-04205,SKU-0189,1,1256.00,XXL,Black,0.00
ITEM-04206,ORD-04206,SKU-0093,1,774.00,XXL,Sage Green,0.00
ITEM-04207,ORD-04207,SKU-0008,1,803.00,XS,Navy Blue,0.00
ITEM-04208,ORD-04208,SKU-0053,1,452.00,XL,Ivory,0.00
ITEM-04209,ORD-04209,SKU-0255,1,440.00,L,Black,0.00
ITEM-04210,ORD-04210,SKU-0179,1,1327.00,S,Maroon,0.00
ITEM-04211,ORD-04211,SKU-0080,1,1006.00,XS,navy,0.00
ITEM-04212,ORD-04212,SKU-0307,1,1315.00,S,maroon_red,0.00
ITEM-04213,ORD-04213,SKU-0040,1,400.00,S,mustard,0.00
ITEM-04214,ORD-04214,SKU-0062,1,1057.00,XXL,maroon_red,0.00
ITEM-04215,ORD-04215,SKU-0223,1,1120.00,M,Ivory,0.00
ITEM-04216,ORD-04216,SKU-0268,1,413.00,M,navy,0.00
ITEM-04217,ORD-04217,SKU-0108,1,447.00,XXL,Sage Green,0.00
ITEM-04218,ORD-04218,SKU-0479,1,754.00,XXL,Black,0.00
ITEM-04219,ORD-04219,SKU-0162,1,886.00,XXL,sage,0.00
ITEM-04220,ORD-04220,SKU-0133,1,589.00,M,Black,0.00
ITEM-04221,ORD-04221,SKU-0461,1,456.00,XXL,sage,0.00
ITEM-04222,ORD-04222,SKU-0288,1,1419.00,L,Navy Blue,0.00
ITEM-04223,ORD-04223,SKU-0257,1,1086.00,XXL,Navy Blue,0.00
ITEM-04224,ORD-04224,SKU-0090,1,1174.00,M,sage,0.00
ITEM-04225,ORD-04225,SKU-0432,1,1302.00,S,Ivory,0.00
ITEM-04226,ORD-04226,SKU-0471,1,1008.00,XL,rust,0.00
ITEM-04227,ORD-04227,SKU-0232,1,781.00,L,Black,0.00
ITEM-04228,ORD-04228,SKU-0308,1,531.00,M,Ivory,0.00
ITEM-04229,ORD-04229,SKU-0462,1,940.00,XS,Maroon,0.00
ITEM-04230,ORD-04230,SKU-0451,1,489.00,L,Maroon,0.00
ITEM-04231,ORD-04231,SKU-0228,1,717.00,M,Navy Blue,0.00
ITEM-04232,ORD-04232,SKU-0131,1,605.00,XS,sage,0.00
ITEM-04233,ORD-04233,SKU-0159,1,707.00,XS,Sage Green,0.00
ITEM-04234,ORD-04234,SKU-0132,1,1413.00,XL,Terracotta,0.00
ITEM-04235,ORD-04235,SKU-0190,1,1410.00,XL,Navy Blue,0.00
ITEM-04236,ORD-04236,SKU-0367,1,1421.00,L,Black,0.00
ITEM-04237,ORD-04237,SKU-0384,1,689.00,XXL,Maroon,0.00
ITEM-04238,ORD-04238,SKU-0375,1,443.00,L,Navy Blue,0.00
ITEM-04239,ORD-04239,SKU-0273,1,678.00,XXL,navy,0.00
ITEM-04240,ORD-04240,SKU-0387,1,1016.00,XXL,sage,0.00
ITEM-04241,ORD-04241,SKU-0344,1,631.00,XL,Terracotta,0.00
ITEM-04242,ORD-04242,SKU-0457,1,732.00,S,mustard,0.00
ITEM-04243,ORD-04243,SKU-0086,1,1100.00,L,sage,0.00
ITEM-04244,ORD-04244,SKU-0475,1,493.00,L,sage,0.00
ITEM-04245,ORD-04245,SKU-0363,1,772.00,XXL,Mustard Yellow,0.00
ITEM-04246,ORD-04246,SKU-0152,1,1080.00,XS,rust,0.00
ITEM-04247,ORD-04247,SKU-0002,1,1499.00,XL,Maroon,0.00
ITEM-04248,ORD-04248,SKU-0437,1,1319.00,M,Terracotta,0.00
ITEM-04249,ORD-04249,SKU-0436,1,424.00,XL,Indigo,0.00
ITEM-04250,ORD-04250,SKU-0205,1,1357.00,M,NAVY_BLUE,0.00
ITEM-04251,ORD-04251,SKU-0178,1,1315.00,L,Sage Green,0.00
ITEM-04252,ORD-04252,SKU-0203,1,983.00,XS,mustard,0.00
ITEM-04253,ORD-04253,SKU-0282,1,1131.00,M,Navy Blue,0.00
ITEM-04254,ORD-04254,SKU-0172,1,974.00,S,sage,0.00
ITEM-04255,ORD-04255,SKU-0035,1,1337.00,S,Ivory,0.00
ITEM-04256,ORD-04256,SKU-0176,1,518.00,XS,Maroon,0.00
ITEM-04257,ORD-04257,SKU-0188,1,538.00,XXL,Mustard Yellow,0.00
ITEM-04258,ORD-04258,SKU-0164,1,1207.00,XS,rust,0.00
ITEM-04259,ORD-04259,SKU-0033,1,918.00,XS,sage,0.00
ITEM-04260,ORD-04260,SKU-0114,1,585.00,XS,navy,0.00
ITEM-04261,ORD-04261,SKU-0356,1,535.00,XS,navy,0.00
ITEM-04262,ORD-04262,SKU-0277,1,1201.00,XXL,sage,0.00
ITEM-04263,ORD-04263,SKU-0289,1,444.00,S,navy,0.00
ITEM-04264,ORD-04264,SKU-0262,1,593.00,L,Ivory,0.00
ITEM-04265,ORD-04265,SKU-0408,1,626.00,XL,NAVY_BLUE,0.00
ITEM-04266,ORD-04266,SKU-0338,1,1059.00,XXL,Black,0.00
ITEM-04267,ORD-04267,SKU-0286,1,1122.00,XXL,Mustard Yellow,0.00
ITEM-04268,ORD-04268,SKU-0298,1,771.00,XXL,Black,0.00
ITEM-04269,ORD-04269,SKU-0095,1,1481.00,XXL,rust,0.00
ITEM-04270,ORD-04270,SKU-0005,1,889.00,XXL,sage,0.00
ITEM-04271,ORD-04271,SKU-0221,1,974.00,S,Terracotta,0.00
ITEM-04272,ORD-04272,SKU-0296,1,1310.00,XS,NAVY_BLUE,0.00
ITEM-04273,ORD-04273,SKU-0378,1,441.00,XXL,NAVY_BLUE,0.00
ITEM-04274,ORD-04274,SKU-0072,1,792.00,M,Mustard Yellow,0.00
ITEM-04275,ORD-04275,SKU-0189,1,1256.00,XL,Black,0.00
ITEM-04276,ORD-04276,SKU-0093,1,774.00,XXL,Sage Green,0.00
ITEM-04277,ORD-04277,SKU-0008,1,803.00,XXL,Navy Blue,0.00
ITEM-04278,ORD-04278,SKU-0053,1,452.00,L,Ivory,0.00
ITEM-04279,ORD-04279,SKU-0255,1,440.00,L,Black,0.00
ITEM-04280,ORD-04280,SKU-0179,1,1327.00,XXL,Maroon,0.00
ITEM-04281,ORD-04281,SKU-0080,1,1006.00,M,navy,0.00
ITEM-04282,ORD-04282,SKU-0307,1,1315.00,XXL,maroon_red,0.00
ITEM-04283,ORD-04283,SKU-0040,1,400.00,XXL,mustard,0.00
ITEM-04284,ORD-04284,SKU-0062,1,1057.00,XL,maroon_red,0.00
ITEM-04285,ORD-04285,SKU-0223,1,1120.00,XL,Ivory,0.00
ITEM-04286,ORD-04286,SKU-0268,1,413.00,M,navy,0.00
ITEM-04287,ORD-04287,SKU-0108,1,447.00,XXL,Sage Green,0.00
ITEM-04288,ORD-04288,SKU-0479,1,754.00,XS,Black,0.00
ITEM-04289,ORD-04289,SKU-0162,1,886.00,XL,sage,0.00
ITEM-04290,ORD-04290,SKU-0133,1,589.00,S,Black,0.00
ITEM-04291,ORD-04291,SKU-0461,1,456.00,XXL,sage,0.00
ITEM-04292,ORD-04292,SKU-0288,1,1419.00,XS,Navy Blue,0.00
ITEM-04293,ORD-04293,SKU-0257,1,1086.00,L,Navy Blue,0.00
ITEM-04294,ORD-04294,SKU-0090,1,1174.00,XXL,sage,0.00
ITEM-04295,ORD-04295,SKU-0432,1,1302.00,M,Ivory,0.00
ITEM-04296,ORD-04296,SKU-0471,1,1008.00,M,rust,0.00
ITEM-04297,ORD-04297,SKU-0232,1,781.00,XL,Black,0.00
ITEM-04298,ORD-04298,SKU-0308,1,531.00,XS,Ivory,0.00
ITEM-04299,ORD-04299,SKU-0462,1,940.00,M,Maroon,0.00
ITEM-04300,ORD-04300,SKU-0451,1,489.00,M,Maroon,0.00
ITEM-04301,ORD-04301,SKU-0228,1,717.00,XXL,Navy Blue,0.00
ITEM-04302,ORD-04302,SKU-0131,1,605.00,XXL,sage,0.00
ITEM-04303,ORD-04303,SKU-0159,1,707.00,XS,Sage Green,0.00
ITEM-04304,ORD-04304,SKU-0132,1,1413.00,S,Terracotta,0.00
ITEM-04305,ORD-04305,SKU-0190,1,1410.00,L,Navy Blue,0.00
ITEM-04306,ORD-04306,SKU-0367,1,1421.00,S,Black,0.00
ITEM-04307,ORD-04307,SKU-0384,1,689.00,XXL,Maroon,0.00
ITEM-04308,ORD-04308,SKU-0375,1,443.00,L,Navy Blue,0.00
ITEM-04309,ORD-04309,SKU-0273,1,678.00,S,navy,0.00
ITEM-04310,ORD-04310,SKU-0387,1,1016.00,XL,sage,0.00
ITEM-04311,ORD-04311,SKU-0344,1,631.00,XL,Terracotta,0.00
ITEM-04312,ORD-04312,SKU-0457,1,732.00,XL,mustard,0.00
ITEM-04313,ORD-04313,SKU-0086,1,1100.00,XS,sage,0.00
ITEM-04314,ORD-04314,SKU-0475,1,493.00,XXL,sage,0.00
ITEM-04315,ORD-04315,SKU-0363,1,772.00,XS,Mustard Yellow,0.00
ITEM-04316,ORD-04316,SKU-0152,1,1080.00,S,rust,0.00
ITEM-04317,ORD-04317,SKU-0002,1,1499.00,L,Maroon,0.00
ITEM-04318,ORD-04318,SKU-0437,1,1319.00,S,Terracotta,0.00
ITEM-04319,ORD-04319,SKU-0436,1,424.00,XXL,Indigo,0.00
ITEM-04320,ORD-04320,SKU-0205,1,1357.00,XL,NAVY_BLUE,0.00
ITEM-04321,ORD-04321,SKU-0178,1,1315.00,XL,Sage Green,0.00
ITEM-04322,ORD-04322,SKU-0203,1,983.00,M,mustard,0.00
ITEM-04323,ORD-04323,SKU-0282,1,1131.00,L,Navy Blue,0.00
ITEM-04324,ORD-04324,SKU-0172,1,974.00,XL,sage,0.00
ITEM-04325,ORD-04325,SKU-0035,1,1337.00,S,Ivory,0.00
ITEM-04326,ORD-04326,SKU-0176,1,518.00,L,Maroon,0.00
ITEM-04327,ORD-04327,SKU-0188,1,538.00,XL,Mustard Yellow,0.00
ITEM-04328,ORD-04328,SKU-0164,1,1207.00,S,rust,0.00
ITEM-04329,ORD-04329,SKU-0033,1,918.00,XS,sage,0.00
ITEM-04330,ORD-04330,SKU-0114,1,585.00,XS,navy,0.00
ITEM-04331,ORD-04331,SKU-0356,1,535.00,L,navy,0.00
ITEM-04332,ORD-04332,SKU-0277,1,1201.00,S,sage,0.00
ITEM-04333,ORD-04333,SKU-0289,1,444.00,XS,navy,0.00
ITEM-04334,ORD-04334,SKU-0262,1,593.00,XS,Ivory,0.00
ITEM-04335,ORD-04335,SKU-0408,1,626.00,L,NAVY_BLUE,0.00
ITEM-04336,ORD-04336,SKU-0338,1,1059.00,L,Black,0.00
ITEM-04337,ORD-04337,SKU-0286,1,1122.00,XS,Mustard Yellow,0.00
ITEM-04338,ORD-04338,SKU-0298,1,771.00,M,Black,0.00
ITEM-04339,ORD-04339,SKU-0095,1,1481.00,XS,rust,0.00
ITEM-04340,ORD-04340,SKU-0005,1,889.00,S,sage,0.00
ITEM-04341,ORD-04341,SKU-0221,1,974.00,XS,Terracotta,0.00
ITEM-04342,ORD-04342,SKU-0296,1,1310.00,XL,NAVY_BLUE,0.00
ITEM-04343,ORD-04343,SKU-0378,1,441.00,XL,NAVY_BLUE,0.00
ITEM-04344,ORD-04344,SKU-0072,1,792.00,M,Mustard Yellow,0.00
ITEM-04345,ORD-04345,SKU-0189,1,1256.00,XXL,Black,0.00
ITEM-04346,ORD-04346,SKU-0093,1,774.00,S,Sage Green,0.00
ITEM-04347,ORD-04347,SKU-0008,1,803.00,L,Navy Blue,0.00
ITEM-04348,ORD-04348,SKU-0053,1,452.00,L,Ivory,0.00
ITEM-04349,ORD-04349,SKU-0255,1,440.00,XS,Black,0.00
ITEM-04350,ORD-04350,SKU-0179,1,1327.00,L,Maroon,0.00
ITEM-04351,ORD-04351,SKU-0080,1,1006.00,XXL,navy,0.00
ITEM-04352,ORD-04352,SKU-0307,1,1315.00,XL,maroon_red,0.00
ITEM-04353,ORD-04353,SKU-0040,1,400.00,S,mustard,0.00
ITEM-04354,ORD-04354,SKU-0062,1,1057.00,M,maroon_red,0.00
ITEM-04355,ORD-04355,SKU-0223,1,1120.00,S,Ivory,0.00
ITEM-04356,ORD-04356,SKU-0268,1,413.00,L,navy,0.00
ITEM-04357,ORD-04357,SKU-0108,1,447.00,XXL,Sage Green,0.00
ITEM-04358,ORD-04358,SKU-0479,1,754.00,M,Black,0.00
ITEM-04359,ORD-04359,SKU-0162,1,886.00,XXL,sage,0.00
ITEM-04360,ORD-04360,SKU-0133,1,589.00,S,Black,0.00
ITEM-04361,ORD-04361,SKU-0461,1,456.00,L,sage,0.00
ITEM-04362,ORD-04362,SKU-0288,1,1419.00,XS,Navy Blue,0.00
ITEM-04363,ORD-04363,SKU-0257,1,1086.00,S,Navy Blue,0.00
ITEM-04364,ORD-04364,SKU-0090,1,1174.00,XS,sage,0.00
ITEM-04365,ORD-04365,SKU-0432,1,1302.00,L,Ivory,0.00
ITEM-04366,ORD-04366,SKU-0471,1,1008.00,M,rust,0.00
ITEM-04367,ORD-04367,SKU-0232,1,781.00,L,Black,0.00
ITEM-04368,ORD-04368,SKU-0308,1,531.00,XS,Ivory,0.00
ITEM-04369,ORD-04369,SKU-0462,1,940.00,XS,Maroon,0.00
ITEM-04370,ORD-04370,SKU-0451,1,489.00,XL,Maroon,0.00
ITEM-04371,ORD-04371,SKU-0228,1,717.00,M,Navy Blue,0.00
ITEM-04372,ORD-04372,SKU-0131,1,605.00,XS,sage,0.00
ITEM-04373,ORD-04373,SKU-0159,1,707.00,M,Sage Green,0.00
ITEM-04374,ORD-04374,SKU-0132,1,1413.00,XL,Terracotta,0.00
ITEM-04375,ORD-04375,SKU-0190,1,1410.00,M,Navy Blue,0.00
ITEM-04376,ORD-04376,SKU-0367,1,1421.00,XXL,Black,0.00
ITEM-04377,ORD-04377,SKU-0384,1,689.00,S,Maroon,0.00
ITEM-04378,ORD-04378,SKU-0375,1,443.00,S,Navy Blue,0.00
ITEM-04379,ORD-04379,SKU-0273,1,678.00,M,navy,0.00
ITEM-04380,ORD-04380,SKU-0387,1,1016.00,XL,sage,0.00
ITEM-04381,ORD-04381,SKU-0344,1,631.00,S,Terracotta,0.00
ITEM-04382,ORD-04382,SKU-0457,1,732.00,XS,mustard,0.00
ITEM-04383,ORD-04383,SKU-0086,1,1100.00,L,sage,0.00
ITEM-04384,ORD-04384,SKU-0475,1,493.00,XXL,sage,0.00
ITEM-04385,ORD-04385,SKU-0363,1,772.00,L,Mustard Yellow,0.00
ITEM-04386,ORD-04386,SKU-0152,1,1080.00,XL,rust,0.00
ITEM-04387,ORD-04387,SKU-0002,1,1499.00,XS,Maroon,0.00
ITEM-04388,ORD-04388,SKU-0437,1,1319.00,M,Terracotta,0.00
ITEM-04389,ORD-04389,SKU-0436,1,424.00,XS,Indigo,0.00
ITEM-04390,ORD-04390,SKU-0205,1,1357.00,XL,NAVY_BLUE,0.00
ITEM-04391,ORD-04391,SKU-0178,1,1315.00,S,Sage Green,0.00
ITEM-04392,ORD-04392,SKU-0203,1,983.00,L,mustard,0.00
ITEM-04393,ORD-04393,SKU-0282,1,1131.00,XL,Navy Blue,0.00
ITEM-04394,ORD-04394,SKU-0172,1,974.00,XS,sage,0.00
ITEM-04395,ORD-04395,SKU-0035,1,1337.00,S,Ivory,0.00
ITEM-04396,ORD-04396,SKU-0176,1,518.00,M,Maroon,0.00
ITEM-04397,ORD-04397,SKU-0188,1,538.00,XS,Mustard Yellow,0.00
ITEM-04398,ORD-04398,SKU-0164,1,1207.00,S,rust,0.00
ITEM-04399,ORD-04399,SKU-0033,1,918.00,M,sage,0.00
ITEM-04400,ORD-04400,SKU-0114,1,585.00,M,navy,0.00
ITEM-04401,ORD-04401,SKU-0356,1,535.00,XXL,navy,0.00
ITEM-04402,ORD-04402,SKU-0277,1,1201.00,XL,sage,0.00
ITEM-04403,ORD-04403,SKU-0289,1,444.00,S,navy,0.00
ITEM-04404,ORD-04404,SKU-0262,1,593.00,XXL,Ivory,0.00
ITEM-04405,ORD-04405,SKU-0408,1,626.00,M,NAVY_BLUE,0.00
ITEM-04406,ORD-04406,SKU-0338,1,1059.00,XS,Black,0.00
ITEM-04407,ORD-04407,SKU-0286,1,1122.00,M,Mustard Yellow,0.00
ITEM-04408,ORD-04408,SKU-0298,1,771.00,M,Black,0.00
ITEM-04409,ORD-04409,SKU-0095,1,1481.00,S,rust,0.00
ITEM-04410,ORD-04410,SKU-0005,1,889.00,XXL,sage,0.00
ITEM-04411,ORD-04411,SKU-0221,1,974.00,M,Terracotta,0.00
ITEM-04412,ORD-04412,SKU-0296,1,1310.00,XS,NAVY_BLUE,0.00
ITEM-04413,ORD-04413,SKU-0378,1,441.00,L,NAVY_BLUE,0.00
ITEM-04414,ORD-04414,SKU-0072,1,792.00,XS,Mustard Yellow,0.00
ITEM-04415,ORD-04415,SKU-0189,1,1256.00,L,Black,0.00
ITEM-04416,ORD-04416,SKU-0093,1,774.00,XS,Sage Green,0.00
ITEM-04417,ORD-04417,SKU-0008,1,803.00,XL,Navy Blue,0.00
ITEM-04418,ORD-04418,SKU-0053,1,452.00,XL,Ivory,0.00
ITEM-04419,ORD-04419,SKU-0255,1,440.00,XXL,Black,0.00
ITEM-04420,ORD-04420,SKU-0179,1,1327.00,XS,Maroon,0.00
ITEM-04421,ORD-04421,SKU-0080,1,1006.00,XS,navy,0.00
ITEM-04422,ORD-04422,SKU-0307,1,1315.00,L,maroon_red,0.00
ITEM-04423,ORD-04423,SKU-0040,1,400.00,XXL,mustard,0.00
ITEM-04424,ORD-04424,SKU-0062,1,1057.00,XXL,maroon_red,0.00
ITEM-04425,ORD-04425,SKU-0223,1,1120.00,XL,Ivory,0.00
ITEM-04426,ORD-04426,SKU-0268,1,413.00,XXL,navy,0.00
ITEM-04427,ORD-04427,SKU-0108,1,447.00,XXL,Sage Green,0.00
ITEM-04428,ORD-04428,SKU-0479,1,754.00,XL,Black,0.00
ITEM-04429,ORD-04429,SKU-0162,1,886.00,XL,sage,0.00
ITEM-04430,ORD-04430,SKU-0133,1,589.00,XL,Black,0.00
ITEM-04431,ORD-04431,SKU-0461,1,456.00,L,sage,0.00
ITEM-04432,ORD-04432,SKU-0288,1,1419.00,XXL,Navy Blue,0.00
ITEM-04433,ORD-04433,SKU-0257,1,1086.00,L,Navy Blue,0.00
ITEM-04434,ORD-04434,SKU-0090,1,1174.00,XL,sage,0.00
ITEM-04435,ORD-04435,SKU-0432,1,1302.00,XL,Ivory,0.00
ITEM-04436,ORD-04436,SKU-0471,1,1008.00,XS,rust,0.00
ITEM-04437,ORD-04437,SKU-0232,1,781.00,S,Black,0.00
ITEM-04438,ORD-04438,SKU-0308,1,531.00,XXL,Ivory,0.00
ITEM-04439,ORD-04439,SKU-0462,1,940.00,XS,Maroon,0.00
ITEM-04440,ORD-04440,SKU-0451,1,489.00,XS,Maroon,0.00
ITEM-04441,ORD-04441,SKU-0228,1,717.00,M,Navy Blue,0.00
ITEM-04442,ORD-04442,SKU-0131,1,605.00,S,sage,0.00
ITEM-04443,ORD-04443,SKU-0159,1,707.00,L,Sage Green,0.00
ITEM-04444,ORD-04444,SKU-0132,1,1413.00,L,Terracotta,0.00
ITEM-04445,ORD-04445,SKU-0190,1,1410.00,XXL,Navy Blue,0.00
ITEM-04446,ORD-04446,SKU-0367,1,1421.00,M,Black,0.00
ITEM-04447,ORD-04447,SKU-0384,1,689.00,XS,Maroon,0.00
ITEM-04448,ORD-04448,SKU-0375,1,443.00,M,Navy Blue,0.00
ITEM-04449,ORD-04449,SKU-0273,1,678.00,L,navy,0.00
ITEM-04450,ORD-04450,SKU-0387,1,1016.00,S,sage,0.00
ITEM-04451,ORD-04451,SKU-0344,1,631.00,L,Terracotta,0.00
ITEM-04452,ORD-04452,SKU-0457,1,732.00,L,mustard,0.00
ITEM-04453,ORD-04453,SKU-0086,1,1100.00,M,sage,0.00
ITEM-04454,ORD-04454,SKU-0475,1,493.00,XL,sage,0.00
ITEM-04455,ORD-04455,SKU-0363,1,772.00,S,Mustard Yellow,0.00
ITEM-04456,ORD-04456,SKU-0152,1,1080.00,S,rust,0.00
ITEM-04457,ORD-04457,SKU-0002,1,1499.00,S,Maroon,0.00
ITEM-04458,ORD-04458,SKU-0437,1,1319.00,XXL,Terracotta,0.00
ITEM-04459,ORD-04459,SKU-0436,1,424.00,M,Indigo,0.00
ITEM-04460,ORD-04460,SKU-0205,1,1357.00,XS,NAVY_BLUE,0.00
ITEM-04461,ORD-04461,SKU-0178,1,1315.00,M,Sage Green,0.00
ITEM-04462,ORD-04462,SKU-0203,1,983.00,L,mustard,0.00
ITEM-04463,ORD-04463,SKU-0282,1,1131.00,M,Navy Blue,0.00
ITEM-04464,ORD-04464,SKU-0172,1,974.00,XS,sage,0.00
ITEM-04465,ORD-04465,SKU-0035,1,1337.00,S,Ivory,0.00
ITEM-04466,ORD-04466,SKU-0176,1,518.00,XXL,Maroon,0.00
ITEM-04467,ORD-04467,SKU-0188,1,538.00,XL,Mustard Yellow,0.00
ITEM-04468,ORD-04468,SKU-0164,1,1207.00,S,rust,0.00
ITEM-04469,ORD-04469,SKU-0033,1,918.00,XXL,sage,0.00
ITEM-04470,ORD-04470,SKU-0114,1,585.00,XS,navy,0.00
ITEM-04471,ORD-04471,SKU-0356,1,535.00,XXL,navy,0.00
ITEM-04472,ORD-04472,SKU-0277,1,1201.00,XL,sage,0.00
ITEM-04473,ORD-04473,SKU-0289,1,444.00,XXL,navy,0.00
ITEM-04474,ORD-04474,SKU-0262,1,593.00,XS,Ivory,0.00
ITEM-04475,ORD-04475,SKU-0408,1,626.00,XXL,NAVY_BLUE,0.00
ITEM-04476,ORD-04476,SKU-0338,1,1059.00,L,Black,0.00
ITEM-04477,ORD-04477,SKU-0286,1,1122.00,XXL,Mustard Yellow,0.00
ITEM-04478,ORD-04478,SKU-0298,1,771.00,XS,Black,0.00
ITEM-04479,ORD-04479,SKU-0095,1,1481.00,S,rust,0.00
ITEM-04480,ORD-04480,SKU-0005,1,889.00,S,sage,0.00
ITEM-04481,ORD-04481,SKU-0221,1,974.00,M,Terracotta,0.00
ITEM-04482,ORD-04482,SKU-0296,1,1310.00,XL,NAVY_BLUE,0.00
ITEM-04483,ORD-04483,SKU-0378,1,441.00,XS,NAVY_BLUE,0.00
ITEM-04484,ORD-04484,SKU-0072,1,792.00,S,Mustard Yellow,0.00
ITEM-04485,ORD-04485,SKU-0189,1,1256.00,M,Black,0.00
ITEM-04486,ORD-04486,SKU-0093,1,774.00,M,Sage Green,0.00
ITEM-04487,ORD-04487,SKU-0008,1,803.00,S,Navy Blue,0.00
ITEM-04488,ORD-04488,SKU-0053,1,452.00,XS,Ivory,0.00
ITEM-04489,ORD-04489,SKU-0255,1,440.00,M,Black,0.00
ITEM-04490,ORD-04490,SKU-0179,1,1327.00,S,Maroon,0.00
ITEM-04491,ORD-04491,SKU-0080,1,1006.00,XXL,navy,0.00
ITEM-04492,ORD-04492,SKU-0307,1,1315.00,XS,maroon_red,0.00
ITEM-04493,ORD-04493,SKU-0040,1,400.00,L,mustard,0.00
ITEM-04494,ORD-04494,SKU-0062,1,1057.00,XL,maroon_red,0.00
ITEM-04495,ORD-04495,SKU-0223,1,1120.00,XL,Ivory,0.00
ITEM-04496,ORD-04496,SKU-0268,1,413.00,XS,navy,0.00
ITEM-04497,ORD-04497,SKU-0108,1,447.00,XXL,Sage Green,0.00
ITEM-04498,ORD-04498,SKU-0479,1,754.00,S,Black,0.00
ITEM-04499,ORD-04499,SKU-0162,1,886.00,XL,sage,0.00
ITEM-04500,ORD-04500,SKU-0133,1,589.00,L,Black,0.00
ITEM-04501,ORD-04501,SKU-0461,1,456.00,XXL,sage,0.00
ITEM-04502,ORD-04502,SKU-0288,1,1419.00,S,Navy Blue,0.00
ITEM-04503,ORD-04503,SKU-0257,1,1086.00,XL,Navy Blue,0.00
ITEM-04504,ORD-04504,SKU-0090,1,1174.00,M,sage,0.00
ITEM-04505,ORD-04505,SKU-0432,1,1302.00,L,Ivory,0.00
ITEM-04506,ORD-04506,SKU-0471,1,1008.00,XS,rust,0.00
ITEM-04507,ORD-04507,SKU-0232,1,781.00,S,Black,0.00
ITEM-04508,ORD-04508,SKU-0308,1,531.00,S,Ivory,0.00
ITEM-04509,ORD-04509,SKU-0462,1,940.00,XL,Maroon,0.00
ITEM-04510,ORD-04510,SKU-0451,1,489.00,XL,Maroon,0.00
ITEM-04511,ORD-04511,SKU-0228,1,717.00,XL,Navy Blue,0.00
ITEM-04512,ORD-04512,SKU-0131,1,605.00,XXL,sage,0.00
ITEM-04513,ORD-04513,SKU-0159,1,707.00,M,Sage Green,0.00
ITEM-04514,ORD-04514,SKU-0132,1,1413.00,S,Terracotta,0.00
ITEM-04515,ORD-04515,SKU-0190,1,1410.00,M,Navy Blue,0.00
ITEM-04516,ORD-04516,SKU-0367,1,1421.00,S,Black,0.00
ITEM-04517,ORD-04517,SKU-0384,1,689.00,XL,Maroon,0.00
ITEM-04518,ORD-04518,SKU-0375,1,443.00,XL,Navy Blue,0.00
ITEM-04519,ORD-04519,SKU-0273,1,678.00,XXL,navy,0.00
ITEM-04520,ORD-04520,SKU-0387,1,1016.00,M,sage,0.00
ITEM-04521,ORD-04521,SKU-0344,1,631.00,L,Terracotta,0.00
ITEM-04522,ORD-04522,SKU-0457,1,732.00,XL,mustard,0.00
ITEM-04523,ORD-04523,SKU-0086,1,1100.00,M,sage,0.00
ITEM-04524,ORD-04524,SKU-0475,1,493.00,L,sage,0.00
ITEM-04525,ORD-04525,SKU-0363,1,772.00,M,Mustard Yellow,0.00
ITEM-04526,ORD-04526,SKU-0152,1,1080.00,S,rust,0.00
ITEM-04527,ORD-04527,SKU-0002,1,1499.00,L,Maroon,0.00
ITEM-04528,ORD-04528,SKU-0437,1,1319.00,L,Terracotta,0.00
ITEM-04529,ORD-04529,SKU-0436,1,424.00,XS,Indigo,0.00
ITEM-04530,ORD-04530,SKU-0205,1,1357.00,XS,NAVY_BLUE,0.00
ITEM-04531,ORD-04531,SKU-0178,1,1315.00,M,Sage Green,0.00
ITEM-04532,ORD-04532,SKU-0203,1,983.00,L,mustard,0.00
ITEM-04533,ORD-04533,SKU-0282,1,1131.00,XXL,Navy Blue,0.00
ITEM-04534,ORD-04534,SKU-0172,1,974.00,XXL,sage,0.00
ITEM-04535,ORD-04535,SKU-0035,1,1337.00,M,Ivory,0.00
ITEM-04536,ORD-04536,SKU-0176,1,518.00,XXL,Maroon,0.00
ITEM-04537,ORD-04537,SKU-0188,1,538.00,S,Mustard Yellow,0.00
ITEM-04538,ORD-04538,SKU-0164,1,1207.00,L,rust,0.00
ITEM-04539,ORD-04539,SKU-0033,1,918.00,M,sage,0.00
ITEM-04540,ORD-04540,SKU-0114,1,585.00,M,navy,0.00
ITEM-04541,ORD-04541,SKU-0356,1,535.00,XL,navy,0.00
ITEM-04542,ORD-04542,SKU-0277,1,1201.00,XXL,sage,0.00
ITEM-04543,ORD-04543,SKU-0289,1,444.00,L,navy,0.00
ITEM-04544,ORD-04544,SKU-0262,1,593.00,XS,Ivory,0.00
ITEM-04545,ORD-04545,SKU-0408,1,626.00,L,NAVY_BLUE,0.00
ITEM-04546,ORD-04546,SKU-0338,1,1059.00,XL,Black,0.00
ITEM-04547,ORD-04547,SKU-0286,1,1122.00,M,Mustard Yellow,0.00
ITEM-04548,ORD-04548,SKU-0298,1,771.00,XL,Black,0.00
ITEM-04549,ORD-04549,SKU-0095,1,1481.00,M,rust,0.00
ITEM-04550,ORD-04550,SKU-0005,1,889.00,XL,sage,0.00
ITEM-04551,ORD-04551,SKU-0221,1,974.00,S,Terracotta,0.00
ITEM-04552,ORD-04552,SKU-0296,1,1310.00,S,NAVY_BLUE,0.00
ITEM-04553,ORD-04553,SKU-0378,1,441.00,XL,NAVY_BLUE,0.00
ITEM-04554,ORD-04554,SKU-0072,1,792.00,XL,Mustard Yellow,0.00
ITEM-04555,ORD-04555,SKU-0189,1,1256.00,M,Black,0.00
ITEM-04556,ORD-04556,SKU-0093,1,774.00,XXL,Sage Green,0.00
ITEM-04557,ORD-04557,SKU-0008,1,803.00,XS,Navy Blue,0.00
ITEM-04558,ORD-04558,SKU-0053,1,452.00,XS,Ivory,0.00
ITEM-04559,ORD-04559,SKU-0255,1,440.00,S,Black,0.00
ITEM-04560,ORD-04560,SKU-0179,1,1327.00,L,Maroon,0.00
ITEM-04561,ORD-04561,SKU-0080,1,1006.00,L,navy,0.00
ITEM-04562,ORD-04562,SKU-0307,1,1315.00,XS,maroon_red,0.00
ITEM-04563,ORD-04563,SKU-0040,1,400.00,M,mustard,0.00
ITEM-04564,ORD-04564,SKU-0062,1,1057.00,L,maroon_red,0.00
ITEM-04565,ORD-04565,SKU-0223,1,1120.00,S,Ivory,0.00
ITEM-04566,ORD-04566,SKU-0268,1,413.00,S,navy,0.00
ITEM-04567,ORD-04567,SKU-0108,1,447.00,M,Sage Green,0.00
ITEM-04568,ORD-04568,SKU-0479,1,754.00,S,Black,0.00
ITEM-04569,ORD-04569,SKU-0162,1,886.00,XXL,sage,0.00
ITEM-04570,ORD-04570,SKU-0133,1,589.00,M,Black,0.00
ITEM-04571,ORD-04571,SKU-0461,1,456.00,S,sage,0.00
ITEM-04572,ORD-04572,SKU-0288,1,1419.00,M,Navy Blue,0.00
ITEM-04573,ORD-04573,SKU-0257,1,1086.00,XXL,Navy Blue,0.00
ITEM-04574,ORD-04574,SKU-0090,1,1174.00,L,sage,0.00
ITEM-04575,ORD-04575,SKU-0432,1,1302.00,XL,Ivory,0.00
ITEM-04576,ORD-04576,SKU-0471,1,1008.00,L,rust,0.00
ITEM-04577,ORD-04577,SKU-0232,1,781.00,M,Black,0.00
ITEM-04578,ORD-04578,SKU-0308,1,531.00,L,Ivory,0.00
ITEM-04579,ORD-04579,SKU-0462,1,940.00,L,Maroon,0.00
ITEM-04580,ORD-04580,SKU-0451,1,489.00,M,Maroon,0.00
ITEM-04581,ORD-04581,SKU-0228,1,717.00,XL,Navy Blue,0.00
ITEM-04582,ORD-04582,SKU-0131,1,605.00,XS,sage,0.00
ITEM-04583,ORD-04583,SKU-0159,1,707.00,XXL,Sage Green,0.00
ITEM-04584,ORD-04584,SKU-0132,1,1413.00,M,Terracotta,0.00
ITEM-04585,ORD-04585,SKU-0190,1,1410.00,XS,Navy Blue,0.00
ITEM-04586,ORD-04586,SKU-0367,1,1421.00,S,Black,0.00
ITEM-04587,ORD-04587,SKU-0384,1,689.00,XL,Maroon,0.00
ITEM-04588,ORD-04588,SKU-0375,1,443.00,L,Navy Blue,0.00
ITEM-04589,ORD-04589,SKU-0273,1,678.00,M,navy,0.00
ITEM-04590,ORD-04590,SKU-0387,1,1016.00,L,sage,0.00
ITEM-04591,ORD-04591,SKU-0344,1,631.00,L,Terracotta,0.00
ITEM-04592,ORD-04592,SKU-0457,1,732.00,XL,mustard,0.00
ITEM-04593,ORD-04593,SKU-0086,1,1100.00,M,sage,0.00
ITEM-04594,ORD-04594,SKU-0475,1,493.00,XL,sage,0.00
ITEM-04595,ORD-04595,SKU-0363,1,772.00,XS,Mustard Yellow,0.00
ITEM-04596,ORD-04596,SKU-0152,1,1080.00,S,rust,0.00
ITEM-04597,ORD-04597,SKU-0002,1,1499.00,M,Maroon,0.00
ITEM-04598,ORD-04598,SKU-0437,1,1319.00,XS,Terracotta,0.00
ITEM-04599,ORD-04599,SKU-0436,1,424.00,XXL,Indigo,0.00
ITEM-04600,ORD-04600,SKU-0205,1,1357.00,L,NAVY_BLUE,0.00
ITEM-04601,ORD-04601,SKU-0178,1,1315.00,XL,Sage Green,0.00
ITEM-04602,ORD-04602,SKU-0203,1,983.00,XXL,mustard,0.00
ITEM-04603,ORD-04603,SKU-0282,1,1131.00,XS,Navy Blue,0.00
ITEM-04604,ORD-04604,SKU-0172,1,974.00,S,sage,0.00
ITEM-04605,ORD-04605,SKU-0035,1,1337.00,S,Ivory,0.00
ITEM-04606,ORD-04606,SKU-0176,1,518.00,XL,Maroon,0.00
ITEM-04607,ORD-04607,SKU-0188,1,538.00,XL,Mustard Yellow,0.00
ITEM-04608,ORD-04608,SKU-0164,1,1207.00,XS,rust,0.00
ITEM-04609,ORD-04609,SKU-0033,1,918.00,XL,sage,0.00
ITEM-04610,ORD-04610,SKU-0114,1,585.00,L,navy,0.00
ITEM-04611,ORD-04611,SKU-0356,1,535.00,S,navy,0.00
ITEM-04612,ORD-04612,SKU-0277,1,1201.00,XL,sage,0.00
ITEM-04613,ORD-04613,SKU-0289,1,444.00,L,navy,0.00
ITEM-04614,ORD-04614,SKU-0262,1,593.00,XXL,Ivory,0.00
ITEM-04615,ORD-04615,SKU-0408,1,626.00,M,NAVY_BLUE,0.00
ITEM-04616,ORD-04616,SKU-0338,1,1059.00,S,Black,0.00
ITEM-04617,ORD-04617,SKU-0286,1,1122.00,XS,Mustard Yellow,0.00
ITEM-04618,ORD-04618,SKU-0298,1,771.00,XXL,Black,0.00
ITEM-04619,ORD-04619,SKU-0095,1,1481.00,M,rust,0.00
ITEM-04620,ORD-04620,SKU-0005,1,889.00,M,sage,0.00
ITEM-04621,ORD-04621,SKU-0221,1,974.00,M,Terracotta,0.00
ITEM-04622,ORD-04622,SKU-0296,1,1310.00,S,NAVY_BLUE,0.00
ITEM-04623,ORD-04623,SKU-0378,1,441.00,L,NAVY_BLUE,0.00
ITEM-04624,ORD-04624,SKU-0072,1,792.00,XS,Mustard Yellow,0.00
ITEM-04625,ORD-04625,SKU-0189,1,1256.00,S,Black,0.00
ITEM-04626,ORD-04626,SKU-0093,1,774.00,XXL,Sage Green,0.00
ITEM-04627,ORD-04627,SKU-0008,1,803.00,M,Navy Blue,0.00
ITEM-04628,ORD-04628,SKU-0053,1,452.00,S,Ivory,0.00
ITEM-04629,ORD-04629,SKU-0255,1,440.00,XL,Black,0.00
ITEM-04630,ORD-04630,SKU-0179,1,1327.00,M,Maroon,0.00
ITEM-04631,ORD-04631,SKU-0080,1,1006.00,XS,navy,0.00
ITEM-04632,ORD-04632,SKU-0307,1,1315.00,XL,maroon_red,0.00
ITEM-04633,ORD-04633,SKU-0040,1,400.00,XXL,mustard,0.00
ITEM-04634,ORD-04634,SKU-0062,1,1057.00,XS,maroon_red,0.00
ITEM-04635,ORD-04635,SKU-0223,1,1120.00,S,Ivory,0.00
ITEM-04636,ORD-04636,SKU-0268,1,413.00,M,navy,0.00
ITEM-04637,ORD-04637,SKU-0108,1,447.00,L,Sage Green,0.00
ITEM-04638,ORD-04638,SKU-0479,1,754.00,XL,Black,0.00
ITEM-04639,ORD-04639,SKU-0162,1,886.00,XXL,sage,0.00
ITEM-04640,ORD-04640,SKU-0133,1,589.00,M,Black,0.00
ITEM-04641,ORD-04641,SKU-0461,1,456.00,L,sage,0.00
ITEM-04642,ORD-04642,SKU-0288,1,1419.00,XS,Navy Blue,0.00
ITEM-04643,ORD-04643,SKU-0257,1,1086.00,L,Navy Blue,0.00
ITEM-04644,ORD-04644,SKU-0090,1,1174.00,XS,sage,0.00
ITEM-04645,ORD-04645,SKU-0432,1,1302.00,XL,Ivory,0.00
ITEM-04646,ORD-04646,SKU-0471,1,1008.00,L,rust,0.00
ITEM-04647,ORD-04647,SKU-0232,1,781.00,L,Black,0.00
ITEM-04648,ORD-04648,SKU-0308,1,531.00,M,Ivory,0.00
ITEM-04649,ORD-04649,SKU-0462,1,940.00,L,Maroon,0.00
ITEM-04650,ORD-04650,SKU-0451,1,489.00,XL,Maroon,0.00
ITEM-04651,ORD-04651,SKU-0228,1,717.00,M,Navy Blue,0.00
ITEM-04652,ORD-04652,SKU-0131,1,605.00,L,sage,0.00
ITEM-04653,ORD-04653,SKU-0159,1,707.00,L,Sage Green,0.00
ITEM-04654,ORD-04654,SKU-0132,1,1413.00,M,Terracotta,0.00
ITEM-04655,ORD-04655,SKU-0190,1,1410.00,L,Navy Blue,0.00
ITEM-04656,ORD-04656,SKU-0367,1,1421.00,XXL,Black,0.00
ITEM-04657,ORD-04657,SKU-0384,1,689.00,L,Maroon,0.00
ITEM-04658,ORD-04658,SKU-0375,1,443.00,S,Navy Blue,0.00
ITEM-04659,ORD-04659,SKU-0273,1,678.00,XXL,navy,0.00
ITEM-04660,ORD-04660,SKU-0387,1,1016.00,M,sage,0.00
ITEM-04661,ORD-04661,SKU-0344,1,631.00,XS,Terracotta,0.00
ITEM-04662,ORD-04662,SKU-0457,1,732.00,M,mustard,0.00
ITEM-04663,ORD-04663,SKU-0086,1,1100.00,L,sage,0.00
ITEM-04664,ORD-04664,SKU-0475,1,493.00,L,sage,0.00
ITEM-04665,ORD-04665,SKU-0363,1,772.00,XS,Mustard Yellow,0.00
ITEM-04666,ORD-04666,SKU-0152,1,1080.00,S,rust,0.00
ITEM-04667,ORD-04667,SKU-0002,1,1499.00,S,Maroon,0.00
ITEM-04668,ORD-04668,SKU-0437,1,1319.00,S,Terracotta,0.00
ITEM-04669,ORD-04669,SKU-0436,1,424.00,XL,Indigo,0.00
ITEM-04670,ORD-04670,SKU-0205,1,1357.00,L,NAVY_BLUE,0.00
ITEM-04671,ORD-04671,SKU-0178,1,1315.00,S,Sage Green,0.00
ITEM-04672,ORD-04672,SKU-0203,1,983.00,L,mustard,0.00
ITEM-04673,ORD-04673,SKU-0282,1,1131.00,XS,Navy Blue,0.00
ITEM-04674,ORD-04674,SKU-0172,1,974.00,L,sage,0.00
ITEM-04675,ORD-04675,SKU-0035,1,1337.00,M,Ivory,0.00
ITEM-04676,ORD-04676,SKU-0176,1,518.00,XXL,Maroon,0.00
ITEM-04677,ORD-04677,SKU-0188,1,538.00,L,Mustard Yellow,0.00
ITEM-04678,ORD-04678,SKU-0164,1,1207.00,L,rust,0.00
ITEM-04679,ORD-04679,SKU-0033,1,918.00,M,sage,0.00
ITEM-04680,ORD-04680,SKU-0114,1,585.00,XS,navy,0.00
ITEM-04681,ORD-04681,SKU-0356,1,535.00,XL,navy,0.00
ITEM-04682,ORD-04682,SKU-0277,1,1201.00,L,sage,0.00
ITEM-04683,ORD-04683,SKU-0289,1,444.00,L,navy,0.00
ITEM-04684,ORD-04684,SKU-0262,1,593.00,L,Ivory,0.00
ITEM-04685,ORD-04685,SKU-0408,1,626.00,XL,NAVY_BLUE,0.00
ITEM-04686,ORD-04686,SKU-0338,1,1059.00,XS,Black,0.00
ITEM-04687,ORD-04687,SKU-0286,1,1122.00,S,Mustard Yellow,0.00
ITEM-04688,ORD-04688,SKU-0298,1,771.00,S,Black,0.00
ITEM-04689,ORD-04689,SKU-0095,1,1481.00,XS,rust,0.00
ITEM-04690,ORD-04690,SKU-0005,1,889.00,XL,sage,0.00
ITEM-04691,ORD-04691,SKU-0221,1,974.00,M,Terracotta,0.00
ITEM-04692,ORD-04692,SKU-0296,1,1310.00,XS,NAVY_BLUE,0.00
ITEM-04693,ORD-04693,SKU-0378,1,441.00,XS,NAVY_BLUE,0.00
ITEM-04694,ORD-04694,SKU-0072,1,792.00,XXL,Mustard Yellow,0.00
ITEM-04695,ORD-04695,SKU-0189,1,1256.00,L,Black,0.00
ITEM-04696,ORD-04696,SKU-0093,1,774.00,XL,Sage Green,0.00
ITEM-04697,ORD-04697,SKU-0008,1,803.00,XS,Navy Blue,0.00
ITEM-04698,ORD-04698,SKU-0053,1,452.00,XS,Ivory,0.00
ITEM-04699,ORD-04699,SKU-0255,1,440.00,XS,Black,0.00
ITEM-04700,ORD-04700,SKU-0179,1,1327.00,L,Maroon,0.00
ITEM-04701,ORD-04701,SKU-0080,1,1006.00,M,navy,0.00
ITEM-04702,ORD-04702,SKU-0307,1,1315.00,XXL,maroon_red,0.00
ITEM-04703,ORD-04703,SKU-0040,1,400.00,XXL,mustard,0.00
ITEM-04704,ORD-04704,SKU-0062,1,1057.00,XXL,maroon_red,0.00
ITEM-04705,ORD-04705,SKU-0223,1,1120.00,XS,Ivory,0.00
ITEM-04706,ORD-04706,SKU-0268,1,413.00,XXL,navy,0.00
ITEM-04707,ORD-04707,SKU-0108,1,447.00,L,Sage Green,0.00
ITEM-04708,ORD-04708,SKU-0479,1,754.00,XL,Black,0.00
ITEM-04709,ORD-04709,SKU-0162,1,886.00,M,sage,0.00
ITEM-04710,ORD-04710,SKU-0133,1,589.00,S,Black,0.00
ITEM-04711,ORD-04711,SKU-0461,1,456.00,M,sage,0.00
ITEM-04712,ORD-04712,SKU-0288,1,1419.00,M,Navy Blue,0.00
ITEM-04713,ORD-04713,SKU-0257,1,1086.00,XS,Navy Blue,0.00
ITEM-04714,ORD-04714,SKU-0090,1,1174.00,S,sage,0.00
ITEM-04715,ORD-04715,SKU-0432,1,1302.00,XL,Ivory,0.00
ITEM-04716,ORD-04716,SKU-0471,1,1008.00,M,rust,0.00
ITEM-04717,ORD-04717,SKU-0232,1,781.00,L,Black,0.00
ITEM-04718,ORD-04718,SKU-0308,1,531.00,S,Ivory,0.00
ITEM-04719,ORD-04719,SKU-0462,1,940.00,XXL,Maroon,0.00
ITEM-04720,ORD-04720,SKU-0451,1,489.00,XS,Maroon,0.00
ITEM-04721,ORD-04721,SKU-0228,1,717.00,XXL,Navy Blue,0.00
ITEM-04722,ORD-04722,SKU-0131,1,605.00,XS,sage,0.00
ITEM-04723,ORD-04723,SKU-0159,1,707.00,S,Sage Green,0.00
ITEM-04724,ORD-04724,SKU-0132,1,1413.00,S,Terracotta,0.00
ITEM-04725,ORD-04725,SKU-0190,1,1410.00,XS,Navy Blue,0.00
ITEM-04726,ORD-04726,SKU-0367,1,1421.00,XL,Black,0.00
ITEM-04727,ORD-04727,SKU-0384,1,689.00,M,Maroon,0.00
ITEM-04728,ORD-04728,SKU-0375,1,443.00,XL,Navy Blue,0.00
ITEM-04729,ORD-04729,SKU-0273,1,678.00,L,navy,0.00
ITEM-04730,ORD-04730,SKU-0387,1,1016.00,S,sage,0.00
ITEM-04731,ORD-04731,SKU-0344,1,631.00,S,Terracotta,0.00
ITEM-04732,ORD-04732,SKU-0457,1,732.00,XXL,mustard,0.00
ITEM-04733,ORD-04733,SKU-0086,1,1100.00,XL,sage,0.00
ITEM-04734,ORD-04734,SKU-0475,1,493.00,S,sage,0.00
ITEM-04735,ORD-04735,SKU-0363,1,772.00,S,Mustard Yellow,0.00
ITEM-04736,ORD-04736,SKU-0152,1,1080.00,XL,rust,0.00
ITEM-04737,ORD-04737,SKU-0002,1,1499.00,L,Maroon,0.00
ITEM-04738,ORD-04738,SKU-0437,1,1319.00,S,Terracotta,0.00
ITEM-04739,ORD-04739,SKU-0436,1,424.00,M,Indigo,0.00
ITEM-04740,ORD-04740,SKU-0205,1,1357.00,XXL,NAVY_BLUE,0.00
ITEM-04741,ORD-04741,SKU-0178,1,1315.00,XS,Sage Green,0.00
ITEM-04742,ORD-04742,SKU-0203,1,983.00,XL,mustard,0.00
ITEM-04743,ORD-04743,SKU-0282,1,1131.00,XL,Navy Blue,0.00
ITEM-04744,ORD-04744,SKU-0172,1,974.00,XS,sage,0.00
ITEM-04745,ORD-04745,SKU-0035,1,1337.00,S,Ivory,0.00
ITEM-04746,ORD-04746,SKU-0176,1,518.00,XS,Maroon,0.00
ITEM-04747,ORD-04747,SKU-0188,1,538.00,XXL,Mustard Yellow,0.00
ITEM-04748,ORD-04748,SKU-0164,1,1207.00,L,rust,0.00
ITEM-04749,ORD-04749,SKU-0033,1,918.00,XXL,sage,0.00
ITEM-04750,ORD-04750,SKU-0114,1,585.00,XS,navy,0.00
ITEM-04751,ORD-04751,SKU-0356,1,535.00,XXL,navy,0.00
ITEM-04752,ORD-04752,SKU-0277,1,1201.00,XS,sage,0.00
ITEM-04753,ORD-04753,SKU-0289,1,444.00,L,navy,0.00
ITEM-04754,ORD-04754,SKU-0262,1,593.00,XS,Ivory,0.00
ITEM-04755,ORD-04755,SKU-0408,1,626.00,XXL,NAVY_BLUE,0.00
ITEM-04756,ORD-04756,SKU-0338,1,1059.00,L,Black,0.00
ITEM-04757,ORD-04757,SKU-0286,1,1122.00,XL,Mustard Yellow,0.00
ITEM-04758,ORD-04758,SKU-0298,1,771.00,XXL,Black,0.00
ITEM-04759,ORD-04759,SKU-0095,1,1481.00,XS,rust,0.00
ITEM-04760,ORD-04760,SKU-0005,1,889.00,XS,sage,0.00
ITEM-04761,ORD-04761,SKU-0221,1,974.00,L,Terracotta,0.00
ITEM-04762,ORD-04762,SKU-0296,1,1310.00,L,NAVY_BLUE,0.00
ITEM-04763,ORD-04763,SKU-0378,1,441.00,L,NAVY_BLUE,0.00
ITEM-04764,ORD-04764,SKU-0072,1,792.00,XS,Mustard Yellow,0.00
ITEM-04765,ORD-04765,SKU-0189,1,1256.00,M,Black,0.00
ITEM-04766,ORD-04766,SKU-0093,1,774.00,S,Sage Green,0.00
ITEM-04767,ORD-04767,SKU-0008,1,803.00,XXL,Navy Blue,0.00
ITEM-04768,ORD-04768,SKU-0053,1,452.00,S,Ivory,0.00
ITEM-04769,ORD-04769,SKU-0255,1,440.00,M,Black,0.00
ITEM-04770,ORD-04770,SKU-0179,1,1327.00,M,Maroon,0.00
ITEM-04771,ORD-04771,SKU-0080,1,1006.00,S,navy,0.00
ITEM-04772,ORD-04772,SKU-0307,1,1315.00,L,maroon_red,0.00
ITEM-04773,ORD-04773,SKU-0040,1,400.00,XS,mustard,0.00
ITEM-04774,ORD-04774,SKU-0062,1,1057.00,XL,maroon_red,0.00
ITEM-04775,ORD-04775,SKU-0223,1,1120.00,XS,Ivory,0.00
ITEM-04776,ORD-04776,SKU-0268,1,413.00,XL,navy,0.00
ITEM-04777,ORD-04777,SKU-0108,1,447.00,L,Sage Green,0.00
ITEM-04778,ORD-04778,SKU-0479,1,754.00,XXL,Black,0.00
ITEM-04779,ORD-04779,SKU-0162,1,886.00,XXL,sage,0.00
ITEM-04780,ORD-04780,SKU-0133,1,589.00,S,Black,0.00
ITEM-04781,ORD-04781,SKU-0461,1,456.00,S,sage,0.00
ITEM-04782,ORD-04782,SKU-0288,1,1419.00,XL,Navy Blue,0.00
ITEM-04783,ORD-04783,SKU-0257,1,1086.00,XS,Navy Blue,0.00
ITEM-04784,ORD-04784,SKU-0090,1,1174.00,M,sage,0.00
ITEM-04785,ORD-04785,SKU-0432,1,1302.00,XS,Ivory,0.00
ITEM-04786,ORD-04786,SKU-0471,1,1008.00,M,rust,0.00
ITEM-04787,ORD-04787,SKU-0232,1,781.00,XXL,Black,0.00
ITEM-04788,ORD-04788,SKU-0308,1,531.00,XXL,Ivory,0.00
ITEM-04789,ORD-04789,SKU-0462,1,940.00,XL,Maroon,0.00
ITEM-04790,ORD-04790,SKU-0451,1,489.00,S,Maroon,0.00
ITEM-04791,ORD-04791,SKU-0228,1,717.00,XXL,Navy Blue,0.00
ITEM-04792,ORD-04792,SKU-0131,1,605.00,S,sage,0.00
ITEM-04793,ORD-04793,SKU-0159,1,707.00,L,Sage Green,0.00
ITEM-04794,ORD-04794,SKU-0132,1,1413.00,XS,Terracotta,0.00
ITEM-04795,ORD-04795,SKU-0190,1,1410.00,XXL,Navy Blue,0.00
ITEM-04796,ORD-04796,SKU-0367,1,1421.00,XL,Black,0.00
ITEM-04797,ORD-04797,SKU-0384,1,689.00,XL,Maroon,0.00
ITEM-04798,ORD-04798,SKU-0375,1,443.00,M,Navy Blue,0.00
ITEM-04799,ORD-04799,SKU-0273,1,678.00,XXL,navy,0.00
ITEM-04800,ORD-04800,SKU-0387,1,1016.00,XS,sage,0.00
ITEM-04801,ORD-04801,SKU-0344,1,631.00,XL,Terracotta,0.00
ITEM-04802,ORD-04802,SKU-0457,1,732.00,M,mustard,0.00
ITEM-04803,ORD-04803,SKU-0086,1,1100.00,XS,sage,0.00
ITEM-04804,ORD-04804,SKU-0475,1,493.00,XL,sage,0.00
ITEM-04805,ORD-04805,SKU-0363,1,772.00,S,Mustard Yellow,0.00
ITEM-04806,ORD-04806,SKU-0152,1,1080.00,L,rust,0.00
ITEM-04807,ORD-04807,SKU-0002,1,1499.00,XS,Maroon,0.00
ITEM-04808,ORD-04808,SKU-0437,1,1319.00,XS,Terracotta,0.00
ITEM-04809,ORD-04809,SKU-0436,1,424.00,XL,Indigo,0.00
ITEM-04810,ORD-04810,SKU-0205,1,1357.00,L,NAVY_BLUE,0.00
ITEM-04811,ORD-04811,SKU-0178,1,1315.00,L,Sage Green,0.00
ITEM-04812,ORD-04812,SKU-0203,1,983.00,XL,mustard,0.00
ITEM-04813,ORD-04813,SKU-0282,1,1131.00,S,Navy Blue,0.00
ITEM-04814,ORD-04814,SKU-0172,1,974.00,XS,sage,0.00
ITEM-04815,ORD-04815,SKU-0035,1,1337.00,XS,Ivory,0.00
ITEM-04816,ORD-04816,SKU-0176,1,518.00,M,Maroon,0.00
ITEM-04817,ORD-04817,SKU-0188,1,538.00,S,Mustard Yellow,0.00
ITEM-04818,ORD-04818,SKU-0164,1,1207.00,XXL,rust,0.00
ITEM-04819,ORD-04819,SKU-0033,1,918.00,XXL,sage,0.00
ITEM-04820,ORD-04820,SKU-0114,1,585.00,M,navy,0.00
ITEM-04821,ORD-04821,SKU-0356,1,535.00,XL,navy,0.00
ITEM-04822,ORD-04822,SKU-0277,1,1201.00,M,sage,0.00
ITEM-04823,ORD-04823,SKU-0289,1,444.00,XXL,navy,0.00
ITEM-04824,ORD-04824,SKU-0262,1,593.00,XL,Ivory,0.00
ITEM-04825,ORD-04825,SKU-0408,1,626.00,S,NAVY_BLUE,0.00
ITEM-04826,ORD-04826,SKU-0338,1,1059.00,S,Black,0.00
ITEM-04827,ORD-04827,SKU-0286,1,1122.00,L,Mustard Yellow,0.00
ITEM-04828,ORD-04828,SKU-0298,1,771.00,XS,Black,0.00
ITEM-04829,ORD-04829,SKU-0095,1,1481.00,S,rust,0.00
ITEM-04830,ORD-04830,SKU-0005,1,889.00,XXL,sage,0.00
ITEM-04831,ORD-04831,SKU-0221,1,974.00,XS,Terracotta,0.00
ITEM-04832,ORD-04832,SKU-0296,1,1310.00,XS,NAVY_BLUE,0.00
ITEM-04833,ORD-04833,SKU-0378,1,441.00,XXL,NAVY_BLUE,0.00
ITEM-04834,ORD-04834,SKU-0072,1,792.00,M,Mustard Yellow,0.00
ITEM-04835,ORD-04835,SKU-0189,1,1256.00,L,Black,0.00
ITEM-04836,ORD-04836,SKU-0093,1,774.00,XL,Sage Green,0.00
ITEM-04837,ORD-04837,SKU-0008,1,803.00,M,Navy Blue,0.00
ITEM-04838,ORD-04838,SKU-0053,1,452.00,M,Ivory,0.00
ITEM-04839,ORD-04839,SKU-0255,1,440.00,S,Black,0.00
ITEM-04840,ORD-04840,SKU-0179,1,1327.00,XS,Maroon,0.00
ITEM-04841,ORD-04841,SKU-0080,1,1006.00,XS,navy,0.00
ITEM-04842,ORD-04842,SKU-0307,1,1315.00,S,maroon_red,0.00
ITEM-04843,ORD-04843,SKU-0040,1,400.00,XL,mustard,0.00
ITEM-04844,ORD-04844,SKU-0062,1,1057.00,XXL,maroon_red,0.00
ITEM-04845,ORD-04845,SKU-0223,1,1120.00,XS,Ivory,0.00
ITEM-04846,ORD-04846,SKU-0268,1,413.00,S,navy,0.00
ITEM-04847,ORD-04847,SKU-0108,1,447.00,XL,Sage Green,0.00
ITEM-04848,ORD-04848,SKU-0479,1,754.00,M,Black,0.00
ITEM-04849,ORD-04849,SKU-0162,1,886.00,XS,sage,0.00
ITEM-04850,ORD-04850,SKU-0133,1,589.00,L,Black,0.00
ITEM-04851,ORD-04851,SKU-0461,1,456.00,L,sage,0.00
ITEM-04852,ORD-04852,SKU-0288,1,1419.00,XXL,Navy Blue,0.00
ITEM-04853,ORD-04853,SKU-0257,1,1086.00,XXL,Navy Blue,0.00
ITEM-04854,ORD-04854,SKU-0090,1,1174.00,M,sage,0.00
ITEM-04855,ORD-04855,SKU-0432,1,1302.00,XXL,Ivory,0.00
ITEM-04856,ORD-04856,SKU-0471,1,1008.00,XS,rust,0.00
ITEM-04857,ORD-04857,SKU-0232,1,781.00,XL,Black,0.00
ITEM-04858,ORD-04858,SKU-0308,1,531.00,S,Ivory,0.00
ITEM-04859,ORD-04859,SKU-0462,1,940.00,L,Maroon,0.00
ITEM-04860,ORD-04860,SKU-0451,1,489.00,XS,Maroon,0.00
ITEM-04861,ORD-04861,SKU-0228,1,717.00,M,Navy Blue,0.00
ITEM-04862,ORD-04862,SKU-0131,1,605.00,XL,sage,0.00
ITEM-04863,ORD-04863,SKU-0159,1,707.00,L,Sage Green,0.00
ITEM-04864,ORD-04864,SKU-0132,1,1413.00,XXL,Terracotta,0.00
ITEM-04865,ORD-04865,SKU-0190,1,1410.00,S,Navy Blue,0.00
ITEM-04866,ORD-04866,SKU-0367,1,1421.00,M,Black,0.00
ITEM-04867,ORD-04867,SKU-0384,1,689.00,M,Maroon,0.00
ITEM-04868,ORD-04868,SKU-0375,1,443.00,M,Navy Blue,0.00
ITEM-04869,ORD-04869,SKU-0273,1,678.00,S,navy,0.00
ITEM-04870,ORD-04870,SKU-0387,1,1016.00,S,sage,0.00
ITEM-04871,ORD-04871,SKU-0344,1,631.00,S,Terracotta,0.00
ITEM-04872,ORD-04872,SKU-0457,1,732.00,S,mustard,0.00
ITEM-04873,ORD-04873,SKU-0086,1,1100.00,S,sage,0.00
ITEM-04874,ORD-04874,SKU-0475,1,493.00,M,sage,0.00
ITEM-04875,ORD-04875,SKU-0363,1,772.00,XXL,Mustard Yellow,0.00
ITEM-04876,ORD-04876,SKU-0152,1,1080.00,XXL,rust,0.00
ITEM-04877,ORD-04877,SKU-0002,1,1499.00,L,Maroon,0.00
ITEM-04878,ORD-04878,SKU-0437,1,1319.00,S,Terracotta,0.00
ITEM-04879,ORD-04879,SKU-0436,1,424.00,S,Indigo,0.00
ITEM-04880,ORD-04880,SKU-0205,1,1357.00,M,NAVY_BLUE,0.00
ITEM-04881,ORD-04881,SKU-0178,1,1315.00,XXL,Sage Green,0.00
ITEM-04882,ORD-04882,SKU-0203,1,983.00,XL,mustard,0.00
ITEM-04883,ORD-04883,SKU-0282,1,1131.00,S,Navy Blue,0.00
ITEM-04884,ORD-04884,SKU-0172,1,974.00,L,sage,0.00
ITEM-04885,ORD-04885,SKU-0035,1,1337.00,XL,Ivory,0.00
ITEM-04886,ORD-04886,SKU-0176,1,518.00,L,Maroon,0.00
ITEM-04887,ORD-04887,SKU-0188,1,538.00,M,Mustard Yellow,0.00
ITEM-04888,ORD-04888,SKU-0164,1,1207.00,XL,rust,0.00
ITEM-04889,ORD-04889,SKU-0033,1,918.00,S,sage,0.00
ITEM-04890,ORD-04890,SKU-0114,1,585.00,XS,navy,0.00
ITEM-04891,ORD-04891,SKU-0356,1,535.00,S,navy,0.00
ITEM-04892,ORD-04892,SKU-0277,1,1201.00,M,sage,0.00
ITEM-04893,ORD-04893,SKU-0289,1,444.00,XL,navy,0.00
ITEM-04894,ORD-04894,SKU-0262,1,593.00,L,Ivory,0.00
ITEM-04895,ORD-04895,SKU-0408,1,626.00,L,NAVY_BLUE,0.00
ITEM-04896,ORD-04896,SKU-0338,1,1059.00,XXL,Black,0.00
ITEM-04897,ORD-04897,SKU-0286,1,1122.00,S,Mustard Yellow,0.00
ITEM-04898,ORD-04898,SKU-0298,1,771.00,M,Black,0.00
ITEM-04899,ORD-04899,SKU-0095,1,1481.00,XXL,rust,0.00
ITEM-04900,ORD-04900,SKU-0005,1,889.00,S,sage,0.00
ITEM-04901,ORD-04901,SKU-0221,1,974.00,XL,Terracotta,0.00
ITEM-04902,ORD-04902,SKU-0296,1,1310.00,XXL,NAVY_BLUE,0.00
ITEM-04903,ORD-04903,SKU-0378,1,441.00,XL,NAVY_BLUE,0.00
ITEM-04904,ORD-04904,SKU-0072,1,792.00,XXL,Mustard Yellow,0.00
ITEM-04905,ORD-04905,SKU-0189,1,1256.00,XL,Black,0.00
ITEM-04906,ORD-04906,SKU-0093,1,774.00,XXL,Sage Green,0.00
ITEM-04907,ORD-04907,SKU-0008,1,803.00,S,Navy Blue,0.00
ITEM-04908,ORD-04908,SKU-0053,1,452.00,XXL,Ivory,0.00
ITEM-04909,ORD-04909,SKU-0255,1,440.00,M,Black,0.00
ITEM-04910,ORD-04910,SKU-0179,1,1327.00,M,Maroon,0.00
ITEM-04911,ORD-04911,SKU-0080,1,1006.00,L,navy,0.00
ITEM-04912,ORD-04912,SKU-0307,1,1315.00,S,maroon_red,0.00
ITEM-04913,ORD-04913,SKU-0040,1,400.00,L,mustard,0.00
ITEM-04914,ORD-04914,SKU-0062,1,1057.00,S,maroon_red,0.00
ITEM-04915,ORD-04915,SKU-0223,1,1120.00,XL,Ivory,0.00
ITEM-04916,ORD-04916,SKU-0268,1,413.00,S,navy,0.00
ITEM-04917,ORD-04917,SKU-0108,1,447.00,XL,Sage Green,0.00
ITEM-04918,ORD-04918,SKU-0479,1,754.00,L,Black,0.00
ITEM-04919,ORD-04919,SKU-0162,1,886.00,S,sage,0.00
ITEM-04920,ORD-04920,SKU-0133,1,589.00,XXL,Black,0.00
ITEM-04921,ORD-04921,SKU-0461,1,456.00,S,sage,0.00
ITEM-04922,ORD-04922,SKU-0288,1,1419.00,XL,Navy Blue,0.00
ITEM-04923,ORD-04923,SKU-0257,1,1086.00,S,Navy Blue,0.00
ITEM-04924,ORD-04924,SKU-0090,1,1174.00,XXL,sage,0.00
ITEM-04925,ORD-04925,SKU-0432,1,1302.00,XL,Ivory,0.00
ITEM-04926,ORD-04926,SKU-0471,1,1008.00,XXL,rust,0.00
ITEM-04927,ORD-04927,SKU-0232,1,781.00,S,Black,0.00
ITEM-04928,ORD-04928,SKU-0308,1,531.00,M,Ivory,0.00
ITEM-04929,ORD-04929,SKU-0462,1,940.00,M,Maroon,0.00
ITEM-04930,ORD-04930,SKU-0451,1,489.00,M,Maroon,0.00
ITEM-04931,ORD-04931,SKU-0228,1,717.00,XXL,Navy Blue,0.00
ITEM-04932,ORD-04932,SKU-0131,1,605.00,S,sage,0.00
ITEM-04933,ORD-04933,SKU-0159,1,707.00,XS,Sage Green,0.00
ITEM-04934,ORD-04934,SKU-0132,1,1413.00,L,Terracotta,0.00
ITEM-04935,ORD-04935,SKU-0190,1,1410.00,XS,Navy Blue,0.00
ITEM-04936,ORD-04936,SKU-0367,1,1421.00,XL,Black,0.00
ITEM-04937,ORD-04937,SKU-0384,1,689.00,XL,Maroon,0.00
ITEM-04938,ORD-04938,SKU-0375,1,443.00,XXL,Navy Blue,0.00
ITEM-04939,ORD-04939,SKU-0273,1,678.00,L,navy,0.00
ITEM-04940,ORD-04940,SKU-0387,1,1016.00,L,sage,0.00
ITEM-04941,ORD-04941,SKU-0344,1,631.00,S,Terracotta,0.00
ITEM-04942,ORD-04942,SKU-0457,1,732.00,XL,mustard,0.00
ITEM-04943,ORD-04943,SKU-0086,1,1100.00,L,sage,0.00
ITEM-04944,ORD-04944,SKU-0475,1,493.00,S,sage,0.00
ITEM-04945,ORD-04945,SKU-0363,1,772.00,XXL,Mustard Yellow,0.00
ITEM-04946,ORD-04946,SKU-0152,1,1080.00,S,rust,0.00
ITEM-04947,ORD-04947,SKU-0002,1,1499.00,M,Maroon,0.00
ITEM-04948,ORD-04948,SKU-0437,1,1319.00,XL,Terracotta,0.00
ITEM-04949,ORD-04949,SKU-0436,1,424.00,L,Indigo,0.00
ITEM-04950,ORD-04950,SKU-0205,1,1357.00,M,NAVY_BLUE,0.00
ITEM-04951,ORD-04951,SKU-0178,1,1315.00,M,Sage Green,0.00
ITEM-04952,ORD-04952,SKU-0203,1,983.00,S,mustard,0.00
ITEM-04953,ORD-04953,SKU-0282,1,1131.00,L,Navy Blue,0.00
ITEM-04954,ORD-04954,SKU-0172,1,974.00,XS,sage,0.00
ITEM-04955,ORD-04955,SKU-0035,1,1337.00,XS,Ivory,0.00
ITEM-04956,ORD-04956,SKU-0176,1,518.00,XXL,Maroon,0.00
ITEM-04957,ORD-04957,SKU-0188,1,538.00,XL,Mustard Yellow,0.00
ITEM-04958,ORD-04958,SKU-0164,1,1207.00,S,rust,0.00
ITEM-04959,ORD-04959,SKU-0033,1,918.00,S,sage,0.00
ITEM-04960,ORD-04960,SKU-0114,1,585.00,XXL,navy,0.00
ITEM-04961,ORD-04961,SKU-0356,1,535.00,XS,navy,0.00
ITEM-04962,ORD-04962,SKU-0277,1,1201.00,L,sage,0.00
ITEM-04963,ORD-04963,SKU-0289,1,444.00,L,navy,0.00
ITEM-04964,ORD-04964,SKU-0262,1,593.00,XS,Ivory,0.00
ITEM-04965,ORD-04965,SKU-0408,1,626.00,L,NAVY_BLUE,0.00
ITEM-04966,ORD-04966,SKU-0338,1,1059.00,XL,Black,0.00
ITEM-04967,ORD-04967,SKU-0286,1,1122.00,M,Mustard Yellow,0.00
ITEM-04968,ORD-04968,SKU-0298,1,771.00,XL,Black,0.00
ITEM-04969,ORD-04969,SKU-0095,1,1481.00,XS,rust,0.00
ITEM-04970,ORD-04970,SKU-0005,1,889.00,L,sage,0.00
ITEM-04971,ORD-04971,SKU-0221,1,974.00,L,Terracotta,0.00
ITEM-04972,ORD-04972,SKU-0296,1,1310.00,XL,NAVY_BLUE,0.00
ITEM-04973,ORD-04973,SKU-0378,1,441.00,XS,NAVY_BLUE,0.00
ITEM-04974,ORD-04974,SKU-0072,1,792.00,S,Mustard Yellow,0.00
ITEM-04975,ORD-04975,SKU-0189,1,1256.00,XL,Black,0.00
ITEM-04976,ORD-04976,SKU-0093,1,774.00,L,Sage Green,0.00
ITEM-04977,ORD-04977,SKU-0008,1,803.00,XS,Navy Blue,0.00
ITEM-04978,ORD-04978,SKU-0053,1,452.00,S,Ivory,0.00
ITEM-04979,ORD-04979,SKU-0255,1,440.00,XS,Black,0.00
ITEM-04980,ORD-04980,SKU-0179,1,1327.00,S,Maroon,0.00
ITEM-04981,ORD-04981,SKU-0080,1,1006.00,S,navy,0.00
ITEM-04982,ORD-04982,SKU-0307,1,1315.00,XS,maroon_red,0.00
ITEM-04983,ORD-04983,SKU-0040,1,400.00,XXL,mustard,0.00
ITEM-04984,ORD-04984,SKU-0062,1,1057.00,M,maroon_red,0.00
ITEM-04985,ORD-04985,SKU-0223,1,1120.00,XS,Ivory,0.00
ITEM-04986,ORD-04986,SKU-0268,1,413.00,XS,navy,0.00
ITEM-04987,ORD-04987,SKU-0108,1,447.00,S,Sage Green,0.00
ITEM-04988,ORD-04988,SKU-0479,1,754.00,S,Black,0.00
ITEM-04989,ORD-04989,SKU-0162,1,886.00,M,sage,0.00
ITEM-04990,ORD-04990,SKU-0133,1,589.00,M,Black,0.00
ITEM-04991,ORD-04991,SKU-0461,1,456.00,S,sage,0.00
ITEM-04992,ORD-04992,SKU-0288,1,1419.00,XS,Navy Blue,0.00
ITEM-04993,ORD-04993,SKU-0257,1,1086.00,XXL,Navy Blue,0.00
ITEM-04994,ORD-04994,SKU-0090,1,1174.00,XL,sage,0.00
ITEM-04995,ORD-04995,SKU-0432,1,1302.00,L,Ivory,0.00
ITEM-04996,ORD-04996,SKU-0471,1,1008.00,XS,rust,0.00
ITEM-04997,ORD-04997,SKU-0232,1,781.00,XL,Black,0.00
ITEM-04998,ORD-04998,SKU-0308,1,531.00,XXL,Ivory,0.00
ITEM-04999,ORD-04999,SKU-0462,1,940.00,XS,Maroon,0.00
ITEM-05000,ORD-05000,SKU-0451,1,489.00,L,Maroon,0.00
ITEM-05001,ORD-05001,SKU-0228,1,717.00,L,Navy Blue,0.00
ITEM-05002,ORD-05002,SKU-0131,1,605.00,L,sage,0.00
ITEM-05003,ORD-05003,SKU-0159,1,707.00,M,Sage Green,0.00
ITEM-05004,ORD-05004,SKU-0132,1,1413.00,XS,Terracotta,0.00
ITEM-05005,ORD-05005,SKU-0190,1,1410.00,XL,Navy Blue,0.00
ITEM-05006,ORD-05006,SKU-0367,1,1421.00,XS,Black,0.00
ITEM-05007,ORD-05007,SKU-0384,1,689.00,M,Maroon,0.00
ITEM-05008,ORD-05008,SKU-0375,1,443.00,XS,Navy Blue,0.00
ITEM-05009,ORD-05009,SKU-0273,1,678.00,XXL,navy,0.00
ITEM-05010,ORD-05010,SKU-0387,1,1016.00,L,sage,0.00
ITEM-05011,ORD-05011,SKU-0344,1,631.00,S,Terracotta,0.00
ITEM-05012,ORD-05012,SKU-0457,1,732.00,XXL,mustard,0.00
ITEM-05013,ORD-05013,SKU-0086,1,1100.00,S,sage,0.00
ITEM-05014,ORD-05014,SKU-0475,1,493.00,S,sage,0.00
ITEM-05015,ORD-05015,SKU-0363,1,772.00,XS,Mustard Yellow,0.00
ITEM-05016,ORD-05016,SKU-0152,1,1080.00,XL,rust,0.00
ITEM-05017,ORD-05017,SKU-0002,1,1499.00,XS,Maroon,0.00
ITEM-05018,ORD-05018,SKU-0437,1,1319.00,XS,Terracotta,0.00
ITEM-05019,ORD-05019,SKU-0436,1,424.00,S,Indigo,0.00
ITEM-05020,ORD-05020,SKU-0205,1,1357.00,XS,NAVY_BLUE,0.00
ITEM-05021,ORD-05021,SKU-0178,1,1315.00,L,Sage Green,0.00
ITEM-05022,ORD-05022,SKU-0203,1,983.00,S,mustard,0.00
ITEM-05023,ORD-05023,SKU-0282,1,1131.00,XXL,Navy Blue,0.00
ITEM-05024,ORD-05024,SKU-0172,1,974.00,S,sage,0.00
ITEM-05025,ORD-05025,SKU-0035,1,1337.00,L,Ivory,0.00
ITEM-05026,ORD-05026,SKU-0176,1,518.00,S,Maroon,0.00
ITEM-05027,ORD-05027,SKU-0188,1,538.00,M,Mustard Yellow,0.00
ITEM-05028,ORD-05028,SKU-0164,1,1207.00,S,rust,0.00
ITEM-05029,ORD-05029,SKU-0033,1,918.00,S,sage,0.00
ITEM-05030,ORD-05030,SKU-0114,1,585.00,M,navy,0.00
ITEM-05031,ORD-05031,SKU-0356,1,535.00,M,navy,0.00
ITEM-05032,ORD-05032,SKU-0277,1,1201.00,L,sage,0.00
ITEM-05033,ORD-05033,SKU-0289,1,444.00,M,navy,0.00
ITEM-05034,ORD-05034,SKU-0262,1,593.00,XS,Ivory,0.00
ITEM-05035,ORD-05035,SKU-0408,1,626.00,S,NAVY_BLUE,0.00
ITEM-05036,ORD-05036,SKU-0338,1,1059.00,XXL,Black,0.00
ITEM-05037,ORD-05037,SKU-0286,1,1122.00,S,Mustard Yellow,0.00
ITEM-05038,ORD-05038,SKU-0298,1,771.00,XXL,Black,0.00
ITEM-05039,ORD-05039,SKU-0095,1,1481.00,L,rust,0.00
ITEM-05040,ORD-05040,SKU-0005,1,889.00,S,sage,0.00
ITEM-05041,ORD-05041,SKU-0221,1,974.00,XL,Terracotta,0.00
ITEM-05042,ORD-05042,SKU-0296,1,1310.00,S,NAVY_BLUE,0.00
ITEM-05043,ORD-05043,SKU-0378,1,441.00,XL,NAVY_BLUE,0.00
ITEM-05044,ORD-05044,SKU-0072,1,792.00,XS,Mustard Yellow,0.00
ITEM-05045,ORD-05045,SKU-0189,1,1256.00,XXL,Black,0.00
ITEM-05046,ORD-05046,SKU-0093,1,774.00,L,Sage Green,0.00
ITEM-05047,ORD-05047,SKU-0008,1,803.00,S,Navy Blue,0.00
ITEM-05048,ORD-05048,SKU-0053,1,452.00,S,Ivory,0.00
ITEM-05049,ORD-05049,SKU-0255,1,440.00,S,Black,0.00
ITEM-05050,ORD-05050,SKU-0179,1,1327.00,L,Maroon,0.00
ITEM-05051,ORD-05051,SKU-0080,1,1006.00,XS,navy,0.00
ITEM-05052,ORD-05052,SKU-0307,1,1315.00,XS,maroon_red,0.00
ITEM-05053,ORD-05053,SKU-0040,1,400.00,S,mustard,0.00
ITEM-05054,ORD-05054,SKU-0062,1,1057.00,XL,maroon_red,0.00
ITEM-05055,ORD-05055,SKU-0223,1,1120.00,M,Ivory,0.00
ITEM-05056,ORD-05056,SKU-0268,1,413.00,XL,navy,0.00
ITEM-05057,ORD-05057,SKU-0108,1,447.00,S,Sage Green,0.00
ITEM-05058,ORD-05058,SKU-0479,1,754.00,XXL,Black,0.00
ITEM-05059,ORD-05059,SKU-0162,1,886.00,L,sage,0.00
ITEM-05060,ORD-05060,SKU-0133,1,589.00,XXL,Black,0.00
ITEM-05061,ORD-05061,SKU-0461,1,456.00,XL,sage,0.00
ITEM-05062,ORD-05062,SKU-0288,1,1419.00,M,Navy Blue,0.00
ITEM-05063,ORD-05063,SKU-0257,1,1086.00,L,Navy Blue,0.00
ITEM-05064,ORD-05064,SKU-0090,1,1174.00,S,sage,0.00
ITEM-05065,ORD-05065,SKU-0432,1,1302.00,XS,Ivory,0.00
ITEM-05066,ORD-05066,SKU-0471,1,1008.00,XS,rust,0.00
ITEM-05067,ORD-05067,SKU-0232,1,781.00,S,Black,0.00
ITEM-05068,ORD-05068,SKU-0308,1,531.00,XXL,Ivory,0.00
ITEM-05069,ORD-05069,SKU-0462,1,940.00,XXL,Maroon,0.00
ITEM-05070,ORD-05070,SKU-0451,1,489.00,S,Maroon,0.00
ITEM-05071,ORD-05071,SKU-0228,1,717.00,XS,Navy Blue,0.00
ITEM-05072,ORD-05072,SKU-0131,1,605.00,XL,sage,0.00
ITEM-05073,ORD-05073,SKU-0159,1,707.00,XL,Sage Green,0.00
ITEM-05074,ORD-05074,SKU-0132,1,1413.00,M,Terracotta,0.00
ITEM-05075,ORD-05075,SKU-0190,1,1410.00,XXL,Navy Blue,0.00
ITEM-05076,ORD-05076,SKU-0367,1,1421.00,XL,Black,0.00
ITEM-05077,ORD-05077,SKU-0384,1,689.00,M,Maroon,0.00
ITEM-05078,ORD-05078,SKU-0375,1,443.00,XXL,Navy Blue,0.00
ITEM-05079,ORD-05079,SKU-0273,1,678.00,M,navy,0.00
ITEM-05080,ORD-05080,SKU-0387,1,1016.00,L,sage,0.00
ITEM-05081,ORD-05081,SKU-0344,1,631.00,XS,Terracotta,0.00
ITEM-05082,ORD-05082,SKU-0457,1,732.00,XXL,mustard,0.00
ITEM-05083,ORD-05083,SKU-0086,1,1100.00,XS,sage,0.00
ITEM-05084,ORD-05084,SKU-0475,1,493.00,L,sage,0.00
ITEM-05085,ORD-05085,SKU-0363,1,772.00,XXL,Mustard Yellow,0.00
ITEM-05086,ORD-05086,SKU-0152,1,1080.00,L,rust,0.00
ITEM-05087,ORD-05087,SKU-0002,1,1499.00,XS,Maroon,0.00
ITEM-05088,ORD-05088,SKU-0437,1,1319.00,M,Terracotta,0.00
ITEM-05089,ORD-05089,SKU-0436,1,424.00,M,Indigo,0.00
ITEM-05090,ORD-05090,SKU-0205,1,1357.00,XS,NAVY_BLUE,0.00
ITEM-05091,ORD-05091,SKU-0178,1,1315.00,XXL,Sage Green,0.00
ITEM-05092,ORD-05092,SKU-0203,1,983.00,M,mustard,0.00
ITEM-05093,ORD-05093,SKU-0282,1,1131.00,M,Navy Blue,0.00
ITEM-05094,ORD-05094,SKU-0172,1,974.00,XS,sage,0.00
ITEM-05095,ORD-05095,SKU-0035,1,1337.00,L,Ivory,0.00
ITEM-05096,ORD-05096,SKU-0176,1,518.00,XXL,Maroon,0.00
ITEM-05097,ORD-05097,SKU-0188,1,538.00,S,Mustard Yellow,0.00
ITEM-05098,ORD-05098,SKU-0164,1,1207.00,S,rust,0.00
ITEM-05099,ORD-05099,SKU-0033,1,918.00,XXL,sage,0.00
ITEM-05100,ORD-05100,SKU-0114,1,585.00,XXL,navy,0.00
ITEM-05101,ORD-05101,SKU-0356,1,535.00,XS,navy,0.00
ITEM-05102,ORD-05102,SKU-0277,1,1201.00,M,sage,0.00
ITEM-05103,ORD-05103,SKU-0289,1,444.00,L,navy,0.00
ITEM-05104,ORD-05104,SKU-0262,1,593.00,XS,Ivory,0.00
ITEM-05105,ORD-05105,SKU-0408,1,626.00,XL,NAVY_BLUE,0.00
ITEM-05106,ORD-05106,SKU-0338,1,1059.00,S,Black,0.00
ITEM-05107,ORD-05107,SKU-0286,1,1122.00,XL,Mustard Yellow,0.00
ITEM-05108,ORD-05108,SKU-0298,1,771.00,XXL,Black,0.00
ITEM-05109,ORD-05109,SKU-0095,1,1481.00,M,rust,0.00
ITEM-05110,ORD-05110,SKU-0005,1,889.00,M,sage,0.00
ITEM-05111,ORD-05111,SKU-0221,1,974.00,M,Terracotta,0.00
ITEM-05112,ORD-05112,SKU-0296,1,1310.00,L,NAVY_BLUE,0.00
ITEM-05113,ORD-05113,SKU-0378,1,441.00,XS,NAVY_BLUE,0.00
ITEM-05114,ORD-05114,SKU-0072,1,792.00,XL,Mustard Yellow,0.00
ITEM-05115,ORD-05115,SKU-0189,1,1256.00,M,Black,0.00
ITEM-05116,ORD-05116,SKU-0093,1,774.00,XXL,Sage Green,0.00
ITEM-05117,ORD-05117,SKU-0008,1,803.00,M,Navy Blue,0.00
ITEM-05118,ORD-05118,SKU-0053,1,452.00,M,Ivory,0.00
ITEM-05119,ORD-05119,SKU-0255,1,440.00,XS,Black,0.00
ITEM-05120,ORD-05120,SKU-0179,1,1327.00,S,Maroon,0.00
ITEM-05121,ORD-05121,SKU-0080,1,1006.00,L,navy,0.00
ITEM-05122,ORD-05122,SKU-0307,1,1315.00,XXL,maroon_red,0.00
ITEM-05123,ORD-05123,SKU-0040,1,400.00,XS,mustard,0.00
ITEM-05124,ORD-05124,SKU-0062,1,1057.00,XL,maroon_red,0.00
ITEM-05125,ORD-05125,SKU-0223,1,1120.00,XXL,Ivory,0.00
ITEM-05126,ORD-05126,SKU-0268,1,413.00,S,navy,0.00
ITEM-05127,ORD-05127,SKU-0108,1,447.00,S,Sage Green,0.00
ITEM-05128,ORD-05128,SKU-0479,1,754.00,L,Black,0.00
ITEM-05129,ORD-05129,SKU-0162,1,886.00,S,sage,0.00
ITEM-05130,ORD-05130,SKU-0133,1,589.00,XL,Black,0.00
ITEM-05131,ORD-05131,SKU-0461,1,456.00,L,sage,0.00
ITEM-05132,ORD-05132,SKU-0288,1,1419.00,M,Navy Blue,0.00
ITEM-05133,ORD-05133,SKU-0257,1,1086.00,L,Navy Blue,0.00
ITEM-05134,ORD-05134,SKU-0090,1,1174.00,XXL,sage,0.00
ITEM-05135,ORD-05135,SKU-0432,1,1302.00,XL,Ivory,0.00
ITEM-05136,ORD-05136,SKU-0471,1,1008.00,L,rust,0.00
ITEM-05137,ORD-05137,SKU-0232,1,781.00,XL,Black,0.00
ITEM-05138,ORD-05138,SKU-0308,1,531.00,S,Ivory,0.00
ITEM-05139,ORD-05139,SKU-0462,1,940.00,M,Maroon,0.00
ITEM-05140,ORD-05140,SKU-0451,1,489.00,S,Maroon,0.00
ITEM-05141,ORD-05141,SKU-0228,1,717.00,L,Navy Blue,0.00
ITEM-05142,ORD-05142,SKU-0131,1,605.00,XXL,sage,0.00
ITEM-05143,ORD-05143,SKU-0159,1,707.00,M,Sage Green,0.00
ITEM-05144,ORD-05144,SKU-0132,1,1413.00,XS,Terracotta,0.00
ITEM-05145,ORD-05145,SKU-0190,1,1410.00,XS,Navy Blue,0.00
ITEM-05146,ORD-05146,SKU-0367,1,1421.00,XXL,Black,0.00
ITEM-05147,ORD-05147,SKU-0384,1,689.00,XL,Maroon,0.00
ITEM-05148,ORD-05148,SKU-0375,1,443.00,L,Navy Blue,0.00
ITEM-05149,ORD-05149,SKU-0273,1,678.00,XXL,navy,0.00
ITEM-05150,ORD-05150,SKU-0387,1,1016.00,XXL,sage,0.00
ITEM-05151,ORD-05151,SKU-0344,1,631.00,L,Terracotta,0.00
ITEM-05152,ORD-05152,SKU-0457,1,732.00,XS,mustard,0.00
ITEM-05153,ORD-05153,SKU-0086,1,1100.00,L,sage,0.00
ITEM-05154,ORD-05154,SKU-0475,1,493.00,S,sage,0.00
ITEM-05155,ORD-05155,SKU-0363,1,772.00,S,Mustard Yellow,0.00
ITEM-05156,ORD-05156,SKU-0152,1,1080.00,XS,rust,0.00
ITEM-05157,ORD-05157,SKU-0002,1,1499.00,L,Maroon,0.00
ITEM-05158,ORD-05158,SKU-0437,1,1319.00,L,Terracotta,0.00
ITEM-05159,ORD-05159,SKU-0436,1,424.00,S,Indigo,0.00
ITEM-05160,ORD-05160,SKU-0205,1,1357.00,XS,NAVY_BLUE,0.00
ITEM-05161,ORD-05161,SKU-0178,1,1315.00,M,Sage Green,0.00
ITEM-05162,ORD-05162,SKU-0203,1,983.00,L,mustard,0.00
ITEM-05163,ORD-05163,SKU-0282,1,1131.00,XL,Navy Blue,0.00
ITEM-05164,ORD-05164,SKU-0172,1,974.00,M,sage,0.00
ITEM-05165,ORD-05165,SKU-0035,1,1337.00,XS,Ivory,0.00
ITEM-05166,ORD-05166,SKU-0176,1,518.00,XL,Maroon,0.00
ITEM-05167,ORD-05167,SKU-0188,1,538.00,L,Mustard Yellow,0.00
ITEM-05168,ORD-05168,SKU-0164,1,1207.00,XXL,rust,0.00
ITEM-05169,ORD-05169,SKU-0033,1,918.00,XXL,sage,0.00
ITEM-05170,ORD-05170,SKU-0114,1,585.00,M,navy,0.00
ITEM-05171,ORD-05171,SKU-0356,1,535.00,XL,navy,0.00
ITEM-05172,ORD-05172,SKU-0277,1,1201.00,L,sage,0.00
ITEM-05173,ORD-05173,SKU-0289,1,444.00,XL,navy,0.00
ITEM-05174,ORD-05174,SKU-0262,1,593.00,M,Ivory,0.00
ITEM-05175,ORD-05175,SKU-0408,1,626.00,XXL,NAVY_BLUE,0.00
ITEM-05176,ORD-05176,SKU-0338,1,1059.00,S,Black,0.00
ITEM-05177,ORD-05177,SKU-0286,1,1122.00,XXL,Mustard Yellow,0.00
ITEM-05178,ORD-05178,SKU-0298,1,771.00,XXL,Black,0.00
ITEM-05179,ORD-05179,SKU-0095,1,1481.00,M,rust,0.00
ITEM-05180,ORD-05180,SKU-0005,1,889.00,XXL,sage,0.00
ITEM-05181,ORD-05181,SKU-0221,1,974.00,XL,Terracotta,0.00
ITEM-05182,ORD-05182,SKU-0296,1,1310.00,XXL,NAVY_BLUE,0.00
ITEM-05183,ORD-05183,SKU-0378,1,441.00,M,NAVY_BLUE,0.00
ITEM-05184,ORD-05184,SKU-0072,1,792.00,XS,Mustard Yellow,0.00
ITEM-05185,ORD-05185,SKU-0189,1,1256.00,L,Black,0.00
ITEM-05186,ORD-05186,SKU-0093,1,774.00,L,Sage Green,0.00
ITEM-05187,ORD-05187,SKU-0008,1,803.00,L,Navy Blue,0.00
ITEM-05188,ORD-05188,SKU-0053,1,452.00,L,Ivory,0.00
ITEM-05189,ORD-05189,SKU-0255,1,440.00,XXL,Black,0.00
ITEM-05190,ORD-05190,SKU-0179,1,1327.00,L,Maroon,0.00
ITEM-05191,ORD-05191,SKU-0080,1,1006.00,XXL,navy,0.00
ITEM-05192,ORD-05192,SKU-0307,1,1315.00,XS,maroon_red,0.00
ITEM-05193,ORD-05193,SKU-0040,1,400.00,S,mustard,0.00
ITEM-05194,ORD-05194,SKU-0062,1,1057.00,M,maroon_red,0.00
ITEM-05195,ORD-05195,SKU-0223,1,1120.00,XL,Ivory,0.00
ITEM-05196,ORD-05196,SKU-0268,1,413.00,M,navy,0.00
ITEM-05197,ORD-05197,SKU-0108,1,447.00,XS,Sage Green,0.00
ITEM-05198,ORD-05198,SKU-0479,1,754.00,XL,Black,0.00
ITEM-05199,ORD-05199,SKU-0162,1,886.00,XL,sage,0.00
ITEM-05200,ORD-05200,SKU-0133,1,589.00,XL,Black,0.00
ITEM-05201,ORD-05201,SKU-0461,1,456.00,S,sage,0.00
ITEM-05202,ORD-05202,SKU-0288,1,1419.00,L,Navy Blue,0.00
ITEM-05203,ORD-05203,SKU-0257,1,1086.00,M,Navy Blue,0.00
ITEM-05204,ORD-05204,SKU-0090,1,1174.00,XS,sage,0.00
ITEM-05205,ORD-05205,SKU-0432,1,1302.00,XS,Ivory,0.00
ITEM-05206,ORD-05206,SKU-0471,1,1008.00,L,rust,0.00
ITEM-05207,ORD-05207,SKU-0232,1,781.00,S,Black,0.00
ITEM-05208,ORD-05208,SKU-0308,1,531.00,S,Ivory,0.00
ITEM-05209,ORD-05209,SKU-0462,1,940.00,S,Maroon,0.00
ITEM-05210,ORD-05210,SKU-0451,1,489.00,S,Maroon,0.00
ITEM-05211,ORD-05211,SKU-0228,1,717.00,XXL,Navy Blue,0.00
ITEM-05212,ORD-05212,SKU-0131,1,605.00,S,sage,0.00
ITEM-05213,ORD-05213,SKU-0159,1,707.00,XL,Sage Green,0.00
ITEM-05214,ORD-05214,SKU-0132,1,1413.00,L,Terracotta,0.00
ITEM-05215,ORD-05215,SKU-0190,1,1410.00,M,Navy Blue,0.00
ITEM-05216,ORD-05216,SKU-0367,1,1421.00,XS,Black,0.00
ITEM-05217,ORD-05217,SKU-0384,1,689.00,S,Maroon,0.00
ITEM-05218,ORD-05218,SKU-0375,1,443.00,L,Navy Blue,0.00
ITEM-05219,ORD-05219,SKU-0273,1,678.00,XXL,navy,0.00
ITEM-05220,ORD-05220,SKU-0387,1,1016.00,S,sage,0.00
ITEM-05221,ORD-05221,SKU-0344,1,631.00,XXL,Terracotta,0.00
ITEM-05222,ORD-05222,SKU-0457,1,732.00,XXL,mustard,0.00
ITEM-05223,ORD-05223,SKU-0086,1,1100.00,XS,sage,0.00
ITEM-05224,ORD-05224,SKU-0475,1,493.00,XL,sage,0.00
ITEM-05225,ORD-05225,SKU-0363,1,772.00,M,Mustard Yellow,0.00
ITEM-05226,ORD-05226,SKU-0152,1,1080.00,L,rust,0.00
ITEM-05227,ORD-05227,SKU-0002,1,1499.00,L,Maroon,0.00
ITEM-05228,ORD-05228,SKU-0437,1,1319.00,XXL,Terracotta,0.00
ITEM-05229,ORD-05229,SKU-0436,1,424.00,XL,Indigo,0.00
ITEM-05230,ORD-05230,SKU-0205,1,1357.00,L,NAVY_BLUE,0.00
ITEM-05231,ORD-05231,SKU-0178,1,1315.00,S,Sage Green,0.00
ITEM-05232,ORD-05232,SKU-0203,1,983.00,M,mustard,0.00
ITEM-05233,ORD-05233,SKU-0282,1,1131.00,L,Navy Blue,0.00
ITEM-05234,ORD-05234,SKU-0172,1,974.00,S,sage,0.00
ITEM-05235,ORD-05235,SKU-0035,1,1337.00,S,Ivory,0.00
ITEM-05236,ORD-05236,SKU-0176,1,518.00,L,Maroon,0.00
ITEM-05237,ORD-05237,SKU-0188,1,538.00,XS,Mustard Yellow,0.00
ITEM-05238,ORD-05238,SKU-0164,1,1207.00,XL,rust,0.00
ITEM-05239,ORD-05239,SKU-0033,1,918.00,XXL,sage,0.00
ITEM-05240,ORD-05240,SKU-0114,1,585.00,XS,navy,0.00
ITEM-05241,ORD-05241,SKU-0356,1,535.00,L,navy,0.00
ITEM-05242,ORD-05242,SKU-0277,1,1201.00,M,sage,0.00
ITEM-05243,ORD-05243,SKU-0289,1,444.00,XL,navy,0.00
ITEM-05244,ORD-05244,SKU-0262,1,593.00,M,Ivory,0.00
ITEM-05245,ORD-05245,SKU-0408,1,626.00,XXL,NAVY_BLUE,0.00
ITEM-05246,ORD-05246,SKU-0338,1,1059.00,L,Black,0.00
ITEM-05247,ORD-05247,SKU-0286,1,1122.00,XL,Mustard Yellow,0.00
ITEM-05248,ORD-05248,SKU-0298,1,771.00,XXL,Black,0.00
ITEM-05249,ORD-05249,SKU-0095,1,1481.00,L,rust,0.00
ITEM-05250,ORD-05250,SKU-0005,1,889.00,XS,sage,0.00
ITEM-05251,ORD-05251,SKU-0221,1,974.00,S,Terracotta,0.00
ITEM-05252,ORD-05252,SKU-0296,1,1310.00,XS,NAVY_BLUE,0.00
ITEM-05253,ORD-05253,SKU-0378,1,441.00,XXL,NAVY_BLUE,0.00
ITEM-05254,ORD-05254,SKU-0072,1,792.00,XL,Mustard Yellow,0.00
ITEM-05255,ORD-05255,SKU-0189,1,1256.00,XXL,Black,0.00
ITEM-05256,ORD-05256,SKU-0093,1,774.00,S,Sage Green,0.00
ITEM-05257,ORD-05257,SKU-0008,1,803.00,L,Navy Blue,0.00
ITEM-05258,ORD-05258,SKU-0053,1,452.00,XL,Ivory,0.00
ITEM-05259,ORD-05259,SKU-0255,1,440.00,XL,Black,0.00
ITEM-05260,ORD-05260,SKU-0179,1,1327.00,L,Maroon,0.00
ITEM-05261,ORD-05261,SKU-0080,1,1006.00,M,navy,0.00
ITEM-05262,ORD-05262,SKU-0307,1,1315.00,XXL,maroon_red,0.00
ITEM-05263,ORD-05263,SKU-0040,1,400.00,S,mustard,0.00
ITEM-05264,ORD-05264,SKU-0062,1,1057.00,XL,maroon_red,0.00
ITEM-05265,ORD-05265,SKU-0223,1,1120.00,L,Ivory,0.00
ITEM-05266,ORD-05266,SKU-0268,1,413.00,L,navy,0.00
ITEM-05267,ORD-05267,SKU-0108,1,447.00,L,Sage Green,0.00
ITEM-05268,ORD-05268,SKU-0479,1,754.00,XL,Black,0.00
ITEM-05269,ORD-05269,SKU-0162,1,886.00,XL,sage,0.00
ITEM-05270,ORD-05270,SKU-0133,1,589.00,M,Black,0.00
ITEM-05271,ORD-05271,SKU-0461,1,456.00,XS,sage,0.00
ITEM-05272,ORD-05272,SKU-0288,1,1419.00,XXL,Navy Blue,0.00
ITEM-05273,ORD-05273,SKU-0257,1,1086.00,XXL,Navy Blue,0.00
ITEM-05274,ORD-05274,SKU-0090,1,1174.00,S,sage,0.00
ITEM-05275,ORD-05275,SKU-0432,1,1302.00,L,Ivory,0.00
ITEM-05276,ORD-05276,SKU-0471,1,1008.00,S,rust,0.00
ITEM-05277,ORD-05277,SKU-0232,1,781.00,L,Black,0.00
ITEM-05278,ORD-05278,SKU-0308,1,531.00,XXL,Ivory,0.00
ITEM-05279,ORD-05279,SKU-0462,1,940.00,M,Maroon,0.00
ITEM-05280,ORD-05280,SKU-0451,1,489.00,S,Maroon,0.00
ITEM-05281,ORD-05281,SKU-0228,1,717.00,XL,Navy Blue,0.00
ITEM-05282,ORD-05282,SKU-0131,1,605.00,XL,sage,0.00
ITEM-05283,ORD-05283,SKU-0159,1,707.00,S,Sage Green,0.00
ITEM-05284,ORD-05284,SKU-0132,1,1413.00,XXL,Terracotta,0.00
ITEM-05285,ORD-05285,SKU-0190,1,1410.00,L,Navy Blue,0.00
ITEM-05286,ORD-05286,SKU-0367,1,1421.00,S,Black,0.00
ITEM-05287,ORD-05287,SKU-0384,1,689.00,XXL,Maroon,0.00
ITEM-05288,ORD-05288,SKU-0375,1,443.00,XXL,Navy Blue,0.00
ITEM-05289,ORD-05289,SKU-0273,1,678.00,XXL,navy,0.00
ITEM-05290,ORD-05290,SKU-0387,1,1016.00,L,sage,0.00
ITEM-05291,ORD-05291,SKU-0344,1,631.00,M,Terracotta,0.00
ITEM-05292,ORD-05292,SKU-0457,1,732.00,S,mustard,0.00
ITEM-05293,ORD-05293,SKU-0086,1,1100.00,XL,sage,0.00
ITEM-05294,ORD-05294,SKU-0475,1,493.00,S,sage,0.00
ITEM-05295,ORD-05295,SKU-0363,1,772.00,XXL,Mustard Yellow,0.00
ITEM-05296,ORD-05296,SKU-0152,1,1080.00,S,rust,0.00
ITEM-05297,ORD-05297,SKU-0002,1,1499.00,L,Maroon,0.00
ITEM-05298,ORD-05298,SKU-0437,1,1319.00,S,Terracotta,0.00
ITEM-05299,ORD-05299,SKU-0436,1,424.00,M,Indigo,0.00
ITEM-05300,ORD-05300,SKU-0205,1,1357.00,S,NAVY_BLUE,0.00
ITEM-05301,ORD-05301,SKU-0178,1,1315.00,XL,Sage Green,0.00
ITEM-05302,ORD-05302,SKU-0203,1,983.00,M,mustard,0.00
ITEM-05303,ORD-05303,SKU-0282,1,1131.00,XS,Navy Blue,0.00
ITEM-05304,ORD-05304,SKU-0172,1,974.00,XS,sage,0.00
ITEM-05305,ORD-05305,SKU-0035,1,1337.00,L,Ivory,0.00
ITEM-05306,ORD-05306,SKU-0176,1,518.00,XXL,Maroon,0.00
ITEM-05307,ORD-05307,SKU-0188,1,538.00,XS,Mustard Yellow,0.00
ITEM-05308,ORD-05308,SKU-0164,1,1207.00,L,rust,0.00
ITEM-05309,ORD-05309,SKU-0033,1,918.00,XS,sage,0.00
ITEM-05310,ORD-05310,SKU-0114,1,585.00,M,navy,0.00
ITEM-05311,ORD-05311,SKU-0356,1,535.00,M,navy,0.00
ITEM-05312,ORD-05312,SKU-0277,1,1201.00,XXL,sage,0.00
ITEM-05313,ORD-05313,SKU-0289,1,444.00,L,navy,0.00
ITEM-05314,ORD-05314,SKU-0262,1,593.00,M,Ivory,0.00
ITEM-05315,ORD-05315,SKU-0408,1,626.00,XXL,NAVY_BLUE,0.00
ITEM-05316,ORD-05316,SKU-0338,1,1059.00,XS,Black,0.00
ITEM-05317,ORD-05317,SKU-0286,1,1122.00,XL,Mustard Yellow,0.00
ITEM-05318,ORD-05318,SKU-0298,1,771.00,S,Black,0.00
ITEM-05319,ORD-05319,SKU-0095,1,1481.00,XS,rust,0.00
ITEM-05320,ORD-05320,SKU-0005,1,889.00,XL,sage,0.00
ITEM-05321,ORD-05321,SKU-0221,1,974.00,XXL,Terracotta,0.00
ITEM-05322,ORD-05322,SKU-0296,1,1310.00,L,NAVY_BLUE,0.00
ITEM-05323,ORD-05323,SKU-0378,1,441.00,M,NAVY_BLUE,0.00
ITEM-05324,ORD-05324,SKU-0072,1,792.00,M,Mustard Yellow,0.00
ITEM-05325,ORD-05325,SKU-0189,1,1256.00,M,Black,0.00
ITEM-05326,ORD-05326,SKU-0093,1,774.00,S,Sage Green,0.00
ITEM-05327,ORD-05327,SKU-0008,1,803.00,S,Navy Blue,0.00
ITEM-05328,ORD-05328,SKU-0053,1,452.00,XXL,Ivory,0.00
ITEM-05329,ORD-05329,SKU-0255,1,440.00,M,Black,0.00
ITEM-05330,ORD-05330,SKU-0179,1,1327.00,M,Maroon,0.00
ITEM-05331,ORD-05331,SKU-0080,1,1006.00,XXL,navy,0.00
ITEM-05332,ORD-05332,SKU-0307,1,1315.00,XXL,maroon_red,0.00
ITEM-05333,ORD-05333,SKU-0040,1,400.00,M,mustard,0.00
ITEM-05334,ORD-05334,SKU-0062,1,1057.00,S,maroon_red,0.00
ITEM-05335,ORD-05335,SKU-0223,1,1120.00,L,Ivory,0.00
ITEM-05336,ORD-05336,SKU-0268,1,413.00,XL,navy,0.00
ITEM-05337,ORD-05337,SKU-0108,1,447.00,XS,Sage Green,0.00
ITEM-05338,ORD-05338,SKU-0479,1,754.00,M,Black,0.00
ITEM-05339,ORD-05339,SKU-0162,1,886.00,M,sage,0.00
ITEM-05340,ORD-05340,SKU-0133,1,589.00,XL,Black,0.00
ITEM-05341,ORD-05341,SKU-0461,1,456.00,S,sage,0.00
ITEM-05342,ORD-05342,SKU-0288,1,1419.00,XL,Navy Blue,0.00
ITEM-05343,ORD-05343,SKU-0257,1,1086.00,M,Navy Blue,0.00
ITEM-05344,ORD-05344,SKU-0090,1,1174.00,M,sage,0.00
ITEM-05345,ORD-05345,SKU-0432,1,1302.00,S,Ivory,0.00
ITEM-05346,ORD-05346,SKU-0471,1,1008.00,XL,rust,0.00
ITEM-05347,ORD-05347,SKU-0232,1,781.00,XL,Black,0.00
ITEM-05348,ORD-05348,SKU-0308,1,531.00,XXL,Ivory,0.00
ITEM-05349,ORD-05349,SKU-0462,1,940.00,S,Maroon,0.00
ITEM-05350,ORD-05350,SKU-0451,1,489.00,XXL,Maroon,0.00
ITEM-05351,ORD-05351,SKU-0228,1,717.00,M,Navy Blue,0.00
ITEM-05352,ORD-05352,SKU-0131,1,605.00,XL,sage,0.00
ITEM-05353,ORD-05353,SKU-0159,1,707.00,S,Sage Green,0.00
ITEM-05354,ORD-05354,SKU-0132,1,1413.00,M,Terracotta,0.00
ITEM-05355,ORD-05355,SKU-0190,1,1410.00,L,Navy Blue,0.00
ITEM-05356,ORD-05356,SKU-0367,1,1421.00,XS,Black,0.00
ITEM-05357,ORD-05357,SKU-0384,1,689.00,XXL,Maroon,0.00
ITEM-05358,ORD-05358,SKU-0375,1,443.00,XL,Navy Blue,0.00
ITEM-05359,ORD-05359,SKU-0273,1,678.00,XXL,navy,0.00
ITEM-05360,ORD-05360,SKU-0387,1,1016.00,XXL,sage,0.00
ITEM-05361,ORD-05361,SKU-0344,1,631.00,XS,Terracotta,0.00
ITEM-05362,ORD-05362,SKU-0457,1,732.00,S,mustard,0.00
ITEM-05363,ORD-05363,SKU-0086,1,1100.00,M,sage,0.00
ITEM-05364,ORD-05364,SKU-0475,1,493.00,L,sage,0.00
ITEM-05365,ORD-05365,SKU-0363,1,772.00,XL,Mustard Yellow,0.00
ITEM-05366,ORD-05366,SKU-0152,1,1080.00,L,rust,0.00
ITEM-05367,ORD-05367,SKU-0002,1,1499.00,XXL,Maroon,0.00
ITEM-05368,ORD-05368,SKU-0437,1,1319.00,M,Terracotta,0.00
ITEM-05369,ORD-05369,SKU-0436,1,424.00,XL,Indigo,0.00
ITEM-05370,ORD-05370,SKU-0205,1,1357.00,S,NAVY_BLUE,0.00
ITEM-05371,ORD-05371,SKU-0178,1,1315.00,XL,Sage Green,0.00
ITEM-05372,ORD-05372,SKU-0203,1,983.00,XS,mustard,0.00
ITEM-05373,ORD-05373,SKU-0282,1,1131.00,XS,Navy Blue,0.00
ITEM-05374,ORD-05374,SKU-0172,1,974.00,L,sage,0.00
ITEM-05375,ORD-05375,SKU-0035,1,1337.00,XXL,Ivory,0.00
ITEM-05376,ORD-05376,SKU-0176,1,518.00,XL,Maroon,0.00
ITEM-05377,ORD-05377,SKU-0188,1,538.00,S,Mustard Yellow,0.00
ITEM-05378,ORD-05378,SKU-0164,1,1207.00,M,rust,0.00
ITEM-05379,ORD-05379,SKU-0033,1,918.00,M,sage,0.00
ITEM-05380,ORD-05380,SKU-0114,1,585.00,L,navy,0.00
ITEM-05381,ORD-05381,SKU-0356,1,535.00,XS,navy,0.00
ITEM-05382,ORD-05382,SKU-0277,1,1201.00,XXL,sage,0.00
ITEM-05383,ORD-05383,SKU-0289,1,444.00,M,navy,0.00
ITEM-05384,ORD-05384,SKU-0262,1,593.00,XXL,Ivory,0.00
ITEM-05385,ORD-05385,SKU-0408,1,626.00,XL,NAVY_BLUE,0.00
ITEM-05386,ORD-05386,SKU-0338,1,1059.00,XL,Black,0.00
ITEM-05387,ORD-05387,SKU-0286,1,1122.00,L,Mustard Yellow,0.00
ITEM-05388,ORD-05388,SKU-0298,1,771.00,L,Black,0.00
ITEM-05389,ORD-05389,SKU-0095,1,1481.00,M,rust,0.00
ITEM-05390,ORD-05390,SKU-0005,1,889.00,XL,sage,0.00
ITEM-05391,ORD-05391,SKU-0221,1,974.00,S,Terracotta,0.00
ITEM-05392,ORD-05392,SKU-0296,1,1310.00,M,NAVY_BLUE,0.00
ITEM-05393,ORD-05393,SKU-0378,1,441.00,L,NAVY_BLUE,0.00
ITEM-05394,ORD-05394,SKU-0072,1,792.00,M,Mustard Yellow,0.00
ITEM-05395,ORD-05395,SKU-0189,1,1256.00,L,Black,0.00
ITEM-05396,ORD-05396,SKU-0093,1,774.00,XS,Sage Green,0.00
ITEM-05397,ORD-05397,SKU-0008,1,803.00,M,Navy Blue,0.00
ITEM-05398,ORD-05398,SKU-0053,1,452.00,XS,Ivory,0.00
ITEM-05399,ORD-05399,SKU-0255,1,440.00,XS,Black,0.00
ITEM-05400,ORD-05400,SKU-0179,1,1327.00,XL,Maroon,0.00
ITEM-05401,ORD-05401,SKU-0080,1,1006.00,XL,navy,0.00
ITEM-05402,ORD-05402,SKU-0307,1,1315.00,M,maroon_red,0.00
ITEM-05403,ORD-05403,SKU-0040,1,400.00,XS,mustard,0.00
ITEM-05404,ORD-05404,SKU-0062,1,1057.00,XL,maroon_red,0.00
ITEM-05405,ORD-05405,SKU-0223,1,1120.00,XXL,Ivory,0.00
ITEM-05406,ORD-05406,SKU-0268,1,413.00,M,navy,0.00
ITEM-05407,ORD-05407,SKU-0108,1,447.00,XS,Sage Green,0.00
ITEM-05408,ORD-05408,SKU-0479,1,754.00,XS,Black,0.00
ITEM-05409,ORD-05409,SKU-0162,1,886.00,XS,sage,0.00
ITEM-05410,ORD-05410,SKU-0133,1,589.00,S,Black,0.00
ITEM-05411,ORD-05411,SKU-0461,1,456.00,L,sage,0.00
ITEM-05412,ORD-05412,SKU-0288,1,1419.00,M,Navy Blue,0.00
ITEM-05413,ORD-05413,SKU-0257,1,1086.00,L,Navy Blue,0.00
ITEM-05414,ORD-05414,SKU-0090,1,1174.00,XL,sage,0.00
ITEM-05415,ORD-05415,SKU-0432,1,1302.00,XXL,Ivory,0.00
ITEM-05416,ORD-05416,SKU-0471,1,1008.00,S,rust,0.00
ITEM-05417,ORD-05417,SKU-0232,1,781.00,XL,Black,0.00
ITEM-05418,ORD-05418,SKU-0308,1,531.00,XXL,Ivory,0.00
ITEM-05419,ORD-05419,SKU-0462,1,940.00,XXL,Maroon,0.00
ITEM-05420,ORD-05420,SKU-0451,1,489.00,XL,Maroon,0.00
ITEM-05421,ORD-05421,SKU-0228,1,717.00,XL,Navy Blue,0.00
ITEM-05422,ORD-05422,SKU-0131,1,605.00,XL,sage,0.00
ITEM-05423,ORD-05423,SKU-0159,1,707.00,M,Sage Green,0.00
ITEM-05424,ORD-05424,SKU-0132,1,1413.00,XL,Terracotta,0.00
ITEM-05425,ORD-05425,SKU-0190,1,1410.00,M,Navy Blue,0.00
ITEM-05426,ORD-05426,SKU-0367,1,1421.00,L,Black,0.00
ITEM-05427,ORD-05427,SKU-0384,1,689.00,XL,Maroon,0.00
ITEM-05428,ORD-05428,SKU-0375,1,443.00,XL,Navy Blue,0.00
ITEM-05429,ORD-05429,SKU-0273,1,678.00,M,navy,0.00
ITEM-05430,ORD-05430,SKU-0387,1,1016.00,XS,sage,0.00
ITEM-05431,ORD-05431,SKU-0344,1,631.00,M,Terracotta,0.00
ITEM-05432,ORD-05432,SKU-0457,1,732.00,L,mustard,0.00
ITEM-05433,ORD-05433,SKU-0086,1,1100.00,M,sage,0.00
ITEM-05434,ORD-05434,SKU-0475,1,493.00,L,sage,0.00
ITEM-05435,ORD-05435,SKU-0363,1,772.00,S,Mustard Yellow,0.00
ITEM-05436,ORD-05436,SKU-0152,1,1080.00,M,rust,0.00
ITEM-05437,ORD-05437,SKU-0002,1,1499.00,XS,Maroon,0.00
ITEM-05438,ORD-05438,SKU-0437,1,1319.00,S,Terracotta,0.00
ITEM-05439,ORD-05439,SKU-0436,1,424.00,M,Indigo,0.00
ITEM-05440,ORD-05440,SKU-0205,1,1357.00,M,NAVY_BLUE,0.00
ITEM-05441,ORD-05441,SKU-0178,1,1315.00,XL,Sage Green,0.00
ITEM-05442,ORD-05442,SKU-0203,1,983.00,XL,mustard,0.00
ITEM-05443,ORD-05443,SKU-0282,1,1131.00,XL,Navy Blue,0.00
ITEM-05444,ORD-05444,SKU-0172,1,974.00,XXL,sage,0.00
ITEM-05445,ORD-05445,SKU-0035,1,1337.00,S,Ivory,0.00
ITEM-05446,ORD-05446,SKU-0176,1,518.00,XL,Maroon,0.00
ITEM-05447,ORD-05447,SKU-0188,1,538.00,XS,Mustard Yellow,0.00
ITEM-05448,ORD-05448,SKU-0164,1,1207.00,XXL,rust,0.00
ITEM-05449,ORD-05449,SKU-0033,1,918.00,L,sage,0.00
ITEM-05450,ORD-05450,SKU-0114,1,585.00,XL,navy,0.00
ITEM-05451,ORD-05451,SKU-0356,1,535.00,XL,navy,0.00
ITEM-05452,ORD-05452,SKU-0277,1,1201.00,XS,sage,0.00
ITEM-05453,ORD-05453,SKU-0289,1,444.00,L,navy,0.00
ITEM-05454,ORD-05454,SKU-0262,1,593.00,M,Ivory,0.00
ITEM-05455,ORD-05455,SKU-0408,1,626.00,M,NAVY_BLUE,0.00
ITEM-05456,ORD-05456,SKU-0338,1,1059.00,S,Black,0.00
ITEM-05457,ORD-05457,SKU-0286,1,1122.00,XXL,Mustard Yellow,0.00
ITEM-05458,ORD-05458,SKU-0298,1,771.00,M,Black,0.00
ITEM-05459,ORD-05459,SKU-0095,1,1481.00,L,rust,0.00
ITEM-05460,ORD-05460,SKU-0005,1,889.00,XL,sage,0.00
ITEM-05461,ORD-05461,SKU-0221,1,974.00,XS,Terracotta,0.00
ITEM-05462,ORD-05462,SKU-0296,1,1310.00,XL,NAVY_BLUE,0.00
ITEM-05463,ORD-05463,SKU-0378,1,441.00,S,NAVY_BLUE,0.00
ITEM-05464,ORD-05464,SKU-0072,1,792.00,S,Mustard Yellow,0.00
ITEM-05465,ORD-05465,SKU-0189,1,1256.00,M,Black,0.00
ITEM-05466,ORD-05466,SKU-0093,1,774.00,S,Sage Green,0.00
ITEM-05467,ORD-05467,SKU-0008,1,803.00,XXL,Navy Blue,0.00
ITEM-05468,ORD-05468,SKU-0053,1,452.00,L,Ivory,0.00
ITEM-05469,ORD-05469,SKU-0255,1,440.00,M,Black,0.00
ITEM-05470,ORD-05470,SKU-0179,1,1327.00,M,Maroon,0.00
ITEM-05471,ORD-05471,SKU-0080,1,1006.00,XS,navy,0.00
ITEM-05472,ORD-05472,SKU-0307,1,1315.00,XXL,maroon_red,0.00
ITEM-05473,ORD-05473,SKU-0040,1,400.00,XS,mustard,0.00
ITEM-05474,ORD-05474,SKU-0062,1,1057.00,M,maroon_red,0.00
ITEM-05475,ORD-05475,SKU-0223,1,1120.00,XXL,Ivory,0.00
ITEM-05476,ORD-05476,SKU-0268,1,413.00,XS,navy,0.00
ITEM-05477,ORD-05477,SKU-0108,1,447.00,XXL,Sage Green,0.00
ITEM-05478,ORD-05478,SKU-0479,1,754.00,XXL,Black,0.00
ITEM-05479,ORD-05479,SKU-0162,1,886.00,M,sage,0.00
ITEM-05480,ORD-05480,SKU-0133,1,589.00,M,Black,0.00
ITEM-05481,ORD-05481,SKU-0461,1,456.00,XL,sage,0.00
ITEM-05482,ORD-05482,SKU-0288,1,1419.00,L,Navy Blue,0.00
ITEM-05483,ORD-05483,SKU-0257,1,1086.00,XXL,Navy Blue,0.00
ITEM-05484,ORD-05484,SKU-0090,1,1174.00,XL,sage,0.00
ITEM-05485,ORD-05485,SKU-0432,1,1302.00,XS,Ivory,0.00
ITEM-05486,ORD-05486,SKU-0471,1,1008.00,L,rust,0.00
ITEM-05487,ORD-05487,SKU-0232,1,781.00,XL,Black,0.00
ITEM-05488,ORD-05488,SKU-0308,1,531.00,S,Ivory,0.00
ITEM-05489,ORD-05489,SKU-0462,1,940.00,M,Maroon,0.00
ITEM-05490,ORD-05490,SKU-0451,1,489.00,XXL,Maroon,0.00
ITEM-05491,ORD-05491,SKU-0228,1,717.00,XS,Navy Blue,0.00
ITEM-05492,ORD-05492,SKU-0131,1,605.00,L,sage,0.00
ITEM-05493,ORD-05493,SKU-0159,1,707.00,M,Sage Green,0.00
ITEM-05494,ORD-05494,SKU-0132,1,1413.00,XL,Terracotta,0.00
ITEM-05495,ORD-05495,SKU-0190,1,1410.00,XS,Navy Blue,0.00
ITEM-05496,ORD-05496,SKU-0367,1,1421.00,S,Black,0.00
ITEM-05497,ORD-05497,SKU-0384,1,689.00,M,Maroon,0.00
ITEM-05498,ORD-05498,SKU-0375,1,443.00,XL,Navy Blue,0.00
ITEM-05499,ORD-05499,SKU-0273,1,678.00,XS,navy,0.00
ITEM-05500,ORD-05500,SKU-0387,1,1016.00,M,sage,0.00
ITEM-05501,ORD-05501,SKU-0344,1,631.00,M,Terracotta,0.00
ITEM-05502,ORD-05502,SKU-0457,1,732.00,XS,mustard,0.00
ITEM-05503,ORD-05503,SKU-0086,1,1100.00,XL,sage,0.00
ITEM-05504,ORD-05504,SKU-0475,1,493.00,XXL,sage,0.00
ITEM-05505,ORD-05505,SKU-0363,1,772.00,M,Mustard Yellow,0.00
ITEM-05506,ORD-05506,SKU-0152,1,1080.00,XXL,rust,0.00
ITEM-05507,ORD-05507,SKU-0002,1,1499.00,XL,Maroon,0.00
ITEM-05508,ORD-05508,SKU-0437,1,1319.00,XXL,Terracotta,0.00
ITEM-05509,ORD-05509,SKU-0436,1,424.00,XS,Indigo,0.00
ITEM-05510,ORD-05510,SKU-0205,1,1357.00,XL,NAVY_BLUE,0.00
ITEM-05511,ORD-05511,SKU-0178,1,1315.00,M,Sage Green,0.00
ITEM-05512,ORD-05512,SKU-0203,1,983.00,XL,mustard,0.00
ITEM-05513,ORD-05513,SKU-0282,1,1131.00,XL,Navy Blue,0.00
ITEM-05514,ORD-05514,SKU-0172,1,974.00,L,sage,0.00
ITEM-05515,ORD-05515,SKU-0035,1,1337.00,XS,Ivory,0.00
ITEM-05516,ORD-05516,SKU-0176,1,518.00,L,Maroon,0.00
ITEM-05517,ORD-05517,SKU-0188,1,538.00,XXL,Mustard Yellow,0.00
ITEM-05518,ORD-05518,SKU-0164,1,1207.00,M,rust,0.00
ITEM-05519,ORD-05519,SKU-0033,1,918.00,M,sage,0.00
ITEM-05520,ORD-05520,SKU-0114,1,585.00,L,navy,0.00
ITEM-05521,ORD-05521,SKU-0356,1,535.00,XL,navy,0.00
ITEM-05522,ORD-05522,SKU-0277,1,1201.00,S,sage,0.00
ITEM-05523,ORD-05523,SKU-0289,1,444.00,S,navy,0.00
ITEM-05524,ORD-05524,SKU-0262,1,593.00,XL,Ivory,0.00
ITEM-05525,ORD-05525,SKU-0408,1,626.00,XXL,NAVY_BLUE,0.00
ITEM-05526,ORD-05526,SKU-0338,1,1059.00,L,Black,0.00
ITEM-05527,ORD-05527,SKU-0286,1,1122.00,XS,Mustard Yellow,0.00
ITEM-05528,ORD-05528,SKU-0298,1,771.00,XL,Black,0.00
ITEM-05529,ORD-05529,SKU-0095,1,1481.00,XS,rust,0.00
ITEM-05530,ORD-05530,SKU-0005,1,889.00,L,sage,0.00
ITEM-05531,ORD-05531,SKU-0221,1,974.00,M,Terracotta,0.00
ITEM-05532,ORD-05532,SKU-0296,1,1310.00,M,NAVY_BLUE,0.00
ITEM-05533,ORD-05533,SKU-0378,1,441.00,S,NAVY_BLUE,0.00
ITEM-05534,ORD-05534,SKU-0072,1,792.00,XS,Mustard Yellow,0.00
ITEM-05535,ORD-05535,SKU-0189,1,1256.00,S,Black,0.00
ITEM-05536,ORD-05536,SKU-0093,1,774.00,XS,Sage Green,0.00
ITEM-05537,ORD-05537,SKU-0008,1,803.00,S,Navy Blue,0.00
ITEM-05538,ORD-05538,SKU-0053,1,452.00,S,Ivory,0.00
ITEM-05539,ORD-05539,SKU-0255,1,440.00,M,Black,0.00
ITEM-05540,ORD-05540,SKU-0179,1,1327.00,S,Maroon,0.00
ITEM-05541,ORD-05541,SKU-0080,1,1006.00,XL,navy,0.00
ITEM-05542,ORD-05542,SKU-0307,1,1315.00,M,maroon_red,0.00
ITEM-05543,ORD-05543,SKU-0040,1,400.00,XL,mustard,0.00
ITEM-05544,ORD-05544,SKU-0062,1,1057.00,XS,maroon_red,0.00
ITEM-05545,ORD-05545,SKU-0223,1,1120.00,XS,Ivory,0.00
ITEM-05546,ORD-05546,SKU-0268,1,413.00,S,navy,0.00
ITEM-05547,ORD-05547,SKU-0108,1,447.00,M,Sage Green,0.00
ITEM-05548,ORD-05548,SKU-0479,1,754.00,XL,Black,0.00
ITEM-05549,ORD-05549,SKU-0162,1,886.00,L,sage,0.00
ITEM-05550,ORD-05550,SKU-0133,1,589.00,M,Black,0.00
ITEM-05551,ORD-05551,SKU-0461,1,456.00,L,sage,0.00
ITEM-05552,ORD-05552,SKU-0288,1,1419.00,XS,Navy Blue,0.00
ITEM-05553,ORD-05553,SKU-0257,1,1086.00,XXL,Navy Blue,0.00
ITEM-05554,ORD-05554,SKU-0090,1,1174.00,S,sage,0.00
ITEM-05555,ORD-05555,SKU-0432,1,1302.00,S,Ivory,0.00
ITEM-05556,ORD-05556,SKU-0471,1,1008.00,XS,rust,0.00
ITEM-05557,ORD-05557,SKU-0232,1,781.00,L,Black,0.00
ITEM-05558,ORD-05558,SKU-0308,1,531.00,XXL,Ivory,0.00
ITEM-05559,ORD-05559,SKU-0462,1,940.00,M,Maroon,0.00
ITEM-05560,ORD-05560,SKU-0451,1,489.00,XXL,Maroon,0.00
ITEM-05561,ORD-05561,SKU-0228,1,717.00,M,Navy Blue,0.00
ITEM-05562,ORD-05562,SKU-0131,1,605.00,XXL,sage,0.00
ITEM-05563,ORD-05563,SKU-0159,1,707.00,S,Sage Green,0.00
ITEM-05564,ORD-05564,SKU-0132,1,1413.00,XXL,Terracotta,0.00
ITEM-05565,ORD-05565,SKU-0190,1,1410.00,S,Navy Blue,0.00
ITEM-05566,ORD-05566,SKU-0367,1,1421.00,XL,Black,0.00
ITEM-05567,ORD-05567,SKU-0384,1,689.00,M,Maroon,0.00
ITEM-05568,ORD-05568,SKU-0375,1,443.00,XXL,Navy Blue,0.00
ITEM-05569,ORD-05569,SKU-0273,1,678.00,XL,navy,0.00
ITEM-05570,ORD-05570,SKU-0387,1,1016.00,XXL,sage,0.00
ITEM-05571,ORD-05571,SKU-0344,1,631.00,XL,Terracotta,0.00
ITEM-05572,ORD-05572,SKU-0457,1,732.00,XL,mustard,0.00
ITEM-05573,ORD-05573,SKU-0086,1,1100.00,XXL,sage,0.00
ITEM-05574,ORD-05574,SKU-0475,1,493.00,M,sage,0.00
ITEM-05575,ORD-05575,SKU-0363,1,772.00,XXL,Mustard Yellow,0.00
ITEM-05576,ORD-05576,SKU-0152,1,1080.00,XS,rust,0.00
ITEM-05577,ORD-05577,SKU-0002,1,1499.00,XXL,Maroon,0.00
ITEM-05578,ORD-05578,SKU-0437,1,1319.00,M,Terracotta,0.00
ITEM-05579,ORD-05579,SKU-0436,1,424.00,XL,Indigo,0.00
ITEM-05580,ORD-05580,SKU-0205,1,1357.00,L,NAVY_BLUE,0.00
ITEM-05581,ORD-05581,SKU-0178,1,1315.00,L,Sage Green,0.00
ITEM-05582,ORD-05582,SKU-0203,1,983.00,M,mustard,0.00
ITEM-05583,ORD-05583,SKU-0282,1,1131.00,S,Navy Blue,0.00
ITEM-05584,ORD-05584,SKU-0172,1,974.00,L,sage,0.00
ITEM-05585,ORD-05585,SKU-0035,1,1337.00,M,Ivory,0.00
ITEM-05586,ORD-05586,SKU-0176,1,518.00,XS,Maroon,0.00
ITEM-05587,ORD-05587,SKU-0188,1,538.00,XL,Mustard Yellow,0.00
ITEM-05588,ORD-05588,SKU-0164,1,1207.00,XL,rust,0.00
ITEM-05589,ORD-05589,SKU-0033,1,918.00,XS,sage,0.00
ITEM-05590,ORD-05590,SKU-0114,1,585.00,S,navy,0.00
ITEM-05591,ORD-05591,SKU-0356,1,535.00,XXL,navy,0.00
ITEM-05592,ORD-05592,SKU-0277,1,1201.00,S,sage,0.00
ITEM-05593,ORD-05593,SKU-0289,1,444.00,S,navy,0.00
ITEM-05594,ORD-05594,SKU-0262,1,593.00,XXL,Ivory,0.00
ITEM-05595,ORD-05595,SKU-0408,1,626.00,XXL,NAVY_BLUE,0.00
ITEM-05596,ORD-05596,SKU-0338,1,1059.00,S,Black,0.00
ITEM-05597,ORD-05597,SKU-0286,1,1122.00,XL,Mustard Yellow,0.00
ITEM-05598,ORD-05598,SKU-0298,1,771.00,M,Black,0.00
ITEM-05599,ORD-05599,SKU-0095,1,1481.00,XS,rust,0.00
ITEM-05600,ORD-05600,SKU-0005,1,889.00,XXL,sage,0.00
ITEM-05601,ORD-05601,SKU-0221,1,974.00,M,Terracotta,0.00
ITEM-05602,ORD-05602,SKU-0296,1,1310.00,XXL,NAVY_BLUE,0.00
ITEM-05603,ORD-05603,SKU-0378,1,441.00,XL,NAVY_BLUE,0.00
ITEM-05604,ORD-05604,SKU-0072,1,792.00,L,Mustard Yellow,0.00
ITEM-05605,ORD-05605,SKU-0189,1,1256.00,XL,Black,0.00
ITEM-05606,ORD-05606,SKU-0093,1,774.00,XL,Sage Green,0.00
ITEM-05607,ORD-05607,SKU-0008,1,803.00,M,Navy Blue,0.00
ITEM-05608,ORD-05608,SKU-0053,1,452.00,XL,Ivory,0.00
ITEM-05609,ORD-05609,SKU-0255,1,440.00,XS,Black,0.00
ITEM-05610,ORD-05610,SKU-0179,1,1327.00,S,Maroon,0.00
ITEM-05611,ORD-05611,SKU-0080,1,1006.00,XXL,navy,0.00
ITEM-05612,ORD-05612,SKU-0307,1,1315.00,M,maroon_red,0.00
ITEM-05613,ORD-05613,SKU-0040,1,400.00,S,mustard,0.00
ITEM-05614,ORD-05614,SKU-0062,1,1057.00,M,maroon_red,0.00
ITEM-05615,ORD-05615,SKU-0223,1,1120.00,M,Ivory,0.00
ITEM-05616,ORD-05616,SKU-0268,1,413.00,L,navy,0.00
ITEM-05617,ORD-05617,SKU-0108,1,447.00,M,Sage Green,0.00
ITEM-05618,ORD-05618,SKU-0479,1,754.00,S,Black,0.00
ITEM-05619,ORD-05619,SKU-0162,1,886.00,XS,sage,0.00
ITEM-05620,ORD-05620,SKU-0133,1,589.00,M,Black,0.00
ITEM-05621,ORD-05621,SKU-0461,1,456.00,S,sage,0.00
ITEM-05622,ORD-05622,SKU-0288,1,1419.00,M,Navy Blue,0.00
ITEM-05623,ORD-05623,SKU-0257,1,1086.00,L,Navy Blue,0.00
ITEM-05624,ORD-05624,SKU-0090,1,1174.00,L,sage,0.00
ITEM-05625,ORD-05625,SKU-0432,1,1302.00,L,Ivory,0.00
ITEM-05626,ORD-05626,SKU-0471,1,1008.00,M,rust,0.00
ITEM-05627,ORD-05627,SKU-0232,1,781.00,XL,Black,0.00
ITEM-05628,ORD-05628,SKU-0308,1,531.00,L,Ivory,0.00
ITEM-05629,ORD-05629,SKU-0462,1,940.00,XXL,Maroon,0.00
ITEM-05630,ORD-05630,SKU-0451,1,489.00,XL,Maroon,0.00
ITEM-05631,ORD-05631,SKU-0228,1,717.00,XXL,Navy Blue,0.00
ITEM-05632,ORD-05632,SKU-0131,1,605.00,XL,sage,0.00
ITEM-05633,ORD-05633,SKU-0159,1,707.00,XXL,Sage Green,0.00
ITEM-05634,ORD-05634,SKU-0132,1,1413.00,XS,Terracotta,0.00
ITEM-05635,ORD-05635,SKU-0190,1,1410.00,XS,Navy Blue,0.00
ITEM-05636,ORD-05636,SKU-0367,1,1421.00,S,Black,0.00
ITEM-05637,ORD-05637,SKU-0384,1,689.00,L,Maroon,0.00
ITEM-05638,ORD-05638,SKU-0375,1,443.00,XXL,Navy Blue,0.00
ITEM-05639,ORD-05639,SKU-0273,1,678.00,XS,navy,0.00
ITEM-05640,ORD-05640,SKU-0387,1,1016.00,XL,sage,0.00
ITEM-05641,ORD-05641,SKU-0344,1,631.00,XL,Terracotta,0.00
ITEM-05642,ORD-05642,SKU-0457,1,732.00,L,mustard,0.00
ITEM-05643,ORD-05643,SKU-0086,1,1100.00,XS,sage,0.00
ITEM-05644,ORD-05644,SKU-0475,1,493.00,XS,sage,0.00
ITEM-05645,ORD-05645,SKU-0363,1,772.00,XS,Mustard Yellow,0.00
ITEM-05646,ORD-05646,SKU-0152,1,1080.00,XXL,rust,0.00
ITEM-05647,ORD-05647,SKU-0002,1,1499.00,XS,Maroon,0.00
ITEM-05648,ORD-05648,SKU-0437,1,1319.00,XS,Terracotta,0.00
ITEM-05649,ORD-05649,SKU-0436,1,424.00,M,Indigo,0.00
ITEM-05650,ORD-05650,SKU-0205,1,1357.00,L,NAVY_BLUE,0.00
ITEM-05651,ORD-05651,SKU-0178,1,1315.00,XS,Sage Green,0.00
ITEM-05652,ORD-05652,SKU-0203,1,983.00,L,mustard,0.00
ITEM-05653,ORD-05653,SKU-0282,1,1131.00,M,Navy Blue,0.00
ITEM-05654,ORD-05654,SKU-0172,1,974.00,XL,sage,0.00
ITEM-05655,ORD-05655,SKU-0035,1,1337.00,XXL,Ivory,0.00
ITEM-05656,ORD-05656,SKU-0176,1,518.00,M,Maroon,0.00
ITEM-05657,ORD-05657,SKU-0188,1,538.00,XS,Mustard Yellow,0.00
ITEM-05658,ORD-05658,SKU-0164,1,1207.00,XS,rust,0.00
ITEM-05659,ORD-05659,SKU-0033,1,918.00,M,sage,0.00
ITEM-05660,ORD-05660,SKU-0114,1,585.00,L,navy,0.00
ITEM-05661,ORD-05661,SKU-0356,1,535.00,XS,navy,0.00
ITEM-05662,ORD-05662,SKU-0277,1,1201.00,XL,sage,0.00
ITEM-05663,ORD-05663,SKU-0289,1,444.00,XL,navy,0.00
ITEM-05664,ORD-05664,SKU-0262,1,593.00,M,Ivory,0.00
ITEM-05665,ORD-05665,SKU-0408,1,626.00,L,NAVY_BLUE,0.00
ITEM-05666,ORD-05666,SKU-0338,1,1059.00,XL,Black,0.00
ITEM-05667,ORD-05667,SKU-0286,1,1122.00,XL,Mustard Yellow,0.00
ITEM-05668,ORD-05668,SKU-0298,1,771.00,L,Black,0.00
ITEM-05669,ORD-05669,SKU-0095,1,1481.00,XS,rust,0.00
ITEM-05670,ORD-05670,SKU-0005,1,889.00,M,sage,0.00
ITEM-05671,ORD-05671,SKU-0221,1,974.00,XL,Terracotta,0.00
ITEM-05672,ORD-05672,SKU-0296,1,1310.00,XS,NAVY_BLUE,0.00
ITEM-05673,ORD-05673,SKU-0378,1,441.00,L,NAVY_BLUE,0.00
ITEM-05674,ORD-05674,SKU-0072,1,792.00,L,Mustard Yellow,0.00
ITEM-05675,ORD-05675,SKU-0189,1,1256.00,S,Black,0.00
ITEM-05676,ORD-05676,SKU-0093,1,774.00,XL,Sage Green,0.00
ITEM-05677,ORD-05677,SKU-0008,1,803.00,S,Navy Blue,0.00
ITEM-05678,ORD-05678,SKU-0053,1,452.00,XXL,Ivory,0.00
ITEM-05679,ORD-05679,SKU-0255,1,440.00,L,Black,0.00
ITEM-05680,ORD-05680,SKU-0179,1,1327.00,S,Maroon,0.00
ITEM-05681,ORD-05681,SKU-0080,1,1006.00,XXL,navy,0.00
ITEM-05682,ORD-05682,SKU-0307,1,1315.00,XXL,maroon_red,0.00
ITEM-05683,ORD-05683,SKU-0040,1,400.00,XXL,mustard,0.00
ITEM-05684,ORD-05684,SKU-0062,1,1057.00,XL,maroon_red,0.00
ITEM-05685,ORD-05685,SKU-0223,1,1120.00,S,Ivory,0.00
ITEM-05686,ORD-05686,SKU-0268,1,413.00,XL,navy,0.00
ITEM-05687,ORD-05687,SKU-0108,1,447.00,L,Sage Green,0.00
ITEM-05688,ORD-05688,SKU-0479,1,754.00,L,Black,0.00
ITEM-05689,ORD-05689,SKU-0162,1,886.00,L,sage,0.00
ITEM-05690,ORD-05690,SKU-0133,1,589.00,XS,Black,0.00
ITEM-05691,ORD-05691,SKU-0461,1,456.00,M,sage,0.00
ITEM-05692,ORD-05692,SKU-0288,1,1419.00,L,Navy Blue,0.00
ITEM-05693,ORD-05693,SKU-0257,1,1086.00,S,Navy Blue,0.00
ITEM-05694,ORD-05694,SKU-0090,1,1174.00,XXL,sage,0.00
ITEM-05695,ORD-05695,SKU-0432,1,1302.00,M,Ivory,0.00
ITEM-05696,ORD-05696,SKU-0471,1,1008.00,M,rust,0.00
ITEM-05697,ORD-05697,SKU-0232,1,781.00,XXL,Black,0.00
ITEM-05698,ORD-05698,SKU-0308,1,531.00,L,Ivory,0.00
ITEM-05699,ORD-05699,SKU-0462,1,940.00,L,Maroon,0.00
ITEM-05700,ORD-05700,SKU-0451,1,489.00,XL,Maroon,0.00
ITEM-05701,ORD-05701,SKU-0228,1,717.00,M,Navy Blue,0.00
ITEM-05702,ORD-05702,SKU-0131,1,605.00,L,sage,0.00
ITEM-05703,ORD-05703,SKU-0159,1,707.00,L,Sage Green,0.00
ITEM-05704,ORD-05704,SKU-0132,1,1413.00,XL,Terracotta,0.00
ITEM-05705,ORD-05705,SKU-0190,1,1410.00,XXL,Navy Blue,0.00
ITEM-05706,ORD-05706,SKU-0367,1,1421.00,XXL,Black,0.00
ITEM-05707,ORD-05707,SKU-0384,1,689.00,L,Maroon,0.00
ITEM-05708,ORD-05708,SKU-0375,1,443.00,M,Navy Blue,0.00
ITEM-05709,ORD-05709,SKU-0273,1,678.00,XS,navy,0.00
ITEM-05710,ORD-05710,SKU-0387,1,1016.00,XXL,sage,0.00
ITEM-05711,ORD-05711,SKU-0344,1,631.00,XXL,Terracotta,0.00
ITEM-05712,ORD-05712,SKU-0457,1,732.00,S,mustard,0.00
ITEM-05713,ORD-05713,SKU-0086,1,1100.00,XS,sage,0.00
ITEM-05714,ORD-05714,SKU-0475,1,493.00,XL,sage,0.00
ITEM-05715,ORD-05715,SKU-0363,1,772.00,L,Mustard Yellow,0.00
ITEM-05716,ORD-05716,SKU-0152,1,1080.00,L,rust,0.00
ITEM-05717,ORD-05717,SKU-0002,1,1499.00,M,Maroon,0.00
ITEM-05718,ORD-05718,SKU-0437,1,1319.00,XL,Terracotta,0.00
ITEM-05719,ORD-05719,SKU-0436,1,424.00,XL,Indigo,0.00
ITEM-05720,ORD-05720,SKU-0205,1,1357.00,L,NAVY_BLUE,0.00
ITEM-05721,ORD-05721,SKU-0178,1,1315.00,S,Sage Green,0.00
ITEM-05722,ORD-05722,SKU-0203,1,983.00,L,mustard,0.00
ITEM-05723,ORD-05723,SKU-0282,1,1131.00,M,Navy Blue,0.00
ITEM-05724,ORD-05724,SKU-0172,1,974.00,XS,sage,0.00
ITEM-05725,ORD-05725,SKU-0035,1,1337.00,XXL,Ivory,0.00
ITEM-05726,ORD-05726,SKU-0176,1,518.00,S,Maroon,0.00
ITEM-05727,ORD-05727,SKU-0188,1,538.00,M,Mustard Yellow,0.00
ITEM-05728,ORD-05728,SKU-0164,1,1207.00,XXL,rust,0.00
ITEM-05729,ORD-05729,SKU-0033,1,918.00,XXL,sage,0.00
ITEM-05730,ORD-05730,SKU-0114,1,585.00,XS,navy,0.00
ITEM-05731,ORD-05731,SKU-0356,1,535.00,L,navy,0.00
ITEM-05732,ORD-05732,SKU-0277,1,1201.00,M,sage,0.00
ITEM-05733,ORD-05733,SKU-0289,1,444.00,L,navy,0.00
ITEM-05734,ORD-05734,SKU-0262,1,593.00,S,Ivory,0.00
ITEM-05735,ORD-05735,SKU-0408,1,626.00,S,NAVY_BLUE,0.00
ITEM-05736,ORD-05736,SKU-0338,1,1059.00,XL,Black,0.00
ITEM-05737,ORD-05737,SKU-0286,1,1122.00,XS,Mustard Yellow,0.00
ITEM-05738,ORD-05738,SKU-0298,1,771.00,XXL,Black,0.00
ITEM-05739,ORD-05739,SKU-0095,1,1481.00,XS,rust,0.00
ITEM-05740,ORD-05740,SKU-0005,1,889.00,XS,sage,0.00
ITEM-05741,ORD-05741,SKU-0221,1,974.00,M,Terracotta,0.00
ITEM-05742,ORD-05742,SKU-0296,1,1310.00,L,NAVY_BLUE,0.00
ITEM-05743,ORD-05743,SKU-0378,1,441.00,XS,NAVY_BLUE,0.00
ITEM-05744,ORD-05744,SKU-0072,1,792.00,L,Mustard Yellow,0.00
ITEM-05745,ORD-05745,SKU-0189,1,1256.00,M,Black,0.00
ITEM-05746,ORD-05746,SKU-0093,1,774.00,M,Sage Green,0.00
ITEM-05747,ORD-05747,SKU-0008,1,803.00,XS,Navy Blue,0.00
ITEM-05748,ORD-05748,SKU-0053,1,452.00,S,Ivory,0.00
ITEM-05749,ORD-05749,SKU-0255,1,440.00,L,Black,0.00
ITEM-05750,ORD-05750,SKU-0179,1,1327.00,S,Maroon,0.00
ITEM-05751,ORD-05751,SKU-0080,1,1006.00,XL,navy,0.00
ITEM-05752,ORD-05752,SKU-0307,1,1315.00,L,maroon_red,0.00
ITEM-05753,ORD-05753,SKU-0040,1,400.00,XXL,mustard,0.00
ITEM-05754,ORD-05754,SKU-0062,1,1057.00,XXL,maroon_red,0.00
ITEM-05755,ORD-05755,SKU-0223,1,1120.00,S,Ivory,0.00
ITEM-05756,ORD-05756,SKU-0268,1,413.00,XS,navy,0.00
ITEM-05757,ORD-05757,SKU-0108,1,447.00,S,Sage Green,0.00
ITEM-05758,ORD-05758,SKU-0479,1,754.00,XL,Black,0.00
ITEM-05759,ORD-05759,SKU-0162,1,886.00,XS,sage,0.00
ITEM-05760,ORD-05760,SKU-0133,1,589.00,XXL,Black,0.00
ITEM-05761,ORD-05761,SKU-0461,1,456.00,XS,sage,0.00
ITEM-05762,ORD-05762,SKU-0288,1,1419.00,XS,Navy Blue,0.00
ITEM-05763,ORD-05763,SKU-0257,1,1086.00,XXL,Navy Blue,0.00
ITEM-05764,ORD-05764,SKU-0090,1,1174.00,XXL,sage,0.00
ITEM-05765,ORD-05765,SKU-0432,1,1302.00,M,Ivory,0.00
ITEM-05766,ORD-05766,SKU-0471,1,1008.00,S,rust,0.00
ITEM-05767,ORD-05767,SKU-0232,1,781.00,XXL,Black,0.00
ITEM-05768,ORD-05768,SKU-0308,1,531.00,XL,Ivory,0.00
ITEM-05769,ORD-05769,SKU-0462,1,940.00,XS,Maroon,0.00
ITEM-05770,ORD-05770,SKU-0451,1,489.00,XS,Maroon,0.00
ITEM-05771,ORD-05771,SKU-0228,1,717.00,XS,Navy Blue,0.00
ITEM-05772,ORD-05772,SKU-0131,1,605.00,M,sage,0.00
ITEM-05773,ORD-05773,SKU-0159,1,707.00,XL,Sage Green,0.00
ITEM-05774,ORD-05774,SKU-0132,1,1413.00,XL,Terracotta,0.00
ITEM-05775,ORD-05775,SKU-0190,1,1410.00,XXL,Navy Blue,0.00
ITEM-05776,ORD-05776,SKU-0367,1,1421.00,XS,Black,0.00
ITEM-05777,ORD-05777,SKU-0384,1,689.00,XL,Maroon,0.00
ITEM-05778,ORD-05778,SKU-0375,1,443.00,M,Navy Blue,0.00
ITEM-05779,ORD-05779,SKU-0273,1,678.00,S,navy,0.00
ITEM-05780,ORD-05780,SKU-0387,1,1016.00,XL,sage,0.00
ITEM-05781,ORD-05781,SKU-0344,1,631.00,M,Terracotta,0.00
ITEM-05782,ORD-05782,SKU-0457,1,732.00,M,mustard,0.00
ITEM-05783,ORD-05783,SKU-0086,1,1100.00,M,sage,0.00
ITEM-05784,ORD-05784,SKU-0475,1,493.00,XXL,sage,0.00
ITEM-05785,ORD-05785,SKU-0363,1,772.00,XXL,Mustard Yellow,0.00
ITEM-05786,ORD-05786,SKU-0152,1,1080.00,L,rust,0.00
ITEM-05787,ORD-05787,SKU-0002,1,1499.00,XS,Maroon,0.00
ITEM-05788,ORD-05788,SKU-0437,1,1319.00,S,Terracotta,0.00
ITEM-05789,ORD-05789,SKU-0436,1,424.00,L,Indigo,0.00
ITEM-05790,ORD-05790,SKU-0205,1,1357.00,S,NAVY_BLUE,0.00
ITEM-05791,ORD-05791,SKU-0178,1,1315.00,M,Sage Green,0.00
ITEM-05792,ORD-05792,SKU-0203,1,983.00,L,mustard,0.00
ITEM-05793,ORD-05793,SKU-0282,1,1131.00,XS,Navy Blue,0.00
ITEM-05794,ORD-05794,SKU-0172,1,974.00,M,sage,0.00
ITEM-05795,ORD-05795,SKU-0035,1,1337.00,L,Ivory,0.00
ITEM-05796,ORD-05796,SKU-0176,1,518.00,XL,Maroon,0.00
ITEM-05797,ORD-05797,SKU-0188,1,538.00,XXL,Mustard Yellow,0.00
ITEM-05798,ORD-05798,SKU-0164,1,1207.00,S,rust,0.00
ITEM-05799,ORD-05799,SKU-0033,1,918.00,XS,sage,0.00
ITEM-05800,ORD-05800,SKU-0114,1,585.00,XL,navy,0.00
ITEM-05801,ORD-05801,SKU-0356,1,535.00,L,navy,0.00
ITEM-05802,ORD-05802,SKU-0277,1,1201.00,S,sage,0.00
ITEM-05803,ORD-05803,SKU-0289,1,444.00,XS,navy,0.00
ITEM-05804,ORD-05804,SKU-0262,1,593.00,S,Ivory,0.00
ITEM-05805,ORD-05805,SKU-0408,1,626.00,XXL,NAVY_BLUE,0.00
ITEM-05806,ORD-05806,SKU-0338,1,1059.00,XL,Black,0.00
ITEM-05807,ORD-05807,SKU-0286,1,1122.00,L,Mustard Yellow,0.00
ITEM-05808,ORD-05808,SKU-0298,1,771.00,XXL,Black,0.00
ITEM-05809,ORD-05809,SKU-0095,1,1481.00,XS,rust,0.00
ITEM-05810,ORD-05810,SKU-0005,1,889.00,L,sage,0.00
ITEM-05811,ORD-05811,SKU-0221,1,974.00,M,Terracotta,0.00
ITEM-05812,ORD-05812,SKU-0296,1,1310.00,S,NAVY_BLUE,0.00
ITEM-05813,ORD-05813,SKU-0378,1,441.00,XL,NAVY_BLUE,0.00
ITEM-05814,ORD-05814,SKU-0072,1,792.00,L,Mustard Yellow,0.00
ITEM-05815,ORD-05815,SKU-0189,1,1256.00,L,Black,0.00
ITEM-05816,ORD-05816,SKU-0093,1,774.00,M,Sage Green,0.00
ITEM-05817,ORD-05817,SKU-0008,1,803.00,XL,Navy Blue,0.00
ITEM-05818,ORD-05818,SKU-0053,1,452.00,XXL,Ivory,0.00
ITEM-05819,ORD-05819,SKU-0255,1,440.00,S,Black,0.00
ITEM-05820,ORD-05820,SKU-0179,1,1327.00,S,Maroon,0.00
ITEM-05821,ORD-05821,SKU-0080,1,1006.00,XL,navy,0.00
ITEM-05822,ORD-05822,SKU-0307,1,1315.00,S,maroon_red,0.00
ITEM-05823,ORD-05823,SKU-0040,1,400.00,L,mustard,0.00
ITEM-05824,ORD-05824,SKU-0062,1,1057.00,XL,maroon_red,0.00
ITEM-05825,ORD-05825,SKU-0223,1,1120.00,XXL,Ivory,0.00
ITEM-05826,ORD-05826,SKU-0268,1,413.00,XL,navy,0.00
ITEM-05827,ORD-05827,SKU-0108,1,447.00,S,Sage Green,0.00
ITEM-05828,ORD-05828,SKU-0479,1,754.00,M,Black,0.00
ITEM-05829,ORD-05829,SKU-0162,1,886.00,XS,sage,0.00
ITEM-05830,ORD-05830,SKU-0133,1,589.00,XS,Black,0.00
ITEM-05831,ORD-05831,SKU-0461,1,456.00,S,sage,0.00
ITEM-05832,ORD-05832,SKU-0288,1,1419.00,XXL,Navy Blue,0.00
ITEM-05833,ORD-05833,SKU-0257,1,1086.00,XS,Navy Blue,0.00
ITEM-05834,ORD-05834,SKU-0090,1,1174.00,L,sage,0.00
ITEM-05835,ORD-05835,SKU-0432,1,1302.00,M,Ivory,0.00
ITEM-05836,ORD-05836,SKU-0471,1,1008.00,XS,rust,0.00
ITEM-05837,ORD-05837,SKU-0232,1,781.00,S,Black,0.00
ITEM-05838,ORD-05838,SKU-0308,1,531.00,M,Ivory,0.00
ITEM-05839,ORD-05839,SKU-0462,1,940.00,S,Maroon,0.00
ITEM-05840,ORD-05840,SKU-0451,1,489.00,XS,Maroon,0.00
ITEM-05841,ORD-05841,SKU-0228,1,717.00,XS,Navy Blue,0.00
ITEM-05842,ORD-05842,SKU-0131,1,605.00,M,sage,0.00
ITEM-05843,ORD-05843,SKU-0159,1,707.00,S,Sage Green,0.00
ITEM-05844,ORD-05844,SKU-0132,1,1413.00,XL,Terracotta,0.00
ITEM-05845,ORD-05845,SKU-0190,1,1410.00,L,Navy Blue,0.00
ITEM-05846,ORD-05846,SKU-0367,1,1421.00,XL,Black,0.00
ITEM-05847,ORD-05847,SKU-0384,1,689.00,L,Maroon,0.00
ITEM-05848,ORD-05848,SKU-0375,1,443.00,L,Navy Blue,0.00
ITEM-05849,ORD-05849,SKU-0273,1,678.00,XL,navy,0.00
ITEM-05850,ORD-05850,SKU-0387,1,1016.00,S,sage,0.00
ITEM-05851,ORD-05851,SKU-0344,1,631.00,XS,Terracotta,0.00
ITEM-05852,ORD-05852,SKU-0457,1,732.00,L,mustard,0.00
ITEM-05853,ORD-05853,SKU-0086,1,1100.00,XL,sage,0.00
ITEM-05854,ORD-05854,SKU-0475,1,493.00,M,sage,0.00
ITEM-05855,ORD-05855,SKU-0363,1,772.00,S,Mustard Yellow,0.00
ITEM-05856,ORD-05856,SKU-0152,1,1080.00,XL,rust,0.00
ITEM-05857,ORD-05857,SKU-0002,1,1499.00,S,Maroon,0.00
ITEM-05858,ORD-05858,SKU-0437,1,1319.00,XXL,Terracotta,0.00
ITEM-05859,ORD-05859,SKU-0436,1,424.00,XL,Indigo,0.00
ITEM-05860,ORD-05860,SKU-0205,1,1357.00,S,NAVY_BLUE,0.00
ITEM-05861,ORD-05861,SKU-0178,1,1315.00,M,Sage Green,0.00
ITEM-05862,ORD-05862,SKU-0203,1,983.00,XS,mustard,0.00
ITEM-05863,ORD-05863,SKU-0282,1,1131.00,XXL,Navy Blue,0.00
ITEM-05864,ORD-05864,SKU-0172,1,974.00,M,sage,0.00
ITEM-05865,ORD-05865,SKU-0035,1,1337.00,S,Ivory,0.00
ITEM-05866,ORD-05866,SKU-0176,1,518.00,XL,Maroon,0.00
ITEM-05867,ORD-05867,SKU-0188,1,538.00,XS,Mustard Yellow,0.00
ITEM-05868,ORD-05868,SKU-0164,1,1207.00,XL,rust,0.00
ITEM-05869,ORD-05869,SKU-0033,1,918.00,L,sage,0.00
ITEM-05870,ORD-05870,SKU-0114,1,585.00,L,navy,0.00
ITEM-05871,ORD-05871,SKU-0356,1,535.00,XXL,navy,0.00
ITEM-05872,ORD-05872,SKU-0277,1,1201.00,M,sage,0.00
ITEM-05873,ORD-05873,SKU-0289,1,444.00,S,navy,0.00
ITEM-05874,ORD-05874,SKU-0262,1,593.00,XL,Ivory,0.00
ITEM-05875,ORD-05875,SKU-0408,1,626.00,L,NAVY_BLUE,0.00
ITEM-05876,ORD-05876,SKU-0338,1,1059.00,XXL,Black,0.00
ITEM-05877,ORD-05877,SKU-0286,1,1122.00,L,Mustard Yellow,0.00
ITEM-05878,ORD-05878,SKU-0298,1,771.00,M,Black,0.00
ITEM-05879,ORD-05879,SKU-0095,1,1481.00,S,rust,0.00
ITEM-05880,ORD-05880,SKU-0005,1,889.00,L,sage,0.00
ITEM-05881,ORD-05881,SKU-0221,1,974.00,S,Terracotta,0.00
ITEM-05882,ORD-05882,SKU-0296,1,1310.00,M,NAVY_BLUE,0.00
ITEM-05883,ORD-05883,SKU-0378,1,441.00,L,NAVY_BLUE,0.00
ITEM-05884,ORD-05884,SKU-0072,1,792.00,XL,Mustard Yellow,0.00
ITEM-05885,ORD-05885,SKU-0189,1,1256.00,XXL,Black,0.00
ITEM-05886,ORD-05886,SKU-0093,1,774.00,XXL,Sage Green,0.00
ITEM-05887,ORD-05887,SKU-0008,1,803.00,XL,Navy Blue,0.00
ITEM-05888,ORD-05888,SKU-0053,1,452.00,XXL,Ivory,0.00
ITEM-05889,ORD-05889,SKU-0255,1,440.00,S,Black,0.00
ITEM-05890,ORD-05890,SKU-0179,1,1327.00,XXL,Maroon,0.00
ITEM-05891,ORD-05891,SKU-0080,1,1006.00,XL,navy,0.00
ITEM-05892,ORD-05892,SKU-0307,1,1315.00,XXL,maroon_red,0.00
ITEM-05893,ORD-05893,SKU-0040,1,400.00,L,mustard,0.00
ITEM-05894,ORD-05894,SKU-0062,1,1057.00,XS,maroon_red,0.00
ITEM-05895,ORD-05895,SKU-0223,1,1120.00,XXL,Ivory,0.00
ITEM-05896,ORD-05896,SKU-0268,1,413.00,XL,navy,0.00
ITEM-05897,ORD-05897,SKU-0108,1,447.00,XS,Sage Green,0.00
ITEM-05898,ORD-05898,SKU-0479,1,754.00,M,Black,0.00
ITEM-05899,ORD-05899,SKU-0162,1,886.00,XXL,sage,0.00
ITEM-05900,ORD-05900,SKU-0133,1,589.00,L,Black,0.00
ITEM-05901,ORD-05901,SKU-0461,1,456.00,XS,sage,0.00
ITEM-05902,ORD-05902,SKU-0288,1,1419.00,M,Navy Blue,0.00
ITEM-05903,ORD-05903,SKU-0257,1,1086.00,XXL,Navy Blue,0.00
ITEM-05904,ORD-05904,SKU-0090,1,1174.00,S,sage,0.00
ITEM-05905,ORD-05905,SKU-0432,1,1302.00,XXL,Ivory,0.00
ITEM-05906,ORD-05906,SKU-0471,1,1008.00,L,rust,0.00
ITEM-05907,ORD-05907,SKU-0232,1,781.00,XXL,Black,0.00
ITEM-05908,ORD-05908,SKU-0308,1,531.00,XL,Ivory,0.00
ITEM-05909,ORD-05909,SKU-0462,1,940.00,S,Maroon,0.00
ITEM-05910,ORD-05910,SKU-0451,1,489.00,L,Maroon,0.00
ITEM-05911,ORD-05911,SKU-0228,1,717.00,XS,Navy Blue,0.00
ITEM-05912,ORD-05912,SKU-0131,1,605.00,S,sage,0.00
ITEM-05913,ORD-05913,SKU-0159,1,707.00,M,Sage Green,0.00
ITEM-05914,ORD-05914,SKU-0132,1,1413.00,L,Terracotta,0.00
ITEM-05915,ORD-05915,SKU-0190,1,1410.00,XS,Navy Blue,0.00
ITEM-05916,ORD-05916,SKU-0367,1,1421.00,XXL,Black,0.00
ITEM-05917,ORD-05917,SKU-0384,1,689.00,XL,Maroon,0.00
ITEM-05918,ORD-05918,SKU-0375,1,443.00,XL,Navy Blue,0.00
ITEM-05919,ORD-05919,SKU-0273,1,678.00,XL,navy,0.00
ITEM-05920,ORD-05920,SKU-0387,1,1016.00,XL,sage,0.00
ITEM-05921,ORD-05921,SKU-0344,1,631.00,S,Terracotta,0.00
ITEM-05922,ORD-05922,SKU-0457,1,732.00,M,mustard,0.00
ITEM-05923,ORD-05923,SKU-0086,1,1100.00,M,sage,0.00
ITEM-05924,ORD-05924,SKU-0475,1,493.00,XXL,sage,0.00
ITEM-05925,ORD-05925,SKU-0363,1,772.00,XS,Mustard Yellow,0.00
ITEM-05926,ORD-05926,SKU-0152,1,1080.00,XS,rust,0.00
ITEM-05927,ORD-05927,SKU-0002,1,1499.00,M,Maroon,0.00
ITEM-05928,ORD-05928,SKU-0437,1,1319.00,XS,Terracotta,0.00
ITEM-05929,ORD-05929,SKU-0436,1,424.00,XS,Indigo,0.00
ITEM-05930,ORD-05930,SKU-0205,1,1357.00,XS,NAVY_BLUE,0.00
ITEM-05931,ORD-05931,SKU-0178,1,1315.00,S,Sage Green,0.00
ITEM-05932,ORD-05932,SKU-0203,1,983.00,M,mustard,0.00
ITEM-05933,ORD-05933,SKU-0282,1,1131.00,XL,Navy Blue,0.00
ITEM-05934,ORD-05934,SKU-0172,1,974.00,S,sage,0.00
ITEM-05935,ORD-05935,SKU-0035,1,1337.00,XS,Ivory,0.00
ITEM-05936,ORD-05936,SKU-0176,1,518.00,S,Maroon,0.00
ITEM-05937,ORD-05937,SKU-0188,1,538.00,S,Mustard Yellow,0.00
ITEM-05938,ORD-05938,SKU-0164,1,1207.00,M,rust,0.00
ITEM-05939,ORD-05939,SKU-0033,1,918.00,L,sage,0.00
ITEM-05940,ORD-05940,SKU-0114,1,585.00,XS,navy,0.00
ITEM-05941,ORD-05941,SKU-0356,1,535.00,XXL,navy,0.00
ITEM-05942,ORD-05942,SKU-0277,1,1201.00,M,sage,0.00
ITEM-05943,ORD-05943,SKU-0289,1,444.00,XL,navy,0.00
ITEM-05944,ORD-05944,SKU-0262,1,593.00,XXL,Ivory,0.00
ITEM-05945,ORD-05945,SKU-0408,1,626.00,XL,NAVY_BLUE,0.00
ITEM-05946,ORD-05946,SKU-0338,1,1059.00,S,Black,0.00
ITEM-05947,ORD-05947,SKU-0286,1,1122.00,XS,Mustard Yellow,0.00
ITEM-05948,ORD-05948,SKU-0298,1,771.00,S,Black,0.00
ITEM-05949,ORD-05949,SKU-0095,1,1481.00,XL,rust,0.00
ITEM-05950,ORD-05950,SKU-0005,1,889.00,S,sage,0.00
ITEM-05951,ORD-05951,SKU-0221,1,974.00,M,Terracotta,0.00
ITEM-05952,ORD-05952,SKU-0296,1,1310.00,M,NAVY_BLUE,0.00
ITEM-05953,ORD-05953,SKU-0378,1,441.00,L,NAVY_BLUE,0.00
ITEM-05954,ORD-05954,SKU-0072,1,792.00,XS,Mustard Yellow,0.00
ITEM-05955,ORD-05955,SKU-0189,1,1256.00,S,Black,0.00
ITEM-05956,ORD-05956,SKU-0093,1,774.00,XS,Sage Green,0.00
ITEM-05957,ORD-05957,SKU-0008,1,803.00,L,Navy Blue,0.00
ITEM-05958,ORD-05958,SKU-0053,1,452.00,S,Ivory,0.00
ITEM-05959,ORD-05959,SKU-0255,1,440.00,XXL,Black,0.00
ITEM-05960,ORD-05960,SKU-0179,1,1327.00,XL,Maroon,0.00
ITEM-05961,ORD-05961,SKU-0080,1,1006.00,M,navy,0.00
ITEM-05962,ORD-05962,SKU-0307,1,1315.00,L,maroon_red,0.00
ITEM-05963,ORD-05963,SKU-0040,1,400.00,L,mustard,0.00
ITEM-05964,ORD-05964,SKU-0062,1,1057.00,XXL,maroon_red,0.00
ITEM-05965,ORD-05965,SKU-0223,1,1120.00,XXL,Ivory,0.00
ITEM-05966,ORD-05966,SKU-0268,1,413.00,XL,navy,0.00
ITEM-05967,ORD-05967,SKU-0108,1,447.00,L,Sage Green,0.00
ITEM-05968,ORD-05968,SKU-0479,1,754.00,XL,Black,0.00
ITEM-05969,ORD-05969,SKU-0162,1,886.00,XXL,sage,0.00
ITEM-05970,ORD-05970,SKU-0133,1,589.00,XS,Black,0.00
ITEM-05971,ORD-05971,SKU-0461,1,456.00,M,sage,0.00
ITEM-05972,ORD-05972,SKU-0288,1,1419.00,XS,Navy Blue,0.00
ITEM-05973,ORD-05973,SKU-0257,1,1086.00,M,Navy Blue,0.00
ITEM-05974,ORD-05974,SKU-0090,1,1174.00,XXL,sage,0.00
ITEM-05975,ORD-05975,SKU-0432,1,1302.00,M,Ivory,0.00
ITEM-05976,ORD-05976,SKU-0471,1,1008.00,XXL,rust,0.00
ITEM-05977,ORD-05977,SKU-0232,1,781.00,M,Black,0.00
ITEM-05978,ORD-05978,SKU-0308,1,531.00,M,Ivory,0.00
ITEM-05979,ORD-05979,SKU-0462,1,940.00,S,Maroon,0.00
ITEM-05980,ORD-05980,SKU-0451,1,489.00,S,Maroon,0.00
ITEM-05981,ORD-05981,SKU-0228,1,717.00,M,Navy Blue,0.00
ITEM-05982,ORD-05982,SKU-0131,1,605.00,S,sage,0.00
ITEM-05983,ORD-05983,SKU-0159,1,707.00,XS,Sage Green,0.00
ITEM-05984,ORD-05984,SKU-0132,1,1413.00,L,Terracotta,0.00
ITEM-05985,ORD-05985,SKU-0190,1,1410.00,L,Navy Blue,0.00
ITEM-05986,ORD-05986,SKU-0367,1,1421.00,S,Black,0.00
ITEM-05987,ORD-05987,SKU-0384,1,689.00,M,Maroon,0.00
ITEM-05988,ORD-05988,SKU-0375,1,443.00,XS,Navy Blue,0.00
ITEM-05989,ORD-05989,SKU-0273,1,678.00,S,navy,0.00
ITEM-05990,ORD-05990,SKU-0387,1,1016.00,XL,sage,0.00
ITEM-05991,ORD-05991,SKU-0344,1,631.00,L,Terracotta,0.00
ITEM-05992,ORD-05992,SKU-0457,1,732.00,XS,mustard,0.00
ITEM-05993,ORD-05993,SKU-0086,1,1100.00,XXL,sage,0.00
ITEM-05994,ORD-05994,SKU-0475,1,493.00,XS,sage,0.00
ITEM-05995,ORD-05995,SKU-0363,1,772.00,S,Mustard Yellow,0.00
ITEM-05996,ORD-05996,SKU-0152,1,1080.00,S,rust,0.00
ITEM-05997,ORD-05997,SKU-0002,1,1499.00,XXL,Maroon,0.00
ITEM-05998,ORD-05998,SKU-0437,1,1319.00,XXL,Terracotta,0.00
ITEM-05999,ORD-05999,SKU-0436,1,424.00,XS,Indigo,0.00
ITEM-06000,ORD-06000,SKU-0205,1,1357.00,L,NAVY_BLUE,0.00
ITEM-06001,ORD-06001,SKU-0178,1,1315.00,L,Sage Green,0.00
ITEM-06002,ORD-06002,SKU-0203,1,983.00,XL,mustard,0.00
ITEM-06003,ORD-06003,SKU-0282,1,1131.00,L,Navy Blue,0.00
ITEM-06004,ORD-06004,SKU-0172,1,974.00,S,sage,0.00
ITEM-06005,ORD-06005,SKU-0035,1,1337.00,XS,Ivory,0.00
ITEM-06006,ORD-06006,SKU-0176,1,518.00,XL,Maroon,0.00
ITEM-06007,ORD-06007,SKU-0188,1,538.00,S,Mustard Yellow,0.00
ITEM-06008,ORD-06008,SKU-0164,1,1207.00,XL,rust,0.00
ITEM-06009,ORD-06009,SKU-0033,1,918.00,XXL,sage,0.00
ITEM-06010,ORD-06010,SKU-0114,1,585.00,XL,navy,0.00
ITEM-06011,ORD-06011,SKU-0356,1,535.00,XXL,navy,0.00
ITEM-06012,ORD-06012,SKU-0277,1,1201.00,XS,sage,0.00
ITEM-06013,ORD-06013,SKU-0289,1,444.00,XL,navy,0.00
ITEM-06014,ORD-06014,SKU-0262,1,593.00,M,Ivory,0.00
ITEM-06015,ORD-06015,SKU-0408,1,626.00,M,NAVY_BLUE,0.00
ITEM-06016,ORD-06016,SKU-0338,1,1059.00,XXL,Black,0.00
ITEM-06017,ORD-06017,SKU-0286,1,1122.00,S,Mustard Yellow,0.00
ITEM-06018,ORD-06018,SKU-0298,1,771.00,S,Black,0.00
ITEM-06019,ORD-06019,SKU-0095,1,1481.00,XL,rust,0.00
ITEM-06020,ORD-06020,SKU-0005,1,889.00,S,sage,0.00
ITEM-06021,ORD-06021,SKU-0221,1,974.00,M,Terracotta,0.00
ITEM-06022,ORD-06022,SKU-0296,1,1310.00,L,NAVY_BLUE,0.00
ITEM-06023,ORD-06023,SKU-0378,1,441.00,XXL,NAVY_BLUE,0.00
ITEM-06024,ORD-06024,SKU-0072,1,792.00,L,Mustard Yellow,0.00
ITEM-06025,ORD-06025,SKU-0189,1,1256.00,S,Black,0.00
ITEM-06026,ORD-06026,SKU-0093,1,774.00,L,Sage Green,0.00
ITEM-06027,ORD-06027,SKU-0008,1,803.00,L,Navy Blue,0.00
ITEM-06028,ORD-06028,SKU-0053,1,452.00,M,Ivory,0.00
ITEM-06029,ORD-06029,SKU-0255,1,440.00,S,Black,0.00
ITEM-06030,ORD-06030,SKU-0179,1,1327.00,L,Maroon,0.00
ITEM-06031,ORD-06031,SKU-0080,1,1006.00,L,navy,0.00
ITEM-06032,ORD-06032,SKU-0307,1,1315.00,M,maroon_red,0.00
ITEM-06033,ORD-06033,SKU-0040,1,400.00,S,mustard,0.00
ITEM-06034,ORD-06034,SKU-0062,1,1057.00,S,maroon_red,0.00
ITEM-06035,ORD-06035,SKU-0223,1,1120.00,XL,Ivory,0.00
ITEM-06036,ORD-06036,SKU-0268,1,413.00,M,navy,0.00
ITEM-06037,ORD-06037,SKU-0108,1,447.00,S,Sage Green,0.00
ITEM-06038,ORD-06038,SKU-0479,1,754.00,S,Black,0.00
ITEM-06039,ORD-06039,SKU-0162,1,886.00,XXL,sage,0.00
ITEM-06040,ORD-06040,SKU-0133,1,589.00,L,Black,0.00
ITEM-06041,ORD-06041,SKU-0461,1,456.00,L,sage,0.00
ITEM-06042,ORD-06042,SKU-0288,1,1419.00,XL,Navy Blue,0.00
ITEM-06043,ORD-06043,SKU-0257,1,1086.00,L,Navy Blue,0.00
ITEM-06044,ORD-06044,SKU-0090,1,1174.00,L,sage,0.00
ITEM-06045,ORD-06045,SKU-0432,1,1302.00,XXL,Ivory,0.00
ITEM-06046,ORD-06046,SKU-0471,1,1008.00,XXL,rust,0.00
ITEM-06047,ORD-06047,SKU-0232,1,781.00,XXL,Black,0.00
ITEM-06048,ORD-06048,SKU-0308,1,531.00,L,Ivory,0.00
ITEM-06049,ORD-06049,SKU-0462,1,940.00,M,Maroon,0.00
ITEM-06050,ORD-06050,SKU-0451,1,489.00,L,Maroon,0.00
ITEM-06051,ORD-06051,SKU-0228,1,717.00,S,Navy Blue,0.00
ITEM-06052,ORD-06052,SKU-0131,1,605.00,XL,sage,0.00
ITEM-06053,ORD-06053,SKU-0159,1,707.00,S,Sage Green,0.00
ITEM-06054,ORD-06054,SKU-0132,1,1413.00,M,Terracotta,0.00
ITEM-06055,ORD-06055,SKU-0190,1,1410.00,L,Navy Blue,0.00
ITEM-06056,ORD-06056,SKU-0367,1,1421.00,XXL,Black,0.00
ITEM-06057,ORD-06057,SKU-0384,1,689.00,XXL,Maroon,0.00
ITEM-06058,ORD-06058,SKU-0375,1,443.00,L,Navy Blue,0.00
ITEM-06059,ORD-06059,SKU-0273,1,678.00,XS,navy,0.00
ITEM-06060,ORD-06060,SKU-0387,1,1016.00,L,sage,0.00
ITEM-06061,ORD-06061,SKU-0344,1,631.00,S,Terracotta,0.00
ITEM-06062,ORD-06062,SKU-0457,1,732.00,XXL,mustard,0.00
ITEM-06063,ORD-06063,SKU-0086,1,1100.00,S,sage,0.00
ITEM-06064,ORD-06064,SKU-0475,1,493.00,M,sage,0.00
ITEM-06065,ORD-06065,SKU-0363,1,772.00,XS,Mustard Yellow,0.00
ITEM-06066,ORD-06066,SKU-0152,1,1080.00,XXL,rust,0.00
ITEM-06067,ORD-06067,SKU-0002,1,1499.00,S,Maroon,0.00
ITEM-06068,ORD-06068,SKU-0437,1,1319.00,S,Terracotta,0.00
ITEM-06069,ORD-06069,SKU-0436,1,424.00,XS,Indigo,0.00
ITEM-06070,ORD-06070,SKU-0205,1,1357.00,XXL,NAVY_BLUE,0.00
ITEM-06071,ORD-06071,SKU-0178,1,1315.00,XXL,Sage Green,0.00
ITEM-06072,ORD-06072,SKU-0203,1,983.00,XXL,mustard,0.00
ITEM-06073,ORD-06073,SKU-0282,1,1131.00,L,Navy Blue,0.00
ITEM-06074,ORD-06074,SKU-0172,1,974.00,L,sage,0.00
ITEM-06075,ORD-06075,SKU-0035,1,1337.00,XXL,Ivory,0.00
ITEM-06076,ORD-06076,SKU-0176,1,518.00,M,Maroon,0.00
ITEM-06077,ORD-06077,SKU-0188,1,538.00,XXL,Mustard Yellow,0.00
ITEM-06078,ORD-06078,SKU-0164,1,1207.00,L,rust,0.00
ITEM-06079,ORD-06079,SKU-0033,1,918.00,S,sage,0.00
ITEM-06080,ORD-06080,SKU-0114,1,585.00,S,navy,0.00
ITEM-06081,ORD-06081,SKU-0356,1,535.00,XS,navy,0.00
ITEM-06082,ORD-06082,SKU-0277,1,1201.00,XS,sage,0.00
ITEM-06083,ORD-06083,SKU-0289,1,444.00,M,navy,0.00
ITEM-06084,ORD-06084,SKU-0262,1,593.00,M,Ivory,0.00
ITEM-06085,ORD-06085,SKU-0408,1,626.00,L,NAVY_BLUE,0.00
ITEM-06086,ORD-06086,SKU-0338,1,1059.00,L,Black,0.00
ITEM-06087,ORD-06087,SKU-0286,1,1122.00,L,Mustard Yellow,0.00
ITEM-06088,ORD-06088,SKU-0298,1,771.00,XL,Black,0.00
ITEM-06089,ORD-06089,SKU-0095,1,1481.00,M,rust,0.00
ITEM-06090,ORD-06090,SKU-0005,1,889.00,XXL,sage,0.00
ITEM-06091,ORD-06091,SKU-0221,1,974.00,XXL,Terracotta,0.00
ITEM-06092,ORD-06092,SKU-0296,1,1310.00,S,NAVY_BLUE,0.00
ITEM-06093,ORD-06093,SKU-0378,1,441.00,L,NAVY_BLUE,0.00
ITEM-06094,ORD-06094,SKU-0072,1,792.00,XL,Mustard Yellow,0.00
ITEM-06095,ORD-06095,SKU-0189,1,1256.00,S,Black,0.00
ITEM-06096,ORD-06096,SKU-0093,1,774.00,L,Sage Green,0.00
ITEM-06097,ORD-06097,SKU-0008,1,803.00,XXL,Navy Blue,0.00
ITEM-06098,ORD-06098,SKU-0053,1,452.00,XS,Ivory,0.00
ITEM-06099,ORD-06099,SKU-0255,1,440.00,S,Black,0.00
ITEM-06100,ORD-06100,SKU-0179,1,1327.00,L,Maroon,0.00
ITEM-06101,ORD-06101,SKU-0080,1,1006.00,XL,navy,0.00
ITEM-06102,ORD-06102,SKU-0307,1,1315.00,M,maroon_red,0.00
ITEM-06103,ORD-06103,SKU-0040,1,400.00,XXL,mustard,0.00
ITEM-06104,ORD-06104,SKU-0062,1,1057.00,S,maroon_red,0.00
ITEM-06105,ORD-06105,SKU-0223,1,1120.00,M,Ivory,0.00
ITEM-06106,ORD-06106,SKU-0268,1,413.00,XS,navy,0.00
ITEM-06107,ORD-06107,SKU-0108,1,447.00,L,Sage Green,0.00
ITEM-06108,ORD-06108,SKU-0479,1,754.00,XXL,Black,0.00
ITEM-06109,ORD-06109,SKU-0162,1,886.00,XL,sage,0.00
ITEM-06110,ORD-06110,SKU-0133,1,589.00,XXL,Black,0.00
ITEM-06111,ORD-06111,SKU-0461,1,456.00,XL,sage,0.00
ITEM-06112,ORD-06112,SKU-0288,1,1419.00,XS,Navy Blue,0.00
ITEM-06113,ORD-06113,SKU-0257,1,1086.00,L,Navy Blue,0.00
ITEM-06114,ORD-06114,SKU-0090,1,1174.00,L,sage,0.00
ITEM-06115,ORD-06115,SKU-0432,1,1302.00,M,Ivory,0.00
ITEM-06116,ORD-06116,SKU-0471,1,1008.00,XXL,rust,0.00
ITEM-06117,ORD-06117,SKU-0232,1,781.00,S,Black,0.00
ITEM-06118,ORD-06118,SKU-0308,1,531.00,XXL,Ivory,0.00
ITEM-06119,ORD-06119,SKU-0462,1,940.00,M,Maroon,0.00
ITEM-06120,ORD-06120,SKU-0451,1,489.00,XS,Maroon,0.00
ITEM-06121,ORD-06121,SKU-0228,1,717.00,XL,Navy Blue,0.00
ITEM-06122,ORD-06122,SKU-0131,1,605.00,XXL,sage,0.00
ITEM-06123,ORD-06123,SKU-0159,1,707.00,S,Sage Green,0.00
ITEM-06124,ORD-06124,SKU-0132,1,1413.00,L,Terracotta,0.00
ITEM-06125,ORD-06125,SKU-0190,1,1410.00,XL,Navy Blue,0.00
ITEM-06126,ORD-06126,SKU-0367,1,1421.00,M,Black,0.00
ITEM-06127,ORD-06127,SKU-0384,1,689.00,XL,Maroon,0.00
ITEM-06128,ORD-06128,SKU-0375,1,443.00,XXL,Navy Blue,0.00
ITEM-06129,ORD-06129,SKU-0273,1,678.00,XXL,navy,0.00
ITEM-06130,ORD-06130,SKU-0387,1,1016.00,L,sage,0.00
ITEM-06131,ORD-06131,SKU-0344,1,631.00,XXL,Terracotta,0.00
ITEM-06132,ORD-06132,SKU-0457,1,732.00,XS,mustard,0.00
ITEM-06133,ORD-06133,SKU-0086,1,1100.00,XS,sage,0.00
ITEM-06134,ORD-06134,SKU-0475,1,493.00,XXL,sage,0.00
ITEM-06135,ORD-06135,SKU-0363,1,772.00,M,Mustard Yellow,0.00
ITEM-06136,ORD-06136,SKU-0152,1,1080.00,S,rust,0.00
ITEM-06137,ORD-06137,SKU-0002,1,1499.00,XL,Maroon,0.00
ITEM-06138,ORD-06138,SKU-0437,1,1319.00,XXL,Terracotta,0.00
ITEM-06139,ORD-06139,SKU-0436,1,424.00,XL,Indigo,0.00
ITEM-06140,ORD-06140,SKU-0205,1,1357.00,XXL,NAVY_BLUE,0.00
ITEM-06141,ORD-06141,SKU-0178,1,1315.00,S,Sage Green,0.00
ITEM-06142,ORD-06142,SKU-0203,1,983.00,L,mustard,0.00
ITEM-06143,ORD-06143,SKU-0282,1,1131.00,XL,Navy Blue,0.00
ITEM-06144,ORD-06144,SKU-0172,1,974.00,S,sage,0.00
ITEM-06145,ORD-06145,SKU-0035,1,1337.00,M,Ivory,0.00
ITEM-06146,ORD-06146,SKU-0176,1,518.00,L,Maroon,0.00
ITEM-06147,ORD-06147,SKU-0188,1,538.00,XL,Mustard Yellow,0.00
ITEM-06148,ORD-06148,SKU-0164,1,1207.00,S,rust,0.00
ITEM-06149,ORD-06149,SKU-0033,1,918.00,XXL,sage,0.00
ITEM-06150,ORD-06150,SKU-0114,1,585.00,XS,navy,0.00
ITEM-06151,ORD-06151,SKU-0356,1,535.00,XXL,navy,0.00
ITEM-06152,ORD-06152,SKU-0277,1,1201.00,S,sage,0.00
ITEM-06153,ORD-06153,SKU-0289,1,444.00,L,navy,0.00
ITEM-06154,ORD-06154,SKU-0262,1,593.00,XL,Ivory,0.00
ITEM-06155,ORD-06155,SKU-0408,1,626.00,XXL,NAVY_BLUE,0.00
ITEM-06156,ORD-06156,SKU-0338,1,1059.00,XS,Black,0.00
ITEM-06157,ORD-06157,SKU-0286,1,1122.00,XS,Mustard Yellow,0.00
ITEM-06158,ORD-06158,SKU-0298,1,771.00,XL,Black,0.00
ITEM-06159,ORD-06159,SKU-0095,1,1481.00,S,rust,0.00
ITEM-06160,ORD-06160,SKU-0005,1,889.00,XXL,sage,0.00
ITEM-06161,ORD-06161,SKU-0221,1,974.00,S,Terracotta,0.00
ITEM-06162,ORD-06162,SKU-0296,1,1310.00,XXL,NAVY_BLUE,0.00
ITEM-06163,ORD-06163,SKU-0378,1,441.00,XXL,NAVY_BLUE,0.00
ITEM-06164,ORD-06164,SKU-0072,1,792.00,S,Mustard Yellow,0.00
ITEM-06165,ORD-06165,SKU-0189,1,1256.00,XXL,Black,0.00
ITEM-06166,ORD-06166,SKU-0093,1,774.00,XXL,Sage Green,0.00
ITEM-06167,ORD-06167,SKU-0008,1,803.00,XS,Navy Blue,0.00
ITEM-06168,ORD-06168,SKU-0053,1,452.00,XS,Ivory,0.00
ITEM-06169,ORD-06169,SKU-0255,1,440.00,XL,Black,0.00
ITEM-06170,ORD-06170,SKU-0179,1,1327.00,XL,Maroon,0.00
ITEM-06171,ORD-06171,SKU-0080,1,1006.00,L,navy,0.00
ITEM-06172,ORD-06172,SKU-0307,1,1315.00,XXL,maroon_red,0.00
ITEM-06173,ORD-06173,SKU-0040,1,400.00,XXL,mustard,0.00
ITEM-06174,ORD-06174,SKU-0062,1,1057.00,L,maroon_red,0.00
ITEM-06175,ORD-06175,SKU-0223,1,1120.00,L,Ivory,0.00
ITEM-06176,ORD-06176,SKU-0268,1,413.00,M,navy,0.00
ITEM-06177,ORD-06177,SKU-0108,1,447.00,M,Sage Green,0.00
ITEM-06178,ORD-06178,SKU-0479,1,754.00,S,Black,0.00
ITEM-06179,ORD-06179,SKU-0162,1,886.00,XL,sage,0.00
ITEM-06180,ORD-06180,SKU-0133,1,589.00,L,Black,0.00
ITEM-06181,ORD-06181,SKU-0461,1,456.00,XL,sage,0.00
ITEM-06182,ORD-06182,SKU-0288,1,1419.00,XXL,Navy Blue,0.00
ITEM-06183,ORD-06183,SKU-0257,1,1086.00,XXL,Navy Blue,0.00
ITEM-06184,ORD-06184,SKU-0090,1,1174.00,XS,sage,0.00
ITEM-06185,ORD-06185,SKU-0432,1,1302.00,M,Ivory,0.00
ITEM-06186,ORD-06186,SKU-0471,1,1008.00,XL,rust,0.00
ITEM-06187,ORD-06187,SKU-0232,1,781.00,S,Black,0.00
ITEM-06188,ORD-06188,SKU-0308,1,531.00,XS,Ivory,0.00
ITEM-06189,ORD-06189,SKU-0462,1,940.00,M,Maroon,0.00
ITEM-06190,ORD-06190,SKU-0451,1,489.00,M,Maroon,0.00
ITEM-06191,ORD-06191,SKU-0228,1,717.00,S,Navy Blue,0.00
ITEM-06192,ORD-06192,SKU-0131,1,605.00,XS,sage,0.00
ITEM-06193,ORD-06193,SKU-0159,1,707.00,XS,Sage Green,0.00
ITEM-06194,ORD-06194,SKU-0132,1,1413.00,S,Terracotta,0.00
ITEM-06195,ORD-06195,SKU-0190,1,1410.00,XXL,Navy Blue,0.00
ITEM-06196,ORD-06196,SKU-0367,1,1421.00,M,Black,0.00
ITEM-06197,ORD-06197,SKU-0384,1,689.00,XXL,Maroon,0.00
ITEM-06198,ORD-06198,SKU-0375,1,443.00,XL,Navy Blue,0.00
ITEM-06199,ORD-06199,SKU-0273,1,678.00,XS,navy,0.00
ITEM-06200,ORD-06200,SKU-0387,1,1016.00,XS,sage,0.00
ITEM-06201,ORD-06201,SKU-0344,1,631.00,M,Terracotta,0.00
ITEM-06202,ORD-06202,SKU-0457,1,732.00,L,mustard,0.00
ITEM-06203,ORD-06203,SKU-0086,1,1100.00,L,sage,0.00
ITEM-06204,ORD-06204,SKU-0475,1,493.00,L,sage,0.00
ITEM-06205,ORD-06205,SKU-0363,1,772.00,XS,Mustard Yellow,0.00
ITEM-06206,ORD-06206,SKU-0152,1,1080.00,XXL,rust,0.00
ITEM-06207,ORD-06207,SKU-0002,1,1499.00,L,Maroon,0.00
ITEM-06208,ORD-06208,SKU-0437,1,1319.00,M,Terracotta,0.00
ITEM-06209,ORD-06209,SKU-0436,1,424.00,S,Indigo,0.00
ITEM-06210,ORD-06210,SKU-0205,1,1357.00,XXL,NAVY_BLUE,0.00
ITEM-06211,ORD-06211,SKU-0178,1,1315.00,L,Sage Green,0.00
ITEM-06212,ORD-06212,SKU-0203,1,983.00,XXL,mustard,0.00
ITEM-06213,ORD-06213,SKU-0282,1,1131.00,S,Navy Blue,0.00
ITEM-06214,ORD-06214,SKU-0172,1,974.00,XS,sage,0.00
ITEM-06215,ORD-06215,SKU-0035,1,1337.00,M,Ivory,0.00
ITEM-06216,ORD-06216,SKU-0176,1,518.00,XXL,Maroon,0.00
ITEM-06217,ORD-06217,SKU-0188,1,538.00,S,Mustard Yellow,0.00
ITEM-06218,ORD-06218,SKU-0164,1,1207.00,XS,rust,0.00
ITEM-06219,ORD-06219,SKU-0033,1,918.00,XXL,sage,0.00
ITEM-06220,ORD-06220,SKU-0114,1,585.00,S,navy,0.00
ITEM-06221,ORD-06221,SKU-0356,1,535.00,XL,navy,0.00
ITEM-06222,ORD-06222,SKU-0277,1,1201.00,XXL,sage,0.00
ITEM-06223,ORD-06223,SKU-0289,1,444.00,XS,navy,0.00
ITEM-06224,ORD-06224,SKU-0262,1,593.00,L,Ivory,0.00
ITEM-06225,ORD-06225,SKU-0408,1,626.00,L,NAVY_BLUE,0.00
ITEM-06226,ORD-06226,SKU-0338,1,1059.00,XS,Black,0.00
ITEM-06227,ORD-06227,SKU-0286,1,1122.00,M,Mustard Yellow,0.00
ITEM-06228,ORD-06228,SKU-0298,1,771.00,S,Black,0.00
ITEM-06229,ORD-06229,SKU-0095,1,1481.00,XS,rust,0.00
ITEM-06230,ORD-06230,SKU-0005,1,889.00,XL,sage,0.00
ITEM-06231,ORD-06231,SKU-0221,1,974.00,M,Terracotta,0.00
ITEM-06232,ORD-06232,SKU-0296,1,1310.00,XL,NAVY_BLUE,0.00
ITEM-06233,ORD-06233,SKU-0378,1,441.00,XL,NAVY_BLUE,0.00
ITEM-06234,ORD-06234,SKU-0072,1,792.00,XXL,Mustard Yellow,0.00
ITEM-06235,ORD-06235,SKU-0189,1,1256.00,XL,Black,0.00
ITEM-06236,ORD-06236,SKU-0093,1,774.00,M,Sage Green,0.00
ITEM-06237,ORD-06237,SKU-0008,1,803.00,S,Navy Blue,0.00
ITEM-06238,ORD-06238,SKU-0053,1,452.00,L,Ivory,0.00
ITEM-06239,ORD-06239,SKU-0255,1,440.00,S,Black,0.00
ITEM-06240,ORD-06240,SKU-0179,1,1327.00,XXL,Maroon,0.00
ITEM-06241,ORD-06241,SKU-0080,1,1006.00,XXL,navy,0.00
ITEM-06242,ORD-06242,SKU-0307,1,1315.00,XXL,maroon_red,0.00
ITEM-06243,ORD-06243,SKU-0040,1,400.00,XL,mustard,0.00
ITEM-06244,ORD-06244,SKU-0062,1,1057.00,XL,maroon_red,0.00
ITEM-06245,ORD-06245,SKU-0223,1,1120.00,M,Ivory,0.00
ITEM-06246,ORD-06246,SKU-0268,1,413.00,XXL,navy,0.00
ITEM-06247,ORD-06247,SKU-0108,1,447.00,XXL,Sage Green,0.00
ITEM-06248,ORD-06248,SKU-0479,1,754.00,M,Black,0.00
ITEM-06249,ORD-06249,SKU-0162,1,886.00,XXL,sage,0.00
ITEM-06250,ORD-06250,SKU-0133,1,589.00,XL,Black,0.00
ITEM-06251,ORD-06251,SKU-0461,1,456.00,XL,sage,0.00
ITEM-06252,ORD-06252,SKU-0288,1,1419.00,XS,Navy Blue,0.00
ITEM-06253,ORD-06253,SKU-0257,1,1086.00,M,Navy Blue,0.00
ITEM-06254,ORD-06254,SKU-0090,1,1174.00,XXL,sage,0.00
ITEM-06255,ORD-06255,SKU-0432,1,1302.00,XS,Ivory,0.00
ITEM-06256,ORD-06256,SKU-0471,1,1008.00,XS,rust,0.00
ITEM-06257,ORD-06257,SKU-0232,1,781.00,XXL,Black,0.00
ITEM-06258,ORD-06258,SKU-0308,1,531.00,XXL,Ivory,0.00
ITEM-06259,ORD-06259,SKU-0462,1,940.00,L,Maroon,0.00
ITEM-06260,ORD-06260,SKU-0451,1,489.00,M,Maroon,0.00
ITEM-06261,ORD-06261,SKU-0228,1,717.00,L,Navy Blue,0.00
ITEM-06262,ORD-06262,SKU-0131,1,605.00,S,sage,0.00
ITEM-06263,ORD-06263,SKU-0159,1,707.00,S,Sage Green,0.00
ITEM-06264,ORD-06264,SKU-0132,1,1413.00,L,Terracotta,0.00
ITEM-06265,ORD-06265,SKU-0190,1,1410.00,S,Navy Blue,0.00
ITEM-06266,ORD-06266,SKU-0367,1,1421.00,XL,Black,0.00
ITEM-06267,ORD-06267,SKU-0384,1,689.00,XXL,Maroon,0.00
ITEM-06268,ORD-06268,SKU-0375,1,443.00,XL,Navy Blue,0.00
ITEM-06269,ORD-06269,SKU-0273,1,678.00,XXL,navy,0.00
ITEM-06270,ORD-06270,SKU-0387,1,1016.00,XXL,sage,0.00
ITEM-06271,ORD-06271,SKU-0344,1,631.00,XS,Terracotta,0.00
ITEM-06272,ORD-06272,SKU-0457,1,732.00,M,mustard,0.00
ITEM-06273,ORD-06273,SKU-0086,1,1100.00,XL,sage,0.00
ITEM-06274,ORD-06274,SKU-0475,1,493.00,XS,sage,0.00
ITEM-06275,ORD-06275,SKU-0363,1,772.00,XXL,Mustard Yellow,0.00
ITEM-06276,ORD-06276,SKU-0152,1,1080.00,L,rust,0.00
ITEM-06277,ORD-06277,SKU-0002,1,1499.00,XL,Maroon,0.00
ITEM-06278,ORD-06278,SKU-0437,1,1319.00,XS,Terracotta,0.00
ITEM-06279,ORD-06279,SKU-0436,1,424.00,XS,Indigo,0.00
ITEM-06280,ORD-06280,SKU-0205,1,1357.00,XS,NAVY_BLUE,0.00
ITEM-06281,ORD-06281,SKU-0178,1,1315.00,XL,Sage Green,0.00
ITEM-06282,ORD-06282,SKU-0203,1,983.00,XL,mustard,0.00
ITEM-06283,ORD-06283,SKU-0282,1,1131.00,XL,Navy Blue,0.00
ITEM-06284,ORD-06284,SKU-0172,1,974.00,XS,sage,0.00
ITEM-06285,ORD-06285,SKU-0035,1,1337.00,S,Ivory,0.00
ITEM-06286,ORD-06286,SKU-0176,1,518.00,XL,Maroon,0.00
ITEM-06287,ORD-06287,SKU-0188,1,538.00,XS,Mustard Yellow,0.00
ITEM-06288,ORD-06288,SKU-0164,1,1207.00,S,rust,0.00
ITEM-06289,ORD-06289,SKU-0033,1,918.00,XS,sage,0.00
ITEM-06290,ORD-06290,SKU-0114,1,585.00,S,navy,0.00
ITEM-06291,ORD-06291,SKU-0356,1,535.00,XXL,navy,0.00
ITEM-06292,ORD-06292,SKU-0277,1,1201.00,XXL,sage,0.00
ITEM-06293,ORD-06293,SKU-0289,1,444.00,XL,navy,0.00
ITEM-06294,ORD-06294,SKU-0262,1,593.00,L,Ivory,0.00
ITEM-06295,ORD-06295,SKU-0408,1,626.00,S,NAVY_BLUE,0.00
ITEM-06296,ORD-06296,SKU-0338,1,1059.00,XS,Black,0.00
ITEM-06297,ORD-06297,SKU-0286,1,1122.00,XXL,Mustard Yellow,0.00
ITEM-06298,ORD-06298,SKU-0298,1,771.00,XXL,Black,0.00
ITEM-06299,ORD-06299,SKU-0095,1,1481.00,L,rust,0.00
ITEM-06300,ORD-06300,SKU-0005,1,889.00,S,sage,0.00
ITEM-06301,ORD-06301,SKU-0221,1,974.00,XXL,Terracotta,0.00
ITEM-06302,ORD-06302,SKU-0296,1,1310.00,XL,NAVY_BLUE,0.00
ITEM-06303,ORD-06303,SKU-0378,1,441.00,XS,NAVY_BLUE,0.00
ITEM-06304,ORD-06304,SKU-0072,1,792.00,M,Mustard Yellow,0.00
ITEM-06305,ORD-06305,SKU-0189,1,1256.00,L,Black,0.00
ITEM-06306,ORD-06306,SKU-0093,1,774.00,S,Sage Green,0.00
ITEM-06307,ORD-06307,SKU-0008,1,803.00,XL,Navy Blue,0.00
ITEM-06308,ORD-06308,SKU-0053,1,452.00,M,Ivory,0.00
ITEM-06309,ORD-06309,SKU-0255,1,440.00,M,Black,0.00
ITEM-06310,ORD-06310,SKU-0179,1,1327.00,XS,Maroon,0.00
ITEM-06311,ORD-06311,SKU-0080,1,1006.00,M,navy,0.00
ITEM-06312,ORD-06312,SKU-0307,1,1315.00,XS,maroon_red,0.00
ITEM-06313,ORD-06313,SKU-0040,1,400.00,XS,mustard,0.00
ITEM-06314,ORD-06314,SKU-0062,1,1057.00,XXL,maroon_red,0.00
ITEM-06315,ORD-06315,SKU-0223,1,1120.00,XS,Ivory,0.00
ITEM-06316,ORD-06316,SKU-0268,1,413.00,XXL,navy,0.00
ITEM-06317,ORD-06317,SKU-0108,1,447.00,S,Sage Green,0.00
ITEM-06318,ORD-06318,SKU-0479,1,754.00,XL,Black,0.00
ITEM-06319,ORD-06319,SKU-0162,1,886.00,L,sage,0.00
ITEM-06320,ORD-06320,SKU-0133,1,589.00,M,Black,0.00
ITEM-06321,ORD-06321,SKU-0461,1,456.00,L,sage,0.00
ITEM-06322,ORD-06322,SKU-0288,1,1419.00,L,Navy Blue,0.00
ITEM-06323,ORD-06323,SKU-0257,1,1086.00,L,Navy Blue,0.00
ITEM-06324,ORD-06324,SKU-0090,1,1174.00,S,sage,0.00
ITEM-06325,ORD-06325,SKU-0432,1,1302.00,XXL,Ivory,0.00
ITEM-06326,ORD-06326,SKU-0471,1,1008.00,L,rust,0.00
ITEM-06327,ORD-06327,SKU-0232,1,781.00,L,Black,0.00
ITEM-06328,ORD-06328,SKU-0308,1,531.00,S,Ivory,0.00
ITEM-06329,ORD-06329,SKU-0462,1,940.00,XL,Maroon,0.00
ITEM-06330,ORD-06330,SKU-0451,1,489.00,XS,Maroon,0.00
ITEM-06331,ORD-06331,SKU-0228,1,717.00,L,Navy Blue,0.00
ITEM-06332,ORD-06332,SKU-0131,1,605.00,XL,sage,0.00
ITEM-06333,ORD-06333,SKU-0159,1,707.00,XS,Sage Green,0.00
ITEM-06334,ORD-06334,SKU-0132,1,1413.00,XS,Terracotta,0.00
ITEM-06335,ORD-06335,SKU-0190,1,1410.00,S,Navy Blue,0.00
ITEM-06336,ORD-06336,SKU-0367,1,1421.00,XXL,Black,0.00
ITEM-06337,ORD-06337,SKU-0384,1,689.00,L,Maroon,0.00
ITEM-06338,ORD-06338,SKU-0375,1,443.00,XXL,Navy Blue,0.00
ITEM-06339,ORD-06339,SKU-0273,1,678.00,S,navy,0.00
ITEM-06340,ORD-06340,SKU-0387,1,1016.00,XXL,sage,0.00
ITEM-06341,ORD-06341,SKU-0344,1,631.00,L,Terracotta,0.00
ITEM-06342,ORD-06342,SKU-0457,1,732.00,M,mustard,0.00
ITEM-06343,ORD-06343,SKU-0086,1,1100.00,S,sage,0.00
ITEM-06344,ORD-06344,SKU-0475,1,493.00,XL,sage,0.00
ITEM-06345,ORD-06345,SKU-0363,1,772.00,XXL,Mustard Yellow,0.00
ITEM-06346,ORD-06346,SKU-0152,1,1080.00,XS,rust,0.00
ITEM-06347,ORD-06347,SKU-0002,1,1499.00,L,Maroon,0.00
ITEM-06348,ORD-06348,SKU-0437,1,1319.00,XL,Terracotta,0.00
ITEM-06349,ORD-06349,SKU-0436,1,424.00,XL,Indigo,0.00
ITEM-06350,ORD-06350,SKU-0205,1,1357.00,M,NAVY_BLUE,0.00
ITEM-06351,ORD-06351,SKU-0178,1,1315.00,XS,Sage Green,0.00
ITEM-06352,ORD-06352,SKU-0203,1,983.00,M,mustard,0.00
ITEM-06353,ORD-06353,SKU-0282,1,1131.00,XL,Navy Blue,0.00
ITEM-06354,ORD-06354,SKU-0172,1,974.00,S,sage,0.00
ITEM-06355,ORD-06355,SKU-0035,1,1337.00,S,Ivory,0.00
ITEM-06356,ORD-06356,SKU-0176,1,518.00,M,Maroon,0.00
ITEM-06357,ORD-06357,SKU-0188,1,538.00,M,Mustard Yellow,0.00
ITEM-06358,ORD-06358,SKU-0164,1,1207.00,XXL,rust,0.00
ITEM-06359,ORD-06359,SKU-0033,1,918.00,XS,sage,0.00
ITEM-06360,ORD-06360,SKU-0114,1,585.00,M,navy,0.00
ITEM-06361,ORD-06361,SKU-0356,1,535.00,S,navy,0.00
ITEM-06362,ORD-06362,SKU-0277,1,1201.00,XL,sage,0.00
ITEM-06363,ORD-06363,SKU-0289,1,444.00,XXL,navy,0.00
ITEM-06364,ORD-06364,SKU-0262,1,593.00,S,Ivory,0.00
ITEM-06365,ORD-06365,SKU-0408,1,626.00,XXL,NAVY_BLUE,0.00
ITEM-06366,ORD-06366,SKU-0338,1,1059.00,XL,Black,0.00
ITEM-06367,ORD-06367,SKU-0286,1,1122.00,S,Mustard Yellow,0.00
ITEM-06368,ORD-06368,SKU-0298,1,771.00,XXL,Black,0.00
ITEM-06369,ORD-06369,SKU-0095,1,1481.00,XS,rust,0.00
ITEM-06370,ORD-06370,SKU-0005,1,889.00,XS,sage,0.00
ITEM-06371,ORD-06371,SKU-0221,1,974.00,XXL,Terracotta,0.00
ITEM-06372,ORD-06372,SKU-0296,1,1310.00,M,NAVY_BLUE,0.00
ITEM-06373,ORD-06373,SKU-0378,1,441.00,S,NAVY_BLUE,0.00
ITEM-06374,ORD-06374,SKU-0072,1,792.00,XL,Mustard Yellow,0.00
ITEM-06375,ORD-06375,SKU-0189,1,1256.00,XL,Black,0.00
ITEM-06376,ORD-06376,SKU-0093,1,774.00,M,Sage Green,0.00
ITEM-06377,ORD-06377,SKU-0008,1,803.00,L,Navy Blue,0.00
ITEM-06378,ORD-06378,SKU-0053,1,452.00,XL,Ivory,0.00
ITEM-06379,ORD-06379,SKU-0255,1,440.00,S,Black,0.00
ITEM-06380,ORD-06380,SKU-0179,1,1327.00,XS,Maroon,0.00
ITEM-06381,ORD-06381,SKU-0080,1,1006.00,M,navy,0.00
ITEM-06382,ORD-06382,SKU-0307,1,1315.00,XL,maroon_red,0.00
ITEM-06383,ORD-06383,SKU-0040,1,400.00,XS,mustard,0.00
ITEM-06384,ORD-06384,SKU-0062,1,1057.00,XS,maroon_red,0.00
ITEM-06385,ORD-06385,SKU-0223,1,1120.00,XL,Ivory,0.00
ITEM-06386,ORD-06386,SKU-0268,1,413.00,XL,navy,0.00
ITEM-06387,ORD-06387,SKU-0108,1,447.00,L,Sage Green,0.00
ITEM-06388,ORD-06388,SKU-0479,1,754.00,XS,Black,0.00
ITEM-06389,ORD-06389,SKU-0162,1,886.00,M,sage,0.00
ITEM-06390,ORD-06390,SKU-0133,1,589.00,L,Black,0.00
ITEM-06391,ORD-06391,SKU-0461,1,456.00,XXL,sage,0.00
ITEM-06392,ORD-06392,SKU-0288,1,1419.00,M,Navy Blue,0.00
ITEM-06393,ORD-06393,SKU-0257,1,1086.00,XL,Navy Blue,0.00
ITEM-06394,ORD-06394,SKU-0090,1,1174.00,XXL,sage,0.00
ITEM-06395,ORD-06395,SKU-0432,1,1302.00,XS,Ivory,0.00
ITEM-06396,ORD-06396,SKU-0471,1,1008.00,L,rust,0.00
ITEM-06397,ORD-06397,SKU-0232,1,781.00,M,Black,0.00
ITEM-06398,ORD-06398,SKU-0308,1,531.00,XL,Ivory,0.00
ITEM-06399,ORD-06399,SKU-0462,1,940.00,L,Maroon,0.00
ITEM-06400,ORD-06400,SKU-0451,1,489.00,S,Maroon,0.00
ITEM-06401,ORD-06401,SKU-0228,1,717.00,XS,Navy Blue,0.00
ITEM-06402,ORD-06402,SKU-0131,1,605.00,S,sage,0.00
ITEM-06403,ORD-06403,SKU-0159,1,707.00,XL,Sage Green,0.00
ITEM-06404,ORD-06404,SKU-0132,1,1413.00,S,Terracotta,0.00
ITEM-06405,ORD-06405,SKU-0190,1,1410.00,L,Navy Blue,0.00
ITEM-06406,ORD-06406,SKU-0367,1,1421.00,S,Black,0.00
ITEM-06407,ORD-06407,SKU-0384,1,689.00,XXL,Maroon,0.00
ITEM-06408,ORD-06408,SKU-0375,1,443.00,S,Navy Blue,0.00
ITEM-06409,ORD-06409,SKU-0273,1,678.00,XXL,navy,0.00
ITEM-06410,ORD-06410,SKU-0387,1,1016.00,L,sage,0.00
ITEM-06411,ORD-06411,SKU-0344,1,631.00,L,Terracotta,0.00
ITEM-06412,ORD-06412,SKU-0457,1,732.00,L,mustard,0.00
ITEM-06413,ORD-06413,SKU-0086,1,1100.00,XL,sage,0.00
ITEM-06414,ORD-06414,SKU-0475,1,493.00,L,sage,0.00
ITEM-06415,ORD-06415,SKU-0363,1,772.00,S,Mustard Yellow,0.00
ITEM-06416,ORD-06416,SKU-0152,1,1080.00,XL,rust,0.00
ITEM-06417,ORD-06417,SKU-0002,1,1499.00,XXL,Maroon,0.00
ITEM-06418,ORD-06418,SKU-0437,1,1319.00,XXL,Terracotta,0.00
ITEM-06419,ORD-06419,SKU-0436,1,424.00,S,Indigo,0.00
ITEM-06420,ORD-06420,SKU-0205,1,1357.00,XXL,NAVY_BLUE,0.00
ITEM-06421,ORD-06421,SKU-0178,1,1315.00,XXL,Sage Green,0.00
ITEM-06422,ORD-06422,SKU-0203,1,983.00,S,mustard,0.00
ITEM-06423,ORD-06423,SKU-0282,1,1131.00,L,Navy Blue,0.00
ITEM-06424,ORD-06424,SKU-0172,1,974.00,XL,sage,0.00
ITEM-06425,ORD-06425,SKU-0035,1,1337.00,XS,Ivory,0.00
ITEM-06426,ORD-06426,SKU-0176,1,518.00,L,Maroon,0.00
ITEM-06427,ORD-06427,SKU-0188,1,538.00,XS,Mustard Yellow,0.00
ITEM-06428,ORD-06428,SKU-0164,1,1207.00,XS,rust,0.00
ITEM-06429,ORD-06429,SKU-0033,1,918.00,XL,sage,0.00
ITEM-06430,ORD-06430,SKU-0114,1,585.00,XS,navy,0.00
ITEM-06431,ORD-06431,SKU-0356,1,535.00,XL,navy,0.00
ITEM-06432,ORD-06432,SKU-0277,1,1201.00,L,sage,0.00
ITEM-06433,ORD-06433,SKU-0289,1,444.00,M,navy,0.00
ITEM-06434,ORD-06434,SKU-0262,1,593.00,M,Ivory,0.00
ITEM-06435,ORD-06435,SKU-0408,1,626.00,XS,NAVY_BLUE,0.00
ITEM-06436,ORD-06436,SKU-0338,1,1059.00,XS,Black,0.00
ITEM-06437,ORD-06437,SKU-0286,1,1122.00,XS,Mustard Yellow,0.00
ITEM-06438,ORD-06438,SKU-0298,1,771.00,XL,Black,0.00
ITEM-06439,ORD-06439,SKU-0095,1,1481.00,L,rust,0.00
ITEM-06440,ORD-06440,SKU-0005,1,889.00,M,sage,0.00
ITEM-06441,ORD-06441,SKU-0221,1,974.00,XS,Terracotta,0.00
ITEM-06442,ORD-06442,SKU-0296,1,1310.00,M,NAVY_BLUE,0.00
ITEM-06443,ORD-06443,SKU-0378,1,441.00,XS,NAVY_BLUE,0.00
ITEM-06444,ORD-06444,SKU-0072,1,792.00,L,Mustard Yellow,0.00
ITEM-06445,ORD-06445,SKU-0189,1,1256.00,XXL,Black,0.00
ITEM-06446,ORD-06446,SKU-0093,1,774.00,S,Sage Green,0.00
ITEM-06447,ORD-06447,SKU-0008,1,803.00,L,Navy Blue,0.00
ITEM-06448,ORD-06448,SKU-0053,1,452.00,M,Ivory,0.00
ITEM-06449,ORD-06449,SKU-0255,1,440.00,S,Black,0.00
ITEM-06450,ORD-06450,SKU-0179,1,1327.00,XS,Maroon,0.00
ITEM-06451,ORD-06451,SKU-0080,1,1006.00,L,navy,0.00
ITEM-06452,ORD-06452,SKU-0307,1,1315.00,M,maroon_red,0.00
ITEM-06453,ORD-06453,SKU-0040,1,400.00,S,mustard,0.00
ITEM-06454,ORD-06454,SKU-0062,1,1057.00,M,maroon_red,0.00
ITEM-06455,ORD-06455,SKU-0223,1,1120.00,M,Ivory,0.00
ITEM-06456,ORD-06456,SKU-0268,1,413.00,XXL,navy,0.00
ITEM-06457,ORD-06457,SKU-0108,1,447.00,XL,Sage Green,0.00
ITEM-06458,ORD-06458,SKU-0479,1,754.00,L,Black,0.00
ITEM-06459,ORD-06459,SKU-0162,1,886.00,M,sage,0.00
ITEM-06460,ORD-06460,SKU-0133,1,589.00,XXL,Black,0.00
ITEM-06461,ORD-06461,SKU-0461,1,456.00,M,sage,0.00
ITEM-06462,ORD-06462,SKU-0288,1,1419.00,S,Navy Blue,0.00
ITEM-06463,ORD-06463,SKU-0257,1,1086.00,XXL,Navy Blue,0.00
ITEM-06464,ORD-06464,SKU-0090,1,1174.00,M,sage,0.00
ITEM-06465,ORD-06465,SKU-0432,1,1302.00,XXL,Ivory,0.00
ITEM-06466,ORD-06466,SKU-0471,1,1008.00,XL,rust,0.00
ITEM-06467,ORD-06467,SKU-0232,1,781.00,XXL,Black,0.00
ITEM-06468,ORD-06468,SKU-0308,1,531.00,S,Ivory,0.00
ITEM-06469,ORD-06469,SKU-0462,1,940.00,M,Maroon,0.00
ITEM-06470,ORD-06470,SKU-0451,1,489.00,L,Maroon,0.00
ITEM-06471,ORD-06471,SKU-0228,1,717.00,M,Navy Blue,0.00
ITEM-06472,ORD-06472,SKU-0131,1,605.00,XXL,sage,0.00
ITEM-06473,ORD-06473,SKU-0159,1,707.00,S,Sage Green,0.00
ITEM-06474,ORD-06474,SKU-0132,1,1413.00,S,Terracotta,0.00
ITEM-06475,ORD-06475,SKU-0190,1,1410.00,XS,Navy Blue,0.00
ITEM-06476,ORD-06476,SKU-0367,1,1421.00,M,Black,0.00
ITEM-06477,ORD-06477,SKU-0384,1,689.00,L,Maroon,0.00
ITEM-06478,ORD-06478,SKU-0375,1,443.00,L,Navy Blue,0.00
ITEM-06479,ORD-06479,SKU-0273,1,678.00,M,navy,0.00
ITEM-06480,ORD-06480,SKU-0387,1,1016.00,M,sage,0.00
ITEM-06481,ORD-06481,SKU-0344,1,631.00,XXL,Terracotta,0.00
ITEM-06482,ORD-06482,SKU-0457,1,732.00,M,mustard,0.00
ITEM-06483,ORD-06483,SKU-0086,1,1100.00,L,sage,0.00
ITEM-06484,ORD-06484,SKU-0475,1,493.00,XXL,sage,0.00
ITEM-06485,ORD-06485,SKU-0363,1,772.00,XS,Mustard Yellow,0.00
ITEM-06486,ORD-06486,SKU-0152,1,1080.00,M,rust,0.00
ITEM-06487,ORD-06487,SKU-0002,1,1499.00,XL,Maroon,0.00
ITEM-06488,ORD-06488,SKU-0437,1,1319.00,XXL,Terracotta,0.00
ITEM-06489,ORD-06489,SKU-0436,1,424.00,XL,Indigo,0.00
ITEM-06490,ORD-06490,SKU-0205,1,1357.00,XS,NAVY_BLUE,0.00
ITEM-06491,ORD-06491,SKU-0178,1,1315.00,XXL,Sage Green,0.00
ITEM-06492,ORD-06492,SKU-0203,1,983.00,XS,mustard,0.00
ITEM-06493,ORD-06493,SKU-0282,1,1131.00,XS,Navy Blue,0.00
ITEM-06494,ORD-06494,SKU-0172,1,974.00,L,sage,0.00
ITEM-06495,ORD-06495,SKU-0035,1,1337.00,XL,Ivory,0.00
ITEM-06496,ORD-06496,SKU-0176,1,518.00,XXL,Maroon,0.00
ITEM-06497,ORD-06497,SKU-0188,1,538.00,XXL,Mustard Yellow,0.00
ITEM-06498,ORD-06498,SKU-0164,1,1207.00,M,rust,0.00
ITEM-06499,ORD-06499,SKU-0033,1,918.00,XL,sage,0.00
ITEM-06500,ORD-06500,SKU-0114,1,585.00,XL,navy,0.00
ITEM-06501,ORD-06501,SKU-0356,1,535.00,XXL,navy,0.00
ITEM-06502,ORD-06502,SKU-0277,1,1201.00,XL,sage,0.00
ITEM-06503,ORD-06503,SKU-0289,1,444.00,S,navy,0.00
ITEM-06504,ORD-06504,SKU-0262,1,593.00,M,Ivory,0.00
ITEM-06505,ORD-06505,SKU-0408,1,626.00,S,NAVY_BLUE,0.00
ITEM-06506,ORD-06506,SKU-0338,1,1059.00,XXL,Black,0.00
ITEM-06507,ORD-06507,SKU-0286,1,1122.00,M,Mustard Yellow,0.00
ITEM-06508,ORD-06508,SKU-0298,1,771.00,XL,Black,0.00
ITEM-06509,ORD-06509,SKU-0095,1,1481.00,XL,rust,0.00
ITEM-06510,ORD-06510,SKU-0005,1,889.00,XXL,sage,0.00
ITEM-06511,ORD-06511,SKU-0221,1,974.00,S,Terracotta,0.00
ITEM-06512,ORD-06512,SKU-0296,1,1310.00,XXL,NAVY_BLUE,0.00
ITEM-06513,ORD-06513,SKU-0378,1,441.00,XS,NAVY_BLUE,0.00
ITEM-06514,ORD-06514,SKU-0072,1,792.00,XL,Mustard Yellow,0.00
ITEM-06515,ORD-06515,SKU-0189,1,1256.00,XXL,Black,0.00
ITEM-06516,ORD-06516,SKU-0093,1,774.00,M,Sage Green,0.00
ITEM-06517,ORD-06517,SKU-0008,1,803.00,XS,Navy Blue,0.00
ITEM-06518,ORD-06518,SKU-0053,1,452.00,S,Ivory,0.00
ITEM-06519,ORD-06519,SKU-0255,1,440.00,XXL,Black,0.00
ITEM-06520,ORD-06520,SKU-0179,1,1327.00,S,Maroon,0.00
ITEM-06521,ORD-06521,SKU-0080,1,1006.00,M,navy,0.00
ITEM-06522,ORD-06522,SKU-0307,1,1315.00,L,maroon_red,0.00
ITEM-06523,ORD-06523,SKU-0040,1,400.00,S,mustard,0.00
ITEM-06524,ORD-06524,SKU-0062,1,1057.00,XXL,maroon_red,0.00
ITEM-06525,ORD-06525,SKU-0223,1,1120.00,XXL,Ivory,0.00
ITEM-06526,ORD-06526,SKU-0268,1,413.00,S,navy,0.00
ITEM-06527,ORD-06527,SKU-0108,1,447.00,XS,Sage Green,0.00
ITEM-06528,ORD-06528,SKU-0479,1,754.00,XS,Black,0.00
ITEM-06529,ORD-06529,SKU-0162,1,886.00,XL,sage,0.00
ITEM-06530,ORD-06530,SKU-0133,1,589.00,XL,Black,0.00
ITEM-06531,ORD-06531,SKU-0461,1,456.00,XS,sage,0.00
ITEM-06532,ORD-06532,SKU-0288,1,1419.00,XL,Navy Blue,0.00
ITEM-06533,ORD-06533,SKU-0257,1,1086.00,XL,Navy Blue,0.00
ITEM-06534,ORD-06534,SKU-0090,1,1174.00,L,sage,0.00
ITEM-06535,ORD-06535,SKU-0432,1,1302.00,XXL,Ivory,0.00
ITEM-06536,ORD-06536,SKU-0471,1,1008.00,XXL,rust,0.00
ITEM-06537,ORD-06537,SKU-0232,1,781.00,L,Black,0.00
ITEM-06538,ORD-06538,SKU-0308,1,531.00,S,Ivory,0.00
ITEM-06539,ORD-06539,SKU-0462,1,940.00,M,Maroon,0.00
ITEM-06540,ORD-06540,SKU-0451,1,489.00,XXL,Maroon,0.00
ITEM-06541,ORD-06541,SKU-0228,1,717.00,XS,Navy Blue,0.00
ITEM-06542,ORD-06542,SKU-0131,1,605.00,XS,sage,0.00
ITEM-06543,ORD-06543,SKU-0159,1,707.00,XL,Sage Green,0.00
ITEM-06544,ORD-06544,SKU-0132,1,1413.00,XXL,Terracotta,0.00
ITEM-06545,ORD-06545,SKU-0190,1,1410.00,S,Navy Blue,0.00
ITEM-06546,ORD-06546,SKU-0367,1,1421.00,S,Black,0.00
ITEM-06547,ORD-06547,SKU-0384,1,689.00,XL,Maroon,0.00
ITEM-06548,ORD-06548,SKU-0375,1,443.00,XL,Navy Blue,0.00
ITEM-06549,ORD-06549,SKU-0273,1,678.00,M,navy,0.00
ITEM-06550,ORD-06550,SKU-0387,1,1016.00,XS,sage,0.00
ITEM-06551,ORD-06551,SKU-0344,1,631.00,XS,Terracotta,0.00
ITEM-06552,ORD-06552,SKU-0457,1,732.00,XL,mustard,0.00
ITEM-06553,ORD-06553,SKU-0086,1,1100.00,L,sage,0.00
ITEM-06554,ORD-06554,SKU-0475,1,493.00,XL,sage,0.00
ITEM-06555,ORD-06555,SKU-0363,1,772.00,M,Mustard Yellow,0.00
ITEM-06556,ORD-06556,SKU-0152,1,1080.00,XXL,rust,0.00
ITEM-06557,ORD-06557,SKU-0002,1,1499.00,M,Maroon,0.00
ITEM-06558,ORD-06558,SKU-0437,1,1319.00,L,Terracotta,0.00
ITEM-06559,ORD-06559,SKU-0436,1,424.00,S,Indigo,0.00
ITEM-06560,ORD-06560,SKU-0205,1,1357.00,L,NAVY_BLUE,0.00
ITEM-06561,ORD-06561,SKU-0178,1,1315.00,XL,Sage Green,0.00
ITEM-06562,ORD-06562,SKU-0203,1,983.00,XXL,mustard,0.00
ITEM-06563,ORD-06563,SKU-0282,1,1131.00,S,Navy Blue,0.00
ITEM-06564,ORD-06564,SKU-0172,1,974.00,XL,sage,0.00
ITEM-06565,ORD-06565,SKU-0035,1,1337.00,M,Ivory,0.00
ITEM-06566,ORD-06566,SKU-0176,1,518.00,XL,Maroon,0.00
ITEM-06567,ORD-06567,SKU-0188,1,538.00,L,Mustard Yellow,0.00
ITEM-06568,ORD-06568,SKU-0164,1,1207.00,XS,rust,0.00
ITEM-06569,ORD-06569,SKU-0033,1,918.00,XL,sage,0.00
ITEM-06570,ORD-06570,SKU-0114,1,585.00,M,navy,0.00
ITEM-06571,ORD-06571,SKU-0356,1,535.00,L,navy,0.00
ITEM-06572,ORD-06572,SKU-0277,1,1201.00,M,sage,0.00
ITEM-06573,ORD-06573,SKU-0289,1,444.00,XXL,navy,0.00
ITEM-06574,ORD-06574,SKU-0262,1,593.00,S,Ivory,0.00
ITEM-06575,ORD-06575,SKU-0408,1,626.00,XL,NAVY_BLUE,0.00
ITEM-06576,ORD-06576,SKU-0338,1,1059.00,XS,Black,0.00
ITEM-06577,ORD-06577,SKU-0286,1,1122.00,XL,Mustard Yellow,0.00
ITEM-06578,ORD-06578,SKU-0298,1,771.00,XS,Black,0.00
ITEM-06579,ORD-06579,SKU-0095,1,1481.00,M,rust,0.00
ITEM-06580,ORD-06580,SKU-0005,1,889.00,M,sage,0.00
ITEM-06581,ORD-06581,SKU-0221,1,974.00,L,Terracotta,0.00
ITEM-06582,ORD-06582,SKU-0296,1,1310.00,S,NAVY_BLUE,0.00
ITEM-06583,ORD-06583,SKU-0378,1,441.00,XS,NAVY_BLUE,0.00
ITEM-06584,ORD-06584,SKU-0072,1,792.00,XS,Mustard Yellow,0.00
ITEM-06585,ORD-06585,SKU-0189,1,1256.00,S,Black,0.00
ITEM-06586,ORD-06586,SKU-0093,1,774.00,M,Sage Green,0.00
ITEM-06587,ORD-06587,SKU-0008,1,803.00,XS,Navy Blue,0.00
ITEM-06588,ORD-06588,SKU-0053,1,452.00,XXL,Ivory,0.00
ITEM-06589,ORD-06589,SKU-0255,1,440.00,L,Black,0.00
ITEM-06590,ORD-06590,SKU-0179,1,1327.00,M,Maroon,0.00
ITEM-06591,ORD-06591,SKU-0080,1,1006.00,XS,navy,0.00
ITEM-06592,ORD-06592,SKU-0307,1,1315.00,XL,maroon_red,0.00
ITEM-06593,ORD-06593,SKU-0040,1,400.00,XXL,mustard,0.00
ITEM-06594,ORD-06594,SKU-0062,1,1057.00,XXL,maroon_red,0.00
ITEM-06595,ORD-06595,SKU-0223,1,1120.00,XS,Ivory,0.00
ITEM-06596,ORD-06596,SKU-0268,1,413.00,XL,navy,0.00
ITEM-06597,ORD-06597,SKU-0108,1,447.00,XL,Sage Green,0.00
ITEM-06598,ORD-06598,SKU-0479,1,754.00,S,Black,0.00
ITEM-06599,ORD-06599,SKU-0162,1,886.00,L,sage,0.00
ITEM-06600,ORD-06600,SKU-0133,1,589.00,XXL,Black,0.00
ITEM-06601,ORD-06601,SKU-0461,1,456.00,S,sage,0.00
ITEM-06602,ORD-06602,SKU-0288,1,1419.00,L,Navy Blue,0.00
ITEM-06603,ORD-06603,SKU-0257,1,1086.00,XXL,Navy Blue,0.00
ITEM-06604,ORD-06604,SKU-0090,1,1174.00,L,sage,0.00
ITEM-06605,ORD-06605,SKU-0432,1,1302.00,XL,Ivory,0.00
ITEM-06606,ORD-06606,SKU-0471,1,1008.00,M,rust,0.00
ITEM-06607,ORD-06607,SKU-0232,1,781.00,XS,Black,0.00
ITEM-06608,ORD-06608,SKU-0308,1,531.00,S,Ivory,0.00
ITEM-06609,ORD-06609,SKU-0462,1,940.00,S,Maroon,0.00
ITEM-06610,ORD-06610,SKU-0451,1,489.00,XL,Maroon,0.00
ITEM-06611,ORD-06611,SKU-0228,1,717.00,XL,Navy Blue,0.00
ITEM-06612,ORD-06612,SKU-0131,1,605.00,S,sage,0.00
ITEM-06613,ORD-06613,SKU-0159,1,707.00,XS,Sage Green,0.00
ITEM-06614,ORD-06614,SKU-0132,1,1413.00,L,Terracotta,0.00
ITEM-06615,ORD-06615,SKU-0190,1,1410.00,L,Navy Blue,0.00
ITEM-06616,ORD-06616,SKU-0367,1,1421.00,M,Black,0.00
ITEM-06617,ORD-06617,SKU-0384,1,689.00,L,Maroon,0.00
ITEM-06618,ORD-06618,SKU-0375,1,443.00,L,Navy Blue,0.00
ITEM-06619,ORD-06619,SKU-0273,1,678.00,S,navy,0.00
ITEM-06620,ORD-06620,SKU-0387,1,1016.00,XS,sage,0.00
ITEM-06621,ORD-06621,SKU-0344,1,631.00,XL,Terracotta,0.00
ITEM-06622,ORD-06622,SKU-0457,1,732.00,XS,mustard,0.00
ITEM-06623,ORD-06623,SKU-0086,1,1100.00,XS,sage,0.00
ITEM-06624,ORD-06624,SKU-0475,1,493.00,L,sage,0.00
ITEM-06625,ORD-06625,SKU-0363,1,772.00,XS,Mustard Yellow,0.00
ITEM-06626,ORD-06626,SKU-0152,1,1080.00,XS,rust,0.00
ITEM-06627,ORD-06627,SKU-0002,1,1499.00,S,Maroon,0.00
ITEM-06628,ORD-06628,SKU-0437,1,1319.00,S,Terracotta,0.00
ITEM-06629,ORD-06629,SKU-0436,1,424.00,XXL,Indigo,0.00
ITEM-06630,ORD-06630,SKU-0205,1,1357.00,S,NAVY_BLUE,0.00
ITEM-06631,ORD-06631,SKU-0178,1,1315.00,XL,Sage Green,0.00
ITEM-06632,ORD-06632,SKU-0203,1,983.00,L,mustard,0.00
ITEM-06633,ORD-06633,SKU-0282,1,1131.00,XXL,Navy Blue,0.00
ITEM-06634,ORD-06634,SKU-0172,1,974.00,L,sage,0.00
ITEM-06635,ORD-06635,SKU-0035,1,1337.00,XL,Ivory,0.00
ITEM-06636,ORD-06636,SKU-0176,1,518.00,M,Maroon,0.00
ITEM-06637,ORD-06637,SKU-0188,1,538.00,L,Mustard Yellow,0.00
ITEM-06638,ORD-06638,SKU-0164,1,1207.00,XL,rust,0.00
ITEM-06639,ORD-06639,SKU-0033,1,918.00,M,sage,0.00
ITEM-06640,ORD-06640,SKU-0114,1,585.00,M,navy,0.00
ITEM-06641,ORD-06641,SKU-0356,1,535.00,XXL,navy,0.00
ITEM-06642,ORD-06642,SKU-0277,1,1201.00,S,sage,0.00
ITEM-06643,ORD-06643,SKU-0289,1,444.00,M,navy,0.00
ITEM-06644,ORD-06644,SKU-0262,1,593.00,M,Ivory,0.00
ITEM-06645,ORD-06645,SKU-0408,1,626.00,S,NAVY_BLUE,0.00
ITEM-06646,ORD-06646,SKU-0338,1,1059.00,XS,Black,0.00
ITEM-06647,ORD-06647,SKU-0286,1,1122.00,S,Mustard Yellow,0.00
ITEM-06648,ORD-06648,SKU-0298,1,771.00,M,Black,0.00
ITEM-06649,ORD-06649,SKU-0095,1,1481.00,XL,rust,0.00
ITEM-06650,ORD-06650,SKU-0005,1,889.00,L,sage,0.00
ITEM-06651,ORD-06651,SKU-0221,1,974.00,XS,Terracotta,0.00
ITEM-06652,ORD-06652,SKU-0296,1,1310.00,L,NAVY_BLUE,0.00
ITEM-06653,ORD-06653,SKU-0378,1,441.00,XS,NAVY_BLUE,0.00
ITEM-06654,ORD-06654,SKU-0072,1,792.00,M,Mustard Yellow,0.00
ITEM-06655,ORD-06655,SKU-0189,1,1256.00,XL,Black,0.00
ITEM-06656,ORD-06656,SKU-0093,1,774.00,XS,Sage Green,0.00
ITEM-06657,ORD-06657,SKU-0008,1,803.00,XL,Navy Blue,0.00
ITEM-06658,ORD-06658,SKU-0053,1,452.00,XS,Ivory,0.00
ITEM-06659,ORD-06659,SKU-0255,1,440.00,S,Black,0.00
ITEM-06660,ORD-06660,SKU-0179,1,1327.00,S,Maroon,0.00
ITEM-06661,ORD-06661,SKU-0080,1,1006.00,M,navy,0.00
ITEM-06662,ORD-06662,SKU-0307,1,1315.00,XL,maroon_red,0.00
ITEM-06663,ORD-06663,SKU-0040,1,400.00,XS,mustard,0.00
ITEM-06664,ORD-06664,SKU-0062,1,1057.00,XS,maroon_red,0.00
ITEM-06665,ORD-06665,SKU-0223,1,1120.00,M,Ivory,0.00
ITEM-06666,ORD-06666,SKU-0268,1,413.00,L,navy,0.00
ITEM-06667,ORD-06667,SKU-0108,1,447.00,XS,Sage Green,0.00
ITEM-06668,ORD-06668,SKU-0479,1,754.00,L,Black,0.00
ITEM-06669,ORD-06669,SKU-0162,1,886.00,S,sage,0.00
ITEM-06670,ORD-06670,SKU-0133,1,589.00,L,Black,0.00
ITEM-06671,ORD-06671,SKU-0461,1,456.00,L,sage,0.00
ITEM-06672,ORD-06672,SKU-0288,1,1419.00,XS,Navy Blue,0.00
ITEM-06673,ORD-06673,SKU-0257,1,1086.00,L,Navy Blue,0.00
ITEM-06674,ORD-06674,SKU-0090,1,1174.00,M,sage,0.00
ITEM-06675,ORD-06675,SKU-0432,1,1302.00,XS,Ivory,0.00
ITEM-06676,ORD-06676,SKU-0471,1,1008.00,S,rust,0.00
ITEM-06677,ORD-06677,SKU-0232,1,781.00,XL,Black,0.00
ITEM-06678,ORD-06678,SKU-0308,1,531.00,XL,Ivory,0.00
ITEM-06679,ORD-06679,SKU-0462,1,940.00,M,Maroon,0.00
ITEM-06680,ORD-06680,SKU-0451,1,489.00,M,Maroon,0.00
ITEM-06681,ORD-06681,SKU-0228,1,717.00,XXL,Navy Blue,0.00
ITEM-06682,ORD-06682,SKU-0131,1,605.00,XL,sage,0.00
ITEM-06683,ORD-06683,SKU-0159,1,707.00,XL,Sage Green,0.00
ITEM-06684,ORD-06684,SKU-0132,1,1413.00,XL,Terracotta,0.00
ITEM-06685,ORD-06685,SKU-0190,1,1410.00,M,Navy Blue,0.00
ITEM-06686,ORD-06686,SKU-0367,1,1421.00,S,Black,0.00
ITEM-06687,ORD-06687,SKU-0384,1,689.00,XS,Maroon,0.00
ITEM-06688,ORD-06688,SKU-0375,1,443.00,M,Navy Blue,0.00
ITEM-06689,ORD-06689,SKU-0273,1,678.00,L,navy,0.00
ITEM-06690,ORD-06690,SKU-0387,1,1016.00,L,sage,0.00
ITEM-06691,ORD-06691,SKU-0344,1,631.00,L,Terracotta,0.00
ITEM-06692,ORD-06692,SKU-0457,1,732.00,XL,mustard,0.00
ITEM-06693,ORD-06693,SKU-0086,1,1100.00,S,sage,0.00
ITEM-06694,ORD-06694,SKU-0475,1,493.00,XL,sage,0.00
ITEM-06695,ORD-06695,SKU-0363,1,772.00,XS,Mustard Yellow,0.00
ITEM-06696,ORD-06696,SKU-0152,1,1080.00,XXL,rust,0.00
ITEM-06697,ORD-06697,SKU-0002,1,1499.00,M,Maroon,0.00
ITEM-06698,ORD-06698,SKU-0437,1,1319.00,XL,Terracotta,0.00
ITEM-06699,ORD-06699,SKU-0436,1,424.00,XL,Indigo,0.00
ITEM-06700,ORD-06700,SKU-0205,1,1357.00,XS,NAVY_BLUE,0.00
ITEM-06701,ORD-06701,SKU-0178,1,1315.00,XL,Sage Green,0.00
ITEM-06702,ORD-06702,SKU-0203,1,983.00,XL,mustard,0.00
ITEM-06703,ORD-06703,SKU-0282,1,1131.00,M,Navy Blue,0.00
ITEM-06704,ORD-06704,SKU-0172,1,974.00,XL,sage,0.00
ITEM-06705,ORD-06705,SKU-0035,1,1337.00,L,Ivory,0.00
ITEM-06706,ORD-06706,SKU-0176,1,518.00,XXL,Maroon,0.00
ITEM-06707,ORD-06707,SKU-0188,1,538.00,L,Mustard Yellow,0.00
ITEM-06708,ORD-06708,SKU-0164,1,1207.00,S,rust,0.00
ITEM-06709,ORD-06709,SKU-0033,1,918.00,XS,sage,0.00
ITEM-06710,ORD-06710,SKU-0114,1,585.00,XS,navy,0.00
ITEM-06711,ORD-06711,SKU-0356,1,535.00,XXL,navy,0.00
ITEM-06712,ORD-06712,SKU-0277,1,1201.00,XL,sage,0.00
ITEM-06713,ORD-06713,SKU-0289,1,444.00,M,navy,0.00
ITEM-06714,ORD-06714,SKU-0262,1,593.00,XL,Ivory,0.00
ITEM-06715,ORD-06715,SKU-0408,1,626.00,M,NAVY_BLUE,0.00
ITEM-06716,ORD-06716,SKU-0338,1,1059.00,XXL,Black,0.00
ITEM-06717,ORD-06717,SKU-0286,1,1122.00,XXL,Mustard Yellow,0.00
ITEM-06718,ORD-06718,SKU-0298,1,771.00,L,Black,0.00
ITEM-06719,ORD-06719,SKU-0095,1,1481.00,M,rust,0.00
ITEM-06720,ORD-06720,SKU-0005,1,889.00,M,sage,0.00
ITEM-06721,ORD-06721,SKU-0221,1,974.00,L,Terracotta,0.00
ITEM-06722,ORD-06722,SKU-0296,1,1310.00,M,NAVY_BLUE,0.00
ITEM-06723,ORD-06723,SKU-0378,1,441.00,XS,NAVY_BLUE,0.00
ITEM-06724,ORD-06724,SKU-0072,1,792.00,S,Mustard Yellow,0.00
ITEM-06725,ORD-06725,SKU-0189,1,1256.00,S,Black,0.00
ITEM-06726,ORD-06726,SKU-0093,1,774.00,XS,Sage Green,0.00
ITEM-06727,ORD-06727,SKU-0008,1,803.00,M,Navy Blue,0.00
ITEM-06728,ORD-06728,SKU-0053,1,452.00,M,Ivory,0.00
ITEM-06729,ORD-06729,SKU-0255,1,440.00,XS,Black,0.00
ITEM-06730,ORD-06730,SKU-0179,1,1327.00,XXL,Maroon,0.00
ITEM-06731,ORD-06731,SKU-0080,1,1006.00,XS,navy,0.00
ITEM-06732,ORD-06732,SKU-0307,1,1315.00,XL,maroon_red,0.00
ITEM-06733,ORD-06733,SKU-0040,1,400.00,M,mustard,0.00
ITEM-06734,ORD-06734,SKU-0062,1,1057.00,M,maroon_red,0.00
ITEM-06735,ORD-06735,SKU-0223,1,1120.00,S,Ivory,0.00
ITEM-06736,ORD-06736,SKU-0268,1,413.00,L,navy,0.00
ITEM-06737,ORD-06737,SKU-0108,1,447.00,XS,Sage Green,0.00
ITEM-06738,ORD-06738,SKU-0479,1,754.00,S,Black,0.00
ITEM-06739,ORD-06739,SKU-0162,1,886.00,XXL,sage,0.00
ITEM-06740,ORD-06740,SKU-0133,1,589.00,M,Black,0.00
ITEM-06741,ORD-06741,SKU-0461,1,456.00,M,sage,0.00
ITEM-06742,ORD-06742,SKU-0288,1,1419.00,L,Navy Blue,0.00
ITEM-06743,ORD-06743,SKU-0257,1,1086.00,XXL,Navy Blue,0.00
ITEM-06744,ORD-06744,SKU-0090,1,1174.00,XS,sage,0.00
ITEM-06745,ORD-06745,SKU-0432,1,1302.00,L,Ivory,0.00
ITEM-06746,ORD-06746,SKU-0471,1,1008.00,XS,rust,0.00
ITEM-06747,ORD-06747,SKU-0232,1,781.00,L,Black,0.00
ITEM-06748,ORD-06748,SKU-0308,1,531.00,M,Ivory,0.00
ITEM-06749,ORD-06749,SKU-0462,1,940.00,S,Maroon,0.00
ITEM-06750,ORD-06750,SKU-0451,1,489.00,S,Maroon,0.00
ITEM-06751,ORD-06751,SKU-0228,1,717.00,L,Navy Blue,0.00
ITEM-06752,ORD-06752,SKU-0131,1,605.00,XXL,sage,0.00
ITEM-06753,ORD-06753,SKU-0159,1,707.00,M,Sage Green,0.00
ITEM-06754,ORD-06754,SKU-0132,1,1413.00,M,Terracotta,0.00
ITEM-06755,ORD-06755,SKU-0190,1,1410.00,M,Navy Blue,0.00
ITEM-06756,ORD-06756,SKU-0367,1,1421.00,S,Black,0.00
ITEM-06757,ORD-06757,SKU-0384,1,689.00,XL,Maroon,0.00
ITEM-06758,ORD-06758,SKU-0375,1,443.00,XL,Navy Blue,0.00
ITEM-06759,ORD-06759,SKU-0273,1,678.00,XS,navy,0.00
ITEM-06760,ORD-06760,SKU-0387,1,1016.00,XXL,sage,0.00
ITEM-06761,ORD-06761,SKU-0344,1,631.00,XL,Terracotta,0.00
ITEM-06762,ORD-06762,SKU-0457,1,732.00,XXL,mustard,0.00
ITEM-06763,ORD-06763,SKU-0086,1,1100.00,L,sage,0.00
ITEM-06764,ORD-06764,SKU-0475,1,493.00,S,sage,0.00
ITEM-06765,ORD-06765,SKU-0363,1,772.00,XXL,Mustard Yellow,0.00
ITEM-06766,ORD-06766,SKU-0152,1,1080.00,XXL,rust,0.00
ITEM-06767,ORD-06767,SKU-0002,1,1499.00,L,Maroon,0.00
ITEM-06768,ORD-06768,SKU-0437,1,1319.00,M,Terracotta,0.00
ITEM-06769,ORD-06769,SKU-0436,1,424.00,XL,Indigo,0.00
ITEM-06770,ORD-06770,SKU-0205,1,1357.00,XL,NAVY_BLUE,0.00
ITEM-06771,ORD-06771,SKU-0178,1,1315.00,S,Sage Green,0.00
ITEM-06772,ORD-06772,SKU-0203,1,983.00,S,mustard,0.00
ITEM-06773,ORD-06773,SKU-0282,1,1131.00,L,Navy Blue,0.00
ITEM-06774,ORD-06774,SKU-0172,1,974.00,XL,sage,0.00
ITEM-06775,ORD-06775,SKU-0035,1,1337.00,L,Ivory,0.00
ITEM-06776,ORD-06776,SKU-0176,1,518.00,XS,Maroon,0.00
ITEM-06777,ORD-06777,SKU-0188,1,538.00,L,Mustard Yellow,0.00
ITEM-06778,ORD-06778,SKU-0164,1,1207.00,S,rust,0.00
ITEM-06779,ORD-06779,SKU-0033,1,918.00,XL,sage,0.00
ITEM-06780,ORD-06780,SKU-0114,1,585.00,L,navy,0.00
ITEM-06781,ORD-06781,SKU-0356,1,535.00,XL,navy,0.00
ITEM-06782,ORD-06782,SKU-0277,1,1201.00,L,sage,0.00
ITEM-06783,ORD-06783,SKU-0289,1,444.00,XS,navy,0.00
ITEM-06784,ORD-06784,SKU-0262,1,593.00,S,Ivory,0.00
ITEM-06785,ORD-06785,SKU-0408,1,626.00,M,NAVY_BLUE,0.00
ITEM-06786,ORD-06786,SKU-0338,1,1059.00,L,Black,0.00
ITEM-06787,ORD-06787,SKU-0286,1,1122.00,S,Mustard Yellow,0.00
ITEM-06788,ORD-06788,SKU-0298,1,771.00,XL,Black,0.00
ITEM-06789,ORD-06789,SKU-0095,1,1481.00,XXL,rust,0.00
ITEM-06790,ORD-06790,SKU-0005,1,889.00,XXL,sage,0.00
ITEM-06791,ORD-06791,SKU-0221,1,974.00,XL,Terracotta,0.00
ITEM-06792,ORD-06792,SKU-0296,1,1310.00,XS,NAVY_BLUE,0.00
ITEM-06793,ORD-06793,SKU-0378,1,441.00,M,NAVY_BLUE,0.00
ITEM-06794,ORD-06794,SKU-0072,1,792.00,L,Mustard Yellow,0.00
ITEM-06795,ORD-06795,SKU-0189,1,1256.00,XXL,Black,0.00
ITEM-06796,ORD-06796,SKU-0093,1,774.00,S,Sage Green,0.00
ITEM-06797,ORD-06797,SKU-0008,1,803.00,XS,Navy Blue,0.00
ITEM-06798,ORD-06798,SKU-0053,1,452.00,XS,Ivory,0.00
ITEM-06799,ORD-06799,SKU-0255,1,440.00,M,Black,0.00
ITEM-06800,ORD-06800,SKU-0179,1,1327.00,XXL,Maroon,0.00
ITEM-06801,ORD-06801,SKU-0080,1,1006.00,XS,navy,0.00
ITEM-06802,ORD-06802,SKU-0307,1,1315.00,M,maroon_red,0.00
ITEM-06803,ORD-06803,SKU-0040,1,400.00,M,mustard,0.00
ITEM-06804,ORD-06804,SKU-0062,1,1057.00,M,maroon_red,0.00
ITEM-06805,ORD-06805,SKU-0223,1,1120.00,M,Ivory,0.00
ITEM-06806,ORD-06806,SKU-0268,1,413.00,XL,navy,0.00
ITEM-06807,ORD-06807,SKU-0108,1,447.00,S,Sage Green,0.00
ITEM-06808,ORD-06808,SKU-0479,1,754.00,S,Black,0.00
ITEM-06809,ORD-06809,SKU-0162,1,886.00,S,sage,0.00
ITEM-06810,ORD-06810,SKU-0133,1,589.00,M,Black,0.00
ITEM-06811,ORD-06811,SKU-0461,1,456.00,M,sage,0.00
ITEM-06812,ORD-06812,SKU-0288,1,1419.00,XS,Navy Blue,0.00
ITEM-06813,ORD-06813,SKU-0257,1,1086.00,XS,Navy Blue,0.00
ITEM-06814,ORD-06814,SKU-0090,1,1174.00,XS,sage,0.00
ITEM-06815,ORD-06815,SKU-0432,1,1302.00,M,Ivory,0.00
ITEM-06816,ORD-06816,SKU-0471,1,1008.00,S,rust,0.00
ITEM-06817,ORD-06817,SKU-0232,1,781.00,M,Black,0.00
ITEM-06818,ORD-06818,SKU-0308,1,531.00,M,Ivory,0.00
ITEM-06819,ORD-06819,SKU-0462,1,940.00,M,Maroon,0.00
ITEM-06820,ORD-06820,SKU-0451,1,489.00,S,Maroon,0.00
ITEM-06821,ORD-06821,SKU-0228,1,717.00,L,Navy Blue,0.00
ITEM-06822,ORD-06822,SKU-0131,1,605.00,XXL,sage,0.00
ITEM-06823,ORD-06823,SKU-0159,1,707.00,XS,Sage Green,0.00
ITEM-06824,ORD-06824,SKU-0132,1,1413.00,L,Terracotta,0.00
ITEM-06825,ORD-06825,SKU-0190,1,1410.00,XXL,Navy Blue,0.00
ITEM-06826,ORD-06826,SKU-0367,1,1421.00,L,Black,0.00
ITEM-06827,ORD-06827,SKU-0384,1,689.00,XXL,Maroon,0.00
ITEM-06828,ORD-06828,SKU-0375,1,443.00,XXL,Navy Blue,0.00
ITEM-06829,ORD-06829,SKU-0273,1,678.00,XXL,navy,0.00
ITEM-06830,ORD-06830,SKU-0387,1,1016.00,S,sage,0.00
ITEM-06831,ORD-06831,SKU-0344,1,631.00,S,Terracotta,0.00
ITEM-06832,ORD-06832,SKU-0457,1,732.00,S,mustard,0.00
ITEM-06833,ORD-06833,SKU-0086,1,1100.00,M,sage,0.00
ITEM-06834,ORD-06834,SKU-0475,1,493.00,XXL,sage,0.00
ITEM-06835,ORD-06835,SKU-0363,1,772.00,M,Mustard Yellow,0.00
ITEM-06836,ORD-06836,SKU-0152,1,1080.00,XXL,rust,0.00
ITEM-06837,ORD-06837,SKU-0002,1,1499.00,XL,Maroon,0.00
ITEM-06838,ORD-06838,SKU-0437,1,1319.00,L,Terracotta,0.00
ITEM-06839,ORD-06839,SKU-0436,1,424.00,XS,Indigo,0.00
ITEM-06840,ORD-06840,SKU-0205,1,1357.00,XXL,NAVY_BLUE,0.00
ITEM-06841,ORD-06841,SKU-0178,1,1315.00,L,Sage Green,0.00
ITEM-06842,ORD-06842,SKU-0203,1,983.00,L,mustard,0.00
ITEM-06843,ORD-06843,SKU-0282,1,1131.00,XS,Navy Blue,0.00
ITEM-06844,ORD-06844,SKU-0172,1,974.00,XS,sage,0.00
ITEM-06845,ORD-06845,SKU-0035,1,1337.00,L,Ivory,0.00
ITEM-06846,ORD-06846,SKU-0176,1,518.00,M,Maroon,0.00
ITEM-06847,ORD-06847,SKU-0188,1,538.00,XS,Mustard Yellow,0.00
ITEM-06848,ORD-06848,SKU-0164,1,1207.00,XS,rust,0.00
ITEM-06849,ORD-06849,SKU-0033,1,918.00,XS,sage,0.00
ITEM-06850,ORD-06850,SKU-0114,1,585.00,XXL,navy,0.00
ITEM-06851,ORD-06851,SKU-0356,1,535.00,XL,navy,0.00
ITEM-06852,ORD-06852,SKU-0277,1,1201.00,L,sage,0.00
ITEM-06853,ORD-06853,SKU-0289,1,444.00,M,navy,0.00
ITEM-06854,ORD-06854,SKU-0262,1,593.00,S,Ivory,0.00
ITEM-06855,ORD-06855,SKU-0408,1,626.00,XXL,NAVY_BLUE,0.00
ITEM-06856,ORD-06856,SKU-0338,1,1059.00,XXL,Black,0.00
ITEM-06857,ORD-06857,SKU-0286,1,1122.00,L,Mustard Yellow,0.00
ITEM-06858,ORD-06858,SKU-0298,1,771.00,XL,Black,0.00
ITEM-06859,ORD-06859,SKU-0095,1,1481.00,XXL,rust,0.00
ITEM-06860,ORD-06860,SKU-0005,1,889.00,S,sage,0.00
ITEM-06861,ORD-06861,SKU-0221,1,974.00,L,Terracotta,0.00
ITEM-06862,ORD-06862,SKU-0296,1,1310.00,XXL,NAVY_BLUE,0.00
ITEM-06863,ORD-06863,SKU-0378,1,441.00,XXL,NAVY_BLUE,0.00
ITEM-06864,ORD-06864,SKU-0072,1,792.00,XS,Mustard Yellow,0.00
ITEM-06865,ORD-06865,SKU-0189,1,1256.00,L,Black,0.00
ITEM-06866,ORD-06866,SKU-0093,1,774.00,L,Sage Green,0.00
ITEM-06867,ORD-06867,SKU-0008,1,803.00,L,Navy Blue,0.00
ITEM-06868,ORD-06868,SKU-0053,1,452.00,XL,Ivory,0.00
ITEM-06869,ORD-06869,SKU-0255,1,440.00,M,Black,0.00
ITEM-06870,ORD-06870,SKU-0179,1,1327.00,S,Maroon,0.00
ITEM-06871,ORD-06871,SKU-0080,1,1006.00,XS,navy,0.00
ITEM-06872,ORD-06872,SKU-0307,1,1315.00,XL,maroon_red,0.00
ITEM-06873,ORD-06873,SKU-0040,1,400.00,XS,mustard,0.00
ITEM-06874,ORD-06874,SKU-0062,1,1057.00,XL,maroon_red,0.00
ITEM-06875,ORD-06875,SKU-0223,1,1120.00,S,Ivory,0.00
ITEM-06876,ORD-06876,SKU-0268,1,413.00,S,navy,0.00
ITEM-06877,ORD-06877,SKU-0108,1,447.00,XXL,Sage Green,0.00
ITEM-06878,ORD-06878,SKU-0479,1,754.00,M,Black,0.00
ITEM-06879,ORD-06879,SKU-0162,1,886.00,XS,sage,0.00
ITEM-06880,ORD-06880,SKU-0133,1,589.00,S,Black,0.00
ITEM-06881,ORD-06881,SKU-0461,1,456.00,XS,sage,0.00
ITEM-06882,ORD-06882,SKU-0288,1,1419.00,XXL,Navy Blue,0.00
ITEM-06883,ORD-06883,SKU-0257,1,1086.00,XL,Navy Blue,0.00
ITEM-06884,ORD-06884,SKU-0090,1,1174.00,XXL,sage,0.00
ITEM-06885,ORD-06885,SKU-0432,1,1302.00,L,Ivory,0.00
ITEM-06886,ORD-06886,SKU-0471,1,1008.00,XS,rust,0.00
ITEM-06887,ORD-06887,SKU-0232,1,781.00,S,Black,0.00
ITEM-06888,ORD-06888,SKU-0308,1,531.00,XL,Ivory,0.00
ITEM-06889,ORD-06889,SKU-0462,1,940.00,S,Maroon,0.00
ITEM-06890,ORD-06890,SKU-0451,1,489.00,XL,Maroon,0.00
ITEM-06891,ORD-06891,SKU-0228,1,717.00,XL,Navy Blue,0.00
ITEM-06892,ORD-06892,SKU-0131,1,605.00,L,sage,0.00
ITEM-06893,ORD-06893,SKU-0159,1,707.00,S,Sage Green,0.00
ITEM-06894,ORD-06894,SKU-0132,1,1413.00,M,Terracotta,0.00
ITEM-06895,ORD-06895,SKU-0190,1,1410.00,L,Navy Blue,0.00
ITEM-06896,ORD-06896,SKU-0367,1,1421.00,XL,Black,0.00
ITEM-06897,ORD-06897,SKU-0384,1,689.00,M,Maroon,0.00
ITEM-06898,ORD-06898,SKU-0375,1,443.00,S,Navy Blue,0.00
ITEM-06899,ORD-06899,SKU-0273,1,678.00,XL,navy,0.00
ITEM-06900,ORD-06900,SKU-0387,1,1016.00,XS,sage,0.00
ITEM-06901,ORD-06901,SKU-0344,1,631.00,M,Terracotta,0.00
ITEM-06902,ORD-06902,SKU-0457,1,732.00,XS,mustard,0.00
ITEM-06903,ORD-06903,SKU-0086,1,1100.00,S,sage,0.00
ITEM-06904,ORD-06904,SKU-0475,1,493.00,XL,sage,0.00
ITEM-06905,ORD-06905,SKU-0363,1,772.00,XL,Mustard Yellow,0.00
ITEM-06906,ORD-06906,SKU-0152,1,1080.00,L,rust,0.00
ITEM-06907,ORD-06907,SKU-0002,1,1499.00,XXL,Maroon,0.00
ITEM-06908,ORD-06908,SKU-0437,1,1319.00,M,Terracotta,0.00
ITEM-06909,ORD-06909,SKU-0436,1,424.00,M,Indigo,0.00
ITEM-06910,ORD-06910,SKU-0205,1,1357.00,XS,NAVY_BLUE,0.00
ITEM-06911,ORD-06911,SKU-0178,1,1315.00,M,Sage Green,0.00
ITEM-06912,ORD-06912,SKU-0203,1,983.00,XS,mustard,0.00
ITEM-06913,ORD-06913,SKU-0282,1,1131.00,XL,Navy Blue,0.00
ITEM-06914,ORD-06914,SKU-0172,1,974.00,XS,sage,0.00
ITEM-06915,ORD-06915,SKU-0035,1,1337.00,XXL,Ivory,0.00
ITEM-06916,ORD-06916,SKU-0176,1,518.00,XL,Maroon,0.00
ITEM-06917,ORD-06917,SKU-0188,1,538.00,XL,Mustard Yellow,0.00
ITEM-06918,ORD-06918,SKU-0164,1,1207.00,XS,rust,0.00
ITEM-06919,ORD-06919,SKU-0033,1,918.00,XL,sage,0.00
ITEM-06920,ORD-06920,SKU-0114,1,585.00,M,navy,0.00
ITEM-06921,ORD-06921,SKU-0356,1,535.00,XS,navy,0.00
ITEM-06922,ORD-06922,SKU-0277,1,1201.00,S,sage,0.00
ITEM-06923,ORD-06923,SKU-0289,1,444.00,XL,navy,0.00
ITEM-06924,ORD-06924,SKU-0262,1,593.00,S,Ivory,0.00
ITEM-06925,ORD-06925,SKU-0408,1,626.00,XXL,NAVY_BLUE,0.00
ITEM-06926,ORD-06926,SKU-0338,1,1059.00,XXL,Black,0.00
ITEM-06927,ORD-06927,SKU-0286,1,1122.00,L,Mustard Yellow,0.00
ITEM-06928,ORD-06928,SKU-0298,1,771.00,XS,Black,0.00
ITEM-06929,ORD-06929,SKU-0095,1,1481.00,L,rust,0.00
ITEM-06930,ORD-06930,SKU-0005,1,889.00,M,sage,0.00
ITEM-06931,ORD-06931,SKU-0221,1,974.00,XS,Terracotta,0.00
ITEM-06932,ORD-06932,SKU-0296,1,1310.00,S,NAVY_BLUE,0.00
ITEM-06933,ORD-06933,SKU-0378,1,441.00,S,NAVY_BLUE,0.00
ITEM-06934,ORD-06934,SKU-0072,1,792.00,XL,Mustard Yellow,0.00
ITEM-06935,ORD-06935,SKU-0189,1,1256.00,M,Black,0.00
ITEM-06936,ORD-06936,SKU-0093,1,774.00,M,Sage Green,0.00
ITEM-06937,ORD-06937,SKU-0008,1,803.00,XS,Navy Blue,0.00
ITEM-06938,ORD-06938,SKU-0053,1,452.00,XXL,Ivory,0.00
ITEM-06939,ORD-06939,SKU-0255,1,440.00,XS,Black,0.00
ITEM-06940,ORD-06940,SKU-0179,1,1327.00,L,Maroon,0.00
ITEM-06941,ORD-06941,SKU-0080,1,1006.00,XL,navy,0.00
ITEM-06942,ORD-06942,SKU-0307,1,1315.00,XS,maroon_red,0.00
ITEM-06943,ORD-06943,SKU-0040,1,400.00,L,mustard,0.00
ITEM-06944,ORD-06944,SKU-0062,1,1057.00,L,maroon_red,0.00
ITEM-06945,ORD-06945,SKU-0223,1,1120.00,M,Ivory,0.00
ITEM-06946,ORD-06946,SKU-0268,1,413.00,S,navy,0.00
ITEM-06947,ORD-06947,SKU-0108,1,447.00,S,Sage Green,0.00
ITEM-06948,ORD-06948,SKU-0479,1,754.00,XS,Black,0.00
ITEM-06949,ORD-06949,SKU-0162,1,886.00,XS,sage,0.00
ITEM-06950,ORD-06950,SKU-0133,1,589.00,XXL,Black,0.00
ITEM-06951,ORD-06951,SKU-0461,1,456.00,XL,sage,0.00
ITEM-06952,ORD-06952,SKU-0288,1,1419.00,M,Navy Blue,0.00
ITEM-06953,ORD-06953,SKU-0257,1,1086.00,XS,Navy Blue,0.00
ITEM-06954,ORD-06954,SKU-0090,1,1174.00,M,sage,0.00
ITEM-06955,ORD-06955,SKU-0432,1,1302.00,XS,Ivory,0.00
ITEM-06956,ORD-06956,SKU-0471,1,1008.00,S,rust,0.00
ITEM-06957,ORD-06957,SKU-0232,1,781.00,XS,Black,0.00
ITEM-06958,ORD-06958,SKU-0308,1,531.00,S,Ivory,0.00
ITEM-06959,ORD-06959,SKU-0462,1,940.00,XXL,Maroon,0.00
ITEM-06960,ORD-06960,SKU-0451,1,489.00,XXL,Maroon,0.00
ITEM-06961,ORD-06961,SKU-0228,1,717.00,XL,Navy Blue,0.00
ITEM-06962,ORD-06962,SKU-0131,1,605.00,XS,sage,0.00
ITEM-06963,ORD-06963,SKU-0159,1,707.00,XL,Sage Green,0.00
ITEM-06964,ORD-06964,SKU-0132,1,1413.00,XS,Terracotta,0.00
ITEM-06965,ORD-06965,SKU-0190,1,1410.00,L,Navy Blue,0.00
ITEM-06966,ORD-06966,SKU-0367,1,1421.00,M,Black,0.00
ITEM-06967,ORD-06967,SKU-0384,1,689.00,XS,Maroon,0.00
ITEM-06968,ORD-06968,SKU-0375,1,443.00,XL,Navy Blue,0.00
ITEM-06969,ORD-06969,SKU-0273,1,678.00,XS,navy,0.00
ITEM-06970,ORD-06970,SKU-0387,1,1016.00,XL,sage,0.00
ITEM-06971,ORD-06971,SKU-0344,1,631.00,XL,Terracotta,0.00
ITEM-06972,ORD-06972,SKU-0457,1,732.00,L,mustard,0.00
ITEM-06973,ORD-06973,SKU-0086,1,1100.00,S,sage,0.00
ITEM-06974,ORD-06974,SKU-0475,1,493.00,S,sage,0.00
ITEM-06975,ORD-06975,SKU-0363,1,772.00,S,Mustard Yellow,0.00
ITEM-06976,ORD-06976,SKU-0152,1,1080.00,XXL,rust,0.00
ITEM-06977,ORD-06977,SKU-0002,1,1499.00,XL,Maroon,0.00
ITEM-06978,ORD-06978,SKU-0437,1,1319.00,XXL,Terracotta,0.00
ITEM-06979,ORD-06979,SKU-0436,1,424.00,M,Indigo,0.00
ITEM-06980,ORD-06980,SKU-0205,1,1357.00,XL,NAVY_BLUE,0.00
ITEM-06981,ORD-06981,SKU-0178,1,1315.00,M,Sage Green,0.00
ITEM-06982,ORD-06982,SKU-0203,1,983.00,M,mustard,0.00
ITEM-06983,ORD-06983,SKU-0282,1,1131.00,S,Navy Blue,0.00
ITEM-06984,ORD-06984,SKU-0172,1,974.00,XXL,sage,0.00
ITEM-06985,ORD-06985,SKU-0035,1,1337.00,XS,Ivory,0.00
ITEM-06986,ORD-06986,SKU-0176,1,518.00,XXL,Maroon,0.00
ITEM-06987,ORD-06987,SKU-0188,1,538.00,XS,Mustard Yellow,0.00
ITEM-06988,ORD-06988,SKU-0164,1,1207.00,XL,rust,0.00
ITEM-06989,ORD-06989,SKU-0033,1,918.00,XL,sage,0.00
ITEM-06990,ORD-06990,SKU-0114,1,585.00,XL,navy,0.00
ITEM-06991,ORD-06991,SKU-0356,1,535.00,S,navy,0.00
ITEM-06992,ORD-06992,SKU-0277,1,1201.00,XL,sage,0.00
ITEM-06993,ORD-06993,SKU-0289,1,444.00,XS,navy,0.00
ITEM-06994,ORD-06994,SKU-0262,1,593.00,S,Ivory,0.00
ITEM-06995,ORD-06995,SKU-0408,1,626.00,XS,NAVY_BLUE,0.00
ITEM-06996,ORD-06996,SKU-0338,1,1059.00,L,Black,0.00
ITEM-06997,ORD-06997,SKU-0286,1,1122.00,XL,Mustard Yellow,0.00
ITEM-06998,ORD-06998,SKU-0298,1,771.00,S,Black,0.00
ITEM-06999,ORD-06999,SKU-0095,1,1481.00,L,rust,0.00
ITEM-07000,ORD-07000,SKU-0005,1,889.00,S,sage,0.00
ITEM-07001,ORD-07001,SKU-0221,1,974.00,XS,Terracotta,0.00
ITEM-07002,ORD-07002,SKU-0296,1,1310.00,XL,NAVY_BLUE,0.00
ITEM-07003,ORD-07003,SKU-0378,1,441.00,S,NAVY_BLUE,0.00
ITEM-07004,ORD-07004,SKU-0072,1,792.00,XXL,Mustard Yellow,0.00
ITEM-07005,ORD-07005,SKU-0189,1,1256.00,M,Black,0.00
ITEM-07006,ORD-07006,SKU-0093,1,774.00,S,Sage Green,0.00
ITEM-07007,ORD-07007,SKU-0008,1,803.00,XXL,Navy Blue,0.00
ITEM-07008,ORD-07008,SKU-0053,1,452.00,XXL,Ivory,0.00
ITEM-07009,ORD-07009,SKU-0255,1,440.00,S,Black,0.00
ITEM-07010,ORD-07010,SKU-0179,1,1327.00,XXL,Maroon,0.00
ITEM-07011,ORD-07011,SKU-0080,1,1006.00,XS,navy,0.00
ITEM-07012,ORD-07012,SKU-0307,1,1315.00,XXL,maroon_red,0.00
ITEM-07013,ORD-07013,SKU-0040,1,400.00,XL,mustard,0.00
ITEM-07014,ORD-07014,SKU-0062,1,1057.00,M,maroon_red,0.00
ITEM-07015,ORD-07015,SKU-0223,1,1120.00,XXL,Ivory,0.00
ITEM-07016,ORD-07016,SKU-0268,1,413.00,L,navy,0.00
ITEM-07017,ORD-07017,SKU-0108,1,447.00,S,Sage Green,0.00
ITEM-07018,ORD-07018,SKU-0479,1,754.00,S,Black,0.00
ITEM-07019,ORD-07019,SKU-0162,1,886.00,XL,sage,0.00
ITEM-07020,ORD-07020,SKU-0133,1,589.00,M,Black,0.00
ITEM-07021,ORD-07021,SKU-0461,1,456.00,XXL,sage,0.00
ITEM-07022,ORD-07022,SKU-0288,1,1419.00,XS,Navy Blue,0.00
ITEM-07023,ORD-07023,SKU-0257,1,1086.00,XL,Navy Blue,0.00
ITEM-07024,ORD-07024,SKU-0090,1,1174.00,XL,sage,0.00
ITEM-07025,ORD-07025,SKU-0432,1,1302.00,XXL,Ivory,0.00
ITEM-07026,ORD-07026,SKU-0471,1,1008.00,S,rust,0.00
ITEM-07027,ORD-07027,SKU-0232,1,781.00,XS,Black,0.00
ITEM-07028,ORD-07028,SKU-0308,1,531.00,S,Ivory,0.00
ITEM-07029,ORD-07029,SKU-0462,1,940.00,M,Maroon,0.00
ITEM-07030,ORD-07030,SKU-0451,1,489.00,M,Maroon,0.00
ITEM-07031,ORD-07031,SKU-0228,1,717.00,S,Navy Blue,0.00
ITEM-07032,ORD-07032,SKU-0131,1,605.00,M,sage,0.00
ITEM-07033,ORD-07033,SKU-0159,1,707.00,S,Sage Green,0.00
ITEM-07034,ORD-07034,SKU-0132,1,1413.00,M,Terracotta,0.00
ITEM-07035,ORD-07035,SKU-0190,1,1410.00,S,Navy Blue,0.00
ITEM-07036,ORD-07036,SKU-0367,1,1421.00,XXL,Black,0.00
ITEM-07037,ORD-07037,SKU-0384,1,689.00,XL,Maroon,0.00
ITEM-07038,ORD-07038,SKU-0375,1,443.00,L,Navy Blue,0.00
ITEM-07039,ORD-07039,SKU-0273,1,678.00,M,navy,0.00
ITEM-07040,ORD-07040,SKU-0387,1,1016.00,XS,sage,0.00
ITEM-07041,ORD-07041,SKU-0344,1,631.00,S,Terracotta,0.00
ITEM-07042,ORD-07042,SKU-0457,1,732.00,M,mustard,0.00
ITEM-07043,ORD-07043,SKU-0086,1,1100.00,M,sage,0.00
ITEM-07044,ORD-07044,SKU-0475,1,493.00,XXL,sage,0.00
ITEM-07045,ORD-07045,SKU-0363,1,772.00,L,Mustard Yellow,0.00
ITEM-07046,ORD-07046,SKU-0152,1,1080.00,S,rust,0.00
ITEM-07047,ORD-07047,SKU-0002,1,1499.00,M,Maroon,0.00
ITEM-07048,ORD-07048,SKU-0437,1,1319.00,XXL,Terracotta,0.00
ITEM-07049,ORD-07049,SKU-0436,1,424.00,M,Indigo,0.00
ITEM-07050,ORD-07050,SKU-0205,1,1357.00,XXL,NAVY_BLUE,0.00
ITEM-07051,ORD-07051,SKU-0178,1,1315.00,S,Sage Green,0.00
ITEM-07052,ORD-07052,SKU-0203,1,983.00,XS,mustard,0.00
ITEM-07053,ORD-07053,SKU-0282,1,1131.00,L,Navy Blue,0.00
ITEM-07054,ORD-07054,SKU-0172,1,974.00,L,sage,0.00
ITEM-07055,ORD-07055,SKU-0035,1,1337.00,XS,Ivory,0.00
ITEM-07056,ORD-07056,SKU-0176,1,518.00,M,Maroon,0.00
ITEM-07057,ORD-07057,SKU-0188,1,538.00,S,Mustard Yellow,0.00
ITEM-07058,ORD-07058,SKU-0164,1,1207.00,XS,rust,0.00
ITEM-07059,ORD-07059,SKU-0033,1,918.00,S,sage,0.00
ITEM-07060,ORD-07060,SKU-0114,1,585.00,XXL,navy,0.00
ITEM-07061,ORD-07061,SKU-0356,1,535.00,M,navy,0.00
ITEM-07062,ORD-07062,SKU-0277,1,1201.00,L,sage,0.00
ITEM-07063,ORD-07063,SKU-0289,1,444.00,XXL,navy,0.00
ITEM-07064,ORD-07064,SKU-0262,1,593.00,XL,Ivory,0.00
ITEM-07065,ORD-07065,SKU-0408,1,626.00,M,NAVY_BLUE,0.00
ITEM-07066,ORD-07066,SKU-0338,1,1059.00,XL,Black,0.00
ITEM-07067,ORD-07067,SKU-0286,1,1122.00,XS,Mustard Yellow,0.00
ITEM-07068,ORD-07068,SKU-0298,1,771.00,S,Black,0.00
ITEM-07069,ORD-07069,SKU-0095,1,1481.00,S,rust,0.00
ITEM-07070,ORD-07070,SKU-0005,1,889.00,L,sage,0.00
ITEM-07071,ORD-07071,SKU-0221,1,974.00,L,Terracotta,0.00
ITEM-07072,ORD-07072,SKU-0296,1,1310.00,XL,NAVY_BLUE,0.00
ITEM-07073,ORD-07073,SKU-0378,1,441.00,S,NAVY_BLUE,0.00
ITEM-07074,ORD-07074,SKU-0072,1,792.00,XS,Mustard Yellow,0.00
ITEM-07075,ORD-07075,SKU-0189,1,1256.00,M,Black,0.00
ITEM-07076,ORD-07076,SKU-0093,1,774.00,L,Sage Green,0.00
ITEM-07077,ORD-07077,SKU-0008,1,803.00,L,Navy Blue,0.00
ITEM-07078,ORD-07078,SKU-0053,1,452.00,XL,Ivory,0.00
ITEM-07079,ORD-07079,SKU-0255,1,440.00,XL,Black,0.00
ITEM-07080,ORD-07080,SKU-0179,1,1327.00,XXL,Maroon,0.00
ITEM-07081,ORD-07081,SKU-0080,1,1006.00,M,navy,0.00
ITEM-07082,ORD-07082,SKU-0307,1,1315.00,XXL,maroon_red,0.00
ITEM-07083,ORD-07083,SKU-0040,1,400.00,XS,mustard,0.00
ITEM-07084,ORD-07084,SKU-0062,1,1057.00,L,maroon_red,0.00
ITEM-07085,ORD-07085,SKU-0223,1,1120.00,M,Ivory,0.00
ITEM-07086,ORD-07086,SKU-0268,1,413.00,XS,navy,0.00
ITEM-07087,ORD-07087,SKU-0108,1,447.00,XS,Sage Green,0.00
ITEM-07088,ORD-07088,SKU-0479,1,754.00,XS,Black,0.00
ITEM-07089,ORD-07089,SKU-0162,1,886.00,XS,sage,0.00
ITEM-07090,ORD-07090,SKU-0133,1,589.00,XL,Black,0.00
ITEM-07091,ORD-07091,SKU-0461,1,456.00,M,sage,0.00
ITEM-07092,ORD-07092,SKU-0288,1,1419.00,XXL,Navy Blue,0.00
ITEM-07093,ORD-07093,SKU-0257,1,1086.00,XXL,Navy Blue,0.00
ITEM-07094,ORD-07094,SKU-0090,1,1174.00,L,sage,0.00
ITEM-07095,ORD-07095,SKU-0432,1,1302.00,XL,Ivory,0.00
ITEM-07096,ORD-07096,SKU-0471,1,1008.00,L,rust,0.00
ITEM-07097,ORD-07097,SKU-0232,1,781.00,XS,Black,0.00
ITEM-07098,ORD-07098,SKU-0308,1,531.00,L,Ivory,0.00
ITEM-07099,ORD-07099,SKU-0462,1,940.00,S,Maroon,0.00
ITEM-07100,ORD-07100,SKU-0451,1,489.00,S,Maroon,0.00
ITEM-07101,ORD-07101,SKU-0228,1,717.00,M,Navy Blue,0.00
ITEM-07102,ORD-07102,SKU-0131,1,605.00,L,sage,0.00
ITEM-07103,ORD-07103,SKU-0159,1,707.00,L,Sage Green,0.00
ITEM-07104,ORD-07104,SKU-0132,1,1413.00,M,Terracotta,0.00
ITEM-07105,ORD-07105,SKU-0190,1,1410.00,XL,Navy Blue,0.00
ITEM-07106,ORD-07106,SKU-0367,1,1421.00,L,Black,0.00
ITEM-07107,ORD-07107,SKU-0384,1,689.00,S,Maroon,0.00
ITEM-07108,ORD-07108,SKU-0375,1,443.00,M,Navy Blue,0.00
ITEM-07109,ORD-07109,SKU-0273,1,678.00,XL,navy,0.00
ITEM-07110,ORD-07110,SKU-0387,1,1016.00,S,sage,0.00
ITEM-07111,ORD-07111,SKU-0344,1,631.00,S,Terracotta,0.00
ITEM-07112,ORD-07112,SKU-0457,1,732.00,XS,mustard,0.00
ITEM-07113,ORD-07113,SKU-0086,1,1100.00,XL,sage,0.00
ITEM-07114,ORD-07114,SKU-0475,1,493.00,XS,sage,0.00
ITEM-07115,ORD-07115,SKU-0363,1,772.00,S,Mustard Yellow,0.00
ITEM-07116,ORD-07116,SKU-0152,1,1080.00,M,rust,0.00
ITEM-07117,ORD-07117,SKU-0002,1,1499.00,L,Maroon,0.00
ITEM-07118,ORD-07118,SKU-0437,1,1319.00,XS,Terracotta,0.00
ITEM-07119,ORD-07119,SKU-0436,1,424.00,L,Indigo,0.00
ITEM-07120,ORD-07120,SKU-0205,1,1357.00,XS,NAVY_BLUE,0.00
ITEM-07121,ORD-07121,SKU-0178,1,1315.00,XS,Sage Green,0.00
ITEM-07122,ORD-07122,SKU-0203,1,983.00,M,mustard,0.00
ITEM-07123,ORD-07123,SKU-0282,1,1131.00,XL,Navy Blue,0.00
ITEM-07124,ORD-07124,SKU-0172,1,974.00,XL,sage,0.00
ITEM-07125,ORD-07125,SKU-0035,1,1337.00,M,Ivory,0.00
ITEM-07126,ORD-07126,SKU-0176,1,518.00,L,Maroon,0.00
ITEM-07127,ORD-07127,SKU-0188,1,538.00,XL,Mustard Yellow,0.00
ITEM-07128,ORD-07128,SKU-0164,1,1207.00,XXL,rust,0.00
ITEM-07129,ORD-07129,SKU-0033,1,918.00,S,sage,0.00
ITEM-07130,ORD-07130,SKU-0114,1,585.00,XXL,navy,0.00
ITEM-07131,ORD-07131,SKU-0356,1,535.00,S,navy,0.00
ITEM-07132,ORD-07132,SKU-0277,1,1201.00,XL,sage,0.00
ITEM-07133,ORD-07133,SKU-0289,1,444.00,XS,navy,0.00
ITEM-07134,ORD-07134,SKU-0262,1,593.00,L,Ivory,0.00
ITEM-07135,ORD-07135,SKU-0408,1,626.00,XL,NAVY_BLUE,0.00
ITEM-07136,ORD-07136,SKU-0338,1,1059.00,XS,Black,0.00
ITEM-07137,ORD-07137,SKU-0286,1,1122.00,S,Mustard Yellow,0.00
ITEM-07138,ORD-07138,SKU-0298,1,771.00,XXL,Black,0.00
ITEM-07139,ORD-07139,SKU-0095,1,1481.00,XS,rust,0.00
ITEM-07140,ORD-07140,SKU-0005,1,889.00,M,sage,0.00
ITEM-07141,ORD-07141,SKU-0221,1,974.00,XXL,Terracotta,0.00
ITEM-07142,ORD-07142,SKU-0296,1,1310.00,M,NAVY_BLUE,0.00
ITEM-07143,ORD-07143,SKU-0378,1,441.00,XL,NAVY_BLUE,0.00
ITEM-07144,ORD-07144,SKU-0072,1,792.00,XL,Mustard Yellow,0.00
ITEM-07145,ORD-07145,SKU-0189,1,1256.00,XS,Black,0.00
ITEM-07146,ORD-07146,SKU-0093,1,774.00,XXL,Sage Green,0.00
ITEM-07147,ORD-07147,SKU-0008,1,803.00,XXL,Navy Blue,0.00
ITEM-07148,ORD-07148,SKU-0053,1,452.00,XXL,Ivory,0.00
ITEM-07149,ORD-07149,SKU-0255,1,440.00,S,Black,0.00
ITEM-07150,ORD-07150,SKU-0179,1,1327.00,XXL,Maroon,0.00
ITEM-07151,ORD-07151,SKU-0080,1,1006.00,XXL,navy,0.00
ITEM-07152,ORD-07152,SKU-0307,1,1315.00,S,maroon_red,0.00
ITEM-07153,ORD-07153,SKU-0040,1,400.00,L,mustard,0.00
ITEM-07154,ORD-07154,SKU-0062,1,1057.00,XL,maroon_red,0.00
ITEM-07155,ORD-07155,SKU-0223,1,1120.00,S,Ivory,0.00
ITEM-07156,ORD-07156,SKU-0268,1,413.00,XXL,navy,0.00
ITEM-07157,ORD-07157,SKU-0108,1,447.00,XL,Sage Green,0.00
ITEM-07158,ORD-07158,SKU-0479,1,754.00,XL,Black,0.00
ITEM-07159,ORD-07159,SKU-0162,1,886.00,XXL,sage,0.00
ITEM-07160,ORD-07160,SKU-0133,1,589.00,XL,Black,0.00
ITEM-07161,ORD-07161,SKU-0461,1,456.00,L,sage,0.00
ITEM-07162,ORD-07162,SKU-0288,1,1419.00,XS,Navy Blue,0.00
ITEM-07163,ORD-07163,SKU-0257,1,1086.00,XXL,Navy Blue,0.00
ITEM-07164,ORD-07164,SKU-0090,1,1174.00,XXL,sage,0.00
ITEM-07165,ORD-07165,SKU-0432,1,1302.00,XS,Ivory,0.00
ITEM-07166,ORD-07166,SKU-0471,1,1008.00,XL,rust,0.00
ITEM-07167,ORD-07167,SKU-0232,1,781.00,XXL,Black,0.00
ITEM-07168,ORD-07168,SKU-0308,1,531.00,L,Ivory,0.00
ITEM-07169,ORD-07169,SKU-0462,1,940.00,XS,Maroon,0.00
ITEM-07170,ORD-07170,SKU-0451,1,489.00,XS,Maroon,0.00
ITEM-07171,ORD-07171,SKU-0228,1,717.00,XXL,Navy Blue,0.00
ITEM-07172,ORD-07172,SKU-0131,1,605.00,XS,sage,0.00
ITEM-07173,ORD-07173,SKU-0159,1,707.00,XL,Sage Green,0.00
ITEM-07174,ORD-07174,SKU-0132,1,1413.00,XS,Terracotta,0.00
ITEM-07175,ORD-07175,SKU-0190,1,1410.00,L,Navy Blue,0.00
ITEM-07176,ORD-07176,SKU-0367,1,1421.00,L,Black,0.00
ITEM-07177,ORD-07177,SKU-0384,1,689.00,L,Maroon,0.00
ITEM-07178,ORD-07178,SKU-0375,1,443.00,S,Navy Blue,0.00
ITEM-07179,ORD-07179,SKU-0273,1,678.00,M,navy,0.00
ITEM-07180,ORD-07180,SKU-0387,1,1016.00,M,sage,0.00
ITEM-07181,ORD-07181,SKU-0344,1,631.00,XS,Terracotta,0.00
ITEM-07182,ORD-07182,SKU-0457,1,732.00,L,mustard,0.00
ITEM-07183,ORD-07183,SKU-0086,1,1100.00,L,sage,0.00
ITEM-07184,ORD-07184,SKU-0475,1,493.00,S,sage,0.00
ITEM-07185,ORD-07185,SKU-0363,1,772.00,M,Mustard Yellow,0.00
ITEM-07186,ORD-07186,SKU-0152,1,1080.00,XL,rust,0.00
ITEM-07187,ORD-07187,SKU-0002,1,1499.00,XS,Maroon,0.00
ITEM-07188,ORD-07188,SKU-0437,1,1319.00,M,Terracotta,0.00
ITEM-07189,ORD-07189,SKU-0436,1,424.00,L,Indigo,0.00
ITEM-07190,ORD-07190,SKU-0205,1,1357.00,M,NAVY_BLUE,0.00
ITEM-07191,ORD-07191,SKU-0178,1,1315.00,S,Sage Green,0.00
ITEM-07192,ORD-07192,SKU-0203,1,983.00,L,mustard,0.00
ITEM-07193,ORD-07193,SKU-0282,1,1131.00,M,Navy Blue,0.00
ITEM-07194,ORD-07194,SKU-0172,1,974.00,XXL,sage,0.00
ITEM-07195,ORD-07195,SKU-0035,1,1337.00,S,Ivory,0.00
ITEM-07196,ORD-07196,SKU-0176,1,518.00,M,Maroon,0.00
ITEM-07197,ORD-07197,SKU-0188,1,538.00,XS,Mustard Yellow,0.00
ITEM-07198,ORD-07198,SKU-0164,1,1207.00,XXL,rust,0.00
ITEM-07199,ORD-07199,SKU-0033,1,918.00,XS,sage,0.00
ITEM-07200,ORD-07200,SKU-0114,1,585.00,XXL,navy,0.00
ITEM-07201,ORD-07201,SKU-0356,1,535.00,M,navy,0.00
ITEM-07202,ORD-07202,SKU-0277,1,1201.00,XS,sage,0.00
ITEM-07203,ORD-07203,SKU-0289,1,444.00,XL,navy,0.00
ITEM-07204,ORD-07204,SKU-0262,1,593.00,M,Ivory,0.00
ITEM-07205,ORD-07205,SKU-0408,1,626.00,S,NAVY_BLUE,0.00
ITEM-07206,ORD-07206,SKU-0338,1,1059.00,L,Black,0.00
ITEM-07207,ORD-07207,SKU-0286,1,1122.00,XS,Mustard Yellow,0.00
ITEM-07208,ORD-07208,SKU-0298,1,771.00,XS,Black,0.00
ITEM-07209,ORD-07209,SKU-0095,1,1481.00,XL,rust,0.00
ITEM-07210,ORD-07210,SKU-0005,1,889.00,M,sage,0.00
ITEM-07211,ORD-07211,SKU-0221,1,974.00,L,Terracotta,0.00
ITEM-07212,ORD-07212,SKU-0296,1,1310.00,L,NAVY_BLUE,0.00
ITEM-07213,ORD-07213,SKU-0378,1,441.00,L,NAVY_BLUE,0.00
ITEM-07214,ORD-07214,SKU-0072,1,792.00,S,Mustard Yellow,0.00
ITEM-07215,ORD-07215,SKU-0189,1,1256.00,L,Black,0.00
ITEM-07216,ORD-07216,SKU-0093,1,774.00,XL,Sage Green,0.00
ITEM-07217,ORD-07217,SKU-0008,1,803.00,S,Navy Blue,0.00
ITEM-07218,ORD-07218,SKU-0053,1,452.00,XS,Ivory,0.00
ITEM-07219,ORD-07219,SKU-0255,1,440.00,M,Black,0.00
ITEM-07220,ORD-07220,SKU-0179,1,1327.00,XL,Maroon,0.00
ITEM-07221,ORD-07221,SKU-0080,1,1006.00,L,navy,0.00
ITEM-07222,ORD-07222,SKU-0307,1,1315.00,XL,maroon_red,0.00
ITEM-07223,ORD-07223,SKU-0040,1,400.00,XL,mustard,0.00
ITEM-07224,ORD-07224,SKU-0062,1,1057.00,XL,maroon_red,0.00
ITEM-07225,ORD-07225,SKU-0223,1,1120.00,M,Ivory,0.00
ITEM-07226,ORD-07226,SKU-0268,1,413.00,S,navy,0.00
ITEM-07227,ORD-07227,SKU-0108,1,447.00,S,Sage Green,0.00
ITEM-07228,ORD-07228,SKU-0479,1,754.00,XS,Black,0.00
ITEM-07229,ORD-07229,SKU-0162,1,886.00,L,sage,0.00
ITEM-07230,ORD-07230,SKU-0133,1,589.00,XL,Black,0.00
ITEM-07231,ORD-07231,SKU-0461,1,456.00,S,sage,0.00
ITEM-07232,ORD-07232,SKU-0288,1,1419.00,M,Navy Blue,0.00
ITEM-07233,ORD-07233,SKU-0257,1,1086.00,M,Navy Blue,0.00
ITEM-07234,ORD-07234,SKU-0090,1,1174.00,S,sage,0.00
ITEM-07235,ORD-07235,SKU-0432,1,1302.00,S,Ivory,0.00
ITEM-07236,ORD-07236,SKU-0471,1,1008.00,XL,rust,0.00
ITEM-07237,ORD-07237,SKU-0232,1,781.00,XL,Black,0.00
ITEM-07238,ORD-07238,SKU-0308,1,531.00,XXL,Ivory,0.00
ITEM-07239,ORD-07239,SKU-0462,1,940.00,L,Maroon,0.00
ITEM-07240,ORD-07240,SKU-0451,1,489.00,XXL,Maroon,0.00
ITEM-07241,ORD-07241,SKU-0228,1,717.00,XS,Navy Blue,0.00
ITEM-07242,ORD-07242,SKU-0131,1,605.00,S,sage,0.00
ITEM-07243,ORD-07243,SKU-0159,1,707.00,M,Sage Green,0.00
ITEM-07244,ORD-07244,SKU-0132,1,1413.00,XL,Terracotta,0.00
ITEM-07245,ORD-07245,SKU-0190,1,1410.00,L,Navy Blue,0.00
ITEM-07246,ORD-07246,SKU-0367,1,1421.00,L,Black,0.00
ITEM-07247,ORD-07247,SKU-0384,1,689.00,XS,Maroon,0.00
ITEM-07248,ORD-07248,SKU-0375,1,443.00,XXL,Navy Blue,0.00
ITEM-07249,ORD-07249,SKU-0273,1,678.00,XL,navy,0.00
ITEM-07250,ORD-07250,SKU-0387,1,1016.00,XXL,sage,0.00
ITEM-07251,ORD-07251,SKU-0344,1,631.00,S,Terracotta,0.00
ITEM-07252,ORD-07252,SKU-0457,1,732.00,XXL,mustard,0.00
ITEM-07253,ORD-07253,SKU-0086,1,1100.00,XS,sage,0.00
ITEM-07254,ORD-07254,SKU-0475,1,493.00,L,sage,0.00
ITEM-07255,ORD-07255,SKU-0363,1,772.00,S,Mustard Yellow,0.00
ITEM-07256,ORD-07256,SKU-0152,1,1080.00,XXL,rust,0.00
ITEM-07257,ORD-07257,SKU-0002,1,1499.00,XL,Maroon,0.00
ITEM-07258,ORD-07258,SKU-0437,1,1319.00,L,Terracotta,0.00
ITEM-07259,ORD-07259,SKU-0436,1,424.00,XXL,Indigo,0.00
ITEM-07260,ORD-07260,SKU-0205,1,1357.00,XL,NAVY_BLUE,0.00
ITEM-07261,ORD-07261,SKU-0178,1,1315.00,S,Sage Green,0.00
ITEM-07262,ORD-07262,SKU-0203,1,983.00,XXL,mustard,0.00
ITEM-07263,ORD-07263,SKU-0282,1,1131.00,S,Navy Blue,0.00
ITEM-07264,ORD-07264,SKU-0172,1,974.00,S,sage,0.00
ITEM-07265,ORD-07265,SKU-0035,1,1337.00,XS,Ivory,0.00
ITEM-07266,ORD-07266,SKU-0176,1,518.00,XL,Maroon,0.00
ITEM-07267,ORD-07267,SKU-0188,1,538.00,M,Mustard Yellow,0.00
ITEM-07268,ORD-07268,SKU-0164,1,1207.00,S,rust,0.00
ITEM-07269,ORD-07269,SKU-0033,1,918.00,L,sage,0.00
ITEM-07270,ORD-07270,SKU-0114,1,585.00,S,navy,0.00
ITEM-07271,ORD-07271,SKU-0356,1,535.00,XL,navy,0.00
ITEM-07272,ORD-07272,SKU-0277,1,1201.00,M,sage,0.00
ITEM-07273,ORD-07273,SKU-0289,1,444.00,XL,navy,0.00
ITEM-07274,ORD-07274,SKU-0262,1,593.00,M,Ivory,0.00
ITEM-07275,ORD-07275,SKU-0408,1,626.00,XL,NAVY_BLUE,0.00
ITEM-07276,ORD-07276,SKU-0338,1,1059.00,S,Black,0.00
ITEM-07277,ORD-07277,SKU-0286,1,1122.00,S,Mustard Yellow,0.00
ITEM-07278,ORD-07278,SKU-0298,1,771.00,XXL,Black,0.00
ITEM-07279,ORD-07279,SKU-0095,1,1481.00,XS,rust,0.00
ITEM-07280,ORD-07280,SKU-0005,1,889.00,M,sage,0.00
ITEM-07281,ORD-07281,SKU-0221,1,974.00,L,Terracotta,0.00
ITEM-07282,ORD-07282,SKU-0296,1,1310.00,XS,NAVY_BLUE,0.00
ITEM-07283,ORD-07283,SKU-0378,1,441.00,XXL,NAVY_BLUE,0.00
ITEM-07284,ORD-07284,SKU-0072,1,792.00,XL,Mustard Yellow,0.00
ITEM-07285,ORD-07285,SKU-0189,1,1256.00,XL,Black,0.00
ITEM-07286,ORD-07286,SKU-0093,1,774.00,XS,Sage Green,0.00
ITEM-07287,ORD-07287,SKU-0008,1,803.00,S,Navy Blue,0.00
ITEM-07288,ORD-07288,SKU-0053,1,452.00,M,Ivory,0.00
ITEM-07289,ORD-07289,SKU-0255,1,440.00,XXL,Black,0.00
ITEM-07290,ORD-07290,SKU-0179,1,1327.00,XL,Maroon,0.00
ITEM-07291,ORD-07291,SKU-0080,1,1006.00,XXL,navy,0.00
ITEM-07292,ORD-07292,SKU-0307,1,1315.00,XL,maroon_red,0.00
ITEM-07293,ORD-07293,SKU-0040,1,400.00,XL,mustard,0.00
ITEM-07294,ORD-07294,SKU-0062,1,1057.00,XXL,maroon_red,0.00
ITEM-07295,ORD-07295,SKU-0223,1,1120.00,XXL,Ivory,0.00
ITEM-07296,ORD-07296,SKU-0268,1,413.00,XXL,navy,0.00
ITEM-07297,ORD-07297,SKU-0108,1,447.00,S,Sage Green,0.00
ITEM-07298,ORD-07298,SKU-0479,1,754.00,XS,Black,0.00
ITEM-07299,ORD-07299,SKU-0162,1,886.00,XL,sage,0.00
ITEM-07300,ORD-07300,SKU-0133,1,589.00,XXL,Black,0.00
ITEM-07301,ORD-07301,SKU-0461,1,456.00,S,sage,0.00
ITEM-07302,ORD-07302,SKU-0288,1,1419.00,XS,Navy Blue,0.00
ITEM-07303,ORD-07303,SKU-0257,1,1086.00,XXL,Navy Blue,0.00
ITEM-07304,ORD-07304,SKU-0090,1,1174.00,XS,sage,0.00
ITEM-07305,ORD-07305,SKU-0432,1,1302.00,L,Ivory,0.00
ITEM-07306,ORD-07306,SKU-0471,1,1008.00,S,rust,0.00
ITEM-07307,ORD-07307,SKU-0232,1,781.00,XL,Black,0.00
ITEM-07308,ORD-07308,SKU-0308,1,531.00,XS,Ivory,0.00
ITEM-07309,ORD-07309,SKU-0462,1,940.00,M,Maroon,0.00
ITEM-07310,ORD-07310,SKU-0451,1,489.00,XXL,Maroon,0.00
ITEM-07311,ORD-07311,SKU-0228,1,717.00,S,Navy Blue,0.00
ITEM-07312,ORD-07312,SKU-0131,1,605.00,XS,sage,0.00
ITEM-07313,ORD-07313,SKU-0159,1,707.00,M,Sage Green,0.00
ITEM-07314,ORD-07314,SKU-0132,1,1413.00,XS,Terracotta,0.00
ITEM-07315,ORD-07315,SKU-0190,1,1410.00,L,Navy Blue,0.00
ITEM-07316,ORD-07316,SKU-0367,1,1421.00,M,Black,0.00
ITEM-07317,ORD-07317,SKU-0384,1,689.00,XL,Maroon,0.00
ITEM-07318,ORD-07318,SKU-0375,1,443.00,M,Navy Blue,0.00
ITEM-07319,ORD-07319,SKU-0273,1,678.00,M,navy,0.00
ITEM-07320,ORD-07320,SKU-0387,1,1016.00,L,sage,0.00
ITEM-07321,ORD-07321,SKU-0344,1,631.00,XXL,Terracotta,0.00
ITEM-07322,ORD-07322,SKU-0457,1,732.00,XL,mustard,0.00
ITEM-07323,ORD-07323,SKU-0086,1,1100.00,XXL,sage,0.00
ITEM-07324,ORD-07324,SKU-0475,1,493.00,M,sage,0.00
ITEM-07325,ORD-07325,SKU-0363,1,772.00,S,Mustard Yellow,0.00
ITEM-07326,ORD-07326,SKU-0152,1,1080.00,M,rust,0.00
ITEM-07327,ORD-07327,SKU-0002,1,1499.00,XL,Maroon,0.00
ITEM-07328,ORD-07328,SKU-0437,1,1319.00,XS,Terracotta,0.00
ITEM-07329,ORD-07329,SKU-0436,1,424.00,XS,Indigo,0.00
ITEM-07330,ORD-07330,SKU-0205,1,1357.00,XL,NAVY_BLUE,0.00
ITEM-07331,ORD-07331,SKU-0178,1,1315.00,XL,Sage Green,0.00
ITEM-07332,ORD-07332,SKU-0203,1,983.00,XL,mustard,0.00
ITEM-07333,ORD-07333,SKU-0282,1,1131.00,S,Navy Blue,0.00
ITEM-07334,ORD-07334,SKU-0172,1,974.00,XXL,sage,0.00
ITEM-07335,ORD-07335,SKU-0035,1,1337.00,L,Ivory,0.00
ITEM-07336,ORD-07336,SKU-0176,1,518.00,XXL,Maroon,0.00
ITEM-07337,ORD-07337,SKU-0188,1,538.00,XL,Mustard Yellow,0.00
ITEM-07338,ORD-07338,SKU-0164,1,1207.00,S,rust,0.00
ITEM-07339,ORD-07339,SKU-0033,1,918.00,M,sage,0.00
ITEM-07340,ORD-07340,SKU-0114,1,585.00,XXL,navy,0.00
ITEM-07341,ORD-07341,SKU-0356,1,535.00,M,navy,0.00
ITEM-07342,ORD-07342,SKU-0277,1,1201.00,S,sage,0.00
ITEM-07343,ORD-07343,SKU-0289,1,444.00,S,navy,0.00
ITEM-07344,ORD-07344,SKU-0262,1,593.00,XL,Ivory,0.00
ITEM-07345,ORD-07345,SKU-0408,1,626.00,S,NAVY_BLUE,0.00
ITEM-07346,ORD-07346,SKU-0338,1,1059.00,XXL,Black,0.00
ITEM-07347,ORD-07347,SKU-0286,1,1122.00,L,Mustard Yellow,0.00
ITEM-07348,ORD-07348,SKU-0298,1,771.00,S,Black,0.00
ITEM-07349,ORD-07349,SKU-0095,1,1481.00,L,rust,0.00
ITEM-07350,ORD-07350,SKU-0005,1,889.00,L,sage,0.00
ITEM-07351,ORD-07351,SKU-0221,1,974.00,XXL,Terracotta,0.00
ITEM-07352,ORD-07352,SKU-0296,1,1310.00,XL,NAVY_BLUE,0.00
ITEM-07353,ORD-07353,SKU-0378,1,441.00,XS,NAVY_BLUE,0.00
ITEM-07354,ORD-07354,SKU-0072,1,792.00,XS,Mustard Yellow,0.00
ITEM-07355,ORD-07355,SKU-0189,1,1256.00,XL,Black,0.00
ITEM-07356,ORD-07356,SKU-0093,1,774.00,XS,Sage Green,0.00
ITEM-07357,ORD-07357,SKU-0008,1,803.00,XL,Navy Blue,0.00
ITEM-07358,ORD-07358,SKU-0053,1,452.00,L,Ivory,0.00
ITEM-07359,ORD-07359,SKU-0255,1,440.00,XL,Black,0.00
ITEM-07360,ORD-07360,SKU-0179,1,1327.00,XS,Maroon,0.00
ITEM-07361,ORD-07361,SKU-0080,1,1006.00,L,navy,0.00
ITEM-07362,ORD-07362,SKU-0307,1,1315.00,S,maroon_red,0.00
ITEM-07363,ORD-07363,SKU-0040,1,400.00,XXL,mustard,0.00
ITEM-07364,ORD-07364,SKU-0062,1,1057.00,XS,maroon_red,0.00
ITEM-07365,ORD-07365,SKU-0223,1,1120.00,XS,Ivory,0.00
ITEM-07366,ORD-07366,SKU-0268,1,413.00,L,navy,0.00
ITEM-07367,ORD-07367,SKU-0108,1,447.00,M,Sage Green,0.00
ITEM-07368,ORD-07368,SKU-0479,1,754.00,L,Black,0.00
ITEM-07369,ORD-07369,SKU-0162,1,886.00,XL,sage,0.00
ITEM-07370,ORD-07370,SKU-0133,1,589.00,S,Black,0.00
ITEM-07371,ORD-07371,SKU-0461,1,456.00,S,sage,0.00
ITEM-07372,ORD-07372,SKU-0288,1,1419.00,L,Navy Blue,0.00
ITEM-07373,ORD-07373,SKU-0257,1,1086.00,XL,Navy Blue,0.00
ITEM-07374,ORD-07374,SKU-0090,1,1174.00,L,sage,0.00
ITEM-07375,ORD-07375,SKU-0432,1,1302.00,S,Ivory,0.00
ITEM-07376,ORD-07376,SKU-0471,1,1008.00,S,rust,0.00
ITEM-07377,ORD-07377,SKU-0232,1,781.00,XXL,Black,0.00
ITEM-07378,ORD-07378,SKU-0308,1,531.00,XXL,Ivory,0.00
ITEM-07379,ORD-07379,SKU-0462,1,940.00,M,Maroon,0.00
ITEM-07380,ORD-07380,SKU-0451,1,489.00,XXL,Maroon,0.00
ITEM-07381,ORD-07381,SKU-0228,1,717.00,M,Navy Blue,0.00
ITEM-07382,ORD-07382,SKU-0131,1,605.00,L,sage,0.00
ITEM-07383,ORD-07383,SKU-0159,1,707.00,L,Sage Green,0.00
ITEM-07384,ORD-07384,SKU-0132,1,1413.00,XXL,Terracotta,0.00
ITEM-07385,ORD-07385,SKU-0190,1,1410.00,S,Navy Blue,0.00
ITEM-07386,ORD-07386,SKU-0367,1,1421.00,XL,Black,0.00
ITEM-07387,ORD-07387,SKU-0384,1,689.00,XS,Maroon,0.00
ITEM-07388,ORD-07388,SKU-0375,1,443.00,M,Navy Blue,0.00
ITEM-07389,ORD-07389,SKU-0273,1,678.00,XS,navy,0.00
ITEM-07390,ORD-07390,SKU-0387,1,1016.00,S,sage,0.00
ITEM-07391,ORD-07391,SKU-0344,1,631.00,XXL,Terracotta,0.00
ITEM-07392,ORD-07392,SKU-0457,1,732.00,S,mustard,0.00
ITEM-07393,ORD-07393,SKU-0086,1,1100.00,XL,sage,0.00
ITEM-07394,ORD-07394,SKU-0475,1,493.00,L,sage,0.00
ITEM-07395,ORD-07395,SKU-0363,1,772.00,L,Mustard Yellow,0.00
ITEM-07396,ORD-07396,SKU-0152,1,1080.00,XS,rust,0.00
ITEM-07397,ORD-07397,SKU-0002,1,1499.00,S,Maroon,0.00
ITEM-07398,ORD-07398,SKU-0437,1,1319.00,L,Terracotta,0.00
ITEM-07399,ORD-07399,SKU-0436,1,424.00,S,Indigo,0.00
ITEM-07400,ORD-07400,SKU-0205,1,1357.00,M,NAVY_BLUE,0.00
ITEM-07401,ORD-07401,SKU-0178,1,1315.00,S,Sage Green,0.00
ITEM-07402,ORD-07402,SKU-0203,1,983.00,M,mustard,0.00
ITEM-07403,ORD-07403,SKU-0282,1,1131.00,L,Navy Blue,0.00
ITEM-07404,ORD-07404,SKU-0172,1,974.00,XS,sage,0.00
ITEM-07405,ORD-07405,SKU-0035,1,1337.00,L,Ivory,0.00
ITEM-07406,ORD-07406,SKU-0176,1,518.00,XXL,Maroon,0.00
ITEM-07407,ORD-07407,SKU-0188,1,538.00,XL,Mustard Yellow,0.00
ITEM-07408,ORD-07408,SKU-0164,1,1207.00,XL,rust,0.00
ITEM-07409,ORD-07409,SKU-0033,1,918.00,S,sage,0.00
ITEM-07410,ORD-07410,SKU-0114,1,585.00,M,navy,0.00
ITEM-07411,ORD-07411,SKU-0356,1,535.00,XS,navy,0.00
ITEM-07412,ORD-07412,SKU-0277,1,1201.00,S,sage,0.00
ITEM-07413,ORD-07413,SKU-0289,1,444.00,XXL,navy,0.00
ITEM-07414,ORD-07414,SKU-0262,1,593.00,XL,Ivory,0.00
ITEM-07415,ORD-07415,SKU-0408,1,626.00,S,NAVY_BLUE,0.00
ITEM-07416,ORD-07416,SKU-0338,1,1059.00,L,Black,0.00
ITEM-07417,ORD-07417,SKU-0286,1,1122.00,M,Mustard Yellow,0.00
ITEM-07418,ORD-07418,SKU-0298,1,771.00,XS,Black,0.00
ITEM-07419,ORD-07419,SKU-0095,1,1481.00,M,rust,0.00
ITEM-07420,ORD-07420,SKU-0005,1,889.00,M,sage,0.00
ITEM-07421,ORD-07421,SKU-0221,1,974.00,M,Terracotta,0.00
ITEM-07422,ORD-07422,SKU-0296,1,1310.00,XXL,NAVY_BLUE,0.00
ITEM-07423,ORD-07423,SKU-0378,1,441.00,M,NAVY_BLUE,0.00
ITEM-07424,ORD-07424,SKU-0072,1,792.00,XS,Mustard Yellow,0.00
ITEM-07425,ORD-07425,SKU-0189,1,1256.00,XL,Black,0.00
ITEM-07426,ORD-07426,SKU-0093,1,774.00,M,Sage Green,0.00
ITEM-07427,ORD-07427,SKU-0008,1,803.00,XS,Navy Blue,0.00
ITEM-07428,ORD-07428,SKU-0053,1,452.00,L,Ivory,0.00
ITEM-07429,ORD-07429,SKU-0255,1,440.00,L,Black,0.00
ITEM-07430,ORD-07430,SKU-0179,1,1327.00,L,Maroon,0.00
ITEM-07431,ORD-07431,SKU-0080,1,1006.00,XL,navy,0.00
ITEM-07432,ORD-07432,SKU-0307,1,1315.00,M,maroon_red,0.00
ITEM-07433,ORD-07433,SKU-0040,1,400.00,M,mustard,0.00
ITEM-07434,ORD-07434,SKU-0062,1,1057.00,XL,maroon_red,0.00
ITEM-07435,ORD-07435,SKU-0223,1,1120.00,XXL,Ivory,0.00
ITEM-07436,ORD-07436,SKU-0268,1,413.00,XXL,navy,0.00
ITEM-07437,ORD-07437,SKU-0108,1,447.00,XXL,Sage Green,0.00
ITEM-07438,ORD-07438,SKU-0479,1,754.00,XXL,Black,0.00
ITEM-07439,ORD-07439,SKU-0162,1,886.00,S,sage,0.00
ITEM-07440,ORD-07440,SKU-0133,1,589.00,XXL,Black,0.00
ITEM-07441,ORD-07441,SKU-0461,1,456.00,L,sage,0.00
ITEM-07442,ORD-07442,SKU-0288,1,1419.00,XL,Navy Blue,0.00
ITEM-07443,ORD-07443,SKU-0257,1,1086.00,XS,Navy Blue,0.00
ITEM-07444,ORD-07444,SKU-0090,1,1174.00,S,sage,0.00
ITEM-07445,ORD-07445,SKU-0432,1,1302.00,S,Ivory,0.00
ITEM-07446,ORD-07446,SKU-0471,1,1008.00,S,rust,0.00
ITEM-07447,ORD-07447,SKU-0232,1,781.00,XL,Black,0.00
ITEM-07448,ORD-07448,SKU-0308,1,531.00,XS,Ivory,0.00
ITEM-07449,ORD-07449,SKU-0462,1,940.00,S,Maroon,0.00
ITEM-07450,ORD-07450,SKU-0451,1,489.00,L,Maroon,0.00
ITEM-07451,ORD-07451,SKU-0228,1,717.00,L,Navy Blue,0.00
ITEM-07452,ORD-07452,SKU-0131,1,605.00,XXL,sage,0.00
ITEM-07453,ORD-07453,SKU-0159,1,707.00,M,Sage Green,0.00
ITEM-07454,ORD-07454,SKU-0132,1,1413.00,XS,Terracotta,0.00
ITEM-07455,ORD-07455,SKU-0190,1,1410.00,L,Navy Blue,0.00
ITEM-07456,ORD-07456,SKU-0367,1,1421.00,L,Black,0.00
ITEM-07457,ORD-07457,SKU-0384,1,689.00,S,Maroon,0.00
ITEM-07458,ORD-07458,SKU-0375,1,443.00,XL,Navy Blue,0.00
ITEM-07459,ORD-07459,SKU-0273,1,678.00,XXL,navy,0.00
ITEM-07460,ORD-07460,SKU-0387,1,1016.00,XL,sage,0.00
ITEM-07461,ORD-07461,SKU-0344,1,631.00,S,Terracotta,0.00
ITEM-07462,ORD-07462,SKU-0457,1,732.00,XXL,mustard,0.00
ITEM-07463,ORD-07463,SKU-0086,1,1100.00,XL,sage,0.00
ITEM-07464,ORD-07464,SKU-0475,1,493.00,M,sage,0.00
ITEM-07465,ORD-07465,SKU-0363,1,772.00,XXL,Mustard Yellow,0.00
ITEM-07466,ORD-07466,SKU-0152,1,1080.00,XL,rust,0.00
ITEM-07467,ORD-07467,SKU-0002,1,1499.00,M,Maroon,0.00
ITEM-07468,ORD-07468,SKU-0437,1,1319.00,M,Terracotta,0.00
ITEM-07469,ORD-07469,SKU-0436,1,424.00,S,Indigo,0.00
ITEM-07470,ORD-07470,SKU-0205,1,1357.00,XXL,NAVY_BLUE,0.00
ITEM-07471,ORD-07471,SKU-0178,1,1315.00,XXL,Sage Green,0.00
ITEM-07472,ORD-07472,SKU-0203,1,983.00,L,mustard,0.00
ITEM-07473,ORD-07473,SKU-0282,1,1131.00,XS,Navy Blue,0.00
ITEM-07474,ORD-07474,SKU-0172,1,974.00,XS,sage,0.00
ITEM-07475,ORD-07475,SKU-0035,1,1337.00,XS,Ivory,0.00
ITEM-07476,ORD-07476,SKU-0176,1,518.00,S,Maroon,0.00
ITEM-07477,ORD-07477,SKU-0188,1,538.00,XL,Mustard Yellow,0.00
ITEM-07478,ORD-07478,SKU-0164,1,1207.00,S,rust,0.00
ITEM-07479,ORD-07479,SKU-0033,1,918.00,XXL,sage,0.00
ITEM-07480,ORD-07480,SKU-0114,1,585.00,L,navy,0.00
ITEM-07481,ORD-07481,SKU-0356,1,535.00,S,navy,0.00
ITEM-07482,ORD-07482,SKU-0277,1,1201.00,M,sage,0.00
ITEM-07483,ORD-07483,SKU-0289,1,444.00,XXL,navy,0.00
ITEM-07484,ORD-07484,SKU-0262,1,593.00,XS,Ivory,0.00
ITEM-07485,ORD-07485,SKU-0408,1,626.00,XL,NAVY_BLUE,0.00
ITEM-07486,ORD-07486,SKU-0338,1,1059.00,M,Black,0.00
ITEM-07487,ORD-07487,SKU-0286,1,1122.00,XS,Mustard Yellow,0.00
ITEM-07488,ORD-07488,SKU-0298,1,771.00,S,Black,0.00
ITEM-07489,ORD-07489,SKU-0095,1,1481.00,L,rust,0.00
ITEM-07490,ORD-07490,SKU-0005,1,889.00,XL,sage,0.00
ITEM-07491,ORD-07491,SKU-0221,1,974.00,M,Terracotta,0.00
ITEM-07492,ORD-07492,SKU-0296,1,1310.00,XL,NAVY_BLUE,0.00
ITEM-07493,ORD-07493,SKU-0378,1,441.00,XXL,NAVY_BLUE,0.00
ITEM-07494,ORD-07494,SKU-0072,1,792.00,XS,Mustard Yellow,0.00
ITEM-07495,ORD-07495,SKU-0189,1,1256.00,XL,Black,0.00
ITEM-07496,ORD-07496,SKU-0093,1,774.00,L,Sage Green,0.00
ITEM-07497,ORD-07497,SKU-0008,1,803.00,L,Navy Blue,0.00
ITEM-07498,ORD-07498,SKU-0053,1,452.00,M,Ivory,0.00
ITEM-07499,ORD-07499,SKU-0255,1,440.00,M,Black,0.00
ITEM-07500,ORD-07500,SKU-0179,1,1327.00,XL,Maroon,0.00
ITEM-07501,ORD-07501,SKU-0080,1,1006.00,S,navy,0.00
ITEM-07502,ORD-07502,SKU-0307,1,1315.00,L,maroon_red,0.00
ITEM-07503,ORD-07503,SKU-0040,1,400.00,XL,mustard,0.00
ITEM-07504,ORD-07504,SKU-0062,1,1057.00,XL,maroon_red,0.00
ITEM-07505,ORD-07505,SKU-0223,1,1120.00,XXL,Ivory,0.00
ITEM-07506,ORD-07506,SKU-0268,1,413.00,XL,navy,0.00
ITEM-07507,ORD-07507,SKU-0108,1,447.00,L,Sage Green,0.00
ITEM-07508,ORD-07508,SKU-0479,1,754.00,L,Black,0.00
ITEM-07509,ORD-07509,SKU-0162,1,886.00,XS,sage,0.00
ITEM-07510,ORD-07510,SKU-0133,1,589.00,M,Black,0.00
ITEM-07511,ORD-07511,SKU-0461,1,456.00,XXL,sage,0.00
ITEM-07512,ORD-07512,SKU-0288,1,1419.00,XXL,Navy Blue,0.00
ITEM-07513,ORD-07513,SKU-0257,1,1086.00,XL,Navy Blue,0.00
ITEM-07514,ORD-07514,SKU-0090,1,1174.00,XXL,sage,0.00
ITEM-07515,ORD-07515,SKU-0432,1,1302.00,XS,Ivory,0.00
ITEM-07516,ORD-07516,SKU-0471,1,1008.00,S,rust,0.00
ITEM-07517,ORD-07517,SKU-0232,1,781.00,S,Black,0.00
ITEM-07518,ORD-07518,SKU-0308,1,531.00,XXL,Ivory,0.00
ITEM-07519,ORD-07519,SKU-0462,1,940.00,XXL,Maroon,0.00
ITEM-07520,ORD-07520,SKU-0451,1,489.00,M,Maroon,0.00
ITEM-07521,ORD-07521,SKU-0228,1,717.00,M,Navy Blue,0.00
ITEM-07522,ORD-07522,SKU-0131,1,605.00,XS,sage,0.00
ITEM-07523,ORD-07523,SKU-0159,1,707.00,L,Sage Green,0.00
ITEM-07524,ORD-07524,SKU-0132,1,1413.00,M,Terracotta,0.00
ITEM-07525,ORD-07525,SKU-0190,1,1410.00,S,Navy Blue,0.00
ITEM-07526,ORD-07526,SKU-0367,1,1421.00,S,Black,0.00
ITEM-07527,ORD-07527,SKU-0384,1,689.00,M,Maroon,0.00
ITEM-07528,ORD-07528,SKU-0375,1,443.00,S,Navy Blue,0.00
ITEM-07529,ORD-07529,SKU-0273,1,678.00,L,navy,0.00
ITEM-07530,ORD-07530,SKU-0387,1,1016.00,L,sage,0.00
ITEM-07531,ORD-07531,SKU-0344,1,631.00,XXL,Terracotta,0.00
ITEM-07532,ORD-07532,SKU-0457,1,732.00,XL,mustard,0.00
ITEM-07533,ORD-07533,SKU-0086,1,1100.00,M,sage,0.00
ITEM-07534,ORD-07534,SKU-0475,1,493.00,XL,sage,0.00
ITEM-07535,ORD-07535,SKU-0363,1,772.00,M,Mustard Yellow,0.00
ITEM-07536,ORD-07536,SKU-0152,1,1080.00,XS,rust,0.00
ITEM-07537,ORD-07537,SKU-0002,1,1499.00,XXL,Maroon,0.00
ITEM-07538,ORD-07538,SKU-0437,1,1319.00,L,Terracotta,0.00
ITEM-07539,ORD-07539,SKU-0436,1,424.00,XS,Indigo,0.00
ITEM-07540,ORD-07540,SKU-0205,1,1357.00,XXL,NAVY_BLUE,0.00
ITEM-07541,ORD-07541,SKU-0178,1,1315.00,L,Sage Green,0.00
ITEM-07542,ORD-07542,SKU-0203,1,983.00,XXL,mustard,0.00
ITEM-07543,ORD-07543,SKU-0282,1,1131.00,XL,Navy Blue,0.00
ITEM-07544,ORD-07544,SKU-0172,1,974.00,XS,sage,0.00
ITEM-07545,ORD-07545,SKU-0035,1,1337.00,L,Ivory,0.00
ITEM-07546,ORD-07546,SKU-0176,1,518.00,M,Maroon,0.00
ITEM-07547,ORD-07547,SKU-0188,1,538.00,XL,Mustard Yellow,0.00
ITEM-07548,ORD-07548,SKU-0164,1,1207.00,S,rust,0.00
ITEM-07549,ORD-07549,SKU-0033,1,918.00,XL,sage,0.00
ITEM-07550,ORD-07550,SKU-0114,1,585.00,XL,navy,0.00
ITEM-07551,ORD-07551,SKU-0356,1,535.00,XL,navy,0.00
ITEM-07552,ORD-07552,SKU-0277,1,1201.00,S,sage,0.00
ITEM-07553,ORD-07553,SKU-0289,1,444.00,XXL,navy,0.00
ITEM-07554,ORD-07554,SKU-0262,1,593.00,M,Ivory,0.00
ITEM-07555,ORD-07555,SKU-0408,1,626.00,XL,NAVY_BLUE,0.00
ITEM-07556,ORD-07556,SKU-0338,1,1059.00,M,Black,0.00
ITEM-07557,ORD-07557,SKU-0286,1,1122.00,M,Mustard Yellow,0.00
ITEM-07558,ORD-07558,SKU-0298,1,771.00,XXL,Black,0.00
ITEM-07559,ORD-07559,SKU-0095,1,1481.00,S,rust,0.00
ITEM-07560,ORD-07560,SKU-0005,1,889.00,L,sage,0.00
ITEM-07561,ORD-07561,SKU-0221,1,974.00,XXL,Terracotta,0.00
ITEM-07562,ORD-07562,SKU-0296,1,1310.00,XS,NAVY_BLUE,0.00
ITEM-07563,ORD-07563,SKU-0378,1,441.00,XS,NAVY_BLUE,0.00
ITEM-07564,ORD-07564,SKU-0072,1,792.00,XL,Mustard Yellow,0.00
ITEM-07565,ORD-07565,SKU-0189,1,1256.00,XXL,Black,0.00
ITEM-07566,ORD-07566,SKU-0093,1,774.00,XL,Sage Green,0.00
ITEM-07567,ORD-07567,SKU-0008,1,803.00,XS,Navy Blue,0.00
ITEM-07568,ORD-07568,SKU-0053,1,452.00,XXL,Ivory,0.00
ITEM-07569,ORD-07569,SKU-0255,1,440.00,L,Black,0.00
ITEM-07570,ORD-07570,SKU-0179,1,1327.00,XXL,Maroon,0.00
ITEM-07571,ORD-07571,SKU-0080,1,1006.00,XS,navy,0.00
ITEM-07572,ORD-07572,SKU-0307,1,1315.00,S,maroon_red,0.00
ITEM-07573,ORD-07573,SKU-0040,1,400.00,XXL,mustard,0.00
ITEM-07574,ORD-07574,SKU-0062,1,1057.00,S,maroon_red,0.00
ITEM-07575,ORD-07575,SKU-0223,1,1120.00,XL,Ivory,0.00
ITEM-07576,ORD-07576,SKU-0268,1,413.00,L,navy,0.00
ITEM-07577,ORD-07577,SKU-0108,1,447.00,XL,Sage Green,0.00
ITEM-07578,ORD-07578,SKU-0479,1,754.00,M,Black,0.00
ITEM-07579,ORD-07579,SKU-0162,1,886.00,M,sage,0.00
ITEM-07580,ORD-07580,SKU-0133,1,589.00,M,Black,0.00
ITEM-07581,ORD-07581,SKU-0461,1,456.00,XXL,sage,0.00
ITEM-07582,ORD-07582,SKU-0288,1,1419.00,XXL,Navy Blue,0.00
ITEM-07583,ORD-07583,SKU-0257,1,1086.00,M,Navy Blue,0.00
ITEM-07584,ORD-07584,SKU-0090,1,1174.00,XS,sage,0.00
ITEM-07585,ORD-07585,SKU-0432,1,1302.00,S,Ivory,0.00
ITEM-07586,ORD-07586,SKU-0471,1,1008.00,XS,rust,0.00
ITEM-07587,ORD-07587,SKU-0232,1,781.00,S,Black,0.00
ITEM-07588,ORD-07588,SKU-0308,1,531.00,XXL,Ivory,0.00
ITEM-07589,ORD-07589,SKU-0462,1,940.00,XL,Maroon,0.00
ITEM-07590,ORD-07590,SKU-0451,1,489.00,S,Maroon,0.00
ITEM-07591,ORD-07591,SKU-0228,1,717.00,XS,Navy Blue,0.00
ITEM-07592,ORD-07592,SKU-0131,1,605.00,XS,sage,0.00
ITEM-07593,ORD-07593,SKU-0159,1,707.00,XS,Sage Green,0.00
ITEM-07594,ORD-07594,SKU-0132,1,1413.00,XXL,Terracotta,0.00
ITEM-07595,ORD-07595,SKU-0190,1,1410.00,L,Navy Blue,0.00
ITEM-07596,ORD-07596,SKU-0367,1,1421.00,M,Black,0.00
ITEM-07597,ORD-07597,SKU-0384,1,689.00,S,Maroon,0.00
ITEM-07598,ORD-07598,SKU-0375,1,443.00,M,Navy Blue,0.00
ITEM-07599,ORD-07599,SKU-0273,1,678.00,S,navy,0.00
ITEM-07600,ORD-07600,SKU-0387,1,1016.00,S,sage,0.00
ITEM-07601,ORD-07601,SKU-0344,1,631.00,M,Terracotta,0.00
ITEM-07602,ORD-07602,SKU-0457,1,732.00,S,mustard,0.00
ITEM-07603,ORD-07603,SKU-0086,1,1100.00,XXL,sage,0.00
ITEM-07604,ORD-07604,SKU-0475,1,493.00,XXL,sage,0.00
ITEM-07605,ORD-07605,SKU-0363,1,772.00,XS,Mustard Yellow,0.00
ITEM-07606,ORD-07606,SKU-0152,1,1080.00,XS,rust,0.00
ITEM-07607,ORD-07607,SKU-0002,1,1499.00,S,Maroon,0.00
ITEM-07608,ORD-07608,SKU-0437,1,1319.00,S,Terracotta,0.00
ITEM-07609,ORD-07609,SKU-0436,1,424.00,XXL,Indigo,0.00
ITEM-07610,ORD-07610,SKU-0205,1,1357.00,XXL,NAVY_BLUE,0.00
ITEM-07611,ORD-07611,SKU-0178,1,1315.00,XL,Sage Green,0.00
ITEM-07612,ORD-07612,SKU-0203,1,983.00,S,mustard,0.00
ITEM-07613,ORD-07613,SKU-0282,1,1131.00,XL,Navy Blue,0.00
ITEM-07614,ORD-07614,SKU-0172,1,974.00,XXL,sage,0.00
ITEM-07615,ORD-07615,SKU-0035,1,1337.00,XL,Ivory,0.00
ITEM-07616,ORD-07616,SKU-0176,1,518.00,XXL,Maroon,0.00
ITEM-07617,ORD-07617,SKU-0188,1,538.00,XXL,Mustard Yellow,0.00
ITEM-07618,ORD-07618,SKU-0164,1,1207.00,XXL,rust,0.00
ITEM-07619,ORD-07619,SKU-0033,1,918.00,XXL,sage,0.00
ITEM-07620,ORD-07620,SKU-0114,1,585.00,L,navy,0.00
ITEM-07621,ORD-07621,SKU-0356,1,535.00,M,navy,0.00
ITEM-07622,ORD-07622,SKU-0277,1,1201.00,XS,sage,0.00
ITEM-07623,ORD-07623,SKU-0289,1,444.00,XS,navy,0.00
ITEM-07624,ORD-07624,SKU-0262,1,593.00,M,Ivory,0.00
ITEM-07625,ORD-07625,SKU-0408,1,626.00,M,NAVY_BLUE,0.00
ITEM-07626,ORD-07626,SKU-0338,1,1059.00,S,Black,0.00
ITEM-07627,ORD-07627,SKU-0286,1,1122.00,XXL,Mustard Yellow,0.00
ITEM-07628,ORD-07628,SKU-0298,1,771.00,XL,Black,0.00
ITEM-07629,ORD-07629,SKU-0095,1,1481.00,S,rust,0.00
ITEM-07630,ORD-07630,SKU-0005,1,889.00,M,sage,0.00
ITEM-07631,ORD-07631,SKU-0221,1,974.00,M,Terracotta,0.00
ITEM-07632,ORD-07632,SKU-0296,1,1310.00,XXL,NAVY_BLUE,0.00
ITEM-07633,ORD-07633,SKU-0378,1,441.00,M,NAVY_BLUE,0.00
ITEM-07634,ORD-07634,SKU-0072,1,792.00,XS,Mustard Yellow,0.00
ITEM-07635,ORD-07635,SKU-0189,1,1256.00,M,Black,0.00
ITEM-07636,ORD-07636,SKU-0093,1,774.00,XXL,Sage Green,0.00
ITEM-07637,ORD-07637,SKU-0008,1,803.00,XXL,Navy Blue,0.00
ITEM-07638,ORD-07638,SKU-0053,1,452.00,XL,Ivory,0.00
ITEM-07639,ORD-07639,SKU-0255,1,440.00,XL,Black,0.00
ITEM-07640,ORD-07640,SKU-0179,1,1327.00,L,Maroon,0.00
ITEM-07641,ORD-07641,SKU-0080,1,1006.00,XS,navy,0.00
ITEM-07642,ORD-07642,SKU-0307,1,1315.00,XL,maroon_red,0.00
ITEM-07643,ORD-07643,SKU-0040,1,400.00,XXL,mustard,0.00
ITEM-07644,ORD-07644,SKU-0062,1,1057.00,XXL,maroon_red,0.00
ITEM-07645,ORD-07645,SKU-0223,1,1120.00,XS,Ivory,0.00
ITEM-07646,ORD-07646,SKU-0268,1,413.00,XL,navy,0.00
ITEM-07647,ORD-07647,SKU-0108,1,447.00,XS,Sage Green,0.00
ITEM-07648,ORD-07648,SKU-0479,1,754.00,L,Black,0.00
ITEM-07649,ORD-07649,SKU-0162,1,886.00,M,sage,0.00
ITEM-07650,ORD-07650,SKU-0133,1,589.00,M,Black,0.00
ITEM-07651,ORD-07651,SKU-0461,1,456.00,XL,sage,0.00
ITEM-07652,ORD-07652,SKU-0288,1,1419.00,XS,Navy Blue,0.00
ITEM-07653,ORD-07653,SKU-0257,1,1086.00,XS,Navy Blue,0.00
ITEM-07654,ORD-07654,SKU-0090,1,1174.00,XS,sage,0.00
ITEM-07655,ORD-07655,SKU-0432,1,1302.00,M,Ivory,0.00
ITEM-07656,ORD-07656,SKU-0471,1,1008.00,S,rust,0.00
ITEM-07657,ORD-07657,SKU-0232,1,781.00,XS,Black,0.00
ITEM-07658,ORD-07658,SKU-0308,1,531.00,M,Ivory,0.00
ITEM-07659,ORD-07659,SKU-0462,1,940.00,L,Maroon,0.00
ITEM-07660,ORD-07660,SKU-0451,1,489.00,XS,Maroon,0.00
ITEM-07661,ORD-07661,SKU-0228,1,717.00,L,Navy Blue,0.00
ITEM-07662,ORD-07662,SKU-0131,1,605.00,M,sage,0.00
ITEM-07663,ORD-07663,SKU-0159,1,707.00,XL,Sage Green,0.00
ITEM-07664,ORD-07664,SKU-0132,1,1413.00,S,Terracotta,0.00
ITEM-07665,ORD-07665,SKU-0190,1,1410.00,M,Navy Blue,0.00
ITEM-07666,ORD-07666,SKU-0367,1,1421.00,M,Black,0.00
ITEM-07667,ORD-07667,SKU-0384,1,689.00,XXL,Maroon,0.00
ITEM-07668,ORD-07668,SKU-0375,1,443.00,S,Navy Blue,0.00
ITEM-07669,ORD-07669,SKU-0273,1,678.00,XS,navy,0.00
ITEM-07670,ORD-07670,SKU-0387,1,1016.00,XL,sage,0.00
ITEM-07671,ORD-07671,SKU-0344,1,631.00,M,Terracotta,0.00
ITEM-07672,ORD-07672,SKU-0457,1,732.00,M,mustard,0.00
ITEM-07673,ORD-07673,SKU-0086,1,1100.00,XXL,sage,0.00
ITEM-07674,ORD-07674,SKU-0475,1,493.00,M,sage,0.00
ITEM-07675,ORD-07675,SKU-0363,1,772.00,L,Mustard Yellow,0.00
ITEM-07676,ORD-07676,SKU-0152,1,1080.00,S,rust,0.00
ITEM-07677,ORD-07677,SKU-0002,1,1499.00,L,Maroon,0.00
ITEM-07678,ORD-07678,SKU-0437,1,1319.00,XXL,Terracotta,0.00
ITEM-07679,ORD-07679,SKU-0436,1,424.00,XS,Indigo,0.00
ITEM-07680,ORD-07680,SKU-0205,1,1357.00,XL,NAVY_BLUE,0.00
ITEM-07681,ORD-07681,SKU-0178,1,1315.00,M,Sage Green,0.00
ITEM-07682,ORD-07682,SKU-0203,1,983.00,XL,mustard,0.00
ITEM-07683,ORD-07683,SKU-0282,1,1131.00,XS,Navy Blue,0.00
ITEM-07684,ORD-07684,SKU-0172,1,974.00,M,sage,0.00
ITEM-07685,ORD-07685,SKU-0035,1,1337.00,XL,Ivory,0.00
ITEM-07686,ORD-07686,SKU-0176,1,518.00,XL,Maroon,0.00
ITEM-07687,ORD-07687,SKU-0188,1,538.00,L,Mustard Yellow,0.00
ITEM-07688,ORD-07688,SKU-0164,1,1207.00,XXL,rust,0.00
ITEM-07689,ORD-07689,SKU-0033,1,918.00,XXL,sage,0.00
ITEM-07690,ORD-07690,SKU-0114,1,585.00,XS,navy,0.00
ITEM-07691,ORD-07691,SKU-0356,1,535.00,M,navy,0.00
ITEM-07692,ORD-07692,SKU-0277,1,1201.00,M,sage,0.00
ITEM-07693,ORD-07693,SKU-0289,1,444.00,XL,navy,0.00
ITEM-07694,ORD-07694,SKU-0262,1,593.00,S,Ivory,0.00
ITEM-07695,ORD-07695,SKU-0408,1,626.00,XS,NAVY_BLUE,0.00
ITEM-07696,ORD-07696,SKU-0338,1,1059.00,S,Black,0.00
ITEM-07697,ORD-07697,SKU-0286,1,1122.00,XS,Mustard Yellow,0.00
ITEM-07698,ORD-07698,SKU-0298,1,771.00,S,Black,0.00
ITEM-07699,ORD-07699,SKU-0095,1,1481.00,L,rust,0.00
ITEM-07700,ORD-07700,SKU-0005,1,889.00,XL,sage,0.00
ITEM-07701,ORD-07701,SKU-0221,1,974.00,L,Terracotta,0.00
ITEM-07702,ORD-07702,SKU-0296,1,1310.00,XXL,NAVY_BLUE,0.00
ITEM-07703,ORD-07703,SKU-0378,1,441.00,XXL,NAVY_BLUE,0.00
ITEM-07704,ORD-07704,SKU-0072,1,792.00,S,Mustard Yellow,0.00
ITEM-07705,ORD-07705,SKU-0189,1,1256.00,S,Black,0.00
ITEM-07706,ORD-07706,SKU-0093,1,774.00,L,Sage Green,0.00
ITEM-07707,ORD-07707,SKU-0008,1,803.00,XS,Navy Blue,0.00
ITEM-07708,ORD-07708,SKU-0053,1,452.00,XS,Ivory,0.00
ITEM-07709,ORD-07709,SKU-0255,1,440.00,XS,Black,0.00
ITEM-07710,ORD-07710,SKU-0179,1,1327.00,XL,Maroon,0.00
ITEM-07711,ORD-07711,SKU-0080,1,1006.00,S,navy,0.00
ITEM-07712,ORD-07712,SKU-0307,1,1315.00,XS,maroon_red,0.00
ITEM-07713,ORD-07713,SKU-0040,1,400.00,XS,mustard,0.00
ITEM-07714,ORD-07714,SKU-0062,1,1057.00,XS,maroon_red,0.00
ITEM-07715,ORD-07715,SKU-0223,1,1120.00,S,Ivory,0.00
ITEM-07716,ORD-07716,SKU-0268,1,413.00,L,navy,0.00
ITEM-07717,ORD-07717,SKU-0108,1,447.00,XS,Sage Green,0.00
ITEM-07718,ORD-07718,SKU-0479,1,754.00,L,Black,0.00
ITEM-07719,ORD-07719,SKU-0162,1,886.00,L,sage,0.00
ITEM-07720,ORD-07720,SKU-0133,1,589.00,XL,Black,0.00
ITEM-07721,ORD-07721,SKU-0461,1,456.00,XL,sage,0.00
ITEM-07722,ORD-07722,SKU-0288,1,1419.00,XS,Navy Blue,0.00
ITEM-07723,ORD-07723,SKU-0257,1,1086.00,XXL,Navy Blue,0.00
ITEM-07724,ORD-07724,SKU-0090,1,1174.00,L,sage,0.00
ITEM-07725,ORD-07725,SKU-0432,1,1302.00,XXL,Ivory,0.00
ITEM-07726,ORD-07726,SKU-0471,1,1008.00,M,rust,0.00
ITEM-07727,ORD-07727,SKU-0232,1,781.00,L,Black,0.00
ITEM-07728,ORD-07728,SKU-0308,1,531.00,M,Ivory,0.00
ITEM-07729,ORD-07729,SKU-0462,1,940.00,L,Maroon,0.00
ITEM-07730,ORD-07730,SKU-0451,1,489.00,XL,Maroon,0.00
ITEM-07731,ORD-07731,SKU-0228,1,717.00,S,Navy Blue,0.00
ITEM-07732,ORD-07732,SKU-0131,1,605.00,S,sage,0.00
ITEM-07733,ORD-07733,SKU-0159,1,707.00,L,Sage Green,0.00
ITEM-07734,ORD-07734,SKU-0132,1,1413.00,XXL,Terracotta,0.00
ITEM-07735,ORD-07735,SKU-0190,1,1410.00,L,Navy Blue,0.00
ITEM-07736,ORD-07736,SKU-0367,1,1421.00,XXL,Black,0.00
ITEM-07737,ORD-07737,SKU-0384,1,689.00,L,Maroon,0.00
ITEM-07738,ORD-07738,SKU-0375,1,443.00,XL,Navy Blue,0.00
ITEM-07739,ORD-07739,SKU-0273,1,678.00,L,navy,0.00
ITEM-07740,ORD-07740,SKU-0387,1,1016.00,XS,sage,0.00
ITEM-07741,ORD-07741,SKU-0344,1,631.00,S,Terracotta,0.00
ITEM-07742,ORD-07742,SKU-0457,1,732.00,M,mustard,0.00
ITEM-07743,ORD-07743,SKU-0086,1,1100.00,M,sage,0.00
ITEM-07744,ORD-07744,SKU-0475,1,493.00,XS,sage,0.00
ITEM-07745,ORD-07745,SKU-0363,1,772.00,XS,Mustard Yellow,0.00
ITEM-07746,ORD-07746,SKU-0152,1,1080.00,M,rust,0.00
ITEM-07747,ORD-07747,SKU-0002,1,1499.00,XL,Maroon,0.00
ITEM-07748,ORD-07748,SKU-0437,1,1319.00,XL,Terracotta,0.00
ITEM-07749,ORD-07749,SKU-0436,1,424.00,XS,Indigo,0.00
ITEM-07750,ORD-07750,SKU-0205,1,1357.00,XS,NAVY_BLUE,0.00
ITEM-07751,ORD-07751,SKU-0178,1,1315.00,XS,Sage Green,0.00
ITEM-07752,ORD-07752,SKU-0203,1,983.00,L,mustard,0.00
ITEM-07753,ORD-07753,SKU-0282,1,1131.00,XXL,Navy Blue,0.00
ITEM-07754,ORD-07754,SKU-0172,1,974.00,M,sage,0.00
ITEM-07755,ORD-07755,SKU-0035,1,1337.00,S,Ivory,0.00
ITEM-07756,ORD-07756,SKU-0176,1,518.00,S,Maroon,0.00
ITEM-07757,ORD-07757,SKU-0188,1,538.00,M,Mustard Yellow,0.00
ITEM-07758,ORD-07758,SKU-0164,1,1207.00,XXL,rust,0.00
ITEM-07759,ORD-07759,SKU-0033,1,918.00,L,sage,0.00
ITEM-07760,ORD-07760,SKU-0114,1,585.00,L,navy,0.00
ITEM-07761,ORD-07761,SKU-0356,1,535.00,M,navy,0.00
ITEM-07762,ORD-07762,SKU-0277,1,1201.00,S,sage,0.00
ITEM-07763,ORD-07763,SKU-0289,1,444.00,XL,navy,0.00
ITEM-07764,ORD-07764,SKU-0262,1,593.00,M,Ivory,0.00
ITEM-07765,ORD-07765,SKU-0408,1,626.00,S,NAVY_BLUE,0.00
ITEM-07766,ORD-07766,SKU-0338,1,1059.00,M,Black,0.00
ITEM-07767,ORD-07767,SKU-0286,1,1122.00,XS,Mustard Yellow,0.00
ITEM-07768,ORD-07768,SKU-0298,1,771.00,L,Black,0.00
ITEM-07769,ORD-07769,SKU-0095,1,1481.00,L,rust,0.00
ITEM-07770,ORD-07770,SKU-0005,1,889.00,XL,sage,0.00
ITEM-07771,ORD-07771,SKU-0221,1,974.00,XL,Terracotta,0.00
ITEM-07772,ORD-07772,SKU-0296,1,1310.00,XS,NAVY_BLUE,0.00
ITEM-07773,ORD-07773,SKU-0378,1,441.00,L,NAVY_BLUE,0.00
ITEM-07774,ORD-07774,SKU-0072,1,792.00,L,Mustard Yellow,0.00
ITEM-07775,ORD-07775,SKU-0189,1,1256.00,XL,Black,0.00
ITEM-07776,ORD-07776,SKU-0093,1,774.00,S,Sage Green,0.00
ITEM-07777,ORD-07777,SKU-0008,1,803.00,L,Navy Blue,0.00
ITEM-07778,ORD-07778,SKU-0053,1,452.00,XS,Ivory,0.00
ITEM-07779,ORD-07779,SKU-0255,1,440.00,XS,Black,0.00
ITEM-07780,ORD-07780,SKU-0179,1,1327.00,XS,Maroon,0.00
ITEM-07781,ORD-07781,SKU-0080,1,1006.00,M,navy,0.00
ITEM-07782,ORD-07782,SKU-0307,1,1315.00,L,maroon_red,0.00
ITEM-07783,ORD-07783,SKU-0040,1,400.00,XL,mustard,0.00
ITEM-07784,ORD-07784,SKU-0062,1,1057.00,L,maroon_red,0.00
ITEM-07785,ORD-07785,SKU-0223,1,1120.00,L,Ivory,0.00
ITEM-07786,ORD-07786,SKU-0268,1,413.00,S,navy,0.00
ITEM-07787,ORD-07787,SKU-0108,1,447.00,L,Sage Green,0.00
ITEM-07788,ORD-07788,SKU-0479,1,754.00,M,Black,0.00
ITEM-07789,ORD-07789,SKU-0162,1,886.00,XS,sage,0.00
ITEM-07790,ORD-07790,SKU-0133,1,589.00,S,Black,0.00
ITEM-07791,ORD-07791,SKU-0461,1,456.00,XS,sage,0.00
ITEM-07792,ORD-07792,SKU-0288,1,1419.00,XL,Navy Blue,0.00
ITEM-07793,ORD-07793,SKU-0257,1,1086.00,L,Navy Blue,0.00
ITEM-07794,ORD-07794,SKU-0090,1,1174.00,S,sage,0.00
ITEM-07795,ORD-07795,SKU-0432,1,1302.00,XL,Ivory,0.00
ITEM-07796,ORD-07796,SKU-0471,1,1008.00,XS,rust,0.00
ITEM-07797,ORD-07797,SKU-0232,1,781.00,L,Black,0.00
ITEM-07798,ORD-07798,SKU-0308,1,531.00,XXL,Ivory,0.00
ITEM-07799,ORD-07799,SKU-0462,1,940.00,L,Maroon,0.00
ITEM-07800,ORD-07800,SKU-0451,1,489.00,M,Maroon,0.00
ITEM-07801,ORD-07801,SKU-0228,1,717.00,M,Navy Blue,0.00
ITEM-07802,ORD-07802,SKU-0131,1,605.00,M,sage,0.00
ITEM-07803,ORD-07803,SKU-0159,1,707.00,M,Sage Green,0.00
ITEM-07804,ORD-07804,SKU-0132,1,1413.00,S,Terracotta,0.00
ITEM-07805,ORD-07805,SKU-0190,1,1410.00,XL,Navy Blue,0.00
ITEM-07806,ORD-07806,SKU-0367,1,1421.00,L,Black,0.00
ITEM-07807,ORD-07807,SKU-0384,1,689.00,M,Maroon,0.00
ITEM-07808,ORD-07808,SKU-0375,1,443.00,XXL,Navy Blue,0.00
ITEM-07809,ORD-07809,SKU-0273,1,678.00,XXL,navy,0.00
ITEM-07810,ORD-07810,SKU-0387,1,1016.00,XXL,sage,0.00
ITEM-07811,ORD-07811,SKU-0344,1,631.00,XXL,Terracotta,0.00
ITEM-07812,ORD-07812,SKU-0457,1,732.00,S,mustard,0.00
ITEM-07813,ORD-07813,SKU-0086,1,1100.00,M,sage,0.00
ITEM-07814,ORD-07814,SKU-0475,1,493.00,XXL,sage,0.00
ITEM-07815,ORD-07815,SKU-0363,1,772.00,XS,Mustard Yellow,0.00
ITEM-07816,ORD-07816,SKU-0152,1,1080.00,XL,rust,0.00
ITEM-07817,ORD-07817,SKU-0002,1,1499.00,XXL,Maroon,0.00
ITEM-07818,ORD-07818,SKU-0437,1,1319.00,M,Terracotta,0.00
ITEM-07819,ORD-07819,SKU-0436,1,424.00,XS,Indigo,0.00
ITEM-07820,ORD-07820,SKU-0205,1,1357.00,S,NAVY_BLUE,0.00
ITEM-07821,ORD-07821,SKU-0178,1,1315.00,XXL,Sage Green,0.00
ITEM-07822,ORD-07822,SKU-0203,1,983.00,L,mustard,0.00
ITEM-07823,ORD-07823,SKU-0282,1,1131.00,S,Navy Blue,0.00
ITEM-07824,ORD-07824,SKU-0172,1,974.00,L,sage,0.00
ITEM-07825,ORD-07825,SKU-0035,1,1337.00,XS,Ivory,0.00
ITEM-07826,ORD-07826,SKU-0176,1,518.00,XXL,Maroon,0.00
ITEM-07827,ORD-07827,SKU-0188,1,538.00,XL,Mustard Yellow,0.00
ITEM-07828,ORD-07828,SKU-0164,1,1207.00,L,rust,0.00
ITEM-07829,ORD-07829,SKU-0033,1,918.00,XS,sage,0.00
ITEM-07830,ORD-07830,SKU-0114,1,585.00,XXL,navy,0.00
ITEM-07831,ORD-07831,SKU-0356,1,535.00,XL,navy,0.00
ITEM-07832,ORD-07832,SKU-0277,1,1201.00,XS,sage,0.00
ITEM-07833,ORD-07833,SKU-0289,1,444.00,XS,navy,0.00
ITEM-07834,ORD-07834,SKU-0262,1,593.00,S,Ivory,0.00
ITEM-07835,ORD-07835,SKU-0408,1,626.00,S,NAVY_BLUE,0.00
ITEM-07836,ORD-07836,SKU-0338,1,1059.00,L,Black,0.00
ITEM-07837,ORD-07837,SKU-0286,1,1122.00,XS,Mustard Yellow,0.00
ITEM-07838,ORD-07838,SKU-0298,1,771.00,S,Black,0.00
ITEM-07839,ORD-07839,SKU-0095,1,1481.00,XL,rust,0.00
ITEM-07840,ORD-07840,SKU-0005,1,889.00,XXL,sage,0.00
ITEM-07841,ORD-07841,SKU-0221,1,974.00,XXL,Terracotta,0.00
ITEM-07842,ORD-07842,SKU-0296,1,1310.00,XXL,NAVY_BLUE,0.00
ITEM-07843,ORD-07843,SKU-0378,1,441.00,M,NAVY_BLUE,0.00
ITEM-07844,ORD-07844,SKU-0072,1,792.00,S,Mustard Yellow,0.00
ITEM-07845,ORD-07845,SKU-0189,1,1256.00,XS,Black,0.00
ITEM-07846,ORD-07846,SKU-0093,1,774.00,XXL,Sage Green,0.00
ITEM-07847,ORD-07847,SKU-0008,1,803.00,XS,Navy Blue,0.00
ITEM-07848,ORD-07848,SKU-0053,1,452.00,S,Ivory,0.00
ITEM-07849,ORD-07849,SKU-0255,1,440.00,S,Black,0.00
ITEM-07850,ORD-07850,SKU-0179,1,1327.00,XS,Maroon,0.00
ITEM-07851,ORD-07851,SKU-0080,1,1006.00,XXL,navy,0.00
ITEM-07852,ORD-07852,SKU-0307,1,1315.00,XL,maroon_red,0.00
ITEM-07853,ORD-07853,SKU-0040,1,400.00,L,mustard,0.00
ITEM-07854,ORD-07854,SKU-0062,1,1057.00,M,maroon_red,0.00
ITEM-07855,ORD-07855,SKU-0223,1,1120.00,L,Ivory,0.00
ITEM-07856,ORD-07856,SKU-0268,1,413.00,XS,navy,0.00
ITEM-07857,ORD-07857,SKU-0108,1,447.00,L,Sage Green,0.00
ITEM-07858,ORD-07858,SKU-0479,1,754.00,XL,Black,0.00
ITEM-07859,ORD-07859,SKU-0162,1,886.00,M,sage,0.00
ITEM-07860,ORD-07860,SKU-0133,1,589.00,M,Black,0.00
ITEM-07861,ORD-07861,SKU-0461,1,456.00,XL,sage,0.00
ITEM-07862,ORD-07862,SKU-0288,1,1419.00,XL,Navy Blue,0.00
ITEM-07863,ORD-07863,SKU-0257,1,1086.00,L,Navy Blue,0.00
ITEM-07864,ORD-07864,SKU-0090,1,1174.00,XS,sage,0.00
ITEM-07865,ORD-07865,SKU-0432,1,1302.00,XXL,Ivory,0.00
ITEM-07866,ORD-07866,SKU-0471,1,1008.00,XXL,rust,0.00
ITEM-07867,ORD-07867,SKU-0232,1,781.00,XS,Black,0.00
ITEM-07868,ORD-07868,SKU-0308,1,531.00,XXL,Ivory,0.00
ITEM-07869,ORD-07869,SKU-0462,1,940.00,M,Maroon,0.00
ITEM-07870,ORD-07870,SKU-0451,1,489.00,XXL,Maroon,0.00
ITEM-07871,ORD-07871,SKU-0228,1,717.00,XL,Navy Blue,0.00
ITEM-07872,ORD-07872,SKU-0131,1,605.00,XXL,sage,0.00
ITEM-07873,ORD-07873,SKU-0159,1,707.00,XS,Sage Green,0.00
ITEM-07874,ORD-07874,SKU-0132,1,1413.00,XS,Terracotta,0.00
ITEM-07875,ORD-07875,SKU-0190,1,1410.00,XXL,Navy Blue,0.00
ITEM-07876,ORD-07876,SKU-0367,1,1421.00,L,Black,0.00
ITEM-07877,ORD-07877,SKU-0384,1,689.00,XS,Maroon,0.00
ITEM-07878,ORD-07878,SKU-0375,1,443.00,XS,Navy Blue,0.00
ITEM-07879,ORD-07879,SKU-0273,1,678.00,XXL,navy,0.00
ITEM-07880,ORD-07880,SKU-0387,1,1016.00,S,sage,0.00
ITEM-07881,ORD-07881,SKU-0344,1,631.00,XS,Terracotta,0.00
ITEM-07882,ORD-07882,SKU-0457,1,732.00,M,mustard,0.00
ITEM-07883,ORD-07883,SKU-0086,1,1100.00,XL,sage,0.00
ITEM-07884,ORD-07884,SKU-0475,1,493.00,XXL,sage,0.00
ITEM-07885,ORD-07885,SKU-0363,1,772.00,M,Mustard Yellow,0.00
ITEM-07886,ORD-07886,SKU-0152,1,1080.00,L,rust,0.00
ITEM-07887,ORD-07887,SKU-0002,1,1499.00,XXL,Maroon,0.00
ITEM-07888,ORD-07888,SKU-0437,1,1319.00,XXL,Terracotta,0.00
ITEM-07889,ORD-07889,SKU-0436,1,424.00,XXL,Indigo,0.00
ITEM-07890,ORD-07890,SKU-0205,1,1357.00,S,NAVY_BLUE,0.00
ITEM-07891,ORD-07891,SKU-0178,1,1315.00,XL,Sage Green,0.00
ITEM-07892,ORD-07892,SKU-0203,1,983.00,M,mustard,0.00
ITEM-07893,ORD-07893,SKU-0282,1,1131.00,XXL,Navy Blue,0.00
ITEM-07894,ORD-07894,SKU-0172,1,974.00,L,sage,0.00
ITEM-07895,ORD-07895,SKU-0035,1,1337.00,XXL,Ivory,0.00
ITEM-07896,ORD-07896,SKU-0176,1,518.00,XS,Maroon,0.00
ITEM-07897,ORD-07897,SKU-0188,1,538.00,M,Mustard Yellow,0.00
ITEM-07898,ORD-07898,SKU-0164,1,1207.00,S,rust,0.00
ITEM-07899,ORD-07899,SKU-0033,1,918.00,XXL,sage,0.00
ITEM-07900,ORD-07900,SKU-0114,1,585.00,XS,navy,0.00
ITEM-07901,ORD-07901,SKU-0356,1,535.00,M,navy,0.00
ITEM-07902,ORD-07902,SKU-0277,1,1201.00,M,sage,0.00
ITEM-07903,ORD-07903,SKU-0289,1,444.00,S,navy,0.00
ITEM-07904,ORD-07904,SKU-0262,1,593.00,M,Ivory,0.00
ITEM-07905,ORD-07905,SKU-0408,1,626.00,L,NAVY_BLUE,0.00
ITEM-07906,ORD-07906,SKU-0338,1,1059.00,XL,Black,0.00
ITEM-07907,ORD-07907,SKU-0286,1,1122.00,XXL,Mustard Yellow,0.00
ITEM-07908,ORD-07908,SKU-0298,1,771.00,XXL,Black,0.00
ITEM-07909,ORD-07909,SKU-0095,1,1481.00,XXL,rust,0.00
ITEM-07910,ORD-07910,SKU-0005,1,889.00,M,sage,0.00
ITEM-07911,ORD-07911,SKU-0221,1,974.00,XXL,Terracotta,0.00
ITEM-07912,ORD-07912,SKU-0296,1,1310.00,XS,NAVY_BLUE,0.00
ITEM-07913,ORD-07913,SKU-0378,1,441.00,XS,NAVY_BLUE,0.00
ITEM-07914,ORD-07914,SKU-0072,1,792.00,XXL,Mustard Yellow,0.00
ITEM-07915,ORD-07915,SKU-0189,1,1256.00,M,Black,0.00
ITEM-07916,ORD-07916,SKU-0093,1,774.00,XS,Sage Green,0.00
ITEM-07917,ORD-07917,SKU-0008,1,803.00,M,Navy Blue,0.00
ITEM-07918,ORD-07918,SKU-0053,1,452.00,S,Ivory,0.00
ITEM-07919,ORD-07919,SKU-0255,1,440.00,XL,Black,0.00
ITEM-07920,ORD-07920,SKU-0179,1,1327.00,XXL,Maroon,0.00
ITEM-07921,ORD-07921,SKU-0080,1,1006.00,XXL,navy,0.00
ITEM-07922,ORD-07922,SKU-0307,1,1315.00,XS,maroon_red,0.00
ITEM-07923,ORD-07923,SKU-0040,1,400.00,L,mustard,0.00
ITEM-07924,ORD-07924,SKU-0062,1,1057.00,XL,maroon_red,0.00
ITEM-07925,ORD-07925,SKU-0223,1,1120.00,XS,Ivory,0.00
ITEM-07926,ORD-07926,SKU-0268,1,413.00,XS,navy,0.00
ITEM-07927,ORD-07927,SKU-0108,1,447.00,M,Sage Green,0.00
ITEM-07928,ORD-07928,SKU-0479,1,754.00,M,Black,0.00
ITEM-07929,ORD-07929,SKU-0162,1,886.00,M,sage,0.00
ITEM-07930,ORD-07930,SKU-0133,1,589.00,XS,Black,0.00
ITEM-07931,ORD-07931,SKU-0461,1,456.00,XS,sage,0.00
ITEM-07932,ORD-07932,SKU-0288,1,1419.00,L,Navy Blue,0.00
ITEM-07933,ORD-07933,SKU-0257,1,1086.00,XS,Navy Blue,0.00
ITEM-07934,ORD-07934,SKU-0090,1,1174.00,S,sage,0.00
ITEM-07935,ORD-07935,SKU-0432,1,1302.00,XL,Ivory,0.00
ITEM-07936,ORD-07936,SKU-0471,1,1008.00,XS,rust,0.00
ITEM-07937,ORD-07937,SKU-0232,1,781.00,L,Black,0.00
ITEM-07938,ORD-07938,SKU-0308,1,531.00,S,Ivory,0.00
ITEM-07939,ORD-07939,SKU-0462,1,940.00,M,Maroon,0.00
ITEM-07940,ORD-07940,SKU-0451,1,489.00,M,Maroon,0.00
ITEM-07941,ORD-07941,SKU-0228,1,717.00,XL,Navy Blue,0.00
ITEM-07942,ORD-07942,SKU-0131,1,605.00,L,sage,0.00
ITEM-07943,ORD-07943,SKU-0159,1,707.00,M,Sage Green,0.00
ITEM-07944,ORD-07944,SKU-0132,1,1413.00,M,Terracotta,0.00
ITEM-07945,ORD-07945,SKU-0190,1,1410.00,XS,Navy Blue,0.00
ITEM-07946,ORD-07946,SKU-0367,1,1421.00,M,Black,0.00
ITEM-07947,ORD-07947,SKU-0384,1,689.00,XL,Maroon,0.00
ITEM-07948,ORD-07948,SKU-0375,1,443.00,XL,Navy Blue,0.00
ITEM-07949,ORD-07949,SKU-0273,1,678.00,XL,navy,0.00
ITEM-07950,ORD-07950,SKU-0387,1,1016.00,S,sage,0.00
ITEM-07951,ORD-07951,SKU-0344,1,631.00,L,Terracotta,0.00
ITEM-07952,ORD-07952,SKU-0457,1,732.00,L,mustard,0.00
ITEM-07953,ORD-07953,SKU-0086,1,1100.00,XXL,sage,0.00
ITEM-07954,ORD-07954,SKU-0475,1,493.00,XS,sage,0.00
ITEM-07955,ORD-07955,SKU-0363,1,772.00,XS,Mustard Yellow,0.00
ITEM-07956,ORD-07956,SKU-0152,1,1080.00,L,rust,0.00
ITEM-07957,ORD-07957,SKU-0002,1,1499.00,XS,Maroon,0.00
ITEM-07958,ORD-07958,SKU-0437,1,1319.00,XXL,Terracotta,0.00
ITEM-07959,ORD-07959,SKU-0436,1,424.00,XXL,Indigo,0.00
ITEM-07960,ORD-07960,SKU-0205,1,1357.00,XXL,NAVY_BLUE,0.00
ITEM-07961,ORD-07961,SKU-0178,1,1315.00,XS,Sage Green,0.00
ITEM-07962,ORD-07962,SKU-0203,1,983.00,L,mustard,0.00
ITEM-07963,ORD-07963,SKU-0282,1,1131.00,XS,Navy Blue,0.00
ITEM-07964,ORD-07964,SKU-0172,1,974.00,S,sage,0.00
ITEM-07965,ORD-07965,SKU-0035,1,1337.00,XL,Ivory,0.00
ITEM-07966,ORD-07966,SKU-0176,1,518.00,S,Maroon,0.00
ITEM-07967,ORD-07967,SKU-0188,1,538.00,XXL,Mustard Yellow,0.00
ITEM-07968,ORD-07968,SKU-0164,1,1207.00,XS,rust,0.00
ITEM-07969,ORD-07969,SKU-0033,1,918.00,XXL,sage,0.00
ITEM-07970,ORD-07970,SKU-0114,1,585.00,M,navy,0.00
ITEM-07971,ORD-07971,SKU-0356,1,535.00,XS,navy,0.00
ITEM-07972,ORD-07972,SKU-0277,1,1201.00,M,sage,0.00
ITEM-07973,ORD-07973,SKU-0289,1,444.00,XXL,navy,0.00
ITEM-07974,ORD-07974,SKU-0262,1,593.00,M,Ivory,0.00
ITEM-07975,ORD-07975,SKU-0408,1,626.00,M,NAVY_BLUE,0.00
ITEM-07976,ORD-07976,SKU-0338,1,1059.00,XL,Black,0.00
ITEM-07977,ORD-07977,SKU-0286,1,1122.00,XXL,Mustard Yellow,0.00
ITEM-07978,ORD-07978,SKU-0298,1,771.00,M,Black,0.00
ITEM-07979,ORD-07979,SKU-0095,1,1481.00,XS,rust,0.00
ITEM-07980,ORD-07980,SKU-0005,1,889.00,XS,sage,0.00
ITEM-07981,ORD-07981,SKU-0221,1,974.00,XS,Terracotta,0.00
ITEM-07982,ORD-07982,SKU-0296,1,1310.00,XXL,NAVY_BLUE,0.00
ITEM-07983,ORD-07983,SKU-0378,1,441.00,XS,NAVY_BLUE,0.00
ITEM-07984,ORD-07984,SKU-0072,1,792.00,XL,Mustard Yellow,0.00
ITEM-07985,ORD-07985,SKU-0189,1,1256.00,XXL,Black,0.00
ITEM-07986,ORD-07986,SKU-0093,1,774.00,L,Sage Green,0.00
ITEM-07987,ORD-07987,SKU-0008,1,803.00,XL,Navy Blue,0.00
ITEM-07988,ORD-07988,SKU-0053,1,452.00,XXL,Ivory,0.00
ITEM-07989,ORD-07989,SKU-0255,1,440.00,XS,Black,0.00
ITEM-07990,ORD-07990,SKU-0179,1,1327.00,XS,Maroon,0.00
ITEM-07991,ORD-07991,SKU-0080,1,1006.00,XL,navy,0.00
ITEM-07992,ORD-07992,SKU-0307,1,1315.00,XXL,maroon_red,0.00
ITEM-07993,ORD-07993,SKU-0040,1,400.00,M,mustard,0.00
ITEM-07994,ORD-07994,SKU-0062,1,1057.00,S,maroon_red,0.00
ITEM-07995,ORD-07995,SKU-0223,1,1120.00,M,Ivory,0.00
ITEM-07996,ORD-07996,SKU-0268,1,413.00,XL,navy,0.00
ITEM-07997,ORD-07997,SKU-0108,1,447.00,M,Sage Green,0.00
ITEM-07998,ORD-07998,SKU-0479,1,754.00,XXL,Black,0.00
ITEM-07999,ORD-07999,SKU-0162,1,886.00,M,sage,0.00
ITEM-08000,ORD-08000,SKU-0133,1,589.00,S,Black,0.00
ITEM-08001,ORD-08001,SKU-0461,1,456.00,S,sage,0.00
ITEM-08002,ORD-08002,SKU-0288,1,1419.00,M,Navy Blue,0.00
ITEM-08003,ORD-08003,SKU-0257,1,1086.00,XL,Navy Blue,0.00
ITEM-08004,ORD-08004,SKU-0090,1,1174.00,L,sage,0.00
ITEM-08005,ORD-08005,SKU-0432,1,1302.00,XS,Ivory,0.00
ITEM-08006,ORD-08006,SKU-0471,1,1008.00,XS,rust,0.00
ITEM-08007,ORD-08007,SKU-0232,1,781.00,S,Black,0.00
ITEM-08008,ORD-08008,SKU-0308,1,531.00,XS,Ivory,0.00
ITEM-08009,ORD-08009,SKU-0462,1,940.00,M,Maroon,0.00
ITEM-08010,ORD-08010,SKU-0451,1,489.00,XXL,Maroon,0.00
ITEM-08011,ORD-08011,SKU-0228,1,717.00,XS,Navy Blue,0.00
ITEM-08012,ORD-08012,SKU-0131,1,605.00,XL,sage,0.00
ITEM-08013,ORD-08013,SKU-0159,1,707.00,L,Sage Green,0.00
ITEM-08014,ORD-08014,SKU-0132,1,1413.00,M,Terracotta,0.00
ITEM-08015,ORD-08015,SKU-0190,1,1410.00,L,Navy Blue,0.00
ITEM-08016,ORD-08016,SKU-0367,1,1421.00,XL,Black,0.00
ITEM-08017,ORD-08017,SKU-0384,1,689.00,S,Maroon,0.00
ITEM-08018,ORD-08018,SKU-0375,1,443.00,L,Navy Blue,0.00
ITEM-08019,ORD-08019,SKU-0273,1,678.00,M,navy,0.00
ITEM-08020,ORD-08020,SKU-0387,1,1016.00,XL,sage,0.00
ITEM-08021,ORD-08021,SKU-0344,1,631.00,M,Terracotta,0.00
ITEM-08022,ORD-08022,SKU-0457,1,732.00,XS,mustard,0.00
ITEM-08023,ORD-08023,SKU-0086,1,1100.00,M,sage,0.00
ITEM-08024,ORD-08024,SKU-0475,1,493.00,XL,sage,0.00
ITEM-08025,ORD-08025,SKU-0363,1,772.00,S,Mustard Yellow,0.00
ITEM-08026,ORD-08026,SKU-0152,1,1080.00,L,rust,0.00
ITEM-08027,ORD-08027,SKU-0002,1,1499.00,S,Maroon,0.00
ITEM-08028,ORD-08028,SKU-0437,1,1319.00,L,Terracotta,0.00
ITEM-08029,ORD-08029,SKU-0436,1,424.00,XS,Indigo,0.00
ITEM-08030,ORD-08030,SKU-0205,1,1357.00,XXL,NAVY_BLUE,0.00
ITEM-08031,ORD-08031,SKU-0178,1,1315.00,XXL,Sage Green,0.00
ITEM-08032,ORD-08032,SKU-0203,1,983.00,L,mustard,0.00
ITEM-08033,ORD-08033,SKU-0282,1,1131.00,XXL,Navy Blue,0.00
ITEM-08034,ORD-08034,SKU-0172,1,974.00,S,sage,0.00
ITEM-08035,ORD-08035,SKU-0035,1,1337.00,XL,Ivory,0.00
ITEM-08036,ORD-08036,SKU-0176,1,518.00,M,Maroon,0.00
ITEM-08037,ORD-08037,SKU-0188,1,538.00,M,Mustard Yellow,0.00
ITEM-08038,ORD-08038,SKU-0164,1,1207.00,XXL,rust,0.00
ITEM-08039,ORD-08039,SKU-0033,1,918.00,XS,sage,0.00
ITEM-08040,ORD-08040,SKU-0114,1,585.00,XL,navy,0.00
ITEM-08041,ORD-08041,SKU-0356,1,535.00,M,navy,0.00
ITEM-08042,ORD-08042,SKU-0277,1,1201.00,M,sage,0.00
ITEM-08043,ORD-08043,SKU-0289,1,444.00,M,navy,0.00
ITEM-08044,ORD-08044,SKU-0262,1,593.00,L,Ivory,0.00
ITEM-08045,ORD-08045,SKU-0408,1,626.00,XXL,NAVY_BLUE,0.00
ITEM-08046,ORD-08046,SKU-0338,1,1059.00,XXL,Black,0.00
ITEM-08047,ORD-08047,SKU-0286,1,1122.00,XXL,Mustard Yellow,0.00
ITEM-08048,ORD-08048,SKU-0298,1,771.00,XXL,Black,0.00
ITEM-08049,ORD-08049,SKU-0095,1,1481.00,XL,rust,0.00
ITEM-08050,ORD-08050,SKU-0005,1,889.00,XXL,sage,0.00
ITEM-08051,ORD-08051,SKU-0221,1,974.00,XL,Terracotta,0.00
ITEM-08052,ORD-08052,SKU-0296,1,1310.00,XXL,NAVY_BLUE,0.00
ITEM-08053,ORD-08053,SKU-0378,1,441.00,XS,NAVY_BLUE,0.00
ITEM-08054,ORD-08054,SKU-0072,1,792.00,S,Mustard Yellow,0.00
ITEM-08055,ORD-08055,SKU-0189,1,1256.00,S,Black,0.00
ITEM-08056,ORD-08056,SKU-0093,1,774.00,XS,Sage Green,0.00
ITEM-08057,ORD-08057,SKU-0008,1,803.00,L,Navy Blue,0.00
ITEM-08058,ORD-08058,SKU-0053,1,452.00,M,Ivory,0.00
ITEM-08059,ORD-08059,SKU-0255,1,440.00,XL,Black,0.00
ITEM-08060,ORD-08060,SKU-0179,1,1327.00,XS,Maroon,0.00
ITEM-08061,ORD-08061,SKU-0080,1,1006.00,M,navy,0.00
ITEM-08062,ORD-08062,SKU-0307,1,1315.00,XS,maroon_red,0.00
ITEM-08063,ORD-08063,SKU-0040,1,400.00,L,mustard,0.00
ITEM-08064,ORD-08064,SKU-0062,1,1057.00,XS,maroon_red,0.00
ITEM-08065,ORD-08065,SKU-0223,1,1120.00,S,Ivory,0.00
ITEM-08066,ORD-08066,SKU-0268,1,413.00,M,navy,0.00
ITEM-08067,ORD-08067,SKU-0108,1,447.00,S,Sage Green,0.00
ITEM-08068,ORD-08068,SKU-0479,1,754.00,XXL,Black,0.00
ITEM-08069,ORD-08069,SKU-0162,1,886.00,S,sage,0.00
ITEM-08070,ORD-08070,SKU-0133,1,589.00,XXL,Black,0.00
ITEM-08071,ORD-08071,SKU-0461,1,456.00,XXL,sage,0.00
ITEM-08072,ORD-08072,SKU-0288,1,1419.00,XL,Navy Blue,0.00
ITEM-08073,ORD-08073,SKU-0257,1,1086.00,XXL,Navy Blue,0.00
ITEM-08074,ORD-08074,SKU-0090,1,1174.00,XS,sage,0.00
ITEM-08075,ORD-08075,SKU-0432,1,1302.00,L,Ivory,0.00
ITEM-08076,ORD-08076,SKU-0471,1,1008.00,XXL,rust,0.00
ITEM-08077,ORD-08077,SKU-0232,1,781.00,M,Black,0.00
ITEM-08078,ORD-08078,SKU-0308,1,531.00,XL,Ivory,0.00
ITEM-08079,ORD-08079,SKU-0462,1,940.00,XS,Maroon,0.00
ITEM-08080,ORD-08080,SKU-0451,1,489.00,M,Maroon,0.00
ITEM-08081,ORD-08081,SKU-0228,1,717.00,XXL,Navy Blue,0.00
ITEM-08082,ORD-08082,SKU-0131,1,605.00,XXL,sage,0.00
ITEM-08083,ORD-08083,SKU-0159,1,707.00,L,Sage Green,0.00
ITEM-08084,ORD-08084,SKU-0132,1,1413.00,XL,Terracotta,0.00
ITEM-08085,ORD-08085,SKU-0190,1,1410.00,XS,Navy Blue,0.00
ITEM-08086,ORD-08086,SKU-0367,1,1421.00,XXL,Black,0.00
ITEM-08087,ORD-08087,SKU-0384,1,689.00,L,Maroon,0.00
ITEM-08088,ORD-08088,SKU-0375,1,443.00,XL,Navy Blue,0.00
ITEM-08089,ORD-08089,SKU-0273,1,678.00,XXL,navy,0.00
ITEM-08090,ORD-08090,SKU-0387,1,1016.00,XXL,sage,0.00
ITEM-08091,ORD-08091,SKU-0344,1,631.00,L,Terracotta,0.00
ITEM-08092,ORD-08092,SKU-0457,1,732.00,L,mustard,0.00
ITEM-08093,ORD-08093,SKU-0086,1,1100.00,XXL,sage,0.00
ITEM-08094,ORD-08094,SKU-0475,1,493.00,L,sage,0.00
ITEM-08095,ORD-08095,SKU-0363,1,772.00,XXL,Mustard Yellow,0.00
ITEM-08096,ORD-08096,SKU-0152,1,1080.00,M,rust,0.00
ITEM-08097,ORD-08097,SKU-0002,1,1499.00,L,Maroon,0.00
ITEM-08098,ORD-08098,SKU-0437,1,1319.00,XXL,Terracotta,0.00
ITEM-08099,ORD-08099,SKU-0436,1,424.00,XL,Indigo,0.00
ITEM-08100,ORD-08100,SKU-0205,1,1357.00,XS,NAVY_BLUE,0.00
ITEM-08101,ORD-08101,SKU-0178,1,1315.00,M,Sage Green,0.00
ITEM-08102,ORD-08102,SKU-0203,1,983.00,XL,mustard,0.00
ITEM-08103,ORD-08103,SKU-0282,1,1131.00,S,Navy Blue,0.00
ITEM-08104,ORD-08104,SKU-0172,1,974.00,XXL,sage,0.00
ITEM-08105,ORD-08105,SKU-0035,1,1337.00,XXL,Ivory,0.00
ITEM-08106,ORD-08106,SKU-0176,1,518.00,XS,Maroon,0.00
ITEM-08107,ORD-08107,SKU-0188,1,538.00,M,Mustard Yellow,0.00
ITEM-08108,ORD-08108,SKU-0164,1,1207.00,XL,rust,0.00
ITEM-08109,ORD-08109,SKU-0033,1,918.00,L,sage,0.00
ITEM-08110,ORD-08110,SKU-0114,1,585.00,XS,navy,0.00
ITEM-08111,ORD-08111,SKU-0356,1,535.00,L,navy,0.00
ITEM-08112,ORD-08112,SKU-0277,1,1201.00,XXL,sage,0.00
ITEM-08113,ORD-08113,SKU-0289,1,444.00,XS,navy,0.00
ITEM-08114,ORD-08114,SKU-0262,1,593.00,M,Ivory,0.00
ITEM-08115,ORD-08115,SKU-0408,1,626.00,M,NAVY_BLUE,0.00
ITEM-08116,ORD-08116,SKU-0338,1,1059.00,XL,Black,0.00
ITEM-08117,ORD-08117,SKU-0286,1,1122.00,M,Mustard Yellow,0.00
ITEM-08118,ORD-08118,SKU-0298,1,771.00,XS,Black,0.00
ITEM-08119,ORD-08119,SKU-0095,1,1481.00,S,rust,0.00
ITEM-08120,ORD-08120,SKU-0005,1,889.00,L,sage,0.00
ITEM-08121,ORD-08121,SKU-0221,1,974.00,XXL,Terracotta,0.00
ITEM-08122,ORD-08122,SKU-0296,1,1310.00,XS,NAVY_BLUE,0.00
ITEM-08123,ORD-08123,SKU-0378,1,441.00,L,NAVY_BLUE,0.00
ITEM-08124,ORD-08124,SKU-0072,1,792.00,M,Mustard Yellow,0.00
ITEM-08125,ORD-08125,SKU-0189,1,1256.00,L,Black,0.00
ITEM-08126,ORD-08126,SKU-0093,1,774.00,L,Sage Green,0.00
ITEM-08127,ORD-08127,SKU-0008,1,803.00,L,Navy Blue,0.00
ITEM-08128,ORD-08128,SKU-0053,1,452.00,XL,Ivory,0.00
ITEM-08129,ORD-08129,SKU-0255,1,440.00,M,Black,0.00
ITEM-08130,ORD-08130,SKU-0179,1,1327.00,XXL,Maroon,0.00
ITEM-08131,ORD-08131,SKU-0080,1,1006.00,XL,navy,0.00
ITEM-08132,ORD-08132,SKU-0307,1,1315.00,XL,maroon_red,0.00
ITEM-08133,ORD-08133,SKU-0040,1,400.00,L,mustard,0.00
ITEM-08134,ORD-08134,SKU-0062,1,1057.00,M,maroon_red,0.00
ITEM-08135,ORD-08135,SKU-0223,1,1120.00,S,Ivory,0.00
ITEM-08136,ORD-08136,SKU-0268,1,413.00,XL,navy,0.00
ITEM-08137,ORD-08137,SKU-0108,1,447.00,XS,Sage Green,0.00
ITEM-08138,ORD-08138,SKU-0479,1,754.00,XL,Black,0.00
ITEM-08139,ORD-08139,SKU-0162,1,886.00,S,sage,0.00
ITEM-08140,ORD-08140,SKU-0133,1,589.00,XL,Black,0.00
ITEM-08141,ORD-08141,SKU-0461,1,456.00,XXL,sage,0.00
ITEM-08142,ORD-08142,SKU-0288,1,1419.00,S,Navy Blue,0.00
ITEM-08143,ORD-08143,SKU-0257,1,1086.00,XXL,Navy Blue,0.00
ITEM-08144,ORD-08144,SKU-0090,1,1174.00,L,sage,0.00
ITEM-08145,ORD-08145,SKU-0432,1,1302.00,M,Ivory,0.00
ITEM-08146,ORD-08146,SKU-0471,1,1008.00,S,rust,0.00
ITEM-08147,ORD-08147,SKU-0232,1,781.00,XXL,Black,0.00
ITEM-08148,ORD-08148,SKU-0308,1,531.00,XXL,Ivory,0.00
ITEM-08149,ORD-08149,SKU-0462,1,940.00,S,Maroon,0.00
ITEM-08150,ORD-08150,SKU-0451,1,489.00,XXL,Maroon,0.00
ITEM-08151,ORD-08151,SKU-0228,1,717.00,L,Navy Blue,0.00
ITEM-08152,ORD-08152,SKU-0131,1,605.00,XXL,sage,0.00
ITEM-08153,ORD-08153,SKU-0159,1,707.00,XS,Sage Green,0.00
ITEM-08154,ORD-08154,SKU-0132,1,1413.00,M,Terracotta,0.00
ITEM-08155,ORD-08155,SKU-0190,1,1410.00,XXL,Navy Blue,0.00
ITEM-08156,ORD-08156,SKU-0367,1,1421.00,S,Black,0.00
ITEM-08157,ORD-08157,SKU-0384,1,689.00,M,Maroon,0.00
ITEM-08158,ORD-08158,SKU-0375,1,443.00,XS,Navy Blue,0.00
ITEM-08159,ORD-08159,SKU-0273,1,678.00,XS,navy,0.00
ITEM-08160,ORD-08160,SKU-0387,1,1016.00,S,sage,0.00
ITEM-08161,ORD-08161,SKU-0344,1,631.00,L,Terracotta,0.00
ITEM-08162,ORD-08162,SKU-0457,1,732.00,XL,mustard,0.00
ITEM-08163,ORD-08163,SKU-0086,1,1100.00,XL,sage,0.00
ITEM-08164,ORD-08164,SKU-0475,1,493.00,L,sage,0.00
ITEM-08165,ORD-08165,SKU-0363,1,772.00,M,Mustard Yellow,0.00
ITEM-08166,ORD-08166,SKU-0152,1,1080.00,M,rust,0.00
ITEM-08167,ORD-08167,SKU-0002,1,1499.00,S,Maroon,0.00
ITEM-08168,ORD-08168,SKU-0437,1,1319.00,S,Terracotta,0.00
ITEM-08169,ORD-08169,SKU-0436,1,424.00,M,Indigo,0.00
ITEM-08170,ORD-08170,SKU-0205,1,1357.00,XXL,NAVY_BLUE,0.00
ITEM-08171,ORD-08171,SKU-0178,1,1315.00,XS,Sage Green,0.00
ITEM-08172,ORD-08172,SKU-0203,1,983.00,S,mustard,0.00
ITEM-08173,ORD-08173,SKU-0282,1,1131.00,XXL,Navy Blue,0.00
ITEM-08174,ORD-08174,SKU-0172,1,974.00,S,sage,0.00
ITEM-08175,ORD-08175,SKU-0035,1,1337.00,M,Ivory,0.00
ITEM-08176,ORD-08176,SKU-0176,1,518.00,L,Maroon,0.00
ITEM-08177,ORD-08177,SKU-0188,1,538.00,XXL,Mustard Yellow,0.00
ITEM-08178,ORD-08178,SKU-0164,1,1207.00,S,rust,0.00
ITEM-08179,ORD-08179,SKU-0033,1,918.00,S,sage,0.00
ITEM-08180,ORD-08180,SKU-0114,1,585.00,M,navy,0.00
ITEM-08181,ORD-08181,SKU-0356,1,535.00,XL,navy,0.00
ITEM-08182,ORD-08182,SKU-0277,1,1201.00,XL,sage,0.00
ITEM-08183,ORD-08183,SKU-0289,1,444.00,XS,navy,0.00
ITEM-08184,ORD-08184,SKU-0262,1,593.00,S,Ivory,0.00
ITEM-08185,ORD-08185,SKU-0408,1,626.00,XS,NAVY_BLUE,0.00
ITEM-08186,ORD-08186,SKU-0338,1,1059.00,XS,Black,0.00
ITEM-08187,ORD-08187,SKU-0286,1,1122.00,M,Mustard Yellow,0.00
ITEM-08188,ORD-08188,SKU-0298,1,771.00,XL,Black,0.00
ITEM-08189,ORD-08189,SKU-0095,1,1481.00,M,rust,0.00
ITEM-08190,ORD-08190,SKU-0005,1,889.00,XL,sage,0.00
ITEM-08191,ORD-08191,SKU-0221,1,974.00,S,Terracotta,0.00
ITEM-08192,ORD-08192,SKU-0296,1,1310.00,XS,NAVY_BLUE,0.00
ITEM-08193,ORD-08193,SKU-0378,1,441.00,XXL,NAVY_BLUE,0.00
ITEM-08194,ORD-08194,SKU-0072,1,792.00,L,Mustard Yellow,0.00
ITEM-08195,ORD-08195,SKU-0189,1,1256.00,L,Black,0.00
ITEM-08196,ORD-08196,SKU-0093,1,774.00,XXL,Sage Green,0.00
ITEM-08197,ORD-08197,SKU-0008,1,803.00,M,Navy Blue,0.00
ITEM-08198,ORD-08198,SKU-0053,1,452.00,M,Ivory,0.00
ITEM-08199,ORD-08199,SKU-0255,1,440.00,XXL,Black,0.00
ITEM-08200,ORD-08200,SKU-0179,1,1327.00,XL,Maroon,0.00
ITEM-08201,ORD-08201,SKU-0080,1,1006.00,XS,navy,0.00
ITEM-08202,ORD-08202,SKU-0307,1,1315.00,L,maroon_red,0.00
ITEM-08203,ORD-08203,SKU-0040,1,400.00,M,mustard,0.00
ITEM-08204,ORD-08204,SKU-0062,1,1057.00,XXL,maroon_red,0.00
ITEM-08205,ORD-08205,SKU-0223,1,1120.00,L,Ivory,0.00
ITEM-08206,ORD-08206,SKU-0268,1,413.00,M,navy,0.00
ITEM-08207,ORD-08207,SKU-0108,1,447.00,M,Sage Green,0.00
ITEM-08208,ORD-08208,SKU-0479,1,754.00,M,Black,0.00
ITEM-08209,ORD-08209,SKU-0162,1,886.00,L,sage,0.00
ITEM-08210,ORD-08210,SKU-0133,1,589.00,M,Black,0.00
ITEM-08211,ORD-08211,SKU-0461,1,456.00,XXL,sage,0.00
ITEM-08212,ORD-08212,SKU-0288,1,1419.00,M,Navy Blue,0.00
ITEM-08213,ORD-08213,SKU-0257,1,1086.00,XS,Navy Blue,0.00
ITEM-08214,ORD-08214,SKU-0090,1,1174.00,XXL,sage,0.00
ITEM-08215,ORD-08215,SKU-0432,1,1302.00,XXL,Ivory,0.00
ITEM-08216,ORD-08216,SKU-0471,1,1008.00,XS,rust,0.00
ITEM-08217,ORD-08217,SKU-0232,1,781.00,L,Black,0.00
ITEM-08218,ORD-08218,SKU-0308,1,531.00,XXL,Ivory,0.00
ITEM-08219,ORD-08219,SKU-0462,1,940.00,S,Maroon,0.00
ITEM-08220,ORD-08220,SKU-0451,1,489.00,L,Maroon,0.00
ITEM-08221,ORD-08221,SKU-0228,1,717.00,S,Navy Blue,0.00
ITEM-08222,ORD-08222,SKU-0131,1,605.00,M,sage,0.00
ITEM-08223,ORD-08223,SKU-0159,1,707.00,XS,Sage Green,0.00
ITEM-08224,ORD-08224,SKU-0132,1,1413.00,XL,Terracotta,0.00
ITEM-08225,ORD-08225,SKU-0190,1,1410.00,XS,Navy Blue,0.00
ITEM-08226,ORD-08226,SKU-0367,1,1421.00,XXL,Black,0.00
ITEM-08227,ORD-08227,SKU-0384,1,689.00,M,Maroon,0.00
ITEM-08228,ORD-08228,SKU-0375,1,443.00,XS,Navy Blue,0.00
ITEM-08229,ORD-08229,SKU-0273,1,678.00,XL,navy,0.00
ITEM-08230,ORD-08230,SKU-0387,1,1016.00,XL,sage,0.00
ITEM-08231,ORD-08231,SKU-0344,1,631.00,L,Terracotta,0.00
ITEM-08232,ORD-08232,SKU-0457,1,732.00,L,mustard,0.00
ITEM-08233,ORD-08233,SKU-0086,1,1100.00,M,sage,0.00
ITEM-08234,ORD-08234,SKU-0475,1,493.00,XXL,sage,0.00
ITEM-08235,ORD-08235,SKU-0363,1,772.00,XXL,Mustard Yellow,0.00
ITEM-08236,ORD-08236,SKU-0152,1,1080.00,XS,rust,0.00
ITEM-08237,ORD-08237,SKU-0002,1,1499.00,XS,Maroon,0.00
ITEM-08238,ORD-08238,SKU-0437,1,1319.00,S,Terracotta,0.00
ITEM-08239,ORD-08239,SKU-0436,1,424.00,L,Indigo,0.00
ITEM-08240,ORD-08240,SKU-0205,1,1357.00,L,NAVY_BLUE,0.00
ITEM-08241,ORD-08241,SKU-0178,1,1315.00,XL,Sage Green,0.00
ITEM-08242,ORD-08242,SKU-0203,1,983.00,XS,mustard,0.00
ITEM-08243,ORD-08243,SKU-0282,1,1131.00,S,Navy Blue,0.00
ITEM-08244,ORD-08244,SKU-0172,1,974.00,XXL,sage,0.00
ITEM-08245,ORD-08245,SKU-0035,1,1337.00,XXL,Ivory,0.00
ITEM-08246,ORD-08246,SKU-0176,1,518.00,L,Maroon,0.00
ITEM-08247,ORD-08247,SKU-0188,1,538.00,XS,Mustard Yellow,0.00
ITEM-08248,ORD-08248,SKU-0164,1,1207.00,S,rust,0.00
ITEM-08249,ORD-08249,SKU-0033,1,918.00,L,sage,0.00
ITEM-08250,ORD-08250,SKU-0114,1,585.00,XL,navy,0.00
ITEM-08251,ORD-08251,SKU-0356,1,535.00,XS,navy,0.00
ITEM-08252,ORD-08252,SKU-0277,1,1201.00,L,sage,0.00
ITEM-08253,ORD-08253,SKU-0289,1,444.00,M,navy,0.00
ITEM-08254,ORD-08254,SKU-0262,1,593.00,L,Ivory,0.00
ITEM-08255,ORD-08255,SKU-0408,1,626.00,L,NAVY_BLUE,0.00
ITEM-08256,ORD-08256,SKU-0338,1,1059.00,S,Black,0.00
ITEM-08257,ORD-08257,SKU-0286,1,1122.00,M,Mustard Yellow,0.00
ITEM-08258,ORD-08258,SKU-0298,1,771.00,XS,Black,0.00
ITEM-08259,ORD-08259,SKU-0095,1,1481.00,L,rust,0.00
ITEM-08260,ORD-08260,SKU-0005,1,889.00,XL,sage,0.00
ITEM-08261,ORD-08261,SKU-0221,1,974.00,M,Terracotta,0.00
ITEM-08262,ORD-08262,SKU-0296,1,1310.00,L,NAVY_BLUE,0.00
ITEM-08263,ORD-08263,SKU-0378,1,441.00,L,NAVY_BLUE,0.00
ITEM-08264,ORD-08264,SKU-0072,1,792.00,S,Mustard Yellow,0.00
ITEM-08265,ORD-08265,SKU-0189,1,1256.00,XL,Black,0.00
ITEM-08266,ORD-08266,SKU-0093,1,774.00,S,Sage Green,0.00
ITEM-08267,ORD-08267,SKU-0008,1,803.00,S,Navy Blue,0.00
ITEM-08268,ORD-08268,SKU-0053,1,452.00,XS,Ivory,0.00
ITEM-08269,ORD-08269,SKU-0255,1,440.00,XL,Black,0.00
ITEM-08270,ORD-08270,SKU-0179,1,1327.00,XS,Maroon,0.00
ITEM-08271,ORD-08271,SKU-0080,1,1006.00,XL,navy,0.00
ITEM-08272,ORD-08272,SKU-0307,1,1315.00,XL,maroon_red,0.00
ITEM-08273,ORD-08273,SKU-0040,1,400.00,M,mustard,0.00
ITEM-08274,ORD-08274,SKU-0062,1,1057.00,XS,maroon_red,0.00
ITEM-08275,ORD-08275,SKU-0223,1,1120.00,S,Ivory,0.00
ITEM-08276,ORD-08276,SKU-0268,1,413.00,L,navy,0.00
ITEM-08277,ORD-08277,SKU-0108,1,447.00,XXL,Sage Green,0.00
ITEM-08278,ORD-08278,SKU-0479,1,754.00,XS,Black,0.00
ITEM-08279,ORD-08279,SKU-0162,1,886.00,XL,sage,0.00
ITEM-08280,ORD-08280,SKU-0133,1,589.00,XS,Black,0.00
ITEM-08281,ORD-08281,SKU-0461,1,456.00,M,sage,0.00
ITEM-08282,ORD-08282,SKU-0288,1,1419.00,XXL,Navy Blue,0.00
ITEM-08283,ORD-08283,SKU-0257,1,1086.00,M,Navy Blue,0.00
ITEM-08284,ORD-08284,SKU-0090,1,1174.00,M,sage,0.00
ITEM-08285,ORD-08285,SKU-0432,1,1302.00,S,Ivory,0.00
ITEM-08286,ORD-08286,SKU-0471,1,1008.00,XXL,rust,0.00
ITEM-08287,ORD-08287,SKU-0232,1,781.00,L,Black,0.00
ITEM-08288,ORD-08288,SKU-0308,1,531.00,XL,Ivory,0.00
ITEM-08289,ORD-08289,SKU-0462,1,940.00,XS,Maroon,0.00
ITEM-08290,ORD-08290,SKU-0451,1,489.00,L,Maroon,0.00
ITEM-08291,ORD-08291,SKU-0228,1,717.00,XS,Navy Blue,0.00
ITEM-08292,ORD-08292,SKU-0131,1,605.00,M,sage,0.00
ITEM-08293,ORD-08293,SKU-0159,1,707.00,XS,Sage Green,0.00
ITEM-08294,ORD-08294,SKU-0132,1,1413.00,XS,Terracotta,0.00
ITEM-08295,ORD-08295,SKU-0190,1,1410.00,XL,Navy Blue,0.00
ITEM-08296,ORD-08296,SKU-0367,1,1421.00,XXL,Black,0.00
ITEM-08297,ORD-08297,SKU-0384,1,689.00,XXL,Maroon,0.00
ITEM-08298,ORD-08298,SKU-0375,1,443.00,XXL,Navy Blue,0.00
ITEM-08299,ORD-08299,SKU-0273,1,678.00,M,navy,0.00
ITEM-08300,ORD-08300,SKU-0387,1,1016.00,XL,sage,0.00
ITEM-08301,ORD-08301,SKU-0344,1,631.00,XL,Terracotta,0.00
ITEM-08302,ORD-08302,SKU-0457,1,732.00,M,mustard,0.00
ITEM-08303,ORD-08303,SKU-0086,1,1100.00,L,sage,0.00
ITEM-08304,ORD-08304,SKU-0475,1,493.00,XL,sage,0.00
ITEM-08305,ORD-08305,SKU-0363,1,772.00,S,Mustard Yellow,0.00
ITEM-08306,ORD-08306,SKU-0152,1,1080.00,S,rust,0.00
ITEM-08307,ORD-08307,SKU-0002,1,1499.00,XL,Maroon,0.00
ITEM-08308,ORD-08308,SKU-0437,1,1319.00,XXL,Terracotta,0.00
ITEM-08309,ORD-08309,SKU-0436,1,424.00,XL,Indigo,0.00
ITEM-08310,ORD-08310,SKU-0205,1,1357.00,XXL,NAVY_BLUE,0.00
ITEM-08311,ORD-08311,SKU-0178,1,1315.00,XL,Sage Green,0.00
ITEM-08312,ORD-08312,SKU-0203,1,983.00,XS,mustard,0.00
ITEM-08313,ORD-08313,SKU-0282,1,1131.00,XL,Navy Blue,0.00
ITEM-08314,ORD-08314,SKU-0172,1,974.00,S,sage,0.00
ITEM-08315,ORD-08315,SKU-0035,1,1337.00,L,Ivory,0.00
ITEM-08316,ORD-08316,SKU-0176,1,518.00,M,Maroon,0.00
ITEM-08317,ORD-08317,SKU-0188,1,538.00,XXL,Mustard Yellow,0.00
ITEM-08318,ORD-08318,SKU-0164,1,1207.00,XXL,rust,0.00
ITEM-08319,ORD-08319,SKU-0033,1,918.00,M,sage,0.00
ITEM-08320,ORD-08320,SKU-0114,1,585.00,L,navy,0.00
ITEM-08321,ORD-08321,SKU-0356,1,535.00,XL,navy,0.00
ITEM-08322,ORD-08322,SKU-0277,1,1201.00,M,sage,0.00
ITEM-08323,ORD-08323,SKU-0289,1,444.00,XXL,navy,0.00
ITEM-08324,ORD-08324,SKU-0262,1,593.00,XXL,Ivory,0.00
ITEM-08325,ORD-08325,SKU-0408,1,626.00,S,NAVY_BLUE,0.00
ITEM-08326,ORD-08326,SKU-0338,1,1059.00,XS,Black,0.00
ITEM-08327,ORD-08327,SKU-0286,1,1122.00,XS,Mustard Yellow,0.00
ITEM-08328,ORD-08328,SKU-0298,1,771.00,S,Black,0.00
ITEM-08329,ORD-08329,SKU-0095,1,1481.00,XS,rust,0.00
ITEM-08330,ORD-08330,SKU-0005,1,889.00,XL,sage,0.00
ITEM-08331,ORD-08331,SKU-0221,1,974.00,XL,Terracotta,0.00
ITEM-08332,ORD-08332,SKU-0296,1,1310.00,L,NAVY_BLUE,0.00
ITEM-08333,ORD-08333,SKU-0378,1,441.00,L,NAVY_BLUE,0.00
ITEM-08334,ORD-08334,SKU-0072,1,792.00,L,Mustard Yellow,0.00
ITEM-08335,ORD-08335,SKU-0189,1,1256.00,S,Black,0.00
ITEM-08336,ORD-08336,SKU-0093,1,774.00,XS,Sage Green,0.00
ITEM-08337,ORD-08337,SKU-0008,1,803.00,M,Navy Blue,0.00
ITEM-08338,ORD-08338,SKU-0053,1,452.00,XS,Ivory,0.00
ITEM-08339,ORD-08339,SKU-0255,1,440.00,XXL,Black,0.00
ITEM-08340,ORD-08340,SKU-0179,1,1327.00,L,Maroon,0.00
ITEM-08341,ORD-08341,SKU-0080,1,1006.00,L,navy,0.00
ITEM-08342,ORD-08342,SKU-0307,1,1315.00,XS,maroon_red,0.00
ITEM-08343,ORD-08343,SKU-0040,1,400.00,XXL,mustard,0.00
ITEM-08344,ORD-08344,SKU-0062,1,1057.00,M,maroon_red,0.00
ITEM-08345,ORD-08345,SKU-0223,1,1120.00,L,Ivory,0.00
ITEM-08346,ORD-08346,SKU-0268,1,413.00,XXL,navy,0.00
ITEM-08347,ORD-08347,SKU-0108,1,447.00,L,Sage Green,0.00
ITEM-08348,ORD-08348,SKU-0479,1,754.00,S,Black,0.00
ITEM-08349,ORD-08349,SKU-0162,1,886.00,XXL,sage,0.00
ITEM-08350,ORD-08350,SKU-0133,1,589.00,XS,Black,0.00
ITEM-08351,ORD-08351,SKU-0461,1,456.00,XXL,sage,0.00
ITEM-08352,ORD-08352,SKU-0288,1,1419.00,M,Navy Blue,0.00
ITEM-08353,ORD-08353,SKU-0257,1,1086.00,L,Navy Blue,0.00
ITEM-08354,ORD-08354,SKU-0090,1,1174.00,XL,sage,0.00
ITEM-08355,ORD-08355,SKU-0432,1,1302.00,XS,Ivory,0.00
ITEM-08356,ORD-08356,SKU-0471,1,1008.00,M,rust,0.00
ITEM-08357,ORD-08357,SKU-0232,1,781.00,XL,Black,0.00
ITEM-08358,ORD-08358,SKU-0308,1,531.00,L,Ivory,0.00
ITEM-08359,ORD-08359,SKU-0462,1,940.00,XXL,Maroon,0.00
ITEM-08360,ORD-08360,SKU-0451,1,489.00,S,Maroon,0.00
ITEM-08361,ORD-08361,SKU-0228,1,717.00,L,Navy Blue,0.00
ITEM-08362,ORD-08362,SKU-0131,1,605.00,XS,sage,0.00
ITEM-08363,ORD-08363,SKU-0159,1,707.00,M,Sage Green,0.00
ITEM-08364,ORD-08364,SKU-0132,1,1413.00,L,Terracotta,0.00
ITEM-08365,ORD-08365,SKU-0190,1,1410.00,XXL,Navy Blue,0.00
ITEM-08366,ORD-08366,SKU-0367,1,1421.00,XL,Black,0.00
ITEM-08367,ORD-08367,SKU-0384,1,689.00,L,Maroon,0.00
ITEM-08368,ORD-08368,SKU-0375,1,443.00,M,Navy Blue,0.00
ITEM-08369,ORD-08369,SKU-0273,1,678.00,XXL,navy,0.00
ITEM-08370,ORD-08370,SKU-0387,1,1016.00,S,sage,0.00
ITEM-08371,ORD-08371,SKU-0344,1,631.00,XS,Terracotta,0.00
ITEM-08372,ORD-08372,SKU-0457,1,732.00,L,mustard,0.00
ITEM-08373,ORD-08373,SKU-0086,1,1100.00,XS,sage,0.00
ITEM-08374,ORD-08374,SKU-0475,1,493.00,L,sage,0.00
ITEM-08375,ORD-08375,SKU-0363,1,772.00,XXL,Mustard Yellow,0.00
ITEM-08376,ORD-08376,SKU-0152,1,1080.00,XL,rust,0.00
ITEM-08377,ORD-08377,SKU-0002,1,1499.00,XL,Maroon,0.00
ITEM-08378,ORD-08378,SKU-0437,1,1319.00,L,Terracotta,0.00
ITEM-08379,ORD-08379,SKU-0436,1,424.00,XL,Indigo,0.00
ITEM-08380,ORD-08380,SKU-0205,1,1357.00,M,NAVY_BLUE,0.00
ITEM-08381,ORD-08381,SKU-0178,1,1315.00,XS,Sage Green,0.00
ITEM-08382,ORD-08382,SKU-0203,1,983.00,XL,mustard,0.00
ITEM-08383,ORD-08383,SKU-0282,1,1131.00,L,Navy Blue,0.00
ITEM-08384,ORD-08384,SKU-0172,1,974.00,XL,sage,0.00
ITEM-08385,ORD-08385,SKU-0035,1,1337.00,M,Ivory,0.00
ITEM-08386,ORD-08386,SKU-0176,1,518.00,L,Maroon,0.00
ITEM-08387,ORD-08387,SKU-0188,1,538.00,XS,Mustard Yellow,0.00
ITEM-08388,ORD-08388,SKU-0164,1,1207.00,S,rust,0.00
ITEM-08389,ORD-08389,SKU-0033,1,918.00,XS,sage,0.00
ITEM-08390,ORD-08390,SKU-0114,1,585.00,M,navy,0.00
ITEM-08391,ORD-08391,SKU-0356,1,535.00,M,navy,0.00
ITEM-08392,ORD-08392,SKU-0277,1,1201.00,XXL,sage,0.00
ITEM-08393,ORD-08393,SKU-0289,1,444.00,M,navy,0.00
ITEM-08394,ORD-08394,SKU-0262,1,593.00,L,Ivory,0.00
ITEM-08395,ORD-08395,SKU-0408,1,626.00,XL,NAVY_BLUE,0.00
ITEM-08396,ORD-08396,SKU-0338,1,1059.00,S,Black,0.00
ITEM-08397,ORD-08397,SKU-0286,1,1122.00,L,Mustard Yellow,0.00
ITEM-08398,ORD-08398,SKU-0298,1,771.00,M,Black,0.00
ITEM-08399,ORD-08399,SKU-0095,1,1481.00,XXL,rust,0.00
ITEM-08400,ORD-08400,SKU-0005,1,889.00,XXL,sage,0.00
ITEM-08401,ORD-08401,SKU-0221,1,974.00,XL,Terracotta,0.00
ITEM-08402,ORD-08402,SKU-0296,1,1310.00,L,NAVY_BLUE,0.00
ITEM-08403,ORD-08403,SKU-0378,1,441.00,S,NAVY_BLUE,0.00
ITEM-08404,ORD-08404,SKU-0072,1,792.00,XL,Mustard Yellow,0.00
ITEM-08405,ORD-08405,SKU-0189,1,1256.00,M,Black,0.00
ITEM-08406,ORD-08406,SKU-0093,1,774.00,XL,Sage Green,0.00
ITEM-08407,ORD-08407,SKU-0008,1,803.00,S,Navy Blue,0.00
ITEM-08408,ORD-08408,SKU-0053,1,452.00,M,Ivory,0.00
ITEM-08409,ORD-08409,SKU-0255,1,440.00,XXL,Black,0.00
ITEM-08410,ORD-08410,SKU-0179,1,1327.00,S,Maroon,0.00
ITEM-08411,ORD-08411,SKU-0080,1,1006.00,XXL,navy,0.00
ITEM-08412,ORD-08412,SKU-0307,1,1315.00,L,maroon_red,0.00
ITEM-08413,ORD-08413,SKU-0040,1,400.00,M,mustard,0.00
ITEM-08414,ORD-08414,SKU-0062,1,1057.00,XXL,maroon_red,0.00
ITEM-08415,ORD-08415,SKU-0223,1,1120.00,XXL,Ivory,0.00
ITEM-08416,ORD-08416,SKU-0268,1,413.00,XS,navy,0.00
ITEM-08417,ORD-08417,SKU-0108,1,447.00,XL,Sage Green,0.00
ITEM-08418,ORD-08418,SKU-0479,1,754.00,XS,Black,0.00
ITEM-08419,ORD-08419,SKU-0162,1,886.00,XS,sage,0.00
ITEM-08420,ORD-08420,SKU-0133,1,589.00,M,Black,0.00
ITEM-08421,ORD-08421,SKU-0461,1,456.00,XXL,sage,0.00
ITEM-08422,ORD-08422,SKU-0288,1,1419.00,XL,Navy Blue,0.00
ITEM-08423,ORD-08423,SKU-0257,1,1086.00,S,Navy Blue,0.00
ITEM-08424,ORD-08424,SKU-0090,1,1174.00,XXL,sage,0.00
ITEM-08425,ORD-08425,SKU-0432,1,1302.00,XL,Ivory,0.00
ITEM-08426,ORD-08426,SKU-0471,1,1008.00,XL,rust,0.00
ITEM-08427,ORD-08427,SKU-0232,1,781.00,S,Black,0.00
ITEM-08428,ORD-08428,SKU-0308,1,531.00,XS,Ivory,0.00
ITEM-08429,ORD-08429,SKU-0462,1,940.00,L,Maroon,0.00
ITEM-08430,ORD-08430,SKU-0451,1,489.00,XS,Maroon,0.00
ITEM-08431,ORD-08431,SKU-0228,1,717.00,S,Navy Blue,0.00
ITEM-08432,ORD-08432,SKU-0131,1,605.00,XXL,sage,0.00
ITEM-08433,ORD-08433,SKU-0159,1,707.00,M,Sage Green,0.00
ITEM-08434,ORD-08434,SKU-0132,1,1413.00,XS,Terracotta,0.00
ITEM-08435,ORD-08435,SKU-0190,1,1410.00,XS,Navy Blue,0.00
ITEM-08436,ORD-08436,SKU-0367,1,1421.00,XXL,Black,0.00
ITEM-08437,ORD-08437,SKU-0384,1,689.00,XL,Maroon,0.00
ITEM-08438,ORD-08438,SKU-0375,1,443.00,XS,Navy Blue,0.00
ITEM-08439,ORD-08439,SKU-0273,1,678.00,XS,navy,0.00
ITEM-08440,ORD-08440,SKU-0387,1,1016.00,S,sage,0.00
ITEM-08441,ORD-08441,SKU-0344,1,631.00,M,Terracotta,0.00
ITEM-08442,ORD-08442,SKU-0457,1,732.00,L,mustard,0.00
ITEM-08443,ORD-08443,SKU-0086,1,1100.00,XXL,sage,0.00
ITEM-08444,ORD-08444,SKU-0475,1,493.00,M,sage,0.00
ITEM-08445,ORD-08445,SKU-0363,1,772.00,L,Mustard Yellow,0.00
ITEM-08446,ORD-08446,SKU-0152,1,1080.00,M,rust,0.00
ITEM-08447,ORD-08447,SKU-0002,1,1499.00,XS,Maroon,0.00
ITEM-08448,ORD-08448,SKU-0437,1,1319.00,M,Terracotta,0.00
ITEM-08449,ORD-08449,SKU-0436,1,424.00,S,Indigo,0.00
ITEM-08450,ORD-08450,SKU-0205,1,1357.00,XL,NAVY_BLUE,0.00
ITEM-08451,ORD-08451,SKU-0178,1,1315.00,XS,Sage Green,0.00
ITEM-08452,ORD-08452,SKU-0203,1,983.00,L,mustard,0.00
ITEM-08453,ORD-08453,SKU-0282,1,1131.00,XXL,Navy Blue,0.00
ITEM-08454,ORD-08454,SKU-0172,1,974.00,XS,sage,0.00
ITEM-08455,ORD-08455,SKU-0035,1,1337.00,XL,Ivory,0.00
ITEM-08456,ORD-08456,SKU-0176,1,518.00,L,Maroon,0.00
ITEM-08457,ORD-08457,SKU-0188,1,538.00,XL,Mustard Yellow,0.00
ITEM-08458,ORD-08458,SKU-0164,1,1207.00,L,rust,0.00
ITEM-08459,ORD-08459,SKU-0033,1,918.00,M,sage,0.00
ITEM-08460,ORD-08460,SKU-0114,1,585.00,L,navy,0.00
ITEM-08461,ORD-08461,SKU-0356,1,535.00,S,navy,0.00
ITEM-08462,ORD-08462,SKU-0277,1,1201.00,XL,sage,0.00
ITEM-08463,ORD-08463,SKU-0289,1,444.00,XS,navy,0.00
ITEM-08464,ORD-08464,SKU-0262,1,593.00,S,Ivory,0.00
ITEM-08465,ORD-08465,SKU-0408,1,626.00,L,NAVY_BLUE,0.00
ITEM-08466,ORD-08466,SKU-0338,1,1059.00,XL,Black,0.00
ITEM-08467,ORD-08467,SKU-0286,1,1122.00,XL,Mustard Yellow,0.00
ITEM-08468,ORD-08468,SKU-0298,1,771.00,XS,Black,0.00
ITEM-08469,ORD-08469,SKU-0095,1,1481.00,XS,rust,0.00
ITEM-08470,ORD-08470,SKU-0005,1,889.00,XS,sage,0.00
ITEM-08471,ORD-08471,SKU-0221,1,974.00,S,Terracotta,0.00
ITEM-08472,ORD-08472,SKU-0296,1,1310.00,S,NAVY_BLUE,0.00
ITEM-08473,ORD-08473,SKU-0378,1,441.00,S,NAVY_BLUE,0.00
ITEM-08474,ORD-08474,SKU-0072,1,792.00,M,Mustard Yellow,0.00
ITEM-08475,ORD-08475,SKU-0189,1,1256.00,XS,Black,0.00
ITEM-08476,ORD-08476,SKU-0093,1,774.00,S,Sage Green,0.00
ITEM-08477,ORD-08477,SKU-0008,1,803.00,XL,Navy Blue,0.00
ITEM-08478,ORD-08478,SKU-0053,1,452.00,XL,Ivory,0.00
ITEM-08479,ORD-08479,SKU-0255,1,440.00,XS,Black,0.00
ITEM-08480,ORD-08480,SKU-0179,1,1327.00,M,Maroon,0.00
ITEM-08481,ORD-08481,SKU-0080,1,1006.00,XXL,navy,0.00
ITEM-08482,ORD-08482,SKU-0307,1,1315.00,S,maroon_red,0.00
ITEM-08483,ORD-08483,SKU-0040,1,400.00,L,mustard,0.00
ITEM-08484,ORD-08484,SKU-0062,1,1057.00,M,maroon_red,0.00
ITEM-08485,ORD-08485,SKU-0223,1,1120.00,L,Ivory,0.00
ITEM-08486,ORD-08486,SKU-0268,1,413.00,S,navy,0.00
ITEM-08487,ORD-08487,SKU-0108,1,447.00,M,Sage Green,0.00
ITEM-08488,ORD-08488,SKU-0479,1,754.00,M,Black,0.00
ITEM-08489,ORD-08489,SKU-0162,1,886.00,S,sage,0.00
ITEM-08490,ORD-08490,SKU-0133,1,589.00,S,Black,0.00
ITEM-08491,ORD-08491,SKU-0461,1,456.00,M,sage,0.00
ITEM-08492,ORD-08492,SKU-0288,1,1419.00,XL,Navy Blue,0.00
ITEM-08493,ORD-08493,SKU-0257,1,1086.00,M,Navy Blue,0.00
ITEM-08494,ORD-08494,SKU-0090,1,1174.00,S,sage,0.00
ITEM-08495,ORD-08495,SKU-0432,1,1302.00,XXL,Ivory,0.00
ITEM-08496,ORD-08496,SKU-0471,1,1008.00,XS,rust,0.00
ITEM-08497,ORD-08497,SKU-0232,1,781.00,XXL,Black,0.00
ITEM-08498,ORD-08498,SKU-0308,1,531.00,XL,Ivory,0.00
ITEM-08499,ORD-08499,SKU-0462,1,940.00,XXL,Maroon,0.00
ITEM-08500,ORD-08500,SKU-0451,1,489.00,XS,Maroon,0.00
ITEM-08501,ORD-08501,SKU-0228,1,717.00,L,Navy Blue,0.00
ITEM-08502,ORD-08502,SKU-0131,1,605.00,L,sage,0.00
ITEM-08503,ORD-08503,SKU-0159,1,707.00,L,Sage Green,0.00
ITEM-08504,ORD-08504,SKU-0132,1,1413.00,XL,Terracotta,0.00
ITEM-08505,ORD-08505,SKU-0190,1,1410.00,XXL,Navy Blue,0.00
ITEM-08506,ORD-08506,SKU-0367,1,1421.00,XS,Black,0.00
ITEM-08507,ORD-08507,SKU-0384,1,689.00,M,Maroon,0.00
ITEM-08508,ORD-08508,SKU-0375,1,443.00,M,Navy Blue,0.00
ITEM-08509,ORD-08509,SKU-0273,1,678.00,XS,navy,0.00
ITEM-08510,ORD-08510,SKU-0387,1,1016.00,XS,sage,0.00
ITEM-08511,ORD-08511,SKU-0344,1,631.00,M,Terracotta,0.00
ITEM-08512,ORD-08512,SKU-0457,1,732.00,M,mustard,0.00
ITEM-08513,ORD-08513,SKU-0086,1,1100.00,L,sage,0.00
ITEM-08514,ORD-08514,SKU-0475,1,493.00,S,sage,0.00
ITEM-08515,ORD-08515,SKU-0363,1,772.00,M,Mustard Yellow,0.00
ITEM-08516,ORD-08516,SKU-0152,1,1080.00,XS,rust,0.00
ITEM-08517,ORD-08517,SKU-0002,1,1499.00,L,Maroon,0.00
ITEM-08518,ORD-08518,SKU-0437,1,1319.00,M,Terracotta,0.00
ITEM-08519,ORD-08519,SKU-0436,1,424.00,XS,Indigo,0.00
ITEM-08520,ORD-08520,SKU-0205,1,1357.00,M,NAVY_BLUE,0.00
ITEM-08521,ORD-08521,SKU-0178,1,1315.00,XS,Sage Green,0.00
ITEM-08522,ORD-08522,SKU-0203,1,983.00,L,mustard,0.00
ITEM-08523,ORD-08523,SKU-0282,1,1131.00,XS,Navy Blue,0.00
ITEM-08524,ORD-08524,SKU-0172,1,974.00,L,sage,0.00
ITEM-08525,ORD-08525,SKU-0035,1,1337.00,S,Ivory,0.00
ITEM-08526,ORD-08526,SKU-0176,1,518.00,XL,Maroon,0.00
ITEM-08527,ORD-08527,SKU-0188,1,538.00,XL,Mustard Yellow,0.00
ITEM-08528,ORD-08528,SKU-0164,1,1207.00,XXL,rust,0.00
ITEM-08529,ORD-08529,SKU-0033,1,918.00,L,sage,0.00
ITEM-08530,ORD-08530,SKU-0114,1,585.00,S,navy,0.00
ITEM-08531,ORD-08531,SKU-0356,1,535.00,XXL,navy,0.00
ITEM-08532,ORD-08532,SKU-0277,1,1201.00,S,sage,0.00
ITEM-08533,ORD-08533,SKU-0289,1,444.00,M,navy,0.00
ITEM-08534,ORD-08534,SKU-0262,1,593.00,M,Ivory,0.00
ITEM-08535,ORD-08535,SKU-0408,1,626.00,L,NAVY_BLUE,0.00
ITEM-08536,ORD-08536,SKU-0338,1,1059.00,XS,Black,0.00
ITEM-08537,ORD-08537,SKU-0286,1,1122.00,S,Mustard Yellow,0.00
ITEM-08538,ORD-08538,SKU-0298,1,771.00,S,Black,0.00
ITEM-08539,ORD-08539,SKU-0095,1,1481.00,XL,rust,0.00
ITEM-08540,ORD-08540,SKU-0005,1,889.00,M,sage,0.00
ITEM-08541,ORD-08541,SKU-0221,1,974.00,XXL,Terracotta,0.00
ITEM-08542,ORD-08542,SKU-0296,1,1310.00,M,NAVY_BLUE,0.00
ITEM-08543,ORD-08543,SKU-0378,1,441.00,XS,NAVY_BLUE,0.00
ITEM-08544,ORD-08544,SKU-0072,1,792.00,M,Mustard Yellow,0.00
ITEM-08545,ORD-08545,SKU-0189,1,1256.00,M,Black,0.00
ITEM-08546,ORD-08546,SKU-0093,1,774.00,XXL,Sage Green,0.00
ITEM-08547,ORD-08547,SKU-0008,1,803.00,XXL,Navy Blue,0.00
ITEM-08548,ORD-08548,SKU-0053,1,452.00,XS,Ivory,0.00
ITEM-08549,ORD-08549,SKU-0255,1,440.00,S,Black,0.00
ITEM-08550,ORD-08550,SKU-0179,1,1327.00,M,Maroon,0.00
ITEM-08551,ORD-08551,SKU-0080,1,1006.00,M,navy,0.00
ITEM-08552,ORD-08552,SKU-0307,1,1315.00,S,maroon_red,0.00
ITEM-08553,ORD-08553,SKU-0040,1,400.00,XXL,mustard,0.00
ITEM-08554,ORD-08554,SKU-0062,1,1057.00,XL,maroon_red,0.00
ITEM-08555,ORD-08555,SKU-0223,1,1120.00,XS,Ivory,0.00
ITEM-08556,ORD-08556,SKU-0268,1,413.00,M,navy,0.00
ITEM-08557,ORD-08557,SKU-0108,1,447.00,M,Sage Green,0.00
ITEM-08558,ORD-08558,SKU-0479,1,754.00,XXL,Black,0.00
ITEM-08559,ORD-08559,SKU-0162,1,886.00,M,sage,0.00
ITEM-08560,ORD-08560,SKU-0133,1,589.00,XXL,Black,0.00
ITEM-08561,ORD-08561,SKU-0461,1,456.00,S,sage,0.00
ITEM-08562,ORD-08562,SKU-0288,1,1419.00,XS,Navy Blue,0.00
ITEM-08563,ORD-08563,SKU-0257,1,1086.00,M,Navy Blue,0.00
ITEM-08564,ORD-08564,SKU-0090,1,1174.00,XS,sage,0.00
ITEM-08565,ORD-08565,SKU-0432,1,1302.00,XXL,Ivory,0.00
ITEM-08566,ORD-08566,SKU-0471,1,1008.00,XS,rust,0.00
ITEM-08567,ORD-08567,SKU-0232,1,781.00,M,Black,0.00
ITEM-08568,ORD-08568,SKU-0308,1,531.00,XXL,Ivory,0.00
ITEM-08569,ORD-08569,SKU-0462,1,940.00,M,Maroon,0.00
ITEM-08570,ORD-08570,SKU-0451,1,489.00,XL,Maroon,0.00
ITEM-08571,ORD-08571,SKU-0228,1,717.00,S,Navy Blue,0.00
ITEM-08572,ORD-08572,SKU-0131,1,605.00,S,sage,0.00
ITEM-08573,ORD-08573,SKU-0159,1,707.00,XXL,Sage Green,0.00
ITEM-08574,ORD-08574,SKU-0132,1,1413.00,S,Terracotta,0.00
ITEM-08575,ORD-08575,SKU-0190,1,1410.00,XS,Navy Blue,0.00
ITEM-08576,ORD-08576,SKU-0367,1,1421.00,XXL,Black,0.00
ITEM-08577,ORD-08577,SKU-0384,1,689.00,XS,Maroon,0.00
ITEM-08578,ORD-08578,SKU-0375,1,443.00,XXL,Navy Blue,0.00
ITEM-08579,ORD-08579,SKU-0273,1,678.00,L,navy,0.00
ITEM-08580,ORD-08580,SKU-0387,1,1016.00,M,sage,0.00
ITEM-08581,ORD-08581,SKU-0344,1,631.00,XXL,Terracotta,0.00
ITEM-08582,ORD-08582,SKU-0457,1,732.00,L,mustard,0.00
ITEM-08583,ORD-08583,SKU-0086,1,1100.00,S,sage,0.00
ITEM-08584,ORD-08584,SKU-0475,1,493.00,M,sage,0.00
ITEM-08585,ORD-08585,SKU-0363,1,772.00,S,Mustard Yellow,0.00
ITEM-08586,ORD-08586,SKU-0152,1,1080.00,XS,rust,0.00
ITEM-08587,ORD-08587,SKU-0002,1,1499.00,M,Maroon,0.00
ITEM-08588,ORD-08588,SKU-0437,1,1319.00,L,Terracotta,0.00
ITEM-08589,ORD-08589,SKU-0436,1,424.00,M,Indigo,0.00
ITEM-08590,ORD-08590,SKU-0205,1,1357.00,XL,NAVY_BLUE,0.00
ITEM-08591,ORD-08591,SKU-0178,1,1315.00,XXL,Sage Green,0.00
ITEM-08592,ORD-08592,SKU-0203,1,983.00,XL,mustard,0.00
ITEM-08593,ORD-08593,SKU-0282,1,1131.00,XS,Navy Blue,0.00
ITEM-08594,ORD-08594,SKU-0172,1,974.00,XL,sage,0.00
ITEM-08595,ORD-08595,SKU-0035,1,1337.00,L,Ivory,0.00
ITEM-08596,ORD-08596,SKU-0176,1,518.00,L,Maroon,0.00
ITEM-08597,ORD-08597,SKU-0188,1,538.00,XXL,Mustard Yellow,0.00
ITEM-08598,ORD-08598,SKU-0164,1,1207.00,XS,rust,0.00
ITEM-08599,ORD-08599,SKU-0033,1,918.00,M,sage,0.00
ITEM-08600,ORD-08600,SKU-0114,1,585.00,S,navy,0.00
ITEM-08601,ORD-08601,SKU-0356,1,535.00,M,navy,0.00
ITEM-08602,ORD-08602,SKU-0277,1,1201.00,XXL,sage,0.00
ITEM-08603,ORD-08603,SKU-0289,1,444.00,M,navy,0.00
ITEM-08604,ORD-08604,SKU-0262,1,593.00,L,Ivory,0.00
ITEM-08605,ORD-08605,SKU-0408,1,626.00,XXL,NAVY_BLUE,0.00
ITEM-08606,ORD-08606,SKU-0338,1,1059.00,L,Black,0.00
ITEM-08607,ORD-08607,SKU-0286,1,1122.00,S,Mustard Yellow,0.00
ITEM-08608,ORD-08608,SKU-0298,1,771.00,M,Black,0.00
ITEM-08609,ORD-08609,SKU-0095,1,1481.00,M,rust,0.00
ITEM-08610,ORD-08610,SKU-0005,1,889.00,XS,sage,0.00
ITEM-08611,ORD-08611,SKU-0221,1,974.00,XS,Terracotta,0.00
ITEM-08612,ORD-08612,SKU-0296,1,1310.00,XL,NAVY_BLUE,0.00
ITEM-08613,ORD-08613,SKU-0378,1,441.00,L,NAVY_BLUE,0.00
ITEM-08614,ORD-08614,SKU-0072,1,792.00,L,Mustard Yellow,0.00
ITEM-08615,ORD-08615,SKU-0189,1,1256.00,XXL,Black,0.00
ITEM-08616,ORD-08616,SKU-0093,1,774.00,XXL,Sage Green,0.00
ITEM-08617,ORD-08617,SKU-0008,1,803.00,L,Navy Blue,0.00
ITEM-08618,ORD-08618,SKU-0053,1,452.00,XXL,Ivory,0.00
ITEM-08619,ORD-08619,SKU-0255,1,440.00,XL,Black,0.00
ITEM-08620,ORD-08620,SKU-0179,1,1327.00,M,Maroon,0.00
ITEM-08621,ORD-08621,SKU-0080,1,1006.00,S,navy,0.00
ITEM-08622,ORD-08622,SKU-0307,1,1315.00,S,maroon_red,0.00
ITEM-08623,ORD-08623,SKU-0040,1,400.00,M,mustard,0.00
ITEM-08624,ORD-08624,SKU-0062,1,1057.00,L,maroon_red,0.00
ITEM-08625,ORD-08625,SKU-0223,1,1120.00,XXL,Ivory,0.00
ITEM-08626,ORD-08626,SKU-0268,1,413.00,XXL,navy,0.00
ITEM-08627,ORD-08627,SKU-0108,1,447.00,L,Sage Green,0.00
ITEM-08628,ORD-08628,SKU-0479,1,754.00,L,Black,0.00
ITEM-08629,ORD-08629,SKU-0162,1,886.00,L,sage,0.00
ITEM-08630,ORD-08630,SKU-0133,1,589.00,XS,Black,0.00
ITEM-08631,ORD-08631,SKU-0461,1,456.00,XL,sage,0.00
ITEM-08632,ORD-08632,SKU-0288,1,1419.00,XS,Navy Blue,0.00
ITEM-08633,ORD-08633,SKU-0257,1,1086.00,XL,Navy Blue,0.00
ITEM-08634,ORD-08634,SKU-0090,1,1174.00,XL,sage,0.00
ITEM-08635,ORD-08635,SKU-0432,1,1302.00,XS,Ivory,0.00
ITEM-08636,ORD-08636,SKU-0471,1,1008.00,L,rust,0.00
ITEM-08637,ORD-08637,SKU-0232,1,781.00,M,Black,0.00
ITEM-08638,ORD-08638,SKU-0308,1,531.00,M,Ivory,0.00
ITEM-08639,ORD-08639,SKU-0462,1,940.00,L,Maroon,0.00
ITEM-08640,ORD-08640,SKU-0451,1,489.00,M,Maroon,0.00
ITEM-08641,ORD-08641,SKU-0228,1,717.00,XXL,Navy Blue,0.00
ITEM-08642,ORD-08642,SKU-0131,1,605.00,XXL,sage,0.00
ITEM-08643,ORD-08643,SKU-0159,1,707.00,XS,Sage Green,0.00
ITEM-08644,ORD-08644,SKU-0132,1,1413.00,XXL,Terracotta,0.00
ITEM-08645,ORD-08645,SKU-0190,1,1410.00,XL,Navy Blue,0.00
ITEM-08646,ORD-08646,SKU-0367,1,1421.00,S,Black,0.00
ITEM-08647,ORD-08647,SKU-0384,1,689.00,S,Maroon,0.00
ITEM-08648,ORD-08648,SKU-0375,1,443.00,XXL,Navy Blue,0.00
ITEM-08649,ORD-08649,SKU-0273,1,678.00,M,navy,0.00
ITEM-08650,ORD-08650,SKU-0387,1,1016.00,S,sage,0.00
ITEM-08651,ORD-08651,SKU-0344,1,631.00,XS,Terracotta,0.00
ITEM-08652,ORD-08652,SKU-0457,1,732.00,XS,mustard,0.00
ITEM-08653,ORD-08653,SKU-0086,1,1100.00,XL,sage,0.00
ITEM-08654,ORD-08654,SKU-0475,1,493.00,XXL,sage,0.00
ITEM-08655,ORD-08655,SKU-0363,1,772.00,S,Mustard Yellow,0.00
ITEM-08656,ORD-08656,SKU-0152,1,1080.00,M,rust,0.00
ITEM-08657,ORD-08657,SKU-0002,1,1499.00,S,Maroon,0.00
ITEM-08658,ORD-08658,SKU-0437,1,1319.00,L,Terracotta,0.00
ITEM-08659,ORD-08659,SKU-0436,1,424.00,XXL,Indigo,0.00
ITEM-08660,ORD-08660,SKU-0205,1,1357.00,M,NAVY_BLUE,0.00
ITEM-08661,ORD-08661,SKU-0178,1,1315.00,XS,Sage Green,0.00
ITEM-08662,ORD-08662,SKU-0203,1,983.00,L,mustard,0.00
ITEM-08663,ORD-08663,SKU-0282,1,1131.00,XXL,Navy Blue,0.00
ITEM-08664,ORD-08664,SKU-0172,1,974.00,XXL,sage,0.00
ITEM-08665,ORD-08665,SKU-0035,1,1337.00,XS,Ivory,0.00
ITEM-08666,ORD-08666,SKU-0176,1,518.00,S,Maroon,0.00
ITEM-08667,ORD-08667,SKU-0188,1,538.00,L,Mustard Yellow,0.00
ITEM-08668,ORD-08668,SKU-0164,1,1207.00,XS,rust,0.00
ITEM-08669,ORD-08669,SKU-0033,1,918.00,XXL,sage,0.00
ITEM-08670,ORD-08670,SKU-0114,1,585.00,XXL,navy,0.00
ITEM-08671,ORD-08671,SKU-0356,1,535.00,XL,navy,0.00
ITEM-08672,ORD-08672,SKU-0277,1,1201.00,XS,sage,0.00
ITEM-08673,ORD-08673,SKU-0289,1,444.00,S,navy,0.00
ITEM-08674,ORD-08674,SKU-0262,1,593.00,XL,Ivory,0.00
ITEM-08675,ORD-08675,SKU-0408,1,626.00,M,NAVY_BLUE,0.00
ITEM-08676,ORD-08676,SKU-0338,1,1059.00,S,Black,0.00
ITEM-08677,ORD-08677,SKU-0286,1,1122.00,M,Mustard Yellow,0.00
ITEM-08678,ORD-08678,SKU-0298,1,771.00,XXL,Black,0.00
ITEM-08679,ORD-08679,SKU-0095,1,1481.00,M,rust,0.00
ITEM-08680,ORD-08680,SKU-0005,1,889.00,XL,sage,0.00
ITEM-08681,ORD-08681,SKU-0221,1,974.00,XXL,Terracotta,0.00
ITEM-08682,ORD-08682,SKU-0296,1,1310.00,M,NAVY_BLUE,0.00
ITEM-08683,ORD-08683,SKU-0378,1,441.00,XXL,NAVY_BLUE,0.00
ITEM-08684,ORD-08684,SKU-0072,1,792.00,XL,Mustard Yellow,0.00
ITEM-08685,ORD-08685,SKU-0189,1,1256.00,XXL,Black,0.00
ITEM-08686,ORD-08686,SKU-0093,1,774.00,L,Sage Green,0.00
ITEM-08687,ORD-08687,SKU-0008,1,803.00,M,Navy Blue,0.00
ITEM-08688,ORD-08688,SKU-0053,1,452.00,S,Ivory,0.00
ITEM-08689,ORD-08689,SKU-0255,1,440.00,XL,Black,0.00
ITEM-08690,ORD-08690,SKU-0179,1,1327.00,XL,Maroon,0.00
ITEM-08691,ORD-08691,SKU-0080,1,1006.00,M,navy,0.00
ITEM-08692,ORD-08692,SKU-0307,1,1315.00,M,maroon_red,0.00
ITEM-08693,ORD-08693,SKU-0040,1,400.00,L,mustard,0.00
ITEM-08694,ORD-08694,SKU-0062,1,1057.00,XXL,maroon_red,0.00
ITEM-08695,ORD-08695,SKU-0223,1,1120.00,XXL,Ivory,0.00
ITEM-08696,ORD-08696,SKU-0268,1,413.00,XXL,navy,0.00
ITEM-08697,ORD-08697,SKU-0108,1,447.00,M,Sage Green,0.00
ITEM-08698,ORD-08698,SKU-0479,1,754.00,L,Black,0.00
ITEM-08699,ORD-08699,SKU-0162,1,886.00,L,sage,0.00
ITEM-08700,ORD-08700,SKU-0133,1,589.00,S,Black,0.00
ITEM-08701,ORD-08701,SKU-0461,1,456.00,S,sage,0.00
ITEM-08702,ORD-08702,SKU-0288,1,1419.00,S,Navy Blue,0.00
ITEM-08703,ORD-08703,SKU-0257,1,1086.00,S,Navy Blue,0.00
ITEM-08704,ORD-08704,SKU-0090,1,1174.00,S,sage,0.00
ITEM-08705,ORD-08705,SKU-0432,1,1302.00,XS,Ivory,0.00
ITEM-08706,ORD-08706,SKU-0471,1,1008.00,S,rust,0.00
ITEM-08707,ORD-08707,SKU-0232,1,781.00,XS,Black,0.00
ITEM-08708,ORD-08708,SKU-0308,1,531.00,XL,Ivory,0.00
ITEM-08709,ORD-08709,SKU-0462,1,940.00,XL,Maroon,0.00
ITEM-08710,ORD-08710,SKU-0451,1,489.00,XS,Maroon,0.00
ITEM-08711,ORD-08711,SKU-0228,1,717.00,XS,Navy Blue,0.00
ITEM-08712,ORD-08712,SKU-0131,1,605.00,XS,sage,0.00
ITEM-08713,ORD-08713,SKU-0159,1,707.00,M,Sage Green,0.00
ITEM-08714,ORD-08714,SKU-0132,1,1413.00,XXL,Terracotta,0.00
ITEM-08715,ORD-08715,SKU-0190,1,1410.00,L,Navy Blue,0.00
ITEM-08716,ORD-08716,SKU-0367,1,1421.00,XL,Black,0.00
ITEM-08717,ORD-08717,SKU-0384,1,689.00,M,Maroon,0.00
ITEM-08718,ORD-08718,SKU-0375,1,443.00,XS,Navy Blue,0.00
ITEM-08719,ORD-08719,SKU-0273,1,678.00,S,navy,0.00
ITEM-08720,ORD-08720,SKU-0387,1,1016.00,XS,sage,0.00
ITEM-08721,ORD-08721,SKU-0344,1,631.00,XXL,Terracotta,0.00
ITEM-08722,ORD-08722,SKU-0457,1,732.00,S,mustard,0.00
ITEM-08723,ORD-08723,SKU-0086,1,1100.00,XL,sage,0.00
ITEM-08724,ORD-08724,SKU-0475,1,493.00,M,sage,0.00
ITEM-08725,ORD-08725,SKU-0363,1,772.00,XS,Mustard Yellow,0.00
ITEM-08726,ORD-08726,SKU-0152,1,1080.00,S,rust,0.00
ITEM-08727,ORD-08727,SKU-0002,1,1499.00,XL,Maroon,0.00
ITEM-08728,ORD-08728,SKU-0437,1,1319.00,S,Terracotta,0.00
ITEM-08729,ORD-08729,SKU-0436,1,424.00,M,Indigo,0.00
ITEM-08730,ORD-08730,SKU-0205,1,1357.00,S,NAVY_BLUE,0.00
ITEM-08731,ORD-08731,SKU-0178,1,1315.00,S,Sage Green,0.00
ITEM-08732,ORD-08732,SKU-0203,1,983.00,XS,mustard,0.00
ITEM-08733,ORD-08733,SKU-0282,1,1131.00,XL,Navy Blue,0.00
ITEM-08734,ORD-08734,SKU-0172,1,974.00,XL,sage,0.00
ITEM-08735,ORD-08735,SKU-0035,1,1337.00,XXL,Ivory,0.00
ITEM-08736,ORD-08736,SKU-0176,1,518.00,S,Maroon,0.00
ITEM-08737,ORD-08737,SKU-0188,1,538.00,L,Mustard Yellow,0.00
ITEM-08738,ORD-08738,SKU-0164,1,1207.00,S,rust,0.00
ITEM-08739,ORD-08739,SKU-0033,1,918.00,XS,sage,0.00
ITEM-08740,ORD-08740,SKU-0114,1,585.00,XS,navy,0.00
ITEM-08741,ORD-08741,SKU-0356,1,535.00,XXL,navy,0.00
ITEM-08742,ORD-08742,SKU-0277,1,1201.00,XL,sage,0.00
ITEM-08743,ORD-08743,SKU-0289,1,444.00,S,navy,0.00
ITEM-08744,ORD-08744,SKU-0262,1,593.00,M,Ivory,0.00
ITEM-08745,ORD-08745,SKU-0408,1,626.00,XL,NAVY_BLUE,0.00
ITEM-08746,ORD-08746,SKU-0338,1,1059.00,XXL,Black,0.00
ITEM-08747,ORD-08747,SKU-0286,1,1122.00,M,Mustard Yellow,0.00
ITEM-08748,ORD-08748,SKU-0298,1,771.00,L,Black,0.00
ITEM-08749,ORD-08749,SKU-0095,1,1481.00,XS,rust,0.00
ITEM-08750,ORD-08750,SKU-0005,1,889.00,L,sage,0.00
ITEM-08751,ORD-08751,SKU-0221,1,974.00,XXL,Terracotta,0.00
ITEM-08752,ORD-08752,SKU-0296,1,1310.00,XXL,NAVY_BLUE,0.00
ITEM-08753,ORD-08753,SKU-0378,1,441.00,L,NAVY_BLUE,0.00
ITEM-08754,ORD-08754,SKU-0072,1,792.00,S,Mustard Yellow,0.00
ITEM-08755,ORD-08755,SKU-0189,1,1256.00,L,Black,0.00
ITEM-08756,ORD-08756,SKU-0093,1,774.00,L,Sage Green,0.00
ITEM-08757,ORD-08757,SKU-0008,1,803.00,XXL,Navy Blue,0.00
ITEM-08758,ORD-08758,SKU-0053,1,452.00,M,Ivory,0.00
ITEM-08759,ORD-08759,SKU-0255,1,440.00,XL,Black,0.00
ITEM-08760,ORD-08760,SKU-0179,1,1327.00,L,Maroon,0.00
ITEM-08761,ORD-08761,SKU-0080,1,1006.00,XXL,navy,0.00
ITEM-08762,ORD-08762,SKU-0307,1,1315.00,XXL,maroon_red,0.00
ITEM-08763,ORD-08763,SKU-0040,1,400.00,L,mustard,0.00
ITEM-08764,ORD-08764,SKU-0062,1,1057.00,XXL,maroon_red,0.00
ITEM-08765,ORD-08765,SKU-0223,1,1120.00,S,Ivory,0.00
ITEM-08766,ORD-08766,SKU-0268,1,413.00,XXL,navy,0.00
ITEM-08767,ORD-08767,SKU-0108,1,447.00,L,Sage Green,0.00
ITEM-08768,ORD-08768,SKU-0479,1,754.00,XS,Black,0.00
ITEM-08769,ORD-08769,SKU-0162,1,886.00,M,sage,0.00
ITEM-08770,ORD-08770,SKU-0133,1,589.00,XXL,Black,0.00
ITEM-08771,ORD-08771,SKU-0461,1,456.00,XL,sage,0.00
ITEM-08772,ORD-08772,SKU-0288,1,1419.00,XS,Navy Blue,0.00
ITEM-08773,ORD-08773,SKU-0257,1,1086.00,M,Navy Blue,0.00
ITEM-08774,ORD-08774,SKU-0090,1,1174.00,M,sage,0.00
ITEM-08775,ORD-08775,SKU-0432,1,1302.00,XL,Ivory,0.00
ITEM-08776,ORD-08776,SKU-0471,1,1008.00,XL,rust,0.00
ITEM-08777,ORD-08777,SKU-0232,1,781.00,XS,Black,0.00
ITEM-08778,ORD-08778,SKU-0308,1,531.00,S,Ivory,0.00
ITEM-08779,ORD-08779,SKU-0462,1,940.00,L,Maroon,0.00
ITEM-08780,ORD-08780,SKU-0451,1,489.00,L,Maroon,0.00
ITEM-08781,ORD-08781,SKU-0228,1,717.00,S,Navy Blue,0.00
ITEM-08782,ORD-08782,SKU-0131,1,605.00,S,sage,0.00
ITEM-08783,ORD-08783,SKU-0159,1,707.00,S,Sage Green,0.00
ITEM-08784,ORD-08784,SKU-0132,1,1413.00,XXL,Terracotta,0.00
ITEM-08785,ORD-08785,SKU-0190,1,1410.00,XS,Navy Blue,0.00
ITEM-08786,ORD-08786,SKU-0367,1,1421.00,S,Black,0.00
ITEM-08787,ORD-08787,SKU-0384,1,689.00,XL,Maroon,0.00
ITEM-08788,ORD-08788,SKU-0375,1,443.00,S,Navy Blue,0.00
ITEM-08789,ORD-08789,SKU-0273,1,678.00,S,navy,0.00
ITEM-08790,ORD-08790,SKU-0387,1,1016.00,L,sage,0.00
ITEM-08791,ORD-08791,SKU-0344,1,631.00,XL,Terracotta,0.00
ITEM-08792,ORD-08792,SKU-0457,1,732.00,S,mustard,0.00
ITEM-08793,ORD-08793,SKU-0086,1,1100.00,M,sage,0.00
ITEM-08794,ORD-08794,SKU-0475,1,493.00,XXL,sage,0.00
ITEM-08795,ORD-08795,SKU-0363,1,772.00,XL,Mustard Yellow,0.00
ITEM-08796,ORD-08796,SKU-0152,1,1080.00,XS,rust,0.00
ITEM-08797,ORD-08797,SKU-0002,1,1499.00,XL,Maroon,0.00
ITEM-08798,ORD-08798,SKU-0437,1,1319.00,S,Terracotta,0.00
ITEM-08799,ORD-08799,SKU-0436,1,424.00,S,Indigo,0.00
ITEM-08800,ORD-08800,SKU-0205,1,1357.00,M,NAVY_BLUE,0.00
ITEM-08801,ORD-08801,SKU-0178,1,1315.00,M,Sage Green,0.00
ITEM-08802,ORD-08802,SKU-0203,1,983.00,XL,mustard,0.00
ITEM-08803,ORD-08803,SKU-0282,1,1131.00,XXL,Navy Blue,0.00
ITEM-08804,ORD-08804,SKU-0172,1,974.00,XXL,sage,0.00
ITEM-08805,ORD-08805,SKU-0035,1,1337.00,M,Ivory,0.00
ITEM-08806,ORD-08806,SKU-0176,1,518.00,XL,Maroon,0.00
ITEM-08807,ORD-08807,SKU-0188,1,538.00,M,Mustard Yellow,0.00
ITEM-08808,ORD-08808,SKU-0164,1,1207.00,XL,rust,0.00
ITEM-08809,ORD-08809,SKU-0033,1,918.00,M,sage,0.00
ITEM-08810,ORD-08810,SKU-0114,1,585.00,XL,navy,0.00
ITEM-08811,ORD-08811,SKU-0356,1,535.00,L,navy,0.00
ITEM-08812,ORD-08812,SKU-0277,1,1201.00,XS,sage,0.00
ITEM-08813,ORD-08813,SKU-0289,1,444.00,M,navy,0.00
ITEM-08814,ORD-08814,SKU-0262,1,593.00,XXL,Ivory,0.00
ITEM-08815,ORD-08815,SKU-0408,1,626.00,XS,NAVY_BLUE,0.00
ITEM-08816,ORD-08816,SKU-0338,1,1059.00,L,Black,0.00
ITEM-08817,ORD-08817,SKU-0286,1,1122.00,M,Mustard Yellow,0.00
ITEM-08818,ORD-08818,SKU-0298,1,771.00,XS,Black,0.00
ITEM-08819,ORD-08819,SKU-0095,1,1481.00,XL,rust,0.00
ITEM-08820,ORD-08820,SKU-0005,1,889.00,XS,sage,0.00
ITEM-08821,ORD-08821,SKU-0221,1,974.00,M,Terracotta,0.00
ITEM-08822,ORD-08822,SKU-0296,1,1310.00,M,NAVY_BLUE,0.00
ITEM-08823,ORD-08823,SKU-0378,1,441.00,XL,NAVY_BLUE,0.00
ITEM-08824,ORD-08824,SKU-0072,1,792.00,XXL,Mustard Yellow,0.00
ITEM-08825,ORD-08825,SKU-0189,1,1256.00,L,Black,0.00
ITEM-08826,ORD-08826,SKU-0093,1,774.00,S,Sage Green,0.00
ITEM-08827,ORD-08827,SKU-0008,1,803.00,L,Navy Blue,0.00
ITEM-08828,ORD-08828,SKU-0053,1,452.00,XXL,Ivory,0.00
ITEM-08829,ORD-08829,SKU-0255,1,440.00,XL,Black,0.00
ITEM-08830,ORD-08830,SKU-0179,1,1327.00,M,Maroon,0.00
ITEM-08831,ORD-08831,SKU-0080,1,1006.00,M,navy,0.00
ITEM-08832,ORD-08832,SKU-0307,1,1315.00,XXL,maroon_red,0.00
ITEM-08833,ORD-08833,SKU-0040,1,400.00,L,mustard,0.00
ITEM-08834,ORD-08834,SKU-0062,1,1057.00,S,maroon_red,0.00
ITEM-08835,ORD-08835,SKU-0223,1,1120.00,XXL,Ivory,0.00
ITEM-08836,ORD-08836,SKU-0268,1,413.00,XXL,navy,0.00
ITEM-08837,ORD-08837,SKU-0108,1,447.00,L,Sage Green,0.00
ITEM-08838,ORD-08838,SKU-0479,1,754.00,M,Black,0.00
ITEM-08839,ORD-08839,SKU-0162,1,886.00,XS,sage,0.00
ITEM-08840,ORD-08840,SKU-0133,1,589.00,S,Black,0.00
ITEM-08841,ORD-08841,SKU-0461,1,456.00,S,sage,0.00
ITEM-08842,ORD-08842,SKU-0288,1,1419.00,XL,Navy Blue,0.00
ITEM-08843,ORD-08843,SKU-0257,1,1086.00,M,Navy Blue,0.00
ITEM-08844,ORD-08844,SKU-0090,1,1174.00,XS,sage,0.00
ITEM-08845,ORD-08845,SKU-0432,1,1302.00,XXL,Ivory,0.00
ITEM-08846,ORD-08846,SKU-0471,1,1008.00,XXL,rust,0.00
ITEM-08847,ORD-08847,SKU-0232,1,781.00,XXL,Black,0.00
ITEM-08848,ORD-08848,SKU-0308,1,531.00,XXL,Ivory,0.00
ITEM-08849,ORD-08849,SKU-0462,1,940.00,XXL,Maroon,0.00
ITEM-08850,ORD-08850,SKU-0451,1,489.00,XL,Maroon,0.00
ITEM-08851,ORD-08851,SKU-0228,1,717.00,XXL,Navy Blue,0.00
ITEM-08852,ORD-08852,SKU-0131,1,605.00,L,sage,0.00
ITEM-08853,ORD-08853,SKU-0159,1,707.00,M,Sage Green,0.00
ITEM-08854,ORD-08854,SKU-0132,1,1413.00,XXL,Terracotta,0.00
ITEM-08855,ORD-08855,SKU-0190,1,1410.00,S,Navy Blue,0.00
ITEM-08856,ORD-08856,SKU-0367,1,1421.00,XXL,Black,0.00
ITEM-08857,ORD-08857,SKU-0384,1,689.00,XS,Maroon,0.00
ITEM-08858,ORD-08858,SKU-0375,1,443.00,S,Navy Blue,0.00
ITEM-08859,ORD-08859,SKU-0273,1,678.00,XXL,navy,0.00
ITEM-08860,ORD-08860,SKU-0387,1,1016.00,M,sage,0.00
ITEM-08861,ORD-08861,SKU-0344,1,631.00,XS,Terracotta,0.00
ITEM-08862,ORD-08862,SKU-0457,1,732.00,XL,mustard,0.00
ITEM-08863,ORD-08863,SKU-0086,1,1100.00,S,sage,0.00
ITEM-08864,ORD-08864,SKU-0475,1,493.00,XL,sage,0.00
ITEM-08865,ORD-08865,SKU-0363,1,772.00,S,Mustard Yellow,0.00
ITEM-08866,ORD-08866,SKU-0152,1,1080.00,S,rust,0.00
ITEM-08867,ORD-08867,SKU-0002,1,1499.00,XXL,Maroon,0.00
ITEM-08868,ORD-08868,SKU-0437,1,1319.00,XS,Terracotta,0.00
ITEM-08869,ORD-08869,SKU-0436,1,424.00,M,Indigo,0.00
ITEM-08870,ORD-08870,SKU-0205,1,1357.00,S,NAVY_BLUE,0.00
ITEM-08871,ORD-08871,SKU-0178,1,1315.00,L,Sage Green,0.00
ITEM-08872,ORD-08872,SKU-0203,1,983.00,XL,mustard,0.00
ITEM-08873,ORD-08873,SKU-0282,1,1131.00,XS,Navy Blue,0.00
ITEM-08874,ORD-08874,SKU-0172,1,974.00,XS,sage,0.00
ITEM-08875,ORD-08875,SKU-0035,1,1337.00,S,Ivory,0.00
ITEM-08876,ORD-08876,SKU-0176,1,518.00,XXL,Maroon,0.00
ITEM-08877,ORD-08877,SKU-0188,1,538.00,L,Mustard Yellow,0.00
ITEM-08878,ORD-08878,SKU-0164,1,1207.00,M,rust,0.00
ITEM-08879,ORD-08879,SKU-0033,1,918.00,S,sage,0.00
ITEM-08880,ORD-08880,SKU-0114,1,585.00,XXL,navy,0.00
ITEM-08881,ORD-08881,SKU-0356,1,535.00,XS,navy,0.00
ITEM-08882,ORD-08882,SKU-0277,1,1201.00,M,sage,0.00
ITEM-08883,ORD-08883,SKU-0289,1,444.00,M,navy,0.00
ITEM-08884,ORD-08884,SKU-0262,1,593.00,XS,Ivory,0.00
ITEM-08885,ORD-08885,SKU-0408,1,626.00,M,NAVY_BLUE,0.00
ITEM-08886,ORD-08886,SKU-0338,1,1059.00,L,Black,0.00
ITEM-08887,ORD-08887,SKU-0286,1,1122.00,L,Mustard Yellow,0.00
ITEM-08888,ORD-08888,SKU-0298,1,771.00,XXL,Black,0.00
ITEM-08889,ORD-08889,SKU-0095,1,1481.00,L,rust,0.00
ITEM-08890,ORD-08890,SKU-0005,1,889.00,M,sage,0.00
ITEM-08891,ORD-08891,SKU-0221,1,974.00,XXL,Terracotta,0.00
ITEM-08892,ORD-08892,SKU-0296,1,1310.00,XL,NAVY_BLUE,0.00
ITEM-08893,ORD-08893,SKU-0378,1,441.00,XS,NAVY_BLUE,0.00
ITEM-08894,ORD-08894,SKU-0072,1,792.00,S,Mustard Yellow,0.00
ITEM-08895,ORD-08895,SKU-0189,1,1256.00,XS,Black,0.00
ITEM-08896,ORD-08896,SKU-0093,1,774.00,L,Sage Green,0.00
ITEM-08897,ORD-08897,SKU-0008,1,803.00,XS,Navy Blue,0.00
ITEM-08898,ORD-08898,SKU-0053,1,452.00,S,Ivory,0.00
ITEM-08899,ORD-08899,SKU-0255,1,440.00,XS,Black,0.00
ITEM-08900,ORD-08900,SKU-0179,1,1327.00,XS,Maroon,0.00
ITEM-08901,ORD-08901,SKU-0080,1,1006.00,XXL,navy,0.00
ITEM-08902,ORD-08902,SKU-0307,1,1315.00,XL,maroon_red,0.00
ITEM-08903,ORD-08903,SKU-0040,1,400.00,XS,mustard,0.00
ITEM-08904,ORD-08904,SKU-0062,1,1057.00,XS,maroon_red,0.00
ITEM-08905,ORD-08905,SKU-0223,1,1120.00,XXL,Ivory,0.00
ITEM-08906,ORD-08906,SKU-0268,1,413.00,M,navy,0.00
ITEM-08907,ORD-08907,SKU-0108,1,447.00,L,Sage Green,0.00
ITEM-08908,ORD-08908,SKU-0479,1,754.00,L,Black,0.00
ITEM-08909,ORD-08909,SKU-0162,1,886.00,XS,sage,0.00
ITEM-08910,ORD-08910,SKU-0133,1,589.00,XXL,Black,0.00
ITEM-08911,ORD-08911,SKU-0461,1,456.00,M,sage,0.00
ITEM-08912,ORD-08912,SKU-0288,1,1419.00,M,Navy Blue,0.00
ITEM-08913,ORD-08913,SKU-0257,1,1086.00,S,Navy Blue,0.00
ITEM-08914,ORD-08914,SKU-0090,1,1174.00,L,sage,0.00
ITEM-08915,ORD-08915,SKU-0432,1,1302.00,S,Ivory,0.00
ITEM-08916,ORD-08916,SKU-0471,1,1008.00,S,rust,0.00
ITEM-08917,ORD-08917,SKU-0232,1,781.00,S,Black,0.00
ITEM-08918,ORD-08918,SKU-0308,1,531.00,L,Ivory,0.00
ITEM-08919,ORD-08919,SKU-0462,1,940.00,XXL,Maroon,0.00
ITEM-08920,ORD-08920,SKU-0451,1,489.00,L,Maroon,0.00
ITEM-08921,ORD-08921,SKU-0228,1,717.00,M,Navy Blue,0.00
ITEM-08922,ORD-08922,SKU-0131,1,605.00,S,sage,0.00
ITEM-08923,ORD-08923,SKU-0159,1,707.00,S,Sage Green,0.00
ITEM-08924,ORD-08924,SKU-0132,1,1413.00,L,Terracotta,0.00
ITEM-08925,ORD-08925,SKU-0190,1,1410.00,L,Navy Blue,0.00
ITEM-08926,ORD-08926,SKU-0367,1,1421.00,M,Black,0.00
ITEM-08927,ORD-08927,SKU-0384,1,689.00,L,Maroon,0.00
ITEM-08928,ORD-08928,SKU-0375,1,443.00,XS,Navy Blue,0.00
ITEM-08929,ORD-08929,SKU-0273,1,678.00,M,navy,0.00
ITEM-08930,ORD-08930,SKU-0387,1,1016.00,L,sage,0.00
ITEM-08931,ORD-08931,SKU-0344,1,631.00,XXL,Terracotta,0.00
ITEM-08932,ORD-08932,SKU-0457,1,732.00,XS,mustard,0.00
ITEM-08933,ORD-08933,SKU-0086,1,1100.00,L,sage,0.00
ITEM-08934,ORD-08934,SKU-0475,1,493.00,XXL,sage,0.00
ITEM-08935,ORD-08935,SKU-0363,1,772.00,S,Mustard Yellow,0.00
ITEM-08936,ORD-08936,SKU-0152,1,1080.00,XXL,rust,0.00
ITEM-08937,ORD-08937,SKU-0002,1,1499.00,XL,Maroon,0.00
ITEM-08938,ORD-08938,SKU-0437,1,1319.00,S,Terracotta,0.00
ITEM-08939,ORD-08939,SKU-0436,1,424.00,M,Indigo,0.00
ITEM-08940,ORD-08940,SKU-0205,1,1357.00,L,NAVY_BLUE,0.00
ITEM-08941,ORD-08941,SKU-0178,1,1315.00,XS,Sage Green,0.00
ITEM-08942,ORD-08942,SKU-0203,1,983.00,M,mustard,0.00
ITEM-08943,ORD-08943,SKU-0282,1,1131.00,XS,Navy Blue,0.00
ITEM-08944,ORD-08944,SKU-0172,1,974.00,XXL,sage,0.00
ITEM-08945,ORD-08945,SKU-0035,1,1337.00,S,Ivory,0.00
ITEM-08946,ORD-08946,SKU-0176,1,518.00,S,Maroon,0.00
ITEM-08947,ORD-08947,SKU-0188,1,538.00,XXL,Mustard Yellow,0.00
ITEM-08948,ORD-08948,SKU-0164,1,1207.00,XXL,rust,0.00
ITEM-08949,ORD-08949,SKU-0033,1,918.00,XXL,sage,0.00
ITEM-08950,ORD-08950,SKU-0114,1,585.00,M,navy,0.00
ITEM-08951,ORD-08951,SKU-0356,1,535.00,L,navy,0.00
ITEM-08952,ORD-08952,SKU-0277,1,1201.00,XL,sage,0.00
ITEM-08953,ORD-08953,SKU-0289,1,444.00,XL,navy,0.00
ITEM-08954,ORD-08954,SKU-0262,1,593.00,S,Ivory,0.00
ITEM-08955,ORD-08955,SKU-0408,1,626.00,XXL,NAVY_BLUE,0.00
ITEM-08956,ORD-08956,SKU-0338,1,1059.00,XL,Black,0.00
ITEM-08957,ORD-08957,SKU-0286,1,1122.00,XL,Mustard Yellow,0.00
ITEM-08958,ORD-08958,SKU-0298,1,771.00,M,Black,0.00
ITEM-08959,ORD-08959,SKU-0095,1,1481.00,L,rust,0.00
ITEM-08960,ORD-08960,SKU-0005,1,889.00,M,sage,0.00
ITEM-08961,ORD-08961,SKU-0221,1,974.00,XL,Terracotta,0.00
ITEM-08962,ORD-08962,SKU-0296,1,1310.00,XL,NAVY_BLUE,0.00
ITEM-08963,ORD-08963,SKU-0378,1,441.00,M,NAVY_BLUE,0.00
ITEM-08964,ORD-08964,SKU-0072,1,792.00,XL,Mustard Yellow,0.00
ITEM-08965,ORD-08965,SKU-0189,1,1256.00,XS,Black,0.00
ITEM-08966,ORD-08966,SKU-0093,1,774.00,M,Sage Green,0.00
ITEM-08967,ORD-08967,SKU-0008,1,803.00,XXL,Navy Blue,0.00
ITEM-08968,ORD-08968,SKU-0053,1,452.00,XL,Ivory,0.00
ITEM-08969,ORD-08969,SKU-0255,1,440.00,XS,Black,0.00
ITEM-08970,ORD-08970,SKU-0179,1,1327.00,XS,Maroon,0.00
ITEM-08971,ORD-08971,SKU-0080,1,1006.00,XS,navy,0.00
ITEM-08972,ORD-08972,SKU-0307,1,1315.00,XL,maroon_red,0.00
ITEM-08973,ORD-08973,SKU-0040,1,400.00,XS,mustard,0.00
ITEM-08974,ORD-08974,SKU-0062,1,1057.00,L,maroon_red,0.00
ITEM-08975,ORD-08975,SKU-0223,1,1120.00,XXL,Ivory,0.00
ITEM-08976,ORD-08976,SKU-0268,1,413.00,S,navy,0.00
ITEM-08977,ORD-08977,SKU-0108,1,447.00,S,Sage Green,0.00
ITEM-08978,ORD-08978,SKU-0479,1,754.00,S,Black,0.00
ITEM-08979,ORD-08979,SKU-0162,1,886.00,L,sage,0.00
ITEM-08980,ORD-08980,SKU-0133,1,589.00,M,Black,0.00
ITEM-08981,ORD-08981,SKU-0461,1,456.00,L,sage,0.00
ITEM-08982,ORD-08982,SKU-0288,1,1419.00,XL,Navy Blue,0.00
ITEM-08983,ORD-08983,SKU-0257,1,1086.00,M,Navy Blue,0.00
ITEM-08984,ORD-08984,SKU-0090,1,1174.00,S,sage,0.00
ITEM-08985,ORD-08985,SKU-0432,1,1302.00,M,Ivory,0.00
ITEM-08986,ORD-08986,SKU-0471,1,1008.00,XL,rust,0.00
ITEM-08987,ORD-08987,SKU-0232,1,781.00,XXL,Black,0.00
ITEM-08988,ORD-08988,SKU-0308,1,531.00,XS,Ivory,0.00
ITEM-08989,ORD-08989,SKU-0462,1,940.00,S,Maroon,0.00
ITEM-08990,ORD-08990,SKU-0451,1,489.00,M,Maroon,0.00
ITEM-08991,ORD-08991,SKU-0228,1,717.00,XXL,Navy Blue,0.00
ITEM-08992,ORD-08992,SKU-0131,1,605.00,S,sage,0.00
ITEM-08993,ORD-08993,SKU-0159,1,707.00,XS,Sage Green,0.00
ITEM-08994,ORD-08994,SKU-0132,1,1413.00,M,Terracotta,0.00
ITEM-08995,ORD-08995,SKU-0190,1,1410.00,XS,Navy Blue,0.00
ITEM-08996,ORD-08996,SKU-0367,1,1421.00,XS,Black,0.00
ITEM-08997,ORD-08997,SKU-0384,1,689.00,XXL,Maroon,0.00
ITEM-08998,ORD-08998,SKU-0375,1,443.00,XL,Navy Blue,0.00
ITEM-08999,ORD-08999,SKU-0273,1,678.00,XS,navy,0.00
ITEM-09000,ORD-09000,SKU-0387,1,1016.00,M,sage,0.00
ITEM-09001,ORD-09001,SKU-0344,1,631.00,XS,Terracotta,0.00
ITEM-09002,ORD-09002,SKU-0457,1,732.00,XL,mustard,0.00
ITEM-09003,ORD-09003,SKU-0086,1,1100.00,M,sage,0.00
ITEM-09004,ORD-09004,SKU-0475,1,493.00,L,sage,0.00
ITEM-09005,ORD-09005,SKU-0363,1,772.00,L,Mustard Yellow,0.00
ITEM-09006,ORD-09006,SKU-0152,1,1080.00,M,rust,0.00
ITEM-09007,ORD-09007,SKU-0002,1,1499.00,S,Maroon,0.00
ITEM-09008,ORD-09008,SKU-0437,1,1319.00,XXL,Terracotta,0.00
ITEM-09009,ORD-09009,SKU-0436,1,424.00,L,Indigo,0.00
ITEM-09010,ORD-09010,SKU-0205,1,1357.00,XXL,NAVY_BLUE,0.00
ITEM-09011,ORD-09011,SKU-0178,1,1315.00,M,Sage Green,0.00
ITEM-09012,ORD-09012,SKU-0203,1,983.00,L,mustard,0.00
ITEM-09013,ORD-09013,SKU-0282,1,1131.00,XXL,Navy Blue,0.00
ITEM-09014,ORD-09014,SKU-0172,1,974.00,L,sage,0.00
ITEM-09015,ORD-09015,SKU-0035,1,1337.00,XL,Ivory,0.00
ITEM-09016,ORD-09016,SKU-0176,1,518.00,XS,Maroon,0.00
ITEM-09017,ORD-09017,SKU-0188,1,538.00,XL,Mustard Yellow,0.00
ITEM-09018,ORD-09018,SKU-0164,1,1207.00,XL,rust,0.00
ITEM-09019,ORD-09019,SKU-0033,1,918.00,L,sage,0.00
ITEM-09020,ORD-09020,SKU-0114,1,585.00,S,navy,0.00
ITEM-09021,ORD-09021,SKU-0356,1,535.00,M,navy,0.00
ITEM-09022,ORD-09022,SKU-0277,1,1201.00,XL,sage,0.00
ITEM-09023,ORD-09023,SKU-0289,1,444.00,XL,navy,0.00
ITEM-09024,ORD-09024,SKU-0262,1,593.00,XXL,Ivory,0.00
ITEM-09025,ORD-09025,SKU-0408,1,626.00,XXL,NAVY_BLUE,0.00
ITEM-09026,ORD-09026,SKU-0338,1,1059.00,XL,Black,0.00
ITEM-09027,ORD-09027,SKU-0286,1,1122.00,L,Mustard Yellow,0.00
ITEM-09028,ORD-09028,SKU-0298,1,771.00,L,Black,0.00
ITEM-09029,ORD-09029,SKU-0095,1,1481.00,L,rust,0.00
ITEM-09030,ORD-09030,SKU-0005,1,889.00,XL,sage,0.00
ITEM-09031,ORD-09031,SKU-0221,1,974.00,M,Terracotta,0.00
ITEM-09032,ORD-09032,SKU-0296,1,1310.00,S,NAVY_BLUE,0.00
ITEM-09033,ORD-09033,SKU-0378,1,441.00,XXL,NAVY_BLUE,0.00
ITEM-09034,ORD-09034,SKU-0072,1,792.00,L,Mustard Yellow,0.00
ITEM-09035,ORD-09035,SKU-0189,1,1256.00,L,Black,0.00
ITEM-09036,ORD-09036,SKU-0093,1,774.00,XL,Sage Green,0.00
ITEM-09037,ORD-09037,SKU-0008,1,803.00,M,Navy Blue,0.00
ITEM-09038,ORD-09038,SKU-0053,1,452.00,XXL,Ivory,0.00
ITEM-09039,ORD-09039,SKU-0255,1,440.00,M,Black,0.00
ITEM-09040,ORD-09040,SKU-0179,1,1327.00,L,Maroon,0.00
ITEM-09041,ORD-09041,SKU-0080,1,1006.00,XS,navy,0.00
ITEM-09042,ORD-09042,SKU-0307,1,1315.00,XL,maroon_red,0.00
ITEM-09043,ORD-09043,SKU-0040,1,400.00,XXL,mustard,0.00
ITEM-09044,ORD-09044,SKU-0062,1,1057.00,S,maroon_red,0.00
ITEM-09045,ORD-09045,SKU-0223,1,1120.00,XS,Ivory,0.00
ITEM-09046,ORD-09046,SKU-0268,1,413.00,XL,navy,0.00
ITEM-09047,ORD-09047,SKU-0108,1,447.00,XXL,Sage Green,0.00
ITEM-09048,ORD-09048,SKU-0479,1,754.00,XS,Black,0.00
ITEM-09049,ORD-09049,SKU-0162,1,886.00,M,sage,0.00
ITEM-09050,ORD-09050,SKU-0133,1,589.00,M,Black,0.00
ITEM-09051,ORD-09051,SKU-0461,1,456.00,XS,sage,0.00
ITEM-09052,ORD-09052,SKU-0288,1,1419.00,XXL,Navy Blue,0.00
ITEM-09053,ORD-09053,SKU-0257,1,1086.00,S,Navy Blue,0.00
ITEM-09054,ORD-09054,SKU-0090,1,1174.00,S,sage,0.00
ITEM-09055,ORD-09055,SKU-0432,1,1302.00,XS,Ivory,0.00
ITEM-09056,ORD-09056,SKU-0471,1,1008.00,XL,rust,0.00
ITEM-09057,ORD-09057,SKU-0232,1,781.00,M,Black,0.00
ITEM-09058,ORD-09058,SKU-0308,1,531.00,S,Ivory,0.00
ITEM-09059,ORD-09059,SKU-0462,1,940.00,L,Maroon,0.00
ITEM-09060,ORD-09060,SKU-0451,1,489.00,M,Maroon,0.00
ITEM-09061,ORD-09061,SKU-0228,1,717.00,L,Navy Blue,0.00
ITEM-09062,ORD-09062,SKU-0131,1,605.00,M,sage,0.00
ITEM-09063,ORD-09063,SKU-0159,1,707.00,L,Sage Green,0.00
ITEM-09064,ORD-09064,SKU-0132,1,1413.00,XXL,Terracotta,0.00
ITEM-09065,ORD-09065,SKU-0190,1,1410.00,XS,Navy Blue,0.00
ITEM-09066,ORD-09066,SKU-0367,1,1421.00,XXL,Black,0.00
ITEM-09067,ORD-09067,SKU-0384,1,689.00,L,Maroon,0.00
ITEM-09068,ORD-09068,SKU-0375,1,443.00,XXL,Navy Blue,0.00
ITEM-09069,ORD-09069,SKU-0273,1,678.00,XXL,navy,0.00
ITEM-09070,ORD-09070,SKU-0387,1,1016.00,S,sage,0.00
ITEM-09071,ORD-09071,SKU-0344,1,631.00,M,Terracotta,0.00
ITEM-09072,ORD-09072,SKU-0457,1,732.00,M,mustard,0.00
ITEM-09073,ORD-09073,SKU-0086,1,1100.00,XXL,sage,0.00
ITEM-09074,ORD-09074,SKU-0475,1,493.00,L,sage,0.00
ITEM-09075,ORD-09075,SKU-0363,1,772.00,XL,Mustard Yellow,0.00
ITEM-09076,ORD-09076,SKU-0152,1,1080.00,XS,rust,0.00
ITEM-09077,ORD-09077,SKU-0002,1,1499.00,S,Maroon,0.00
ITEM-09078,ORD-09078,SKU-0437,1,1319.00,M,Terracotta,0.00
ITEM-09079,ORD-09079,SKU-0436,1,424.00,XXL,Indigo,0.00
ITEM-09080,ORD-09080,SKU-0205,1,1357.00,L,NAVY_BLUE,0.00
ITEM-09081,ORD-09081,SKU-0178,1,1315.00,XL,Sage Green,0.00
ITEM-09082,ORD-09082,SKU-0203,1,983.00,XS,mustard,0.00
ITEM-09083,ORD-09083,SKU-0282,1,1131.00,M,Navy Blue,0.00
ITEM-09084,ORD-09084,SKU-0172,1,974.00,S,sage,0.00
ITEM-09085,ORD-09085,SKU-0035,1,1337.00,XL,Ivory,0.00
ITEM-09086,ORD-09086,SKU-0176,1,518.00,M,Maroon,0.00
ITEM-09087,ORD-09087,SKU-0188,1,538.00,XS,Mustard Yellow,0.00
ITEM-09088,ORD-09088,SKU-0164,1,1207.00,XS,rust,0.00
ITEM-09089,ORD-09089,SKU-0033,1,918.00,M,sage,0.00
ITEM-09090,ORD-09090,SKU-0114,1,585.00,XXL,navy,0.00
ITEM-09091,ORD-09091,SKU-0356,1,535.00,XXL,navy,0.00
ITEM-09092,ORD-09092,SKU-0277,1,1201.00,M,sage,0.00
ITEM-09093,ORD-09093,SKU-0289,1,444.00,S,navy,0.00
ITEM-09094,ORD-09094,SKU-0262,1,593.00,S,Ivory,0.00
ITEM-09095,ORD-09095,SKU-0408,1,626.00,XS,NAVY_BLUE,0.00
ITEM-09096,ORD-09096,SKU-0338,1,1059.00,XXL,Black,0.00
ITEM-09097,ORD-09097,SKU-0286,1,1122.00,L,Mustard Yellow,0.00
ITEM-09098,ORD-09098,SKU-0298,1,771.00,M,Black,0.00
ITEM-09099,ORD-09099,SKU-0095,1,1481.00,M,rust,0.00
ITEM-09100,ORD-09100,SKU-0005,1,889.00,XXL,sage,0.00
ITEM-09101,ORD-09101,SKU-0221,1,974.00,XL,Terracotta,0.00
ITEM-09102,ORD-09102,SKU-0296,1,1310.00,XL,NAVY_BLUE,0.00
ITEM-09103,ORD-09103,SKU-0378,1,441.00,M,NAVY_BLUE,0.00
ITEM-09104,ORD-09104,SKU-0072,1,792.00,S,Mustard Yellow,0.00
ITEM-09105,ORD-09105,SKU-0189,1,1256.00,S,Black,0.00
ITEM-09106,ORD-09106,SKU-0093,1,774.00,XXL,Sage Green,0.00
ITEM-09107,ORD-09107,SKU-0008,1,803.00,M,Navy Blue,0.00
ITEM-09108,ORD-09108,SKU-0053,1,452.00,XS,Ivory,0.00
ITEM-09109,ORD-09109,SKU-0255,1,440.00,XS,Black,0.00
ITEM-09110,ORD-09110,SKU-0179,1,1327.00,L,Maroon,0.00
ITEM-09111,ORD-09111,SKU-0080,1,1006.00,L,navy,0.00
ITEM-09112,ORD-09112,SKU-0307,1,1315.00,XXL,maroon_red,0.00
ITEM-09113,ORD-09113,SKU-0040,1,400.00,XS,mustard,0.00
ITEM-09114,ORD-09114,SKU-0062,1,1057.00,XS,maroon_red,0.00
ITEM-09115,ORD-09115,SKU-0223,1,1120.00,L,Ivory,0.00
ITEM-09116,ORD-09116,SKU-0268,1,413.00,M,navy,0.00
ITEM-09117,ORD-09117,SKU-0108,1,447.00,XS,Sage Green,0.00
ITEM-09118,ORD-09118,SKU-0479,1,754.00,M,Black,0.00
ITEM-09119,ORD-09119,SKU-0162,1,886.00,XL,sage,0.00
ITEM-09120,ORD-09120,SKU-0133,1,589.00,XL,Black,0.00
ITEM-09121,ORD-09121,SKU-0461,1,456.00,XXL,sage,0.00
ITEM-09122,ORD-09122,SKU-0288,1,1419.00,XXL,Navy Blue,0.00
ITEM-09123,ORD-09123,SKU-0257,1,1086.00,S,Navy Blue,0.00
ITEM-09124,ORD-09124,SKU-0090,1,1174.00,XS,sage,0.00
ITEM-09125,ORD-09125,SKU-0432,1,1302.00,XL,Ivory,0.00
ITEM-09126,ORD-09126,SKU-0471,1,1008.00,L,rust,0.00
ITEM-09127,ORD-09127,SKU-0232,1,781.00,XS,Black,0.00
ITEM-09128,ORD-09128,SKU-0308,1,531.00,XL,Ivory,0.00
ITEM-09129,ORD-09129,SKU-0462,1,940.00,XXL,Maroon,0.00
ITEM-09130,ORD-09130,SKU-0451,1,489.00,M,Maroon,0.00
ITEM-09131,ORD-09131,SKU-0228,1,717.00,S,Navy Blue,0.00
ITEM-09132,ORD-09132,SKU-0131,1,605.00,M,sage,0.00
ITEM-09133,ORD-09133,SKU-0159,1,707.00,XS,Sage Green,0.00
ITEM-09134,ORD-09134,SKU-0132,1,1413.00,L,Terracotta,0.00
ITEM-09135,ORD-09135,SKU-0190,1,1410.00,M,Navy Blue,0.00
ITEM-09136,ORD-09136,SKU-0367,1,1421.00,S,Black,0.00
ITEM-09137,ORD-09137,SKU-0384,1,689.00,M,Maroon,0.00
ITEM-09138,ORD-09138,SKU-0375,1,443.00,XS,Navy Blue,0.00
ITEM-09139,ORD-09139,SKU-0273,1,678.00,L,navy,0.00
ITEM-09140,ORD-09140,SKU-0387,1,1016.00,XXL,sage,0.00
ITEM-09141,ORD-09141,SKU-0344,1,631.00,XXL,Terracotta,0.00
ITEM-09142,ORD-09142,SKU-0457,1,732.00,XS,mustard,0.00
ITEM-09143,ORD-09143,SKU-0086,1,1100.00,XXL,sage,0.00
ITEM-09144,ORD-09144,SKU-0475,1,493.00,L,sage,0.00
ITEM-09145,ORD-09145,SKU-0363,1,772.00,S,Mustard Yellow,0.00
ITEM-09146,ORD-09146,SKU-0152,1,1080.00,XS,rust,0.00
ITEM-09147,ORD-09147,SKU-0002,1,1499.00,XXL,Maroon,0.00
ITEM-09148,ORD-09148,SKU-0437,1,1319.00,XL,Terracotta,0.00
ITEM-09149,ORD-09149,SKU-0436,1,424.00,XXL,Indigo,0.00
ITEM-09150,ORD-09150,SKU-0205,1,1357.00,XL,NAVY_BLUE,0.00
ITEM-09151,ORD-09151,SKU-0178,1,1315.00,XS,Sage Green,0.00
ITEM-09152,ORD-09152,SKU-0203,1,983.00,XL,mustard,0.00
ITEM-09153,ORD-09153,SKU-0282,1,1131.00,M,Navy Blue,0.00
ITEM-09154,ORD-09154,SKU-0172,1,974.00,M,sage,0.00
ITEM-09155,ORD-09155,SKU-0035,1,1337.00,XS,Ivory,0.00
ITEM-09156,ORD-09156,SKU-0176,1,518.00,XXL,Maroon,0.00
ITEM-09157,ORD-09157,SKU-0188,1,538.00,M,Mustard Yellow,0.00
ITEM-09158,ORD-09158,SKU-0164,1,1207.00,L,rust,0.00
ITEM-09159,ORD-09159,SKU-0033,1,918.00,XS,sage,0.00
ITEM-09160,ORD-09160,SKU-0114,1,585.00,XL,navy,0.00
ITEM-09161,ORD-09161,SKU-0356,1,535.00,XL,navy,0.00
ITEM-09162,ORD-09162,SKU-0277,1,1201.00,S,sage,0.00
ITEM-09163,ORD-09163,SKU-0289,1,444.00,L,navy,0.00
ITEM-09164,ORD-09164,SKU-0262,1,593.00,XL,Ivory,0.00
ITEM-09165,ORD-09165,SKU-0408,1,626.00,M,NAVY_BLUE,0.00
ITEM-09166,ORD-09166,SKU-0338,1,1059.00,L,Black,0.00
ITEM-09167,ORD-09167,SKU-0286,1,1122.00,L,Mustard Yellow,0.00
ITEM-09168,ORD-09168,SKU-0298,1,771.00,XXL,Black,0.00
ITEM-09169,ORD-09169,SKU-0095,1,1481.00,M,rust,0.00
ITEM-09170,ORD-09170,SKU-0005,1,889.00,XS,sage,0.00
ITEM-09171,ORD-09171,SKU-0221,1,974.00,XL,Terracotta,0.00
ITEM-09172,ORD-09172,SKU-0296,1,1310.00,L,NAVY_BLUE,0.00
ITEM-09173,ORD-09173,SKU-0378,1,441.00,XL,NAVY_BLUE,0.00
ITEM-09174,ORD-09174,SKU-0072,1,792.00,XS,Mustard Yellow,0.00
ITEM-09175,ORD-09175,SKU-0189,1,1256.00,XL,Black,0.00
ITEM-09176,ORD-09176,SKU-0093,1,774.00,XXL,Sage Green,0.00
ITEM-09177,ORD-09177,SKU-0008,1,803.00,XS,Navy Blue,0.00
ITEM-09178,ORD-09178,SKU-0053,1,452.00,XS,Ivory,0.00
ITEM-09179,ORD-09179,SKU-0255,1,440.00,L,Black,0.00
ITEM-09180,ORD-09180,SKU-0179,1,1327.00,S,Maroon,0.00
ITEM-09181,ORD-09181,SKU-0080,1,1006.00,S,navy,0.00
ITEM-09182,ORD-09182,SKU-0307,1,1315.00,M,maroon_red,0.00
ITEM-09183,ORD-09183,SKU-0040,1,400.00,XS,mustard,0.00
ITEM-09184,ORD-09184,SKU-0062,1,1057.00,XL,maroon_red,0.00
ITEM-09185,ORD-09185,SKU-0223,1,1120.00,L,Ivory,0.00
ITEM-09186,ORD-09186,SKU-0268,1,413.00,XL,navy,0.00
ITEM-09187,ORD-09187,SKU-0108,1,447.00,L,Sage Green,0.00
ITEM-09188,ORD-09188,SKU-0479,1,754.00,XXL,Black,0.00
ITEM-09189,ORD-09189,SKU-0162,1,886.00,XS,sage,0.00
ITEM-09190,ORD-09190,SKU-0133,1,589.00,XS,Black,0.00
ITEM-09191,ORD-09191,SKU-0461,1,456.00,L,sage,0.00
ITEM-09192,ORD-09192,SKU-0288,1,1419.00,XS,Navy Blue,0.00
ITEM-09193,ORD-09193,SKU-0257,1,1086.00,S,Navy Blue,0.00
ITEM-09194,ORD-09194,SKU-0090,1,1174.00,XXL,sage,0.00
ITEM-09195,ORD-09195,SKU-0432,1,1302.00,M,Ivory,0.00
ITEM-09196,ORD-09196,SKU-0471,1,1008.00,XL,rust,0.00
ITEM-09197,ORD-09197,SKU-0232,1,781.00,L,Black,0.00
ITEM-09198,ORD-09198,SKU-0308,1,531.00,M,Ivory,0.00
ITEM-09199,ORD-09199,SKU-0462,1,940.00,M,Maroon,0.00
ITEM-09200,ORD-09200,SKU-0451,1,489.00,M,Maroon,0.00
ITEM-09201,ORD-09201,SKU-0228,1,717.00,M,Navy Blue,0.00
ITEM-09202,ORD-09202,SKU-0131,1,605.00,L,sage,0.00
ITEM-09203,ORD-09203,SKU-0159,1,707.00,S,Sage Green,0.00
ITEM-09204,ORD-09204,SKU-0132,1,1413.00,M,Terracotta,0.00
ITEM-09205,ORD-09205,SKU-0190,1,1410.00,L,Navy Blue,0.00
ITEM-09206,ORD-09206,SKU-0367,1,1421.00,S,Black,0.00
ITEM-09207,ORD-09207,SKU-0384,1,689.00,M,Maroon,0.00
ITEM-09208,ORD-09208,SKU-0375,1,443.00,S,Navy Blue,0.00
ITEM-09209,ORD-09209,SKU-0273,1,678.00,XXL,navy,0.00
ITEM-09210,ORD-09210,SKU-0387,1,1016.00,M,sage,0.00
ITEM-09211,ORD-09211,SKU-0344,1,631.00,L,Terracotta,0.00
ITEM-09212,ORD-09212,SKU-0457,1,732.00,XS,mustard,0.00
ITEM-09213,ORD-09213,SKU-0086,1,1100.00,XL,sage,0.00
ITEM-09214,ORD-09214,SKU-0475,1,493.00,XS,sage,0.00
ITEM-09215,ORD-09215,SKU-0363,1,772.00,M,Mustard Yellow,0.00
ITEM-09216,ORD-09216,SKU-0152,1,1080.00,S,rust,0.00
ITEM-09217,ORD-09217,SKU-0002,1,1499.00,M,Maroon,0.00
ITEM-09218,ORD-09218,SKU-0437,1,1319.00,XL,Terracotta,0.00
ITEM-09219,ORD-09219,SKU-0436,1,424.00,S,Indigo,0.00
ITEM-09220,ORD-09220,SKU-0205,1,1357.00,XL,NAVY_BLUE,0.00
ITEM-09221,ORD-09221,SKU-0178,1,1315.00,XXL,Sage Green,0.00
ITEM-09222,ORD-09222,SKU-0203,1,983.00,XL,mustard,0.00
ITEM-09223,ORD-09223,SKU-0282,1,1131.00,XXL,Navy Blue,0.00
ITEM-09224,ORD-09224,SKU-0172,1,974.00,S,sage,0.00
ITEM-09225,ORD-09225,SKU-0035,1,1337.00,M,Ivory,0.00
ITEM-09226,ORD-09226,SKU-0176,1,518.00,M,Maroon,0.00
ITEM-09227,ORD-09227,SKU-0188,1,538.00,XS,Mustard Yellow,0.00
ITEM-09228,ORD-09228,SKU-0164,1,1207.00,XXL,rust,0.00
ITEM-09229,ORD-09229,SKU-0033,1,918.00,M,sage,0.00
ITEM-09230,ORD-09230,SKU-0114,1,585.00,M,navy,0.00
ITEM-09231,ORD-09231,SKU-0356,1,535.00,M,navy,0.00
ITEM-09232,ORD-09232,SKU-0277,1,1201.00,XL,sage,0.00
ITEM-09233,ORD-09233,SKU-0289,1,444.00,L,navy,0.00
ITEM-09234,ORD-09234,SKU-0262,1,593.00,XS,Ivory,0.00
ITEM-09235,ORD-09235,SKU-0408,1,626.00,XS,NAVY_BLUE,0.00
ITEM-09236,ORD-09236,SKU-0338,1,1059.00,M,Black,0.00
ITEM-09237,ORD-09237,SKU-0286,1,1122.00,M,Mustard Yellow,0.00
ITEM-09238,ORD-09238,SKU-0298,1,771.00,S,Black,0.00
ITEM-09239,ORD-09239,SKU-0095,1,1481.00,XXL,rust,0.00
ITEM-09240,ORD-09240,SKU-0005,1,889.00,XL,sage,0.00
ITEM-09241,ORD-09241,SKU-0221,1,974.00,XXL,Terracotta,0.00
ITEM-09242,ORD-09242,SKU-0296,1,1310.00,XL,NAVY_BLUE,0.00
ITEM-09243,ORD-09243,SKU-0378,1,441.00,L,NAVY_BLUE,0.00
ITEM-09244,ORD-09244,SKU-0072,1,792.00,L,Mustard Yellow,0.00
ITEM-09245,ORD-09245,SKU-0189,1,1256.00,XL,Black,0.00
ITEM-09246,ORD-09246,SKU-0093,1,774.00,S,Sage Green,0.00
ITEM-09247,ORD-09247,SKU-0008,1,803.00,XS,Navy Blue,0.00
ITEM-09248,ORD-09248,SKU-0053,1,452.00,M,Ivory,0.00
ITEM-09249,ORD-09249,SKU-0255,1,440.00,S,Black,0.00
ITEM-09250,ORD-09250,SKU-0179,1,1327.00,L,Maroon,0.00
ITEM-09251,ORD-09251,SKU-0080,1,1006.00,XS,navy,0.00
ITEM-09252,ORD-09252,SKU-0307,1,1315.00,M,maroon_red,0.00
ITEM-09253,ORD-09253,SKU-0040,1,400.00,L,mustard,0.00
ITEM-09254,ORD-09254,SKU-0062,1,1057.00,XXL,maroon_red,0.00
ITEM-09255,ORD-09255,SKU-0223,1,1120.00,XL,Ivory,0.00
ITEM-09256,ORD-09256,SKU-0268,1,413.00,XXL,navy,0.00
ITEM-09257,ORD-09257,SKU-0108,1,447.00,S,Sage Green,0.00
ITEM-09258,ORD-09258,SKU-0479,1,754.00,M,Black,0.00
ITEM-09259,ORD-09259,SKU-0162,1,886.00,S,sage,0.00
ITEM-09260,ORD-09260,SKU-0133,1,589.00,L,Black,0.00
ITEM-09261,ORD-09261,SKU-0461,1,456.00,XXL,sage,0.00
ITEM-09262,ORD-09262,SKU-0288,1,1419.00,XXL,Navy Blue,0.00
ITEM-09263,ORD-09263,SKU-0257,1,1086.00,S,Navy Blue,0.00
ITEM-09264,ORD-09264,SKU-0090,1,1174.00,XXL,sage,0.00
ITEM-09265,ORD-09265,SKU-0432,1,1302.00,S,Ivory,0.00
ITEM-09266,ORD-09266,SKU-0471,1,1008.00,S,rust,0.00
ITEM-09267,ORD-09267,SKU-0232,1,781.00,XXL,Black,0.00
ITEM-09268,ORD-09268,SKU-0308,1,531.00,XXL,Ivory,0.00
ITEM-09269,ORD-09269,SKU-0462,1,940.00,XXL,Maroon,0.00
ITEM-09270,ORD-09270,SKU-0451,1,489.00,XS,Maroon,0.00
ITEM-09271,ORD-09271,SKU-0228,1,717.00,XS,Navy Blue,0.00
ITEM-09272,ORD-09272,SKU-0131,1,605.00,XS,sage,0.00
ITEM-09273,ORD-09273,SKU-0159,1,707.00,S,Sage Green,0.00
ITEM-09274,ORD-09274,SKU-0132,1,1413.00,S,Terracotta,0.00
ITEM-09275,ORD-09275,SKU-0190,1,1410.00,XXL,Navy Blue,0.00
ITEM-09276,ORD-09276,SKU-0367,1,1421.00,L,Black,0.00
ITEM-09277,ORD-09277,SKU-0384,1,689.00,S,Maroon,0.00
ITEM-09278,ORD-09278,SKU-0375,1,443.00,S,Navy Blue,0.00
ITEM-09279,ORD-09279,SKU-0273,1,678.00,S,navy,0.00
ITEM-09280,ORD-09280,SKU-0387,1,1016.00,L,sage,0.00
ITEM-09281,ORD-09281,SKU-0344,1,631.00,M,Terracotta,0.00
ITEM-09282,ORD-09282,SKU-0457,1,732.00,L,mustard,0.00
ITEM-09283,ORD-09283,SKU-0086,1,1100.00,XS,sage,0.00
ITEM-09284,ORD-09284,SKU-0475,1,493.00,XXL,sage,0.00
ITEM-09285,ORD-09285,SKU-0363,1,772.00,XL,Mustard Yellow,0.00
ITEM-09286,ORD-09286,SKU-0152,1,1080.00,XL,rust,0.00
ITEM-09287,ORD-09287,SKU-0002,1,1499.00,M,Maroon,0.00
ITEM-09288,ORD-09288,SKU-0437,1,1319.00,XS,Terracotta,0.00
ITEM-09289,ORD-09289,SKU-0436,1,424.00,L,Indigo,0.00
ITEM-09290,ORD-09290,SKU-0205,1,1357.00,L,NAVY_BLUE,0.00
ITEM-09291,ORD-09291,SKU-0178,1,1315.00,XXL,Sage Green,0.00
ITEM-09292,ORD-09292,SKU-0203,1,983.00,XL,mustard,0.00
ITEM-09293,ORD-09293,SKU-0282,1,1131.00,S,Navy Blue,0.00
ITEM-09294,ORD-09294,SKU-0172,1,974.00,M,sage,0.00
ITEM-09295,ORD-09295,SKU-0035,1,1337.00,M,Ivory,0.00
ITEM-09296,ORD-09296,SKU-0176,1,518.00,XS,Maroon,0.00
ITEM-09297,ORD-09297,SKU-0188,1,538.00,S,Mustard Yellow,0.00
ITEM-09298,ORD-09298,SKU-0164,1,1207.00,L,rust,0.00
ITEM-09299,ORD-09299,SKU-0033,1,918.00,XXL,sage,0.00
ITEM-09300,ORD-09300,SKU-0114,1,585.00,XS,navy,0.00
ITEM-09301,ORD-09301,SKU-0356,1,535.00,XS,navy,0.00
ITEM-09302,ORD-09302,SKU-0277,1,1201.00,XL,sage,0.00
ITEM-09303,ORD-09303,SKU-0289,1,444.00,XXL,navy,0.00
ITEM-09304,ORD-09304,SKU-0262,1,593.00,XXL,Ivory,0.00
ITEM-09305,ORD-09305,SKU-0408,1,626.00,S,NAVY_BLUE,0.00
ITEM-09306,ORD-09306,SKU-0338,1,1059.00,S,Black,0.00
ITEM-09307,ORD-09307,SKU-0286,1,1122.00,S,Mustard Yellow,0.00
ITEM-09308,ORD-09308,SKU-0298,1,771.00,XL,Black,0.00
ITEM-09309,ORD-09309,SKU-0095,1,1481.00,XS,rust,0.00
ITEM-09310,ORD-09310,SKU-0005,1,889.00,XS,sage,0.00
ITEM-09311,ORD-09311,SKU-0221,1,974.00,XS,Terracotta,0.00
ITEM-09312,ORD-09312,SKU-0296,1,1310.00,L,NAVY_BLUE,0.00
ITEM-09313,ORD-09313,SKU-0378,1,441.00,L,NAVY_BLUE,0.00
ITEM-09314,ORD-09314,SKU-0072,1,792.00,XS,Mustard Yellow,0.00
ITEM-09315,ORD-09315,SKU-0189,1,1256.00,S,Black,0.00
ITEM-09316,ORD-09316,SKU-0093,1,774.00,M,Sage Green,0.00
ITEM-09317,ORD-09317,SKU-0008,1,803.00,L,Navy Blue,0.00
ITEM-09318,ORD-09318,SKU-0053,1,452.00,XXL,Ivory,0.00
ITEM-09319,ORD-09319,SKU-0255,1,440.00,XS,Black,0.00
ITEM-09320,ORD-09320,SKU-0179,1,1327.00,XL,Maroon,0.00
ITEM-09321,ORD-09321,SKU-0080,1,1006.00,S,navy,0.00
ITEM-09322,ORD-09322,SKU-0307,1,1315.00,L,maroon_red,0.00
ITEM-09323,ORD-09323,SKU-0040,1,400.00,XL,mustard,0.00
ITEM-09324,ORD-09324,SKU-0062,1,1057.00,XL,maroon_red,0.00
ITEM-09325,ORD-09325,SKU-0223,1,1120.00,S,Ivory,0.00
ITEM-09326,ORD-09326,SKU-0268,1,413.00,XXL,navy,0.00
ITEM-09327,ORD-09327,SKU-0108,1,447.00,M,Sage Green,0.00
ITEM-09328,ORD-09328,SKU-0479,1,754.00,S,Black,0.00
ITEM-09329,ORD-09329,SKU-0162,1,886.00,XS,sage,0.00
ITEM-09330,ORD-09330,SKU-0133,1,589.00,XL,Black,0.00
ITEM-09331,ORD-09331,SKU-0461,1,456.00,M,sage,0.00
ITEM-09332,ORD-09332,SKU-0288,1,1419.00,XL,Navy Blue,0.00
ITEM-09333,ORD-09333,SKU-0257,1,1086.00,XXL,Navy Blue,0.00
ITEM-09334,ORD-09334,SKU-0090,1,1174.00,XL,sage,0.00
ITEM-09335,ORD-09335,SKU-0432,1,1302.00,XS,Ivory,0.00
ITEM-09336,ORD-09336,SKU-0471,1,1008.00,L,rust,0.00
ITEM-09337,ORD-09337,SKU-0232,1,781.00,XXL,Black,0.00
ITEM-09338,ORD-09338,SKU-0308,1,531.00,S,Ivory,0.00
ITEM-09339,ORD-09339,SKU-0462,1,940.00,XL,Maroon,0.00
ITEM-09340,ORD-09340,SKU-0451,1,489.00,XS,Maroon,0.00
ITEM-09341,ORD-09341,SKU-0228,1,717.00,XS,Navy Blue,0.00
ITEM-09342,ORD-09342,SKU-0131,1,605.00,L,sage,0.00
ITEM-09343,ORD-09343,SKU-0159,1,707.00,M,Sage Green,0.00
ITEM-09344,ORD-09344,SKU-0132,1,1413.00,XS,Terracotta,0.00
ITEM-09345,ORD-09345,SKU-0190,1,1410.00,XL,Navy Blue,0.00
ITEM-09346,ORD-09346,SKU-0367,1,1421.00,M,Black,0.00
ITEM-09347,ORD-09347,SKU-0384,1,689.00,L,Maroon,0.00
ITEM-09348,ORD-09348,SKU-0375,1,443.00,XXL,Navy Blue,0.00
ITEM-09349,ORD-09349,SKU-0273,1,678.00,S,navy,0.00
ITEM-09350,ORD-09350,SKU-0387,1,1016.00,L,sage,0.00
ITEM-09351,ORD-09351,SKU-0344,1,631.00,S,Terracotta,0.00
ITEM-09352,ORD-09352,SKU-0457,1,732.00,XS,mustard,0.00
ITEM-09353,ORD-09353,SKU-0086,1,1100.00,L,sage,0.00
ITEM-09354,ORD-09354,SKU-0475,1,493.00,L,sage,0.00
ITEM-09355,ORD-09355,SKU-0363,1,772.00,M,Mustard Yellow,0.00
ITEM-09356,ORD-09356,SKU-0152,1,1080.00,XS,rust,0.00
ITEM-09357,ORD-09357,SKU-0002,1,1499.00,XL,Maroon,0.00
ITEM-09358,ORD-09358,SKU-0437,1,1319.00,S,Terracotta,0.00
ITEM-09359,ORD-09359,SKU-0436,1,424.00,XXL,Indigo,0.00
ITEM-09360,ORD-09360,SKU-0205,1,1357.00,XL,NAVY_BLUE,0.00
ITEM-09361,ORD-09361,SKU-0178,1,1315.00,S,Sage Green,0.00
ITEM-09362,ORD-09362,SKU-0203,1,983.00,XS,mustard,0.00
ITEM-09363,ORD-09363,SKU-0282,1,1131.00,L,Navy Blue,0.00
ITEM-09364,ORD-09364,SKU-0172,1,974.00,M,sage,0.00
ITEM-09365,ORD-09365,SKU-0035,1,1337.00,L,Ivory,0.00
ITEM-09366,ORD-09366,SKU-0176,1,518.00,L,Maroon,0.00
ITEM-09367,ORD-09367,SKU-0188,1,538.00,M,Mustard Yellow,0.00
ITEM-09368,ORD-09368,SKU-0164,1,1207.00,XL,rust,0.00
ITEM-09369,ORD-09369,SKU-0033,1,918.00,XXL,sage,0.00
ITEM-09370,ORD-09370,SKU-0114,1,585.00,M,navy,0.00
ITEM-09371,ORD-09371,SKU-0356,1,535.00,M,navy,0.00
ITEM-09372,ORD-09372,SKU-0277,1,1201.00,XS,sage,0.00
ITEM-09373,ORD-09373,SKU-0289,1,444.00,L,navy,0.00
ITEM-09374,ORD-09374,SKU-0262,1,593.00,XXL,Ivory,0.00
ITEM-09375,ORD-09375,SKU-0408,1,626.00,XS,NAVY_BLUE,0.00
ITEM-09376,ORD-09376,SKU-0338,1,1059.00,L,Black,0.00
ITEM-09377,ORD-09377,SKU-0286,1,1122.00,M,Mustard Yellow,0.00
ITEM-09378,ORD-09378,SKU-0298,1,771.00,XS,Black,0.00
ITEM-09379,ORD-09379,SKU-0095,1,1481.00,XL,rust,0.00
ITEM-09380,ORD-09380,SKU-0005,1,889.00,XL,sage,0.00
ITEM-09381,ORD-09381,SKU-0221,1,974.00,XXL,Terracotta,0.00
ITEM-09382,ORD-09382,SKU-0296,1,1310.00,S,NAVY_BLUE,0.00
ITEM-09383,ORD-09383,SKU-0378,1,441.00,XL,NAVY_BLUE,0.00
ITEM-09384,ORD-09384,SKU-0072,1,792.00,S,Mustard Yellow,0.00
ITEM-09385,ORD-09385,SKU-0189,1,1256.00,L,Black,0.00
ITEM-09386,ORD-09386,SKU-0093,1,774.00,S,Sage Green,0.00
ITEM-09387,ORD-09387,SKU-0008,1,803.00,XL,Navy Blue,0.00
ITEM-09388,ORD-09388,SKU-0053,1,452.00,S,Ivory,0.00
ITEM-09389,ORD-09389,SKU-0255,1,440.00,XXL,Black,0.00
ITEM-09390,ORD-09390,SKU-0179,1,1327.00,XS,Maroon,0.00
ITEM-09391,ORD-09391,SKU-0080,1,1006.00,L,navy,0.00
ITEM-09392,ORD-09392,SKU-0307,1,1315.00,S,maroon_red,0.00
ITEM-09393,ORD-09393,SKU-0040,1,400.00,XS,mustard,0.00
ITEM-09394,ORD-09394,SKU-0062,1,1057.00,S,maroon_red,0.00
ITEM-09395,ORD-09395,SKU-0223,1,1120.00,XS,Ivory,0.00
ITEM-09396,ORD-09396,SKU-0268,1,413.00,XS,navy,0.00
ITEM-09397,ORD-09397,SKU-0108,1,447.00,XL,Sage Green,0.00
ITEM-09398,ORD-09398,SKU-0479,1,754.00,XS,Black,0.00
ITEM-09399,ORD-09399,SKU-0162,1,886.00,XXL,sage,0.00
ITEM-09400,ORD-09400,SKU-0133,1,589.00,S,Black,0.00
ITEM-09401,ORD-09401,SKU-0461,1,456.00,XL,sage,0.00
ITEM-09402,ORD-09402,SKU-0288,1,1419.00,M,Navy Blue,0.00
ITEM-09403,ORD-09403,SKU-0257,1,1086.00,XXL,Navy Blue,0.00
ITEM-09404,ORD-09404,SKU-0090,1,1174.00,XL,sage,0.00
ITEM-09405,ORD-09405,SKU-0432,1,1302.00,XXL,Ivory,0.00
ITEM-09406,ORD-09406,SKU-0471,1,1008.00,L,rust,0.00
ITEM-09407,ORD-09407,SKU-0232,1,781.00,XXL,Black,0.00
ITEM-09408,ORD-09408,SKU-0308,1,531.00,S,Ivory,0.00
ITEM-09409,ORD-09409,SKU-0462,1,940.00,M,Maroon,0.00
ITEM-09410,ORD-09410,SKU-0451,1,489.00,S,Maroon,0.00
ITEM-09411,ORD-09411,SKU-0228,1,717.00,S,Navy Blue,0.00
ITEM-09412,ORD-09412,SKU-0131,1,605.00,XL,sage,0.00
ITEM-09413,ORD-09413,SKU-0159,1,707.00,XXL,Sage Green,0.00
ITEM-09414,ORD-09414,SKU-0132,1,1413.00,XS,Terracotta,0.00
ITEM-09415,ORD-09415,SKU-0190,1,1410.00,XXL,Navy Blue,0.00
ITEM-09416,ORD-09416,SKU-0367,1,1421.00,L,Black,0.00
ITEM-09417,ORD-09417,SKU-0384,1,689.00,L,Maroon,0.00
ITEM-09418,ORD-09418,SKU-0375,1,443.00,XXL,Navy Blue,0.00
ITEM-09419,ORD-09419,SKU-0273,1,678.00,XS,navy,0.00
ITEM-09420,ORD-09420,SKU-0387,1,1016.00,XXL,sage,0.00
ITEM-09421,ORD-09421,SKU-0344,1,631.00,XL,Terracotta,0.00
ITEM-09422,ORD-09422,SKU-0457,1,732.00,M,mustard,0.00
ITEM-09423,ORD-09423,SKU-0086,1,1100.00,S,sage,0.00
ITEM-09424,ORD-09424,SKU-0475,1,493.00,XL,sage,0.00
ITEM-09425,ORD-09425,SKU-0363,1,772.00,XL,Mustard Yellow,0.00
ITEM-09426,ORD-09426,SKU-0152,1,1080.00,XL,rust,0.00
ITEM-09427,ORD-09427,SKU-0002,1,1499.00,XL,Maroon,0.00
ITEM-09428,ORD-09428,SKU-0437,1,1319.00,XXL,Terracotta,0.00
ITEM-09429,ORD-09429,SKU-0436,1,424.00,M,Indigo,0.00
ITEM-09430,ORD-09430,SKU-0205,1,1357.00,XXL,NAVY_BLUE,0.00
ITEM-09431,ORD-09431,SKU-0178,1,1315.00,S,Sage Green,0.00
ITEM-09432,ORD-09432,SKU-0203,1,983.00,M,mustard,0.00
ITEM-09433,ORD-09433,SKU-0282,1,1131.00,L,Navy Blue,0.00
ITEM-09434,ORD-09434,SKU-0172,1,974.00,XS,sage,0.00
ITEM-09435,ORD-09435,SKU-0035,1,1337.00,XL,Ivory,0.00
ITEM-09436,ORD-09436,SKU-0176,1,518.00,M,Maroon,0.00
ITEM-09437,ORD-09437,SKU-0188,1,538.00,L,Mustard Yellow,0.00
ITEM-09438,ORD-09438,SKU-0164,1,1207.00,M,rust,0.00
ITEM-09439,ORD-09439,SKU-0033,1,918.00,XS,sage,0.00
ITEM-09440,ORD-09440,SKU-0114,1,585.00,M,navy,0.00
ITEM-09441,ORD-09441,SKU-0356,1,535.00,L,navy,0.00
ITEM-09442,ORD-09442,SKU-0277,1,1201.00,XL,sage,0.00
ITEM-09443,ORD-09443,SKU-0289,1,444.00,XXL,navy,0.00
ITEM-09444,ORD-09444,SKU-0262,1,593.00,S,Ivory,0.00
ITEM-09445,ORD-09445,SKU-0408,1,626.00,XL,NAVY_BLUE,0.00
ITEM-09446,ORD-09446,SKU-0338,1,1059.00,XS,Black,0.00
ITEM-09447,ORD-09447,SKU-0286,1,1122.00,M,Mustard Yellow,0.00
ITEM-09448,ORD-09448,SKU-0298,1,771.00,XS,Black,0.00
ITEM-09449,ORD-09449,SKU-0095,1,1481.00,S,rust,0.00
ITEM-09450,ORD-09450,SKU-0005,1,889.00,M,sage,0.00
ITEM-09451,ORD-09451,SKU-0221,1,974.00,M,Terracotta,0.00
ITEM-09452,ORD-09452,SKU-0296,1,1310.00,XXL,NAVY_BLUE,0.00
ITEM-09453,ORD-09453,SKU-0378,1,441.00,L,NAVY_BLUE,0.00
ITEM-09454,ORD-09454,SKU-0072,1,792.00,XL,Mustard Yellow,0.00
ITEM-09455,ORD-09455,SKU-0189,1,1256.00,L,Black,0.00
ITEM-09456,ORD-09456,SKU-0093,1,774.00,XXL,Sage Green,0.00
ITEM-09457,ORD-09457,SKU-0008,1,803.00,L,Navy Blue,0.00
ITEM-09458,ORD-09458,SKU-0053,1,452.00,S,Ivory,0.00
ITEM-09459,ORD-09459,SKU-0255,1,440.00,S,Black,0.00
ITEM-09460,ORD-09460,SKU-0179,1,1327.00,XXL,Maroon,0.00
ITEM-09461,ORD-09461,SKU-0080,1,1006.00,S,navy,0.00
ITEM-09462,ORD-09462,SKU-0307,1,1315.00,XS,maroon_red,0.00
ITEM-09463,ORD-09463,SKU-0040,1,400.00,XXL,mustard,0.00
ITEM-09464,ORD-09464,SKU-0062,1,1057.00,XXL,maroon_red,0.00
ITEM-09465,ORD-09465,SKU-0223,1,1120.00,S,Ivory,0.00
ITEM-09466,ORD-09466,SKU-0268,1,413.00,XXL,navy,0.00
ITEM-09467,ORD-09467,SKU-0108,1,447.00,XL,Sage Green,0.00
ITEM-09468,ORD-09468,SKU-0479,1,754.00,XS,Black,0.00
ITEM-09469,ORD-09469,SKU-0162,1,886.00,M,sage,0.00
ITEM-09470,ORD-09470,SKU-0133,1,589.00,S,Black,0.00
ITEM-09471,ORD-09471,SKU-0461,1,456.00,L,sage,0.00
ITEM-09472,ORD-09472,SKU-0288,1,1419.00,XS,Navy Blue,0.00
ITEM-09473,ORD-09473,SKU-0257,1,1086.00,XXL,Navy Blue,0.00
ITEM-09474,ORD-09474,SKU-0090,1,1174.00,S,sage,0.00
ITEM-09475,ORD-09475,SKU-0432,1,1302.00,XS,Ivory,0.00
ITEM-09476,ORD-09476,SKU-0471,1,1008.00,XXL,rust,0.00
ITEM-09477,ORD-09477,SKU-0232,1,781.00,M,Black,0.00
ITEM-09478,ORD-09478,SKU-0308,1,531.00,S,Ivory,0.00
ITEM-09479,ORD-09479,SKU-0462,1,940.00,XL,Maroon,0.00
ITEM-09480,ORD-09480,SKU-0451,1,489.00,S,Maroon,0.00
ITEM-09481,ORD-09481,SKU-0228,1,717.00,M,Navy Blue,0.00
ITEM-09482,ORD-09482,SKU-0131,1,605.00,S,sage,0.00
ITEM-09483,ORD-09483,SKU-0159,1,707.00,L,Sage Green,0.00
ITEM-09484,ORD-09484,SKU-0132,1,1413.00,XL,Terracotta,0.00
ITEM-09485,ORD-09485,SKU-0190,1,1410.00,S,Navy Blue,0.00
ITEM-09486,ORD-09486,SKU-0367,1,1421.00,XS,Black,0.00
ITEM-09487,ORD-09487,SKU-0384,1,689.00,XXL,Maroon,0.00
ITEM-09488,ORD-09488,SKU-0375,1,443.00,XS,Navy Blue,0.00
ITEM-09489,ORD-09489,SKU-0273,1,678.00,M,navy,0.00
ITEM-09490,ORD-09490,SKU-0387,1,1016.00,XXL,sage,0.00
ITEM-09491,ORD-09491,SKU-0344,1,631.00,XXL,Terracotta,0.00
ITEM-09492,ORD-09492,SKU-0457,1,732.00,M,mustard,0.00
ITEM-09493,ORD-09493,SKU-0086,1,1100.00,M,sage,0.00
ITEM-09494,ORD-09494,SKU-0475,1,493.00,L,sage,0.00
ITEM-09495,ORD-09495,SKU-0363,1,772.00,XL,Mustard Yellow,0.00
ITEM-09496,ORD-09496,SKU-0152,1,1080.00,L,rust,0.00
ITEM-09497,ORD-09497,SKU-0002,1,1499.00,XL,Maroon,0.00
ITEM-09498,ORD-09498,SKU-0437,1,1319.00,XS,Terracotta,0.00
ITEM-09499,ORD-09499,SKU-0436,1,424.00,XS,Indigo,0.00
ITEM-09500,ORD-09500,SKU-0205,1,1357.00,XS,NAVY_BLUE,0.00
ITEM-09501,ORD-09501,SKU-0178,1,1315.00,XL,Sage Green,0.00
ITEM-09502,ORD-09502,SKU-0203,1,983.00,XS,mustard,0.00
ITEM-09503,ORD-09503,SKU-0282,1,1131.00,XXL,Navy Blue,0.00
ITEM-09504,ORD-09504,SKU-0172,1,974.00,XL,sage,0.00
ITEM-09505,ORD-09505,SKU-0035,1,1337.00,S,Ivory,0.00
ITEM-09506,ORD-09506,SKU-0176,1,518.00,M,Maroon,0.00
ITEM-09507,ORD-09507,SKU-0188,1,538.00,XXL,Mustard Yellow,0.00
ITEM-09508,ORD-09508,SKU-0164,1,1207.00,L,rust,0.00
ITEM-09509,ORD-09509,SKU-0033,1,918.00,S,sage,0.00
ITEM-09510,ORD-09510,SKU-0114,1,585.00,XL,navy,0.00
ITEM-09511,ORD-09511,SKU-0356,1,535.00,M,navy,0.00
ITEM-09512,ORD-09512,SKU-0277,1,1201.00,XXL,sage,0.00
ITEM-09513,ORD-09513,SKU-0289,1,444.00,M,navy,0.00
ITEM-09514,ORD-09514,SKU-0262,1,593.00,XS,Ivory,0.00
ITEM-09515,ORD-09515,SKU-0408,1,626.00,XS,NAVY_BLUE,0.00
ITEM-09516,ORD-09516,SKU-0338,1,1059.00,XS,Black,0.00
ITEM-09517,ORD-09517,SKU-0286,1,1122.00,L,Mustard Yellow,0.00
ITEM-09518,ORD-09518,SKU-0298,1,771.00,XXL,Black,0.00
ITEM-09519,ORD-09519,SKU-0095,1,1481.00,XXL,rust,0.00
ITEM-09520,ORD-09520,SKU-0005,1,889.00,XS,sage,0.00
ITEM-09521,ORD-09521,SKU-0221,1,974.00,L,Terracotta,0.00
ITEM-09522,ORD-09522,SKU-0296,1,1310.00,M,NAVY_BLUE,0.00
ITEM-09523,ORD-09523,SKU-0378,1,441.00,XS,NAVY_BLUE,0.00
ITEM-09524,ORD-09524,SKU-0072,1,792.00,S,Mustard Yellow,0.00
ITEM-09525,ORD-09525,SKU-0189,1,1256.00,M,Black,0.00
ITEM-09526,ORD-09526,SKU-0093,1,774.00,XL,Sage Green,0.00
ITEM-09527,ORD-09527,SKU-0008,1,803.00,XL,Navy Blue,0.00
ITEM-09528,ORD-09528,SKU-0053,1,452.00,L,Ivory,0.00
ITEM-09529,ORD-09529,SKU-0255,1,440.00,S,Black,0.00
ITEM-09530,ORD-09530,SKU-0179,1,1327.00,XXL,Maroon,0.00
ITEM-09531,ORD-09531,SKU-0080,1,1006.00,XL,navy,0.00
ITEM-09532,ORD-09532,SKU-0307,1,1315.00,L,maroon_red,0.00
ITEM-09533,ORD-09533,SKU-0040,1,400.00,S,mustard,0.00
ITEM-09534,ORD-09534,SKU-0062,1,1057.00,M,maroon_red,0.00
ITEM-09535,ORD-09535,SKU-0223,1,1120.00,XL,Ivory,0.00
ITEM-09536,ORD-09536,SKU-0268,1,413.00,S,navy,0.00
ITEM-09537,ORD-09537,SKU-0108,1,447.00,XL,Sage Green,0.00
ITEM-09538,ORD-09538,SKU-0479,1,754.00,XS,Black,0.00
ITEM-09539,ORD-09539,SKU-0162,1,886.00,S,sage,0.00
ITEM-09540,ORD-09540,SKU-0133,1,589.00,XL,Black,0.00
ITEM-09541,ORD-09541,SKU-0461,1,456.00,XXL,sage,0.00
ITEM-09542,ORD-09542,SKU-0288,1,1419.00,M,Navy Blue,0.00
ITEM-09543,ORD-09543,SKU-0257,1,1086.00,XL,Navy Blue,0.00
ITEM-09544,ORD-09544,SKU-0090,1,1174.00,L,sage,0.00
ITEM-09545,ORD-09545,SKU-0432,1,1302.00,M,Ivory,0.00
ITEM-09546,ORD-09546,SKU-0471,1,1008.00,L,rust,0.00
ITEM-09547,ORD-09547,SKU-0232,1,781.00,L,Black,0.00
ITEM-09548,ORD-09548,SKU-0308,1,531.00,L,Ivory,0.00
ITEM-09549,ORD-09549,SKU-0462,1,940.00,S,Maroon,0.00
ITEM-09550,ORD-09550,SKU-0451,1,489.00,L,Maroon,0.00
ITEM-09551,ORD-09551,SKU-0228,1,717.00,M,Navy Blue,0.00
ITEM-09552,ORD-09552,SKU-0131,1,605.00,XXL,sage,0.00
ITEM-09553,ORD-09553,SKU-0159,1,707.00,XXL,Sage Green,0.00
ITEM-09554,ORD-09554,SKU-0132,1,1413.00,L,Terracotta,0.00
ITEM-09555,ORD-09555,SKU-0190,1,1410.00,M,Navy Blue,0.00
ITEM-09556,ORD-09556,SKU-0367,1,1421.00,XXL,Black,0.00
ITEM-09557,ORD-09557,SKU-0384,1,689.00,L,Maroon,0.00
ITEM-09558,ORD-09558,SKU-0375,1,443.00,XS,Navy Blue,0.00
ITEM-09559,ORD-09559,SKU-0273,1,678.00,L,navy,0.00
ITEM-09560,ORD-09560,SKU-0387,1,1016.00,S,sage,0.00
ITEM-09561,ORD-09561,SKU-0344,1,631.00,XXL,Terracotta,0.00
ITEM-09562,ORD-09562,SKU-0457,1,732.00,M,mustard,0.00
ITEM-09563,ORD-09563,SKU-0086,1,1100.00,XXL,sage,0.00
ITEM-09564,ORD-09564,SKU-0475,1,493.00,M,sage,0.00
ITEM-09565,ORD-09565,SKU-0363,1,772.00,L,Mustard Yellow,0.00
ITEM-09566,ORD-09566,SKU-0152,1,1080.00,XS,rust,0.00
ITEM-09567,ORD-09567,SKU-0002,1,1499.00,L,Maroon,0.00
ITEM-09568,ORD-09568,SKU-0437,1,1319.00,M,Terracotta,0.00
ITEM-09569,ORD-09569,SKU-0436,1,424.00,XXL,Indigo,0.00
ITEM-09570,ORD-09570,SKU-0205,1,1357.00,S,NAVY_BLUE,0.00
ITEM-09571,ORD-09571,SKU-0178,1,1315.00,L,Sage Green,0.00
ITEM-09572,ORD-09572,SKU-0203,1,983.00,L,mustard,0.00
ITEM-09573,ORD-09573,SKU-0282,1,1131.00,L,Navy Blue,0.00
ITEM-09574,ORD-09574,SKU-0172,1,974.00,S,sage,0.00
ITEM-09575,ORD-09575,SKU-0035,1,1337.00,XXL,Ivory,0.00
ITEM-09576,ORD-09576,SKU-0176,1,518.00,S,Maroon,0.00
ITEM-09577,ORD-09577,SKU-0188,1,538.00,XS,Mustard Yellow,0.00
ITEM-09578,ORD-09578,SKU-0164,1,1207.00,L,rust,0.00
ITEM-09579,ORD-09579,SKU-0033,1,918.00,XXL,sage,0.00
ITEM-09580,ORD-09580,SKU-0114,1,585.00,S,navy,0.00
ITEM-09581,ORD-09581,SKU-0356,1,535.00,XS,navy,0.00
ITEM-09582,ORD-09582,SKU-0277,1,1201.00,XS,sage,0.00
ITEM-09583,ORD-09583,SKU-0289,1,444.00,XXL,navy,0.00
ITEM-09584,ORD-09584,SKU-0262,1,593.00,M,Ivory,0.00
ITEM-09585,ORD-09585,SKU-0408,1,626.00,XL,NAVY_BLUE,0.00
ITEM-09586,ORD-09586,SKU-0338,1,1059.00,M,Black,0.00
ITEM-09587,ORD-09587,SKU-0286,1,1122.00,XS,Mustard Yellow,0.00
ITEM-09588,ORD-09588,SKU-0298,1,771.00,XXL,Black,0.00
ITEM-09589,ORD-09589,SKU-0095,1,1481.00,XXL,rust,0.00
ITEM-09590,ORD-09590,SKU-0005,1,889.00,XL,sage,0.00
ITEM-09591,ORD-09591,SKU-0221,1,974.00,XXL,Terracotta,0.00
ITEM-09592,ORD-09592,SKU-0296,1,1310.00,S,NAVY_BLUE,0.00
ITEM-09593,ORD-09593,SKU-0378,1,441.00,XS,NAVY_BLUE,0.00
ITEM-09594,ORD-09594,SKU-0072,1,792.00,XS,Mustard Yellow,0.00
ITEM-09595,ORD-09595,SKU-0189,1,1256.00,XS,Black,0.00
ITEM-09596,ORD-09596,SKU-0093,1,774.00,XL,Sage Green,0.00
ITEM-09597,ORD-09597,SKU-0008,1,803.00,XS,Navy Blue,0.00
ITEM-09598,ORD-09598,SKU-0053,1,452.00,XL,Ivory,0.00
ITEM-09599,ORD-09599,SKU-0255,1,440.00,XL,Black,0.00
ITEM-09600,ORD-09600,SKU-0179,1,1327.00,XS,Maroon,0.00
ITEM-09601,ORD-09601,SKU-0080,1,1006.00,XXL,navy,0.00
ITEM-09602,ORD-09602,SKU-0307,1,1315.00,M,maroon_red,0.00
ITEM-09603,ORD-09603,SKU-0040,1,400.00,L,mustard,0.00
ITEM-09604,ORD-09604,SKU-0062,1,1057.00,S,maroon_red,0.00
ITEM-09605,ORD-09605,SKU-0223,1,1120.00,M,Ivory,0.00
ITEM-09606,ORD-09606,SKU-0268,1,413.00,XL,navy,0.00
ITEM-09607,ORD-09607,SKU-0108,1,447.00,M,Sage Green,0.00
ITEM-09608,ORD-09608,SKU-0479,1,754.00,XL,Black,0.00
ITEM-09609,ORD-09609,SKU-0162,1,886.00,M,sage,0.00
ITEM-09610,ORD-09610,SKU-0133,1,589.00,S,Black,0.00
ITEM-09611,ORD-09611,SKU-0461,1,456.00,S,sage,0.00
ITEM-09612,ORD-09612,SKU-0288,1,1419.00,XS,Navy Blue,0.00
ITEM-09613,ORD-09613,SKU-0257,1,1086.00,XXL,Navy Blue,0.00
ITEM-09614,ORD-09614,SKU-0090,1,1174.00,L,sage,0.00
ITEM-09615,ORD-09615,SKU-0432,1,1302.00,XL,Ivory,0.00
ITEM-09616,ORD-09616,SKU-0471,1,1008.00,L,rust,0.00
ITEM-09617,ORD-09617,SKU-0232,1,781.00,S,Black,0.00
ITEM-09618,ORD-09618,SKU-0308,1,531.00,L,Ivory,0.00
ITEM-09619,ORD-09619,SKU-0462,1,940.00,M,Maroon,0.00
ITEM-09620,ORD-09620,SKU-0451,1,489.00,M,Maroon,0.00
ITEM-09621,ORD-09621,SKU-0228,1,717.00,S,Navy Blue,0.00
ITEM-09622,ORD-09622,SKU-0131,1,605.00,XL,sage,0.00
ITEM-09623,ORD-09623,SKU-0159,1,707.00,M,Sage Green,0.00
ITEM-09624,ORD-09624,SKU-0132,1,1413.00,M,Terracotta,0.00
ITEM-09625,ORD-09625,SKU-0190,1,1410.00,M,Navy Blue,0.00
ITEM-09626,ORD-09626,SKU-0367,1,1421.00,XL,Black,0.00
ITEM-09627,ORD-09627,SKU-0384,1,689.00,S,Maroon,0.00
ITEM-09628,ORD-09628,SKU-0375,1,443.00,XL,Navy Blue,0.00
ITEM-09629,ORD-09629,SKU-0273,1,678.00,L,navy,0.00
ITEM-09630,ORD-09630,SKU-0387,1,1016.00,XS,sage,0.00
ITEM-09631,ORD-09631,SKU-0344,1,631.00,L,Terracotta,0.00
ITEM-09632,ORD-09632,SKU-0457,1,732.00,L,mustard,0.00
ITEM-09633,ORD-09633,SKU-0086,1,1100.00,XL,sage,0.00
ITEM-09634,ORD-09634,SKU-0475,1,493.00,S,sage,0.00
ITEM-09635,ORD-09635,SKU-0363,1,772.00,S,Mustard Yellow,0.00
ITEM-09636,ORD-09636,SKU-0152,1,1080.00,XL,rust,0.00
ITEM-09637,ORD-09637,SKU-0002,1,1499.00,XL,Maroon,0.00
ITEM-09638,ORD-09638,SKU-0437,1,1319.00,S,Terracotta,0.00
ITEM-09639,ORD-09639,SKU-0436,1,424.00,XL,Indigo,0.00
ITEM-09640,ORD-09640,SKU-0205,1,1357.00,M,NAVY_BLUE,0.00
ITEM-09641,ORD-09641,SKU-0178,1,1315.00,S,Sage Green,0.00
ITEM-09642,ORD-09642,SKU-0203,1,983.00,S,mustard,0.00
ITEM-09643,ORD-09643,SKU-0282,1,1131.00,XXL,Navy Blue,0.00
ITEM-09644,ORD-09644,SKU-0172,1,974.00,XXL,sage,0.00
ITEM-09645,ORD-09645,SKU-0035,1,1337.00,M,Ivory,0.00
ITEM-09646,ORD-09646,SKU-0176,1,518.00,S,Maroon,0.00
ITEM-09647,ORD-09647,SKU-0188,1,538.00,XXL,Mustard Yellow,0.00
ITEM-09648,ORD-09648,SKU-0164,1,1207.00,XS,rust,0.00
ITEM-09649,ORD-09649,SKU-0033,1,918.00,M,sage,0.00
ITEM-09650,ORD-09650,SKU-0114,1,585.00,M,navy,0.00
ITEM-09651,ORD-09651,SKU-0356,1,535.00,M,navy,0.00
ITEM-09652,ORD-09652,SKU-0277,1,1201.00,XL,sage,0.00
ITEM-09653,ORD-09653,SKU-0289,1,444.00,L,navy,0.00
ITEM-09654,ORD-09654,SKU-0262,1,593.00,XS,Ivory,0.00
ITEM-09655,ORD-09655,SKU-0408,1,626.00,XL,NAVY_BLUE,0.00
ITEM-09656,ORD-09656,SKU-0338,1,1059.00,L,Black,0.00
ITEM-09657,ORD-09657,SKU-0286,1,1122.00,XS,Mustard Yellow,0.00
ITEM-09658,ORD-09658,SKU-0298,1,771.00,S,Black,0.00
ITEM-09659,ORD-09659,SKU-0095,1,1481.00,XL,rust,0.00
ITEM-09660,ORD-09660,SKU-0005,1,889.00,XS,sage,0.00
ITEM-09661,ORD-09661,SKU-0221,1,974.00,XS,Terracotta,0.00
ITEM-09662,ORD-09662,SKU-0296,1,1310.00,XXL,NAVY_BLUE,0.00
ITEM-09663,ORD-09663,SKU-0378,1,441.00,L,NAVY_BLUE,0.00
ITEM-09664,ORD-09664,SKU-0072,1,792.00,XS,Mustard Yellow,0.00
ITEM-09665,ORD-09665,SKU-0189,1,1256.00,XS,Black,0.00
ITEM-09666,ORD-09666,SKU-0093,1,774.00,XS,Sage Green,0.00
ITEM-09667,ORD-09667,SKU-0008,1,803.00,S,Navy Blue,0.00
ITEM-09668,ORD-09668,SKU-0053,1,452.00,XL,Ivory,0.00
ITEM-09669,ORD-09669,SKU-0255,1,440.00,S,Black,0.00
ITEM-09670,ORD-09670,SKU-0179,1,1327.00,L,Maroon,0.00
ITEM-09671,ORD-09671,SKU-0080,1,1006.00,XL,navy,0.00
ITEM-09672,ORD-09672,SKU-0307,1,1315.00,XXL,maroon_red,0.00
ITEM-09673,ORD-09673,SKU-0040,1,400.00,XL,mustard,0.00
ITEM-09674,ORD-09674,SKU-0062,1,1057.00,XXL,maroon_red,0.00
ITEM-09675,ORD-09675,SKU-0223,1,1120.00,L,Ivory,0.00
ITEM-09676,ORD-09676,SKU-0268,1,413.00,M,navy,0.00
ITEM-09677,ORD-09677,SKU-0108,1,447.00,XL,Sage Green,0.00
ITEM-09678,ORD-09678,SKU-0479,1,754.00,M,Black,0.00
ITEM-09679,ORD-09679,SKU-0162,1,886.00,L,sage,0.00
ITEM-09680,ORD-09680,SKU-0133,1,589.00,XS,Black,0.00
ITEM-09681,ORD-09681,SKU-0461,1,456.00,XL,sage,0.00
ITEM-09682,ORD-09682,SKU-0288,1,1419.00,M,Navy Blue,0.00
ITEM-09683,ORD-09683,SKU-0257,1,1086.00,XS,Navy Blue,0.00
ITEM-09684,ORD-09684,SKU-0090,1,1174.00,XL,sage,0.00
ITEM-09685,ORD-09685,SKU-0432,1,1302.00,XS,Ivory,0.00
ITEM-09686,ORD-09686,SKU-0471,1,1008.00,XXL,rust,0.00
ITEM-09687,ORD-09687,SKU-0232,1,781.00,L,Black,0.00
ITEM-09688,ORD-09688,SKU-0308,1,531.00,XL,Ivory,0.00
ITEM-09689,ORD-09689,SKU-0462,1,940.00,M,Maroon,0.00
ITEM-09690,ORD-09690,SKU-0451,1,489.00,S,Maroon,0.00
ITEM-09691,ORD-09691,SKU-0228,1,717.00,XXL,Navy Blue,0.00
ITEM-09692,ORD-09692,SKU-0131,1,605.00,M,sage,0.00
ITEM-09693,ORD-09693,SKU-0159,1,707.00,M,Sage Green,0.00
ITEM-09694,ORD-09694,SKU-0132,1,1413.00,M,Terracotta,0.00
ITEM-09695,ORD-09695,SKU-0190,1,1410.00,M,Navy Blue,0.00
ITEM-09696,ORD-09696,SKU-0367,1,1421.00,S,Black,0.00
ITEM-09697,ORD-09697,SKU-0384,1,689.00,XL,Maroon,0.00
ITEM-09698,ORD-09698,SKU-0375,1,443.00,L,Navy Blue,0.00
ITEM-09699,ORD-09699,SKU-0273,1,678.00,XS,navy,0.00
ITEM-09700,ORD-09700,SKU-0387,1,1016.00,S,sage,0.00
ITEM-09701,ORD-09701,SKU-0344,1,631.00,XXL,Terracotta,0.00
ITEM-09702,ORD-09702,SKU-0457,1,732.00,XXL,mustard,0.00
ITEM-09703,ORD-09703,SKU-0086,1,1100.00,M,sage,0.00
ITEM-09704,ORD-09704,SKU-0475,1,493.00,M,sage,0.00
ITEM-09705,ORD-09705,SKU-0363,1,772.00,L,Mustard Yellow,0.00
ITEM-09706,ORD-09706,SKU-0152,1,1080.00,M,rust,0.00
ITEM-09707,ORD-09707,SKU-0002,1,1499.00,S,Maroon,0.00
ITEM-09708,ORD-09708,SKU-0437,1,1319.00,L,Terracotta,0.00
ITEM-09709,ORD-09709,SKU-0436,1,424.00,M,Indigo,0.00
ITEM-09710,ORD-09710,SKU-0205,1,1357.00,XXL,NAVY_BLUE,0.00
ITEM-09711,ORD-09711,SKU-0178,1,1315.00,M,Sage Green,0.00
ITEM-09712,ORD-09712,SKU-0203,1,983.00,XS,mustard,0.00
ITEM-09713,ORD-09713,SKU-0282,1,1131.00,XL,Navy Blue,0.00
ITEM-09714,ORD-09714,SKU-0172,1,974.00,XXL,sage,0.00
ITEM-09715,ORD-09715,SKU-0035,1,1337.00,M,Ivory,0.00
ITEM-09716,ORD-09716,SKU-0176,1,518.00,XS,Maroon,0.00
ITEM-09717,ORD-09717,SKU-0188,1,538.00,L,Mustard Yellow,0.00
ITEM-09718,ORD-09718,SKU-0164,1,1207.00,M,rust,0.00
ITEM-09719,ORD-09719,SKU-0033,1,918.00,M,sage,0.00
ITEM-09720,ORD-09720,SKU-0114,1,585.00,XL,navy,0.00
ITEM-09721,ORD-09721,SKU-0356,1,535.00,M,navy,0.00
ITEM-09722,ORD-09722,SKU-0277,1,1201.00,S,sage,0.00
ITEM-09723,ORD-09723,SKU-0289,1,444.00,XS,navy,0.00
ITEM-09724,ORD-09724,SKU-0262,1,593.00,XS,Ivory,0.00
ITEM-09725,ORD-09725,SKU-0408,1,626.00,XXL,NAVY_BLUE,0.00
ITEM-09726,ORD-09726,SKU-0338,1,1059.00,XS,Black,0.00
ITEM-09727,ORD-09727,SKU-0286,1,1122.00,XL,Mustard Yellow,0.00
ITEM-09728,ORD-09728,SKU-0298,1,771.00,XS,Black,0.00
ITEM-09729,ORD-09729,SKU-0095,1,1481.00,M,rust,0.00
ITEM-09730,ORD-09730,SKU-0005,1,889.00,S,sage,0.00
ITEM-09731,ORD-09731,SKU-0221,1,974.00,S,Terracotta,0.00
ITEM-09732,ORD-09732,SKU-0296,1,1310.00,S,NAVY_BLUE,0.00
ITEM-09733,ORD-09733,SKU-0378,1,441.00,L,NAVY_BLUE,0.00
ITEM-09734,ORD-09734,SKU-0072,1,792.00,XS,Mustard Yellow,0.00
ITEM-09735,ORD-09735,SKU-0189,1,1256.00,L,Black,0.00
ITEM-09736,ORD-09736,SKU-0093,1,774.00,L,Sage Green,0.00
ITEM-09737,ORD-09737,SKU-0008,1,803.00,XXL,Navy Blue,0.00
ITEM-09738,ORD-09738,SKU-0053,1,452.00,S,Ivory,0.00
ITEM-09739,ORD-09739,SKU-0255,1,440.00,S,Black,0.00
ITEM-09740,ORD-09740,SKU-0179,1,1327.00,XXL,Maroon,0.00
ITEM-09741,ORD-09741,SKU-0080,1,1006.00,S,navy,0.00
ITEM-09742,ORD-09742,SKU-0307,1,1315.00,L,maroon_red,0.00
ITEM-09743,ORD-09743,SKU-0040,1,400.00,L,mustard,0.00
ITEM-09744,ORD-09744,SKU-0062,1,1057.00,L,maroon_red,0.00
ITEM-09745,ORD-09745,SKU-0223,1,1120.00,S,Ivory,0.00
ITEM-09746,ORD-09746,SKU-0268,1,413.00,XL,navy,0.00
ITEM-09747,ORD-09747,SKU-0108,1,447.00,XXL,Sage Green,0.00
ITEM-09748,ORD-09748,SKU-0479,1,754.00,XS,Black,0.00
ITEM-09749,ORD-09749,SKU-0162,1,886.00,XXL,sage,0.00
ITEM-09750,ORD-09750,SKU-0133,1,589.00,M,Black,0.00
ITEM-09751,ORD-09751,SKU-0461,1,456.00,XL,sage,0.00
ITEM-09752,ORD-09752,SKU-0288,1,1419.00,S,Navy Blue,0.00
ITEM-09753,ORD-09753,SKU-0257,1,1086.00,XL,Navy Blue,0.00
ITEM-09754,ORD-09754,SKU-0090,1,1174.00,XL,sage,0.00
ITEM-09755,ORD-09755,SKU-0432,1,1302.00,XL,Ivory,0.00
ITEM-09756,ORD-09756,SKU-0471,1,1008.00,L,rust,0.00
ITEM-09757,ORD-09757,SKU-0232,1,781.00,M,Black,0.00
ITEM-09758,ORD-09758,SKU-0308,1,531.00,L,Ivory,0.00
ITEM-09759,ORD-09759,SKU-0462,1,940.00,L,Maroon,0.00
ITEM-09760,ORD-09760,SKU-0451,1,489.00,XXL,Maroon,0.00
ITEM-09761,ORD-09761,SKU-0228,1,717.00,S,Navy Blue,0.00
ITEM-09762,ORD-09762,SKU-0131,1,605.00,L,sage,0.00
ITEM-09763,ORD-09763,SKU-0159,1,707.00,M,Sage Green,0.00
ITEM-09764,ORD-09764,SKU-0132,1,1413.00,M,Terracotta,0.00
ITEM-09765,ORD-09765,SKU-0190,1,1410.00,S,Navy Blue,0.00
ITEM-09766,ORD-09766,SKU-0367,1,1421.00,XXL,Black,0.00
ITEM-09767,ORD-09767,SKU-0384,1,689.00,S,Maroon,0.00
ITEM-09768,ORD-09768,SKU-0375,1,443.00,XL,Navy Blue,0.00
ITEM-09769,ORD-09769,SKU-0273,1,678.00,XXL,navy,0.00
ITEM-09770,ORD-09770,SKU-0387,1,1016.00,XS,sage,0.00
ITEM-09771,ORD-09771,SKU-0344,1,631.00,XXL,Terracotta,0.00
ITEM-09772,ORD-09772,SKU-0457,1,732.00,L,mustard,0.00
ITEM-09773,ORD-09773,SKU-0086,1,1100.00,M,sage,0.00
ITEM-09774,ORD-09774,SKU-0475,1,493.00,L,sage,0.00
ITEM-09775,ORD-09775,SKU-0363,1,772.00,XL,Mustard Yellow,0.00
ITEM-09776,ORD-09776,SKU-0152,1,1080.00,XS,rust,0.00
ITEM-09777,ORD-09777,SKU-0002,1,1499.00,S,Maroon,0.00
ITEM-09778,ORD-09778,SKU-0437,1,1319.00,S,Terracotta,0.00
ITEM-09779,ORD-09779,SKU-0436,1,424.00,XS,Indigo,0.00
ITEM-09780,ORD-09780,SKU-0205,1,1357.00,XS,NAVY_BLUE,0.00
ITEM-09781,ORD-09781,SKU-0178,1,1315.00,L,Sage Green,0.00
ITEM-09782,ORD-09782,SKU-0203,1,983.00,L,mustard,0.00
ITEM-09783,ORD-09783,SKU-0282,1,1131.00,XL,Navy Blue,0.00
ITEM-09784,ORD-09784,SKU-0172,1,974.00,XS,sage,0.00
ITEM-09785,ORD-09785,SKU-0035,1,1337.00,S,Ivory,0.00
ITEM-09786,ORD-09786,SKU-0176,1,518.00,M,Maroon,0.00
ITEM-09787,ORD-09787,SKU-0188,1,538.00,XS,Mustard Yellow,0.00
ITEM-09788,ORD-09788,SKU-0164,1,1207.00,L,rust,0.00
ITEM-09789,ORD-09789,SKU-0033,1,918.00,S,sage,0.00
ITEM-09790,ORD-09790,SKU-0114,1,585.00,XS,navy,0.00
ITEM-09791,ORD-09791,SKU-0356,1,535.00,XL,navy,0.00
ITEM-09792,ORD-09792,SKU-0277,1,1201.00,M,sage,0.00
ITEM-09793,ORD-09793,SKU-0289,1,444.00,XS,navy,0.00
ITEM-09794,ORD-09794,SKU-0262,1,593.00,XXL,Ivory,0.00
ITEM-09795,ORD-09795,SKU-0408,1,626.00,M,NAVY_BLUE,0.00
ITEM-09796,ORD-09796,SKU-0338,1,1059.00,L,Black,0.00
ITEM-09797,ORD-09797,SKU-0286,1,1122.00,L,Mustard Yellow,0.00
ITEM-09798,ORD-09798,SKU-0298,1,771.00,M,Black,0.00
ITEM-09799,ORD-09799,SKU-0095,1,1481.00,L,rust,0.00
ITEM-09800,ORD-09800,SKU-0005,1,889.00,S,sage,0.00
ITEM-09801,ORD-09801,SKU-0129,1,503.00,M,Ivory,0.00
ITEM-09802,ORD-09802,SKU-0297,1,1458.00,XXL,Black,0.00
ITEM-09803,ORD-09803,SKU-0451,1,489.00,XXL,Maroon,0.00
ITEM-09804,ORD-09804,SKU-0471,1,1008.00,XXL,rust,0.00
ITEM-09805,ORD-09805,SKU-0436,1,424.00,XS,Indigo,0.00
ITEM-09806,ORD-09806,SKU-0344,1,631.00,XL,Terracotta,0.00
ITEM-09807,ORD-09807,SKU-0446,1,613.00,XXL,Sage Green,0.00
ITEM-09808,ORD-09808,SKU-0176,1,518.00,L,Maroon,0.00
ITEM-09809,ORD-09809,SKU-0003,1,623.00,L,Terracotta,0.00
ITEM-09810,ORD-09810,SKU-0202,1,442.00,XS,Navy Blue,0.00
ITEM-09811,ORD-09811,SKU-0212,1,721.00,L,sage,0.00
ITEM-09812,ORD-09812,SKU-0251,1,876.00,S,NAVY_BLUE,0.00
ITEM-09813,ORD-09813,SKU-0488,1,1435.00,XS,maroon_red,0.00
ITEM-09814,ORD-09814,SKU-0289,1,444.00,S,navy,0.00
ITEM-09815,ORD-09815,SKU-0420,1,806.00,M,mustard,0.00
ITEM-09816,ORD-09816,SKU-0214,1,959.00,L,mustard,0.00
ITEM-09817,ORD-09817,SKU-0133,1,589.00,XS,Black,0.00
ITEM-09818,ORD-09818,SKU-0492,1,1423.00,M,sage,0.00
ITEM-09819,ORD-09819,SKU-0471,1,1008.00,M,rust,0.00
ITEM-09820,ORD-09820,SKU-0321,1,1417.00,XL,Maroon,0.00
ITEM-09821,ORD-09821,SKU-0341,1,1362.00,L,Indigo,0.00
ITEM-09822,ORD-09822,SKU-0459,1,598.00,XL,Maroon,0.00
ITEM-09823,ORD-09823,SKU-0331,1,1281.00,XXL,rust,0.00
ITEM-09824,ORD-09824,SKU-0360,1,1064.00,XL,Mustard Yellow,0.00
ITEM-09825,ORD-09825,SKU-0165,1,1386.00,XXL,Sage Green,0.00
ITEM-09826,ORD-09826,SKU-0500,1,402.00,M,Sage Green,0.00
ITEM-09827,ORD-09827,SKU-0218,1,1186.00,S,Maroon,0.00
ITEM-09828,ORD-09828,SKU-0136,1,878.00,M,Maroon,0.00
ITEM-09829,ORD-09829,SKU-0357,1,454.00,XS,navy,0.00
ITEM-09830,ORD-09830,SKU-0094,1,1380.00,XXL,Indigo,0.00
ITEM-09831,ORD-09831,SKU-0385,1,468.00,M,maroon_red,0.00
ITEM-09832,ORD-09832,SKU-0366,1,861.00,XL,mustard,0.00
ITEM-09833,ORD-09833,SKU-0123,1,1127.00,XXL,NAVY_BLUE,0.00
ITEM-09834,ORD-09834,SKU-0192,1,1344.00,S,NAVY_BLUE,0.00
ITEM-09835,ORD-09835,SKU-0444,1,862.00,XXL,mustard,0.00
ITEM-09836,ORD-09836,SKU-0470,1,779.00,XXL,rust,0.00
ITEM-09837,ORD-09837,SKU-0103,1,950.00,M,Mustard Yellow,0.00
ITEM-09838,ORD-09838,SKU-0248,1,483.00,S,Maroon,0.00
ITEM-09839,ORD-09839,SKU-0476,1,498.00,L,maroon_red,0.00
ITEM-09840,ORD-09840,SKU-0474,1,570.00,M,Sage Green,0.00
ITEM-09841,ORD-09841,SKU-0500,1,402.00,XXL,Sage Green,0.00
ITEM-09842,ORD-09842,SKU-0486,1,1055.00,S,sage,0.00
ITEM-09843,ORD-09843,SKU-0259,1,1417.00,M,Ivory,0.00
ITEM-09844,ORD-09844,SKU-0292,1,633.00,XL,mustard,0.00
ITEM-09845,ORD-09845,SKU-0044,1,407.00,L,Terracotta,0.00
ITEM-09846,ORD-09846,SKU-0425,1,1244.00,XS,Sage Green,0.00
ITEM-09847,ORD-09847,SKU-0008,1,803.00,L,Navy Blue,0.00
ITEM-09848,ORD-09848,SKU-0288,1,1419.00,XS,Navy Blue,0.00
ITEM-09849,ORD-09849,SKU-0175,1,1377.00,XL,rust,0.00
ITEM-09850,ORD-09850,SKU-0199,1,546.00,M,Terracotta,0.00
ITEM-09851,ORD-09851,SKU-0134,1,1447.00,M,Terracotta,0.00
ITEM-09852,ORD-09852,SKU-0029,1,1009.00,S,Navy Blue,0.00
ITEM-09853,ORD-09853,SKU-0367,1,1421.00,S,Black,0.00
ITEM-09854,ORD-09854,SKU-0427,1,432.00,L,Navy Blue,0.00
ITEM-09855,ORD-09855,SKU-0401,1,822.00,XL,mustard,0.00
ITEM-09856,ORD-09856,SKU-0334,1,667.00,XS,Black,0.00
ITEM-09857,ORD-09857,SKU-0458,1,687.00,XS,Ivory,0.00
ITEM-09858,ORD-09858,SKU-0390,1,859.00,L,navy,0.00
ITEM-09859,ORD-09859,SKU-0308,1,531.00,M,Ivory,0.00
ITEM-09860,ORD-09860,SKU-0067,1,1435.00,XL,Mustard Yellow,0.00
ITEM-09861,ORD-09861,SKU-0397,1,961.00,XL,Mustard Yellow,0.00
ITEM-09862,ORD-09862,SKU-0258,1,750.00,L,Ivory,0.00
ITEM-09863,ORD-09863,SKU-0313,1,1044.00,XS,Ivory,0.00
ITEM-09864,ORD-09864,SKU-0047,1,456.00,XS,mustard,0.00
ITEM-09865,ORD-09865,SKU-0267,1,1432.00,XS,Navy Blue,0.00
ITEM-09866,ORD-09866,SKU-0378,1,441.00,XS,NAVY_BLUE,0.00
ITEM-09867,ORD-09867,SKU-0433,1,577.00,XL,Terracotta,0.00
ITEM-09868,ORD-09868,SKU-0252,1,660.00,XL,Ivory,0.00
ITEM-09869,ORD-09869,SKU-0416,1,578.00,XXL,Terracotta,0.00
ITEM-09870,ORD-09870,SKU-0410,1,1183.00,XS,Black,0.00
ITEM-09871,ORD-09871,SKU-0365,1,817.00,XS,Terracotta,0.00
ITEM-09872,ORD-09872,SKU-0315,1,1387.00,M,Ivory,0.00
ITEM-09873,ORD-09873,SKU-0179,1,1327.00,L,Maroon,0.00
ITEM-09874,ORD-09874,SKU-0186,1,1465.00,M,Black,0.00
ITEM-09875,ORD-09875,SKU-0213,1,465.00,XL,Sage Green,0.00
ITEM-09876,ORD-09876,SKU-0038,1,1171.00,XS,Maroon,0.00
ITEM-09877,ORD-09877,SKU-0477,1,810.00,M,Black,0.00
ITEM-09878,ORD-09878,SKU-0449,1,1084.00,XXL,NAVY_BLUE,0.00
ITEM-09879,ORD-09879,SKU-0314,1,724.00,L,Terracotta,0.00
ITEM-09880,ORD-09880,SKU-0068,1,757.00,XS,rust,0.00
ITEM-09881,ORD-09881,SKU-0164,1,1207.00,M,rust,0.00
ITEM-09882,ORD-09882,SKU-0164,1,1207.00,L,rust,0.00
ITEM-09883,ORD-09883,SKU-0118,1,1019.00,L,NAVY_BLUE,0.00
ITEM-09884,ORD-09884,SKU-0405,1,860.00,M,rust,0.00
ITEM-09885,ORD-09885,SKU-0142,1,1277.00,S,Sage Green,0.00
ITEM-09886,ORD-09886,SKU-0004,1,692.00,L,maroon_red,0.00
ITEM-09887,ORD-09887,SKU-0031,1,850.00,S,Maroon,0.00
ITEM-09888,ORD-09888,SKU-0236,1,1475.00,M,navy,0.00
ITEM-09889,ORD-09889,SKU-0222,1,669.00,M,Black,0.00
ITEM-09890,ORD-09890,SKU-0337,1,1141.00,XXL,Navy Blue,0.00
ITEM-09891,ORD-09891,SKU-0135,1,1099.00,XXL,rust,0.00
ITEM-09892,ORD-09892,SKU-0277,1,1201.00,XXL,sage,0.00
ITEM-09893,ORD-09893,SKU-0134,1,1447.00,M,Terracotta,0.00
ITEM-09894,ORD-09894,SKU-0377,1,945.00,L,navy,0.00
ITEM-09895,ORD-09895,SKU-0159,1,707.00,XXL,Sage Green,0.00
ITEM-09896,ORD-09896,SKU-0028,1,1272.00,XS,Sage Green,0.00
ITEM-09897,ORD-09897,SKU-0355,1,805.00,XXL,Ivory,0.00
ITEM-09898,ORD-09898,SKU-0416,1,578.00,XS,Terracotta,0.00
ITEM-09899,ORD-09899,SKU-0279,1,854.00,XL,Indigo,0.00
ITEM-09900,ORD-09900,SKU-0362,1,901.00,XL,Terracotta,0.00
ITEM-09901,ORD-09901,SKU-0313,1,1044.00,XS,Ivory,0.00
ITEM-09902,ORD-09902,SKU-0080,1,1006.00,M,navy,0.00
ITEM-09903,ORD-09903,SKU-0468,1,1130.00,XS,mustard,0.00
ITEM-09904,ORD-09904,SKU-0089,1,879.00,XXL,NAVY_BLUE,0.00
ITEM-09905,ORD-09905,SKU-0032,1,991.00,XS,mustard,0.00
ITEM-09906,ORD-09906,SKU-0391,1,1204.00,XL,maroon_red,0.00
ITEM-09907,ORD-09907,SKU-0333,1,886.00,S,Indigo,0.00
ITEM-09908,ORD-09908,SKU-0192,1,1344.00,XL,NAVY_BLUE,0.00
ITEM-09909,ORD-09909,SKU-0117,1,540.00,XL,mustard,0.00
ITEM-09910,ORD-09910,SKU-0168,1,889.00,M,mustard,0.00
ITEM-09911,ORD-09911,SKU-0191,1,1349.00,XXL,Terracotta,0.00
ITEM-09912,ORD-09912,SKU-0116,1,1064.00,XXL,Terracotta,0.00
ITEM-09913,ORD-09913,SKU-0304,1,887.00,L,Indigo,0.00
ITEM-09914,ORD-09914,SKU-0397,1,961.00,XXL,Mustard Yellow,0.00
ITEM-09915,ORD-09915,SKU-0105,1,1117.00,L,Navy Blue,0.00
ITEM-09916,ORD-09916,SKU-0436,1,424.00,XXL,Indigo,0.00
ITEM-09917,ORD-09917,SKU-0212,1,721.00,M,sage,0.00
ITEM-09918,ORD-09918,SKU-0330,1,529.00,XS,mustard,0.00
ITEM-09919,ORD-09919,SKU-0405,1,860.00,XXL,rust,0.00
ITEM-09920,ORD-09920,SKU-0159,1,707.00,L,Sage Green,0.00
ITEM-09921,ORD-09921,SKU-0485,1,816.00,XL,Terracotta,0.00
ITEM-09922,ORD-09922,SKU-0278,1,638.00,XS,mustard,0.00
ITEM-09923,ORD-09923,SKU-0157,1,675.00,S,Navy Blue,0.00
ITEM-09924,ORD-09924,SKU-0144,1,979.00,M,navy,0.00
ITEM-09925,ORD-09925,SKU-0343,1,841.00,L,Mustard Yellow,0.00
ITEM-09926,ORD-09926,SKU-0072,1,792.00,L,Mustard Yellow,0.00
ITEM-09927,ORD-09927,SKU-0079,1,481.00,S,Indigo,0.00
ITEM-09928,ORD-09928,SKU-0278,1,638.00,M,mustard,0.00
ITEM-09929,ORD-09929,SKU-0235,1,416.00,M,navy,0.00
ITEM-09930,ORD-09930,SKU-0178,1,1315.00,M,Sage Green,0.00
ITEM-09931,ORD-09931,SKU-0222,1,669.00,XL,Black,0.00
ITEM-09932,ORD-09932,SKU-0331,1,1281.00,L,rust,0.00
ITEM-09933,ORD-09933,SKU-0405,1,860.00,XXL,rust,0.00
ITEM-09934,ORD-09934,SKU-0091,1,1343.00,L,Black,0.00
ITEM-09935,ORD-09935,SKU-0153,1,1252.00,L,sage,0.00
ITEM-09936,ORD-09936,SKU-0011,1,675.00,XL,Navy Blue,0.00
ITEM-09937,ORD-09937,SKU-0272,1,703.00,L,rust,0.00
ITEM-09938,ORD-09938,SKU-0238,1,783.00,M,sage,0.00
ITEM-09939,ORD-09939,SKU-0145,1,1199.00,XL,sage,0.00
ITEM-09940,ORD-09940,SKU-0155,1,514.00,XS,navy,0.00
ITEM-09941,ORD-09941,SKU-0156,1,1157.00,XXL,rust,0.00
ITEM-09942,ORD-09942,SKU-0038,1,1171.00,XS,Maroon,0.00
ITEM-09943,ORD-09943,SKU-0034,1,1112.00,XXL,Navy Blue,0.00
ITEM-09944,ORD-09944,SKU-0005,1,889.00,XL,sage,0.00
ITEM-09945,ORD-09945,SKU-0339,1,480.00,L,navy,0.00
ITEM-09946,ORD-09946,SKU-0094,1,1380.00,XXL,Indigo,0.00
ITEM-09947,ORD-09947,SKU-0012,1,518.00,L,Maroon,0.00
ITEM-09948,ORD-09948,SKU-0101,1,1240.00,XXL,Black,0.00
ITEM-09949,ORD-09949,SKU-0320,1,1482.00,S,Navy Blue,0.00
ITEM-09950,ORD-09950,SKU-0198,1,1454.00,S,Mustard Yellow,0.00
ITEM-09951,ORD-09951,SKU-0431,1,613.00,S,Maroon,0.00
ITEM-09952,ORD-09952,SKU-0169,1,620.00,S,NAVY_BLUE,0.00
ITEM-09953,ORD-09953,SKU-0417,1,474.00,XXL,Terracotta,0.00
ITEM-09954,ORD-09954,SKU-0471,1,1008.00,XL,rust,0.00
ITEM-09955,ORD-09955,SKU-0395,1,424.00,L,NAVY_BLUE,0.00
ITEM-09956,ORD-09956,SKU-0447,1,968.00,XS,Black,0.00
ITEM-09957,ORD-09957,SKU-0134,1,1447.00,S,Terracotta,0.00
ITEM-09958,ORD-09958,SKU-0436,1,424.00,M,Indigo,0.00
ITEM-09959,ORD-09959,SKU-0167,1,1336.00,M,maroon_red,0.00
ITEM-09960,ORD-09960,SKU-0420,1,806.00,S,mustard,0.00
ITEM-09961,ORD-09961,SKU-0082,1,538.00,S,Sage Green,0.00
ITEM-09962,ORD-09962,SKU-0141,1,1140.00,M,Black,0.00
ITEM-09963,ORD-09963,SKU-0120,1,1489.00,S,rust,0.00
ITEM-09964,ORD-09964,SKU-0375,1,443.00,XL,Navy Blue,0.00
ITEM-09965,ORD-09965,SKU-0210,1,1007.00,S,Black,0.00
ITEM-09966,ORD-09966,SKU-0064,1,1410.00,L,Black,0.00
ITEM-09967,ORD-09967,SKU-0094,1,1380.00,XS,Indigo,0.00
ITEM-09968,ORD-09968,SKU-0271,1,1262.00,XL,Mustard Yellow,0.00
ITEM-09969,ORD-09969,SKU-0339,1,480.00,XXL,navy,0.00
ITEM-09970,ORD-09970,SKU-0395,1,424.00,S,NAVY_BLUE,0.00
ITEM-09971,ORD-09971,SKU-0424,1,536.00,L,mustard,0.00
ITEM-09972,ORD-09972,SKU-0096,1,915.00,M,navy,0.00
ITEM-09973,ORD-09973,SKU-0176,1,518.00,L,Maroon,0.00
ITEM-09974,ORD-09974,SKU-0032,1,991.00,XXL,mustard,0.00
ITEM-09975,ORD-09975,SKU-0319,1,1314.00,XL,Maroon,0.00
ITEM-09976,ORD-09976,SKU-0067,1,1435.00,S,Mustard Yellow,0.00
ITEM-09977,ORD-09977,SKU-0205,1,1357.00,XL,NAVY_BLUE,0.00
ITEM-09978,ORD-09978,SKU-0301,1,631.00,XL,sage,0.00
ITEM-09979,ORD-09979,SKU-0043,1,701.00,L,sage,0.00
ITEM-09980,ORD-09980,SKU-0073,1,1210.00,L,mustard,0.00
ITEM-09981,ORD-09981,SKU-0294,1,592.00,S,sage,0.00
ITEM-09982,ORD-09982,SKU-0396,1,734.00,S,navy,0.00
ITEM-09983,ORD-09983,SKU-0220,1,1357.00,XL,Indigo,0.00
ITEM-09984,ORD-09984,SKU-0334,1,667.00,M,Black,0.00
ITEM-09985,ORD-09985,SKU-0024,1,1296.00,XL,Black,0.00
ITEM-09986,ORD-09986,SKU-0206,1,785.00,M,Terracotta,0.00
ITEM-09987,ORD-09987,SKU-0413,1,518.00,XXL,Maroon,0.00
ITEM-09988,ORD-09988,SKU-0348,1,694.00,XL,mustard,0.00
ITEM-09989,ORD-09989,SKU-0256,1,858.00,M,mustard,0.00
ITEM-09990,ORD-09990,SKU-0190,1,1410.00,XL,Navy Blue,0.00
ITEM-09991,ORD-09991,SKU-0295,1,1369.00,S,Terracotta,0.00
ITEM-09992,ORD-09992,SKU-0026,1,959.00,XXL,Sage Green,0.00
ITEM-09993,ORD-09993,SKU-0053,1,452.00,L,Ivory,0.00
ITEM-09994,ORD-09994,SKU-0429,1,554.00,S,navy,0.00
ITEM-09995,ORD-09995,SKU-0125,1,934.00,XL,Sage Green,0.00
ITEM-09996,ORD-09996,SKU-0287,1,678.00,XS,Ivory,0.00
ITEM-09997,ORD-09997,SKU-0271,1,1262.00,XS,Mustard Yellow,0.00
ITEM-09998,ORD-09998,SKU-0435,1,590.00,S,Sage Green,0.00
ITEM-09999,ORD-09999,SKU-0246,1,720.00,XL,Indigo,0.00
ITEM-10000,ORD-10000,SKU-0410,1,1183.00,XXL,Black,0.00
