return_id,order_id,order_item_id,sku_id,customer_id,return_created_at,return_reason,return_reason_text,return_status,refund_amount,return_quantity
RET-00010,ORD-00010,ITEM-00010,SKU-0179,CUST-0566,2025-12-23T11:36:00+00:00,Other,Length is not as shown,Refunded,1327.00,1
RET-00012,ORD-00012,ITEM-00012,SKU-0307,CUST-0375,2025-05-15T20:42:00+00:00,Other,"Bahut tight hai, size bada chahiye",Refunded,1315.00,1
RET-00017,ORD-00017,ITEM-00017,SKU-0108,CUST-0754,2025-09-22T14:43:00+00:00,Other,"Function ke liye liya tha, ab occasion nahi hai",Refunded,447.00,1
RET-00018,ORD-00018,ITEM-00018,SKU-0479,CUST-0135,2026-09-02T17:46:00+00:00,Other,Mujhe dusra colour chahiye tha,Refunded,754.00,1
RET-00021,ORD-00021,ITEM-00021,SKU-0461,CUST-0848,2025-11-22T23:22:00+00:00,Other,"Function ke liye liya tha, ab occasion nahi hai",Refunded,456.00,1
RET-00029,ORD-00029,ITEM-00029,SKU-0462,CUST-0943,2025-03-09T02:50:00+00:00,Other,Kapda thoda transparent hai,Exchange Completed,940.00,1
RET-00030,ORD-00030,ITEM-00030,SKU-0451,CUST-0633,2025-11-16T13:10:00+00:00,Other,Length is not as shown,Refunded,489.00,1
RET-00036,ORD-00036,ITEM-00036,SKU-0367,CUST-0267,2026-02-16T00:57:00+00:00,Other,Colour is different from picture,Refunded,1421.00,1
RET-00044,ORD-00044,ITEM-00044,SKU-0475,CUST-0260,2025-07-17T21:27:00+00:00,Other,Parcel kholne par ek button missing tha,Refunded,493.00,1
RET-00045,ORD-00045,ITEM-00045,SKU-0363,CUST-0475,2026-01-17T16:33:00+00:00,Other,Mujhe dusra colour chahiye tha,Refunded,772.00,1
RET-00047,ORD-00047,ITEM-00047,SKU-0002,CUST-0195,2025-03-05T13:06:00+00:00,Other,Order was a gift but recipient did not like the style,Refunded,1499.00,1
RET-00052,ORD-00052,ITEM-00052,SKU-0203,CUST-0286,2025-10-17T08:05:00+00:00,Other,Length is not as shown,Refunded,983.00,1
RET-00054,ORD-00054,ITEM-00054,SKU-0172,CUST-0616,2025-03-19T22:54:00+00:00,Other,"Photo mein shade halka tha, actual zyada dark hai",Exchange Completed,974.00,1
RET-00056,ORD-00056,ITEM-00056,SKU-0176,CUST-0897,2025-06-20T09:58:00+00:00,Other,Stitching at the side looks uneven,Refunded,518.00,1
RET-00063,ORD-00063,ITEM-00063,SKU-0289,CUST-0531,2025-07-21T06:45:00+00:00,Other,Parcel kholne par ek button missing tha,Refunded,444.00,1
RET-00064,ORD-00064,ITEM-00064,SKU-0262,CUST-0697,2025-05-23T04:20:00+00:00,Other,"Exchange chahiye, return nahi",Exchange Completed,593.00,1
RET-00066,ORD-00066,ITEM-00066,SKU-0338,CUST-0426,2025-10-04T05:56:00+00:00,Other,"Exchange chahiye, return nahi",Refunded,1059.00,1
RET-00067,ORD-00067,ITEM-00067,SKU-0286,CUST-0623,2025-12-24T11:10:00+00:00,Other,Length is not as shown,Refunded,1122.00,1
RET-00068,ORD-00068,ITEM-00068,SKU-0298,CUST-0175,2025-11-29T01:17:00+00:00,Other,Stitching at the side looks uneven,Refunded,771.00,1
RET-00076,ORD-00076,ITEM-00076,SKU-0093,CUST-0952,2025-11-24T14:11:00+00:00,Other,Order was a gift but recipient did not like the style,Refunded,774.00,1
RET-00078,ORD-00078,ITEM-00078,SKU-0053,CUST-0756,2025-11-27T04:10:00+00:00,Other,Parcel kholne par ek button missing tha,Refunded,452.00,1
RET-00083,ORD-00083,ITEM-00083,SKU-0040,CUST-0018,2025-04-27T02:08:00+00:00,Other,Order was a gift but recipient did not like the style,Exchange Completed,400.00,1
RET-00085,ORD-00085,ITEM-00085,SKU-0223,CUST-0629,2026-07-06T17:48:00+00:00,Other,"Bahut tight hai, size bada chahiye",Exchange Completed,1120.00,1
RET-00086,ORD-00086,ITEM-00086,SKU-0268,CUST-0867,2026-07-01T23:29:00+00:00,Other,Not matching with my dupatta,Exchange Completed,413.00,1
RET-00090,ORD-00090,ITEM-00090,SKU-0133,CUST-0799,2025-10-26T09:32:00+00:00,Other,"Exchange chahiye, return nahi",Refunded,589.00,1
RET-00092,ORD-00092,ITEM-00092,SKU-0288,CUST-0474,2026-04-01T12:16:00+00:00,Other,Looks different in daylight,Refunded,1419.00,1
RET-00093,ORD-00093,ITEM-00093,SKU-0257,CUST-0866,2025-04-16T02:44:00+00:00,Other,Length is not as shown,Exchange Completed,1086.00,1
RET-00097,ORD-00097,ITEM-00097,SKU-0232,CUST-0869,2025-07-27T07:27:00+00:00,Other,"Photo mein shade halka tha, actual zyada dark hai",Exchange Completed,781.00,1
RET-00099,ORD-00099,ITEM-00099,SKU-0462,CUST-0074,2025-11-06T09:15:00+00:00,Other,Parcel kholne par ek button missing tha,Exchange Completed,940.00,1
RET-00102,ORD-00102,ITEM-00102,SKU-0131,CUST-0645,2026-06-16T03:19:00+00:00,Other,Length is not as shown,Exchange Completed,605.00,1
RET-00104,ORD-00104,ITEM-00104,SKU-0132,CUST-0009,2025-03-09T13:11:00+00:00,Other,Fabric feels different than what I expected,Exchange Completed,1413.00,1
RET-00110,ORD-00110,ITEM-00110,SKU-0387,CUST-0748,2026-04-16T13:42:00+00:00,Other,Online photo aur real product alag lag rahe hain,Refunded,1016.00,1
RET-00111,ORD-00111,ITEM-00111,SKU-0344,CUST-0445,2025-02-14T23:23:00+00:00,Other,"Exchange chahiye, return nahi",Refunded,631.00,1
RET-00113,ORD-00113,ITEM-00113,SKU-0086,CUST-0401,2026-04-27T13:36:00+00:00,Other,"Exchange chahiye, return nahi",Refunded,1100.00,1
RET-00115,ORD-00115,ITEM-00115,SKU-0363,CUST-0327,2025-03-26T04:52:00+00:00,Other,Fabric feels different than what I expected,Exchange Completed,772.00,1
RET-00118,ORD-00118,ITEM-00118,SKU-0437,CUST-0305,2026-01-10T23:53:00+00:00,Other,Looks different in daylight,Exchange Completed,1319.00,1
RET-00123,ORD-00123,ITEM-00123,SKU-0282,CUST-0587,2025-02-07T12:04:00+00:00,Other,Length is not as shown,Refunded,1131.00,1
RET-00125,ORD-00125,ITEM-00125,SKU-0035,CUST-0080,2025-01-24T01:16:00+00:00,Other,Kapda thoda transparent hai,Refunded,1337.00,1
RET-00132,ORD-00132,ITEM-00132,SKU-0277,CUST-0130,2025-08-22T13:37:00+00:00,Other,Parcel kholne par ek button missing tha,Refunded,1201.00,1
RET-00136,ORD-00136,ITEM-00136,SKU-0338,CUST-0934,2026-04-20T14:08:00+00:00,Other,Kurti is loose,Refunded,1059.00,1
RET-00140,ORD-00140,ITEM-00140,SKU-0005,CUST-0573,2025-10-30T07:34:00+00:00,Other,Kurti is loose,Exchange Completed,889.00,1
RET-00147,ORD-00147,ITEM-00147,SKU-0008,CUST-0172,2026-06-03T19:41:00+00:00,Other,Kapda thoda transparent hai,Exchange Completed,803.00,1
RET-00149,ORD-00149,ITEM-00149,SKU-0255,CUST-0321,2025-06-30T08:00:00+00:00,Other,Kurti is loose,Refunded,440.00,1
RET-00158,ORD-00158,ITEM-00158,SKU-0479,CUST-0416,2026-09-05T21:29:00+00:00,Other,Kurti is loose,Exchange Completed,754.00,1
RET-00160,ORD-00160,ITEM-00160,SKU-0133,CUST-0658,2025-05-19T20:35:00+00:00,Other,Stitching at the side looks uneven,Refunded,589.00,1
RET-00167,ORD-00167,ITEM-00167,SKU-0232,CUST-0959,2025-10-21T02:11:00+00:00,Other,"Function ke liye liya tha, ab occasion nahi hai",Refunded,781.00,1
RET-00170,ORD-00170,ITEM-00170,SKU-0451,CUST-0607,2026-07-24T19:34:00+00:00,Other,"Exchange chahiye, return nahi",Refunded,489.00,1
RET-00177,ORD-00177,ITEM-00177,SKU-0384,CUST-0323,2026-08-27T21:27:00+00:00,Other,"Bahut tight hai, size bada chahiye",Refunded,689.00,1
RET-00178,ORD-00178,ITEM-00178,SKU-0375,CUST-0434,2025-04-18T16:39:00+00:00,Other,"Bahut tight hai, size bada chahiye",Exchange Completed,443.00,1
RET-00181,ORD-00181,ITEM-00181,SKU-0344,CUST-0026,2025-09-02T15:51:00+00:00,Other,"Exchange chahiye, return nahi",Refunded,631.00,1
RET-00183,ORD-00183,ITEM-00183,SKU-0086,CUST-0165,2025-07-29T12:36:00+00:00,Other,Mujhe dusra colour chahiye tha,Refunded,1100.00,1
RET-00187,ORD-00187,ITEM-00187,SKU-0002,CUST-0687,2025-10-11T05:32:00+00:00,Other,Parcel kholne par ek button missing tha,Refunded,1499.00,1
RET-00191,ORD-00191,ITEM-00191,SKU-0178,CUST-0750,2025-02-05T10:12:00+00:00,Other,Length is not as shown,Refunded,1315.00,1
RET-00193,ORD-00193,ITEM-00193,SKU-0282,CUST-0633,2025-07-04T12:53:00+00:00,Other,"Bahut tight hai, size bada chahiye",Refunded,1131.00,1
RET-00196,ORD-00196,ITEM-00196,SKU-0176,CUST-0930,2025-05-13T21:41:00+00:00,Other,Order was a gift but recipient did not like the style,Refunded,518.00,1
RET-00200,ORD-00200,ITEM-00200,SKU-0114,CUST-0473,2026-06-26T06:55:00+00:00,Other,Online photo aur real product alag lag rahe hain,Refunded,585.00,1
RET-00201,ORD-00201,ITEM-00201,SKU-0356,CUST-0485,2025-09-13T04:46:00+00:00,Other,"Photo mein shade halka tha, actual zyada dark hai",Refunded,535.00,1
RET-00202,ORD-00202,ITEM-00202,SKU-0277,CUST-0580,2026-03-22T13:31:00+00:00,Other,Online photo aur real product alag lag rahe hain,Refunded,1201.00,1
RET-00204,ORD-00204,ITEM-00204,SKU-0262,CUST-0226,2026-01-05T02:15:00+00:00,Other,Parcel kholne par ek button missing tha,Refunded,593.00,1
RET-00205,ORD-00205,ITEM-00205,SKU-0408,CUST-0285,2025-02-25T23:06:00+00:00,Other,Not matching with my dupatta,Refunded,626.00,1
RET-00208,ORD-00208,ITEM-00208,SKU-0298,CUST-0252,2025-10-19T09:29:00+00:00,Other,Online photo aur real product alag lag rahe hain,Exchange Completed,771.00,1
RET-00209,ORD-00209,ITEM-00209,SKU-0095,CUST-0184,2025-08-05T08:29:00+00:00,Other,Stitching at the side looks uneven,Refunded,1481.00,1
RET-00210,ORD-00210,ITEM-00210,SKU-0005,CUST-0153,2025-12-12T21:29:00+00:00,Other,Kapda thoda transparent hai,Refunded,889.00,1
RET-00217,ORD-00217,ITEM-00217,SKU-0008,CUST-0152,2025-06-04T05:11:00+00:00,Other,Looks different in daylight,Refunded,803.00,1
RET-00218,ORD-00218,ITEM-00218,SKU-0053,CUST-0813,2026-09-18T14:40:00+00:00,Other,Quality utni achhi nahi lagi,Refunded,452.00,1
RET-00220,ORD-00220,ITEM-00220,SKU-0179,CUST-0457,2026-07-14T15:29:00+00:00,Other,The print placement looks different on mine,Refunded,1327.00,1
RET-00223,ORD-00223,ITEM-00223,SKU-0040,CUST-0063,2026-02-13T18:44:00+00:00,Other,Kapda thoda transparent hai,Refunded,400.00,1
RET-00224,ORD-00224,ITEM-00224,SKU-0062,CUST-0713,2025-03-22T09:18:00+00:00,Other,"Exchange chahiye, return nahi",Refunded,1057.00,1
RET-00226,ORD-00226,ITEM-00226,SKU-0268,CUST-0600,2025-10-08T13:37:00+00:00,Other,"Bahut tight hai, size bada chahiye",Refunded,413.00,1
RET-00234,ORD-00234,ITEM-00234,SKU-0090,CUST-0267,2026-01-26T22:11:00+00:00,Other,Parcel kholne par ek button missing tha,Refunded,1174.00,1
RET-00235,ORD-00235,ITEM-00235,SKU-0432,CUST-0276,2025-01-18T13:48:00+00:00,Other,The print placement looks different on mine,Refunded,1302.00,1
RET-00237,ORD-00237,ITEM-00237,SKU-0232,CUST-0573,2026-05-28T00:07:00+00:00,Other,Colour is different from picture,Exchange Completed,781.00,1
RET-00238,ORD-00238,ITEM-00238,SKU-0308,CUST-0481,2026-09-05T12:13:00+00:00,Other,"Bahut tight hai, size bada chahiye",Refunded,531.00,1
RET-00240,ORD-00240,ITEM-00240,SKU-0451,CUST-0041,2025-04-26T08:39:00+00:00,Other,Quality utni achhi nahi lagi,Exchange Completed,489.00,1
RET-00251,ORD-00251,ITEM-00251,SKU-0344,CUST-0812,2026-05-04T22:01:00+00:00,Other,Mujhe dusra colour chahiye tha,Refunded,631.00,1
RET-00255,ORD-00255,ITEM-00255,SKU-0363,CUST-0286,2026-06-07T19:11:00+00:00,Other,Parcel kholne par ek button missing tha,Exchange Completed,772.00,1
RET-00258,ORD-00258,ITEM-00258,SKU-0437,CUST-0487,2026-08-19T23:28:00+00:00,Other,Order was a gift but recipient did not like the style,Exchange Completed,1319.00,1
RET-00260,ORD-00260,ITEM-00260,SKU-0205,CUST-0418,2025-12-31T07:44:00+00:00,Other,The print placement looks different on mine,Exchange Completed,1357.00,1
RET-00261,ORD-00261,ITEM-00261,SKU-0178,CUST-0405,2026-07-09T00:41:00+00:00,Other,The print placement looks different on mine,Refunded,1315.00,1
RET-00262,ORD-00262,ITEM-00262,SKU-0203,CUST-0184,2025-06-21T10:27:00+00:00,Other,Order was a gift but recipient did not like the style,Exchange Completed,983.00,1
RET-00269,ORD-00269,ITEM-00269,SKU-0033,CUST-0029,2025-10-07T04:44:00+00:00,Other,Order was a gift but recipient did not like the style,Refunded,918.00,1
RET-00270,ORD-00270,ITEM-00270,SKU-0114,CUST-1000,2025-03-03T17:15:00+00:00,Other,"Exchange chahiye, return nahi",Exchange Completed,585.00,1
RET-00272,ORD-00272,ITEM-00272,SKU-0277,CUST-0773,2026-07-13T01:55:00+00:00,Other,Fabric feels different than what I expected,Exchange Completed,1201.00,1
RET-00276,ORD-00276,ITEM-00276,SKU-0338,CUST-0386,2026-07-06T19:24:00+00:00,Other,Stitching at the side looks uneven,Exchange Completed,1059.00,1
RET-00277,ORD-00277,ITEM-00277,SKU-0286,CUST-0520,2025-12-14T19:09:00+00:00,Other,Stitching at the side looks uneven,Refunded,1122.00,1
RET-00278,ORD-00278,ITEM-00278,SKU-0298,CUST-0592,2026-07-25T03:22:00+00:00,Other,Length is not as shown,Refunded,771.00,1
RET-00280,ORD-00280,ITEM-00280,SKU-0005,CUST-0130,2025-05-08T12:56:00+00:00,Other,Fabric feels different than what I expected,Exchange Completed,889.00,1
RET-00287,ORD-00287,ITEM-00287,SKU-0008,CUST-0244,2025-03-15T06:10:00+00:00,Other,"Bahut tight hai, size bada chahiye",Refunded,803.00,1
RET-00289,ORD-00289,ITEM-00289,SKU-0255,CUST-0187,2025-12-15T13:46:00+00:00,Other,"Function ke liye liya tha, ab occasion nahi hai",Refunded,440.00,1
RET-00291,ORD-00291,ITEM-00291,SKU-0080,CUST-0649,2026-02-21T12:26:00+00:00,Other,Looks different in daylight,Exchange Completed,1006.00,1
RET-00293,ORD-00293,ITEM-00293,SKU-0040,CUST-0447,2025-03-23T23:24:00+00:00,Other,Quality utni achhi nahi lagi,Refunded,400.00,1
RET-00295,ORD-00295,ITEM-00295,SKU-0223,CUST-0027,2025-03-26T17:29:00+00:00,Other,Length is not as shown,Refunded,1120.00,1
RET-00297,ORD-00297,ITEM-00297,SKU-0108,CUST-0815,2025-09-10T04:34:00+00:00,Other,Stitching at the side looks uneven,Refunded,447.00,1
RET-00303,ORD-00303,ITEM-00303,SKU-0257,CUST-0865,2026-04-18T00:21:00+00:00,Other,Parcel kholne par ek button missing tha,Refunded,1086.00,1
RET-00304,ORD-00304,ITEM-00304,SKU-0090,CUST-0073,2025-03-07T04:34:00+00:00,Other,"Bahut tight hai, size bada chahiye",Exchange Completed,1174.00,1
RET-00308,ORD-00308,ITEM-00308,SKU-0308,CUST-0819,2026-03-10T11:04:00+00:00,Other,Kapda thoda transparent hai,Exchange Completed,531.00,1
RET-00309,ORD-00309,ITEM-00309,SKU-0462,CUST-0439,2025-01-07T04:01:00+00:00,Other,Mujhe dusra colour chahiye tha,Refunded,940.00,1
RET-00313,ORD-00313,ITEM-00313,SKU-0159,CUST-0191,2026-08-07T02:34:00+00:00,Other,"Photo mein shade halka tha, actual zyada dark hai",Exchange Completed,707.00,1
RET-00314,ORD-00314,ITEM-00314,SKU-0132,CUST-0022,2025-09-30T09:31:00+00:00,Other,Colour is different from picture,Refunded,1413.00,1
RET-00316,ORD-00316,ITEM-00316,SKU-0367,CUST-0810,2025-08-22T02:19:00+00:00,Other,Mujhe dusra colour chahiye tha,Exchange Completed,1421.00,1
RET-00317,ORD-00317,ITEM-00317,SKU-0384,CUST-0703,2025-06-19T12:01:00+00:00,Other,Stitching at the side looks uneven,Refunded,689.00,1
RET-00324,ORD-00324,ITEM-00324,SKU-0475,CUST-0447,2025-05-06T07:15:00+00:00,Other,Quality utni achhi nahi lagi,Refunded,493.00,1
RET-00325,ORD-00325,ITEM-00325,SKU-0363,CUST-0610,2026-01-07T11:11:00+00:00,Other,Order was a gift but recipient did not like the style,Exchange Completed,772.00,1
RET-00327,ORD-00327,ITEM-00327,SKU-0002,CUST-0106,2026-02-01T14:02:00+00:00,Other,Kurti is loose,Refunded,1499.00,1
RET-00331,ORD-00331,ITEM-00331,SKU-0178,CUST-0944,2025-11-04T13:37:00+00:00,Other,Fabric feels different than what I expected,Refunded,1315.00,1
RET-00336,ORD-00336,ITEM-00336,SKU-0176,CUST-0674,2026-07-11T00:22:00+00:00,Other,Kapda thoda transparent hai,Exchange Completed,518.00,1
RET-00341,ORD-00341,ITEM-00341,SKU-0356,CUST-0933,2026-06-05T22:31:00+00:00,Other,Quality utni achhi nahi lagi,Exchange Completed,535.00,1
RET-00357,ORD-00357,ITEM-00357,SKU-0008,CUST-0967,2026-09-12T17:07:00+00:00,Other,Kapda thoda transparent hai,Refunded,803.00,1
RET-00358,ORD-00358,ITEM-00358,SKU-0053,CUST-0878,2026-08-12T18:12:00+00:00,Other,The print placement looks different on mine,Refunded,452.00,1
RET-00367,ORD-00367,ITEM-00367,SKU-0108,CUST-0969,2025-03-09T12:56:00+00:00,Other,Quality utni achhi nahi lagi,Exchange Completed,447.00,1
RET-00373,ORD-00373,ITEM-00373,SKU-0257,CUST-0935,2026-06-12T05:44:00+00:00,Other,Quality utni achhi nahi lagi,Exchange Completed,1086.00,1
RET-00376,ORD-00376,ITEM-00376,SKU-0471,CUST-0252,2026-07-21T07:55:00+00:00,Other,Kapda thoda transparent hai,Refunded,1008.00,1
RET-00377,ORD-00377,ITEM-00377,SKU-0232,CUST-0488,2025-09-18T03:56:00+00:00,Other,"Bahut tight hai, size bada chahiye",Exchange Completed,781.00,1
RET-00380,ORD-00380,ITEM-00380,SKU-0451,CUST-0969,2026-03-20T06:30:00+00:00,Other,Kapda thoda transparent hai,Exchange Completed,489.00,1
RET-00381,ORD-00381,ITEM-00381,SKU-0228,CUST-0897,2025-12-02T11:31:00+00:00,Other,Quality utni achhi nahi lagi,Refunded,717.00,1
RET-00391,ORD-00391,ITEM-00391,SKU-0344,CUST-0223,2025-06-23T19:01:00+00:00,Other,Online photo aur real product alag lag rahe hain,Refunded,631.00,1
RET-00392,ORD-00392,ITEM-00392,SKU-0457,CUST-0307,2025-09-15T18:25:00+00:00,Other,"Photo mein shade halka tha, actual zyada dark hai",Refunded,732.00,1
RET-00395,ORD-00395,ITEM-00395,SKU-0363,CUST-0651,2026-07-12T07:16:00+00:00,Other,Online photo aur real product alag lag rahe hain,Refunded,772.00,1
RET-00396,ORD-00396,ITEM-00396,SKU-0152,CUST-0440,2026-03-29T23:00:00+00:00,Other,"Exchange chahiye, return nahi",Refunded,1080.00,1
RET-00401,ORD-00401,ITEM-00401,SKU-0178,CUST-0186,2026-07-19T09:05:00+00:00,Other,"Exchange chahiye, return nahi",Refunded,1315.00,1
RET-00403,ORD-00403,ITEM-00403,SKU-0282,CUST-0829,2026-06-05T07:23:00+00:00,Other,Fabric feels different than what I expected,Refunded,1131.00,1
RET-00404,ORD-00404,ITEM-00404,SKU-0172,CUST-0011,2026-07-14T05:04:00+00:00,Other,Mujhe dusra colour chahiye tha,Refunded,974.00,1
RET-00405,ORD-00405,ITEM-00405,SKU-0035,CUST-0824,2026-06-07T09:53:00+00:00,Other,"Function ke liye liya tha, ab occasion nahi hai",Refunded,1337.00,1
RET-00407,ORD-00407,ITEM-00407,SKU-0188,CUST-0143,2026-07-19T10:26:00+00:00,Other,Stitching at the side looks uneven,Refunded,538.00,1
RET-00409,ORD-00409,ITEM-00409,SKU-0033,CUST-0103,2025-03-10T21:37:00+00:00,Other,Fabric feels different than what I expected,Refunded,918.00,1
RET-00410,ORD-00410,ITEM-00410,SKU-0114,CUST-0614,2025-07-14T16:39:00+00:00,Other,Kapda thoda transparent hai,Refunded,585.00,1
RET-00414,ORD-00414,ITEM-00414,SKU-0262,CUST-0094,2025-11-08T07:33:00+00:00,Other,Length is not as shown,Refunded,593.00,1
RET-00417,ORD-00417,ITEM-00417,SKU-0286,CUST-0974,2025-12-25T19:16:00+00:00,Other,Kurti is loose,Refunded,1122.00,1
RET-00420,ORD-00420,ITEM-00420,SKU-0005,CUST-0120,2026-07-15T05:33:00+00:00,Other,Fabric feels different than what I expected,Refunded,889.00,1
RET-00426,ORD-00426,ITEM-00426,SKU-0093,CUST-0095,2026-07-09T09:28:00+00:00,Other,Parcel kholne par ek button missing tha,Refunded,774.00,1
RET-00427,ORD-00427,ITEM-00427,SKU-0008,CUST-0345,2025-01-11T03:24:00+00:00,Other,"Bahut tight hai, size bada chahiye",Refunded,803.00,1
RET-00430,ORD-00430,ITEM-00430,SKU-0179,CUST-0336,2026-05-07T00:26:00+00:00,Other,Kurti is loose,Refunded,1327.00,1
RET-00442,ORD-00442,ITEM-00442,SKU-0288,CUST-0458,2025-04-21T01:57:00+00:00,Other,Kapda thoda transparent hai,Refunded,1419.00,1
RET-00444,ORD-00444,ITEM-00444,SKU-0090,CUST-0786,2026-03-06T08:41:00+00:00,Other,Fabric feels different than what I expected,Refunded,1174.00,1
RET-00446,ORD-00446,ITEM-00446,SKU-0471,CUST-0509,2025-03-01T09:39:00+00:00,Other,Length is not as shown,Refunded,1008.00,1
RET-00451,ORD-00451,ITEM-00451,SKU-0228,CUST-0683,2026-07-01T06:41:00+00:00,Other,Kurti is loose,Exchange Completed,717.00,1
RET-00454,ORD-00454,ITEM-00454,SKU-0132,CUST-0616,2025-05-15T21:08:00+00:00,Other,Fabric feels different than what I expected,Refunded,1413.00,1
RET-00459,ORD-00459,ITEM-00459,SKU-0273,CUST-0349,2025-02-05T14:28:00+00:00,Other,Quality utni achhi nahi lagi,Refunded,678.00,1
RET-00462,ORD-00462,ITEM-00462,SKU-0457,CUST-0544,2025-06-10T19:07:00+00:00,Other,"Photo mein shade halka tha, actual zyada dark hai",Exchange Completed,732.00,1
RET-00466,ORD-00466,ITEM-00466,SKU-0152,CUST-0544,2025-09-22T00:24:00+00:00,Other,Online photo aur real product alag lag rahe hain,Refunded,1080.00,1
RET-00468,ORD-00468,ITEM-00468,SKU-0437,CUST-0632,2026-06-14T12:28:00+00:00,Other,Order was a gift but recipient did not like the style,Refunded,1319.00,1
RET-00469,ORD-00469,ITEM-00469,SKU-0436,CUST-0200,2025-01-26T19:44:00+00:00,Other,Kapda thoda transparent hai,Exchange Completed,424.00,1
RET-00470,ORD-00470,ITEM-00470,SKU-0205,CUST-0224,2026-05-29T23:30:00+00:00,Other,Kurti is loose,Refunded,1357.00,1
RET-00476,ORD-00476,ITEM-00476,SKU-0176,CUST-0719,2025-10-07T08:04:00+00:00,Other,Not matching with my dupatta,Refunded,518.00,1
RET-00484,ORD-00484,ITEM-00484,SKU-0262,CUST-0173,2026-09-03T07:27:00+00:00,Other,Parcel kholne par ek button missing tha,Refunded,593.00,1
RET-00485,ORD-00485,ITEM-00485,SKU-0408,CUST-0152,2026-02-01T12:43:00+00:00,Other,Colour is different from picture,Exchange Completed,626.00,1
RET-00487,ORD-00487,ITEM-00487,SKU-0286,CUST-0323,2026-08-23T08:43:00+00:00,Other,"Bahut tight hai, size bada chahiye",Refunded,1122.00,1
RET-00488,ORD-00488,ITEM-00488,SKU-0298,CUST-0379,2026-08-06T06:37:00+00:00,Other,Kapda thoda transparent hai,Refunded,771.00,1
RET-00489,ORD-00489,ITEM-00489,SKU-0095,CUST-0944,2026-05-27T04:20:00+00:00,Other,Length is not as shown,Refunded,1481.00,1
RET-00498,ORD-00498,ITEM-00498,SKU-0053,CUST-0284,2025-07-28T03:30:00+00:00,Other,Fabric feels different than what I expected,Refunded,452.00,1
RET-00499,ORD-00499,ITEM-00499,SKU-0255,CUST-0650,2026-06-04T14:00:00+00:00,Other,Kapda thoda transparent hai,Exchange Completed,440.00,1
RET-00500,ORD-00500,ITEM-00500,SKU-0179,CUST-0165,2026-09-09T01:06:00+00:00,Other,Online photo aur real product alag lag rahe hain,Refunded,1327.00,1
RET-00501,ORD-00501,ITEM-00501,SKU-0080,CUST-0716,2026-02-18T07:25:00+00:00,Other,"Exchange chahiye, return nahi",Refunded,1006.00,1
RET-00502,ORD-00502,ITEM-00502,SKU-0307,CUST-0914,2025-10-05T08:30:00+00:00,Other,The print placement looks different on mine,Exchange Completed,1315.00,1
RET-00503,ORD-00503,ITEM-00503,SKU-0040,CUST-0666,2026-06-19T09:27:00+00:00,Other,Kapda thoda transparent hai,Refunded,400.00,1
RET-00520,ORD-00520,ITEM-00520,SKU-0451,CUST-0696,2026-01-10T05:13:00+00:00,Other,Kapda thoda transparent hai,Refunded,489.00,1
RET-00522,ORD-00522,ITEM-00522,SKU-0131,CUST-0344,2026-02-22T10:31:00+00:00,Other,Parcel kholne par ek button missing tha,Exchange Completed,605.00,1
RET-00523,ORD-00523,ITEM-00523,SKU-0159,CUST-0529,2025-02-14T07:42:00+00:00,Other,Length is not as shown,Refunded,707.00,1
RET-00524,ORD-00524,ITEM-00524,SKU-0132,CUST-0464,2025-11-10T01:21:00+00:00,Other,Order was a gift but recipient did not like the style,Refunded,1413.00,1
RET-00529,ORD-00529,ITEM-00529,SKU-0273,CUST-0600,2025-07-08T09:18:00+00:00,Other,Looks different in daylight,Exchange Completed,678.00,1
RET-00531,ORD-00531,ITEM-00531,SKU-0344,CUST-0784,2026-09-23T10:55:00+00:00,Other,Online photo aur real product alag lag rahe hain,Exchange Completed,631.00,1
RET-00532,ORD-00532,ITEM-00532,SKU-0457,CUST-0274,2026-04-12T03:15:00+00:00,Other,"Photo mein shade halka tha, actual zyada dark hai",Refunded,732.00,1
RET-00534,ORD-00534,ITEM-00534,SKU-0475,CUST-0877,2025-04-30T03:07:00+00:00,Other,"Exchange chahiye, return nahi",Refunded,493.00,1
RET-00538,ORD-00538,ITEM-00538,SKU-0437,CUST-0886,2025-11-09T11:22:00+00:00,Other,Parcel kholne par ek button missing tha,Refunded,1319.00,1
RET-00539,ORD-00539,ITEM-00539,SKU-0436,CUST-0060,2025-09-03T21:38:00+00:00,Other,Online photo aur real product alag lag rahe hain,Refunded,424.00,1
RET-00541,ORD-00541,ITEM-00541,SKU-0178,CUST-0141,2026-03-01T13:44:00+00:00,Other,Stitching at the side looks uneven,Exchange Completed,1315.00,1
RET-00543,ORD-00543,ITEM-00543,SKU-0282,CUST-0693,2026-02-15T04:20:00+00:00,Other,Stitching at the side looks uneven,Refunded,1131.00,1
RET-00550,ORD-00550,ITEM-00550,SKU-0114,CUST-0682,2026-01-22T11:59:00+00:00,Other,Mujhe dusra colour chahiye tha,Exchange Completed,585.00,1
RET-00560,ORD-00560,ITEM-00560,SKU-0005,CUST-0788,2025-05-25T14:49:00+00:00,Other,Quality utni achhi nahi lagi,Refunded,889.00,1
RET-00566,ORD-00566,ITEM-00566,SKU-0093,CUST-0070,2026-04-15T05:06:00+00:00,Other,Kapda thoda transparent hai,Refunded,774.00,1
RET-00570,ORD-00570,ITEM-00570,SKU-0179,CUST-0570,2026-07-12T06:03:00+00:00,Other,Length is not as shown,Exchange Completed,1327.00,1
RET-00576,ORD-00576,ITEM-00576,SKU-0268,CUST-0920,2025-02-17T04:20:00+00:00,Other,Length is not as shown,Exchange Completed,413.00,1
RET-00577,ORD-00577,ITEM-00577,SKU-0108,CUST-0018,2026-03-25T09:50:00+00:00,Other,Fabric feels different than what I expected,Refunded,447.00,1
RET-00581,ORD-00581,ITEM-00581,SKU-0461,CUST-0552,2025-02-09T13:53:00+00:00,Other,Looks different in daylight,Exchange Completed,456.00,1
RET-00587,ORD-00587,ITEM-00587,SKU-0232,CUST-0862,2026-07-20T06:13:00+00:00,Other,Stitching at the side looks uneven,Exchange Completed,781.00,1
RET-00589,ORD-00589,ITEM-00589,SKU-0462,CUST-0671,2026-02-12T23:54:00+00:00,Other,Not matching with my dupatta,Refunded,940.00,1
RET-00590,ORD-00590,ITEM-00590,SKU-0451,CUST-0552,2025-03-03T12:20:00+00:00,Other,"Function ke liye liya tha, ab occasion nahi hai",Refunded,489.00,1
RET-00591,ORD-00591,ITEM-00591,SKU-0228,CUST-0294,2026-03-15T11:14:00+00:00,Other,Online photo aur real product alag lag rahe hain,Exchange Completed,717.00,1
RET-00593,ORD-00593,ITEM-00593,SKU-0159,CUST-0175,2025-02-12T05:34:00+00:00,Other,Order was a gift but recipient did not like the style,Refunded,707.00,1
RET-00598,ORD-00598,ITEM-00598,SKU-0375,CUST-0113,2025-10-28T17:05:00+00:00,Other,Kapda thoda transparent hai,Refunded,443.00,1
RET-00603,ORD-00603,ITEM-00603,SKU-0086,CUST-0891,2025-10-09T11:37:00+00:00,Other,Not matching with my dupatta,Exchange Completed,1100.00,1
RET-00605,ORD-00605,ITEM-00605,SKU-0363,CUST-0283,2025-07-16T08:50:00+00:00,Other,Not matching with my dupatta,Refunded,772.00,1
RET-00606,ORD-00606,ITEM-00606,SKU-0152,CUST-0260,2026-07-01T11:15:00+00:00,Other,Order was a gift but recipient did not like the style,Refunded,1080.00,1
RET-00608,ORD-00608,ITEM-00608,SKU-0437,CUST-0978,2025-07-20T14:24:00+00:00,Other,Kurti is loose,Exchange Completed,1319.00,1
RET-00609,ORD-00609,ITEM-00609,SKU-0436,CUST-0350,2025-10-12T01:00:00+00:00,Other,Stitching at the side looks uneven,Refunded,424.00,1
RET-00613,ORD-00613,ITEM-00613,SKU-0282,CUST-0679,2025-03-17T04:54:00+00:00,Other,Length is not as shown,Exchange Completed,1131.00,1
RET-00616,ORD-00616,ITEM-00616,SKU-0176,CUST-0062,2026-04-06T08:57:00+00:00,Other,Parcel kholne par ek button missing tha,Exchange Completed,518.00,1
RET-00620,ORD-00620,ITEM-00620,SKU-0114,CUST-0001,2026-06-22T09:39:00+00:00,Other,Not matching with my dupatta,Refunded,585.00,1
RET-00625,ORD-00625,ITEM-00625,SKU-0408,CUST-0409,2025-01-05T09:05:00+00:00,Other,"Bahut tight hai, size bada chahiye",Refunded,626.00,1
RET-00628,ORD-00628,ITEM-00628,SKU-0298,CUST-0220,2025-11-22T20:17:00+00:00,Other,Length is not as shown,Refunded,771.00,1
RET-00636,ORD-00636,ITEM-00636,SKU-0093,CUST-0971,2025-12-26T11:04:00+00:00,Other,Mujhe dusra colour chahiye tha,Refunded,774.00,1
RET-00642,ORD-00642,ITEM-00642,SKU-0307,CUST-0625,2026-03-21T19:42:00+00:00,Other,Mujhe dusra colour chahiye tha,Refunded,1315.00,1
RET-00647,ORD-00647,ITEM-00647,SKU-0108,CUST-0646,2025-05-03T14:16:00+00:00,Other,Quality utni achhi nahi lagi,Refunded,447.00,1
RET-00648,ORD-00648,ITEM-00648,SKU-0479,CUST-0272,2025-04-13T18:41:00+00:00,Other,Order was a gift but recipient did not like the style,Refunded,754.00,1
RET-00650,ORD-00650,ITEM-00650,SKU-0133,CUST-0560,2026-07-14T21:55:00+00:00,Other,Length is not as shown,Refunded,589.00,1
RET-00654,ORD-00654,ITEM-00654,SKU-0090,CUST-0514,2026-04-24T14:57:00+00:00,Other,Quality utni achhi nahi lagi,Refunded,1174.00,1
RET-00658,ORD-00658,ITEM-00658,SKU-0308,CUST-0742,2025-11-26T14:36:00+00:00,Other,"Bahut tight hai, size bada chahiye",Exchange Completed,531.00,1
RET-00663,ORD-00663,ITEM-00663,SKU-0159,CUST-0537,2025-09-12T07:38:00+00:00,Other,Length is not as shown,Refunded,707.00,1
RET-00664,ORD-00664,ITEM-00664,SKU-0132,CUST-0992,2025-10-16T00:18:00+00:00,Other,Looks different in daylight,Exchange Completed,1413.00,1
RET-00665,ORD-00665,ITEM-00665,SKU-0190,CUST-0673,2026-05-26T00:07:00+00:00,Other,Colour is different from picture,Exchange Completed,1410.00,1
RET-00673,ORD-00673,ITEM-00673,SKU-0086,CUST-0714,2026-03-25T22:10:00+00:00,Other,"Photo mein shade halka tha, actual zyada dark hai",Exchange Completed,1100.00,1
RET-00689,ORD-00689,ITEM-00689,SKU-0033,CUST-0117,2025-10-27T06:11:00+00:00,Other,"Bahut tight hai, size bada chahiye",Exchange Completed,918.00,1
RET-00693,ORD-00693,ITEM-00693,SKU-0289,CUST-0361,2025-02-22T06:35:00+00:00,Other,"Function ke liye liya tha, ab occasion nahi hai",Refunded,444.00,1
RET-00695,ORD-00695,ITEM-00695,SKU-0408,CUST-0122,2025-12-16T17:23:00+00:00,Other,Not matching with my dupatta,Exchange Completed,626.00,1
RET-00700,ORD-00700,ITEM-00700,SKU-0005,CUST-0708,2025-09-01T06:56:00+00:00,Other,Fabric feels different than what I expected,Exchange Completed,889.00,1
RET-00710,ORD-00710,ITEM-00710,SKU-0179,CUST-0468,2026-03-28T23:48:00+00:00,Other,"Exchange chahiye, return nahi",Exchange Completed,1327.00,1
RET-00711,ORD-00711,ITEM-00711,SKU-0080,CUST-0255,2025-11-22T07:20:00+00:00,Other,"Exchange chahiye, return nahi",Refunded,1006.00,1
RET-00712,ORD-00712,ITEM-00712,SKU-0307,CUST-0867,2025-09-21T11:16:00+00:00,Other,Mujhe dusra colour chahiye tha,Refunded,1315.00,1
RET-00715,ORD-00715,ITEM-00715,SKU-0223,CUST-0377,2026-06-09T15:15:00+00:00,Other,Order was a gift but recipient did not like the style,Exchange Completed,1120.00,1
RET-00717,ORD-00717,ITEM-00717,SKU-0108,CUST-0520,2025-11-29T17:22:00+00:00,Other,Colour is different from picture,Exchange Completed,447.00,1
RET-00725,ORD-00725,ITEM-00725,SKU-0432,CUST-0508,2025-11-29T13:27:00+00:00,Other,"Function ke liye liya tha, ab occasion nahi hai",Refunded,1302.00,1
RET-00726,ORD-00726,ITEM-00726,SKU-0471,CUST-0112,2025-02-10T21:05:00+00:00,Other,"Bahut tight hai, size bada chahiye",Refunded,1008.00,1
RET-00727,ORD-00727,ITEM-00727,SKU-0232,CUST-0693,2025-04-18T12:32:00+00:00,Other,Length is not as shown,Exchange Completed,781.00,1
RET-00728,ORD-00728,ITEM-00728,SKU-0308,CUST-0298,2025-04-03T14:59:00+00:00,Other,Kurti is loose,Refunded,531.00,1
RET-00731,ORD-00731,ITEM-00731,SKU-0228,CUST-0380,2025-11-26T02:40:00+00:00,Other,Looks different in daylight,Refunded,717.00,1
RET-00733,ORD-00733,ITEM-00733,SKU-0159,CUST-0883,2025-12-09T23:59:00+00:00,Other,The print placement looks different on mine,Refunded,707.00,1
RET-00738,ORD-00738,ITEM-00738,SKU-0375,CUST-0212,2025-08-25T23:46:00+00:00,Other,Online photo aur real product alag lag rahe hain,Refunded,443.00,1
RET-00740,ORD-00740,ITEM-00740,SKU-0387,CUST-0841,2025-11-25T19:17:00+00:00,Other,The print placement looks different on mine,Exchange Completed,1016.00,1
RET-00741,ORD-00741,ITEM-00741,SKU-0344,CUST-0378,2026-01-20T13:01:00+00:00,Other,Quality utni achhi nahi lagi,Refunded,631.00,1
RET-00744,ORD-00744,ITEM-00744,SKU-0475,CUST-0645,2025-02-24T20:51:00+00:00,Other,Kurti is loose,Exchange Completed,493.00,1
RET-00745,ORD-00745,ITEM-00745,SKU-0363,CUST-0231,2026-09-13T08:32:00+00:00,Other,The print placement looks different on mine,Refunded,772.00,1
RET-00746,ORD-00746,ITEM-00746,SKU-0152,CUST-0678,2025-06-24T04:20:00+00:00,Other,Length is not as shown,Refunded,1080.00,1
RET-00748,ORD-00748,ITEM-00748,SKU-0437,CUST-0549,2026-02-28T04:26:00+00:00,Other,"Photo mein shade halka tha, actual zyada dark hai",Exchange Completed,1319.00,1
RET-00749,ORD-00749,ITEM-00749,SKU-0436,CUST-0444,2026-05-23T22:24:00+00:00,Other,Not matching with my dupatta,Refunded,424.00,1
RET-00751,ORD-00751,ITEM-00751,SKU-0178,CUST-0220,2025-10-09T15:37:00+00:00,Other,The print placement looks different on mine,Refunded,1315.00,1
RET-00754,ORD-00754,ITEM-00754,SKU-0172,CUST-0941,2026-04-22T15:28:00+00:00,Other,Not matching with my dupatta,Refunded,974.00,1
RET-00756,ORD-00756,ITEM-00756,SKU-0176,CUST-0532,2025-06-29T08:10:00+00:00,Other,Kapda thoda transparent hai,Exchange Completed,518.00,1
RET-00757,ORD-00757,ITEM-00757,SKU-0188,CUST-0679,2026-07-16T07:01:00+00:00,Other,Colour is different from picture,Refunded,538.00,1
RET-00759,ORD-00759,ITEM-00759,SKU-0033,CUST-0447,2026-06-16T09:24:00+00:00,Other,Stitching at the side looks uneven,Refunded,918.00,1
RET-00760,ORD-00760,ITEM-00760,SKU-0114,CUST-0873,2025-11-22T02:35:00+00:00,Other,Parcel kholne par ek button missing tha,Refunded,585.00,1
RET-00763,ORD-00763,ITEM-00763,SKU-0289,CUST-0846,2025-05-21T00:26:00+00:00,Other,Parcel kholne par ek button missing tha,Refunded,444.00,1
RET-00781,ORD-00781,ITEM-00781,SKU-0080,CUST-0511,2026-06-01T04:48:00+00:00,Other,"Exchange chahiye, return nahi",Refunded,1006.00,1
RET-00783,ORD-00783,ITEM-00783,SKU-0040,CUST-0715,2025-05-18T02:49:00+00:00,Other,Kurti is loose,Refunded,400.00,1
RET-00784,ORD-00784,ITEM-00784,SKU-0062,CUST-0135,2025-04-22T19:35:00+00:00,Other,Stitching at the side looks uneven,Refunded,1057.00,1
RET-00787,ORD-00787,ITEM-00787,SKU-0108,CUST-0520,2026-06-12T19:15:00+00:00,Other,"Bahut tight hai, size bada chahiye",Refunded,447.00,1
RET-00788,ORD-00788,ITEM-00788,SKU-0479,CUST-0456,2025-03-13T09:25:00+00:00,Other,Colour is different from picture,Exchange Completed,754.00,1
RET-00789,ORD-00789,ITEM-00789,SKU-0162,CUST-0715,2025-04-30T12:24:00+00:00,Other,Order was a gift but recipient did not like the style,Refunded,886.00,1
RET-00795,ORD-00795,ITEM-00795,SKU-0432,CUST-0733,2025-03-17T00:57:00+00:00,Other,Looks different in daylight,Refunded,1302.00,1
RET-00799,ORD-00799,ITEM-00799,SKU-0462,CUST-0039,2026-07-10T10:31:00+00:00,Other,Colour is different from picture,Refunded,940.00,1
RET-00800,ORD-00800,ITEM-00800,SKU-0451,CUST-0009,2025-11-22T14:41:00+00:00,Other,Stitching at the side looks uneven,Exchange Completed,489.00,1
RET-00801,ORD-00801,ITEM-00801,SKU-0228,CUST-0512,2025-01-11T15:17:00+00:00,Other,Fabric feels different than what I expected,Refunded,717.00,1
RET-00802,ORD-00802,ITEM-00802,SKU-0131,CUST-0953,2025-07-06T23:27:00+00:00,Other,The print placement looks different on mine,Refunded,605.00,1
RET-00807,ORD-00807,ITEM-00807,SKU-0384,CUST-0206,2025-06-23T04:27:00+00:00,Other,Looks different in daylight,Refunded,689.00,1
RET-00808,ORD-00808,ITEM-00808,SKU-0375,CUST-0463,2026-01-01T21:17:00+00:00,Other,Stitching at the side looks uneven,Refunded,443.00,1
RET-00811,ORD-00811,ITEM-00811,SKU-0344,CUST-0175,2025-09-08T10:35:00+00:00,Other,Mujhe dusra colour chahiye tha,Refunded,631.00,1
RET-00812,ORD-00812,ITEM-00812,SKU-0457,CUST-0181,2025-09-08T12:47:00+00:00,Other,Fabric feels different than what I expected,Refunded,732.00,1
RET-00818,ORD-00818,ITEM-00818,SKU-0437,CUST-0863,2025-11-10T17:30:00+00:00,Other,"Function ke liye liya tha, ab occasion nahi hai",Refunded,1319.00,1
RET-00819,ORD-00819,ITEM-00819,SKU-0436,CUST-0847,2026-01-26T22:02:00+00:00,Other,The print placement looks different on mine,Refunded,424.00,1
RET-00833,ORD-00833,ITEM-00833,SKU-0289,CUST-0922,2025-07-15T01:36:00+00:00,Other,Stitching at the side looks uneven,Refunded,444.00,1
RET-00835,ORD-00835,ITEM-00835,SKU-0408,CUST-0996,2025-03-17T22:39:00+00:00,Other,Kurti is loose,Exchange Completed,626.00,1
RET-00837,ORD-00837,ITEM-00837,SKU-0286,CUST-0160,2025-07-30T15:38:00+00:00,Other,"Exchange chahiye, return nahi",Refunded,1122.00,1
RET-00846,ORD-00846,ITEM-00846,SKU-0093,CUST-0754,2025-07-31T14:08:00+00:00,Other,Online photo aur real product alag lag rahe hain,Exchange Completed,774.00,1
RET-00849,ORD-00849,ITEM-00849,SKU-0255,CUST-0137,2026-01-23T00:30:00+00:00,Other,"Bahut tight hai, size bada chahiye",Exchange Completed,440.00,1
RET-00851,ORD-00851,ITEM-00851,SKU-0080,CUST-0192,2025-08-24T13:40:00+00:00,Other,"Exchange chahiye, return nahi",Refunded,1006.00,1
RET-00854,ORD-00854,ITEM-00854,SKU-0062,CUST-0048,2025-11-14T03:48:00+00:00,Other,Looks different in daylight,Refunded,1057.00,1
RET-00855,ORD-00855,ITEM-00855,SKU-0223,CUST-0229,2025-02-09T14:04:00+00:00,Other,Kapda thoda transparent hai,Refunded,1120.00,1
RET-00856,ORD-00856,ITEM-00856,SKU-0268,CUST-0568,2026-08-20T11:25:00+00:00,Other,Parcel kholne par ek button missing tha,Refunded,413.00,1
RET-00861,ORD-00861,ITEM-00861,SKU-0461,CUST-0836,2025-05-01T05:41:00+00:00,Other,"Photo mein shade halka tha, actual zyada dark hai",Exchange Completed,456.00,1
RET-00863,ORD-00863,ITEM-00863,SKU-0257,CUST-0079,2026-01-28T14:17:00+00:00,Other,Not matching with my dupatta,Refunded,1086.00,1
RET-00866,ORD-00866,ITEM-00866,SKU-0471,CUST-0700,2025-09-27T04:40:00+00:00,Other,Looks different in daylight,Refunded,1008.00,1
RET-00867,ORD-00867,ITEM-00867,SKU-0232,CUST-0861,2025-09-15T00:56:00+00:00,Other,Kurti is loose,Refunded,781.00,1
RET-00868,ORD-00868,ITEM-00868,SKU-0308,CUST-0161,2025-03-27T00:40:00+00:00,Other,Order was a gift but recipient did not like the style,Refunded,531.00,1
RET-00873,ORD-00873,ITEM-00873,SKU-0159,CUST-0627,2026-03-05T09:20:00+00:00,Other,The print placement looks different on mine,Refunded,707.00,1
RET-00879,ORD-00879,ITEM-00879,SKU-0273,CUST-0390,2025-01-23T20:00:00+00:00,Other,"Bahut tight hai, size bada chahiye",Exchange Completed,678.00,1
RET-00882,ORD-00882,ITEM-00882,SKU-0457,CUST-0883,2025-04-18T11:38:00+00:00,Other,Kapda thoda transparent hai,Refunded,732.00,1
RET-00884,ORD-00884,ITEM-00884,SKU-0475,CUST-0271,2025-03-15T06:17:00+00:00,Other,Quality utni achhi nahi lagi,Refunded,493.00,1
RET-00892,ORD-00892,ITEM-00892,SKU-0203,CUST-0644,2025-06-16T20:03:00+00:00,Other,Kurti is loose,Exchange Completed,983.00,1
RET-00900,ORD-00900,ITEM-00900,SKU-0114,CUST-0904,2025-09-25T00:49:00+00:00,Other,Stitching at the side looks uneven,Exchange Completed,585.00,1
RET-00902,ORD-00902,ITEM-00902,SKU-0277,CUST-0936,2025-06-02T21:42:00+00:00,Other,Stitching at the side looks uneven,Refunded,1201.00,1
RET-00903,ORD-00903,ITEM-00903,SKU-0289,CUST-0703,2025-04-05T01:52:00+00:00,Other,Not matching with my dupatta,Refunded,444.00,1
RET-00906,ORD-00906,ITEM-00906,SKU-0338,CUST-0179,2026-03-01T04:28:00+00:00,Other,Order was a gift but recipient did not like the style,Refunded,1059.00,1
RET-00907,ORD-00907,ITEM-00907,SKU-0286,CUST-0798,2026-07-11T14:44:00+00:00,Other,Length is not as shown,Exchange Completed,1122.00,1
RET-00908,ORD-00908,ITEM-00908,SKU-0298,CUST-0202,2026-02-20T01:35:00+00:00,Other,Looks different in daylight,Exchange Completed,771.00,1
RET-00916,ORD-00916,ITEM-00916,SKU-0093,CUST-0963,2025-03-07T16:22:00+00:00,Other,Parcel kholne par ek button missing tha,Exchange Completed,774.00,1
RET-00920,ORD-00920,ITEM-00920,SKU-0179,CUST-0244,2025-04-25T05:34:00+00:00,Other,Colour is different from picture,Refunded,1327.00,1
RET-00923,ORD-00923,ITEM-00923,SKU-0040,CUST-0267,2025-06-25T08:32:00+00:00,Other,"Bahut tight hai, size bada chahiye",Exchange Completed,400.00,1
RET-00930,ORD-00930,ITEM-00930,SKU-0133,CUST-0654,2026-06-17T22:55:00+00:00,Other,Not matching with my dupatta,Refunded,589.00,1
RET-00934,ORD-00934,ITEM-00934,SKU-0090,CUST-0443,2025-06-25T22:09:00+00:00,Other,Quality utni achhi nahi lagi,Exchange Completed,1174.00,1
RET-00937,ORD-00937,ITEM-00937,SKU-0232,CUST-0191,2025-05-15T18:07:00+00:00,Other,Fabric feels different than what I expected,Exchange Completed,781.00,1
RET-00941,ORD-00941,ITEM-00941,SKU-0228,CUST-0344,2026-03-25T11:57:00+00:00,Other,Looks different in daylight,Refunded,717.00,1
RET-00942,ORD-00942,ITEM-00942,SKU-0131,CUST-0884,2025-05-12T08:42:00+00:00,Other,Online photo aur real product alag lag rahe hain,Refunded,605.00,1
RET-00943,ORD-00943,ITEM-00943,SKU-0159,CUST-0902,2026-04-05T09:57:00+00:00,Other,The print placement looks different on mine,Refunded,707.00,1
RET-00945,ORD-00945,ITEM-00945,SKU-0190,CUST-0682,2026-02-27T20:38:00+00:00,Other,Kapda thoda transparent hai,Exchange Completed,1410.00,1
RET-00946,ORD-00946,ITEM-00946,SKU-0367,CUST-0754,2025-12-18T03:10:00+00:00,Other,Online photo aur real product alag lag rahe hain,Refunded,1421.00,1
RET-00947,ORD-00947,ITEM-00947,SKU-0384,CUST-0594,2025-12-22T22:34:00+00:00,Other,Fabric feels different than what I expected,Refunded,689.00,1
RET-00954,ORD-00954,ITEM-00954,SKU-0475,CUST-0972,2025-07-04T21:34:00+00:00,Other,Fabric feels different than what I expected,Refunded,493.00,1
RET-00962,ORD-00962,ITEM-00962,SKU-0203,CUST-0424,2025-01-31T11:25:00+00:00,Other,Not matching with my dupatta,Refunded,983.00,1
RET-00963,ORD-00963,ITEM-00963,SKU-0282,CUST-0841,2025-05-31T11:17:00+00:00,Other,"Photo mein shade halka tha, actual zyada dark hai",Refunded,1131.00,1
RET-00965,ORD-00965,ITEM-00965,SKU-0035,CUST-0962,2026-03-20T07:00:00+00:00,Other,Colour is different from picture,Refunded,1337.00,1
RET-00967,ORD-00967,ITEM-00967,SKU-0188,CUST-0249,2025-07-09T07:23:00+00:00,Other,"Exchange chahiye, return nahi",Exchange Completed,538.00,1
RET-00968,ORD-00968,ITEM-00968,SKU-0164,CUST-0376,2025-10-25T22:21:00+00:00,Other,Length is not as shown,Exchange Completed,1207.00,1
RET-00969,ORD-00969,ITEM-00969,SKU-0033,CUST-0597,2025-01-30T13:56:00+00:00,Other,Quality utni achhi nahi lagi,Refunded,918.00,1
RET-00971,ORD-00971,ITEM-00971,SKU-0356,CUST-0903,2025-07-26T20:02:00+00:00,Other,Colour is different from picture,Exchange Completed,535.00,1
RET-00973,ORD-00973,ITEM-00973,SKU-0289,CUST-0291,2025-12-13T00:29:00+00:00,Other,Length is not as shown,Refunded,444.00,1
RET-00976,ORD-00976,ITEM-00976,SKU-0338,CUST-0095,2025-10-09T01:48:00+00:00,Other,The print placement looks different on mine,Refunded,1059.00,1
RET-00978,ORD-00978,ITEM-00978,SKU-0298,CUST-0020,2025-08-07T21:41:00+00:00,Other,Fabric feels different than what I expected,Exchange Completed,771.00,1
RET-00986,ORD-00986,ITEM-00986,SKU-0093,CUST-0290,2026-03-26T05:19:00+00:00,Other,"Exchange chahiye, return nahi",Refunded,774.00,1
RET-00987,ORD-00987,ITEM-00987,SKU-0008,CUST-0669,2026-02-11T02:34:00+00:00,Other,The print placement looks different on mine,Refunded,803.00,1
RET-00992,ORD-00992,ITEM-00992,SKU-0307,CUST-0673,2025-10-27T14:48:00+00:00,Other,The print placement looks different on mine,Refunded,1315.00,1
RET-00996,ORD-00996,ITEM-00996,SKU-0268,CUST-0920,2026-04-19T17:13:00+00:00,Other,Length is not as shown,Refunded,413.00,1
RET-01001,ORD-01001,ITEM-01001,SKU-0461,CUST-0584,2025-11-15T07:52:00+00:00,Other,Length is not as shown,Refunded,456.00,1
RET-01002,ORD-01002,ITEM-01002,SKU-0288,CUST-0890,2025-05-17T06:30:00+00:00,Other,Fabric feels different than what I expected,Exchange Completed,1419.00,1
RET-01007,ORD-01007,ITEM-01007,SKU-0232,CUST-0992,2025-03-24T03:55:00+00:00,Other,Order was a gift but recipient did not like the style,Refunded,781.00,1
RET-01008,ORD-01008,ITEM-01008,SKU-0308,CUST-0061,2026-03-02T00:35:00+00:00,Other,"Bahut tight hai, size bada chahiye",Refunded,531.00,1
RET-01009,ORD-01009,ITEM-01009,SKU-0462,CUST-0742,2026-01-07T10:47:00+00:00,Other,Kapda thoda transparent hai,Refunded,940.00,1
RET-01011,ORD-01011,ITEM-01011,SKU-0228,CUST-0295,2025-02-16T16:40:00+00:00,Other,Not matching with my dupatta,Refunded,717.00,1
RET-01014,ORD-01014,ITEM-01014,SKU-0132,CUST-0693,2026-05-13T16:02:00+00:00,Other,Online photo aur real product alag lag rahe hain,Exchange Completed,1413.00,1
RET-01015,ORD-01015,ITEM-01015,SKU-0190,CUST-0354,2026-05-02T16:17:00+00:00,Other,"Photo mein shade halka tha, actual zyada dark hai",Refunded,1410.00,1
RET-01017,ORD-01017,ITEM-01017,SKU-0384,CUST-0481,2025-10-26T12:34:00+00:00,Other,Stitching at the side looks uneven,Refunded,689.00,1
RET-01018,ORD-01018,ITEM-01018,SKU-0375,CUST-0795,2025-12-28T12:01:00+00:00,Other,Kurti is loose,Refunded,443.00,1
RET-01020,ORD-01020,ITEM-01020,SKU-0387,CUST-0090,2026-06-30T08:38:00+00:00,Other,Stitching at the side looks uneven,Refunded,1016.00,1
RET-01024,ORD-01024,ITEM-01024,SKU-0475,CUST-0280,2026-02-15T14:23:00+00:00,Other,Length is not as shown,Refunded,493.00,1
RET-01025,ORD-01025,ITEM-01025,SKU-0363,CUST-0082,2026-03-19T01:37:00+00:00,Other,Length is not as shown,Refunded,772.00,1
RET-01027,ORD-01027,ITEM-01027,SKU-0002,CUST-0120,2026-03-13T14:17:00+00:00,Other,Colour is different from picture,Exchange Completed,1499.00,1
RET-01028,ORD-01028,ITEM-01028,SKU-0437,CUST-0102,2025-12-03T06:58:00+00:00,Other,"Bahut tight hai, size bada chahiye",Exchange Completed,1319.00,1
RET-01029,ORD-01029,ITEM-01029,SKU-0436,CUST-0033,2025-02-27T17:09:00+00:00,Other,Mujhe dusra colour chahiye tha,Refunded,424.00,1
RET-01036,ORD-01036,ITEM-01036,SKU-0176,CUST-0077,2025-08-21T00:56:00+00:00,Other,Kurti is loose,Refunded,518.00,1
RET-01037,ORD-01037,ITEM-01037,SKU-0188,CUST-0220,2026-02-15T06:15:00+00:00,Other,Stitching at the side looks uneven,Exchange Completed,538.00,1
RET-01038,ORD-01038,ITEM-01038,SKU-0164,CUST-0821,2025-03-07T12:29:00+00:00,Other,Looks different in daylight,Refunded,1207.00,1
RET-01041,ORD-01041,ITEM-01041,SKU-0356,CUST-0935,2025-10-07T20:59:00+00:00,Other,Kapda thoda transparent hai,Refunded,535.00,1
RET-01042,ORD-01042,ITEM-01042,SKU-0277,CUST-0235,2025-09-13T05:11:00+00:00,Other,Kapda thoda transparent hai,Exchange Completed,1201.00,1
RET-01048,ORD-01048,ITEM-01048,SKU-0298,CUST-0897,2026-06-09T00:41:00+00:00,Other,Not matching with my dupatta,Refunded,771.00,1
RET-01050,ORD-01050,ITEM-01050,SKU-0005,CUST-0161,2025-11-24T17:58:00+00:00,Other,Stitching at the side looks uneven,Refunded,889.00,1
RET-01057,ORD-01057,ITEM-01057,SKU-0008,CUST-0492,2026-02-28T10:24:00+00:00,Other,Not matching with my dupatta,Refunded,803.00,1
RET-01060,ORD-01060,ITEM-01060,SKU-0179,CUST-0797,2025-12-28T22:00:00+00:00,Other,Mujhe dusra colour chahiye tha,Refunded,1327.00,1
RET-01064,ORD-01064,ITEM-01064,SKU-0062,CUST-0133,2026-02-21T14:13:00+00:00,Other,Fabric feels different than what I expected,Refunded,1057.00,1
RET-01066,ORD-01066,ITEM-01066,SKU-0268,CUST-0327,2025-03-18T20:44:00+00:00,Other,Not matching with my dupatta,Refunded,413.00,1
RET-01069,ORD-01069,ITEM-01069,SKU-0162,CUST-0318,2025-03-06T14:26:00+00:00,Other,"Function ke liye liya tha, ab occasion nahi hai",Refunded,886.00,1
RET-01070,ORD-01070,ITEM-01070,SKU-0133,CUST-0223,2025-02-27T23:16:00+00:00,Other,Length is not as shown,Exchange Completed,589.00,1
RET-01082,ORD-01082,ITEM-01082,SKU-0131,CUST-0765,2025-08-25T11:04:00+00:00,Other,"Function ke liye liya tha, ab occasion nahi hai",Refunded,605.00,1
RET-01090,ORD-01090,ITEM-01090,SKU-0387,CUST-0281,2025-08-18T21:05:00+00:00,Other,"Photo mein shade halka tha, actual zyada dark hai",Refunded,1016.00,1
RET-01093,ORD-01093,ITEM-01093,SKU-0086,CUST-0646,2026-04-20T18:41:00+00:00,Other,"Bahut tight hai, size bada chahiye",Exchange Completed,1100.00,1
RET-01096,ORD-01096,ITEM-01096,SKU-0152,CUST-0137,2026-04-07T08:03:00+00:00,Other,Parcel kholne par ek button missing tha,Exchange Completed,1080.00,1
RET-01097,ORD-01097,ITEM-01097,SKU-0002,CUST-0447,2026-02-08T22:16:00+00:00,Other,Not matching with my dupatta,Refunded,1499.00,1
RET-01100,ORD-01100,ITEM-01100,SKU-0205,CUST-0962,2025-11-10T06:10:00+00:00,Other,The print placement looks different on mine,Exchange Completed,1357.00,1
RET-01105,ORD-01105,ITEM-01105,SKU-0035,CUST-0273,2025-05-02T12:35:00+00:00,Other,Kapda thoda transparent hai,Refunded,1337.00,1
RET-01106,ORD-01106,ITEM-01106,SKU-0176,CUST-0813,2026-02-16T19:49:00+00:00,Other,Quality utni achhi nahi lagi,Exchange Completed,518.00,1
RET-01110,ORD-01110,ITEM-01110,SKU-0114,CUST-0814,2025-07-27T07:43:00+00:00,Other,Not matching with my dupatta,Refunded,585.00,1
RET-01111,ORD-01111,ITEM-01111,SKU-0356,CUST-0947,2026-02-10T14:15:00+00:00,Other,Kurti is loose,Refunded,535.00,1
RET-01119,ORD-01119,ITEM-01119,SKU-0095,CUST-0749,2026-04-06T10:33:00+00:00,Other,Fabric feels different than what I expected,Refunded,1481.00,1
RET-01129,ORD-01129,ITEM-01129,SKU-0255,CUST-0957,2025-07-05T04:01:00+00:00,Other,Colour is different from picture,Refunded,440.00,1
RET-01130,ORD-01130,ITEM-01130,SKU-0179,CUST-0930,2026-07-25T10:25:00+00:00,Other,Kurti is loose,Exchange Completed,1327.00,1
RET-01131,ORD-01131,ITEM-01131,SKU-0080,CUST-0652,2025-03-28T02:23:00+00:00,Other,Looks different in daylight,Exchange Completed,1006.00,1
RET-01132,ORD-01132,ITEM-01132,SKU-0307,CUST-0856,2025-02-23T04:09:00+00:00,Other,Looks different in daylight,Exchange Completed,1315.00,1
RET-01134,ORD-01134,ITEM-01134,SKU-0062,CUST-0151,2026-07-07T16:49:00+00:00,Other,Mujhe dusra colour chahiye tha,Refunded,1057.00,1
RET-01135,ORD-01135,ITEM-01135,SKU-0223,CUST-0370,2025-07-18T00:28:00+00:00,Other,Online photo aur real product alag lag rahe hain,Refunded,1120.00,1
RET-01140,ORD-01140,ITEM-01140,SKU-0133,CUST-0309,2025-10-21T07:10:00+00:00,Other,"Function ke liye liya tha, ab occasion nahi hai",Refunded,589.00,1
RET-01144,ORD-01144,ITEM-01144,SKU-0090,CUST-0675,2025-09-19T23:17:00+00:00,Other,Kurti is loose,Exchange Completed,1174.00,1
RET-01145,ORD-01145,ITEM-01145,SKU-0432,CUST-0457,2026-06-22T20:45:00+00:00,Other,"Photo mein shade halka tha, actual zyada dark hai",Refunded,1302.00,1
RET-01150,ORD-01150,ITEM-01150,SKU-0451,CUST-0435,2025-05-31T00:31:00+00:00,Other,The print placement looks different on mine,Refunded,489.00,1
RET-01151,ORD-01151,ITEM-01151,SKU-0228,CUST-0850,2025-04-16T03:18:00+00:00,Other,Fabric feels different than what I expected,Exchange Completed,717.00,1
RET-01158,ORD-01158,ITEM-01158,SKU-0375,CUST-0560,2026-06-01T18:54:00+00:00,Other,"Bahut tight hai, size bada chahiye",Exchange Completed,443.00,1
RET-01162,ORD-01162,ITEM-01162,SKU-0457,CUST-0607,2025-12-25T01:52:00+00:00,Other,The print placement looks different on mine,Refunded,732.00,1
RET-01163,ORD-01163,ITEM-01163,SKU-0086,CUST-0544,2025-12-01T03:15:00+00:00,Other,"Bahut tight hai, size bada chahiye",Refunded,1100.00,1
RET-01168,ORD-01168,ITEM-01168,SKU-0437,CUST-0983,2025-03-17T11:20:00+00:00,Other,"Exchange chahiye, return nahi",Exchange Completed,1319.00,1
RET-01170,ORD-01170,ITEM-01170,SKU-0205,CUST-0698,2025-12-13T09:15:00+00:00,Other,Kapda thoda transparent hai,Refunded,1357.00,1
RET-01173,ORD-01173,ITEM-01173,SKU-0282,CUST-0955,2026-08-20T06:46:00+00:00,Other,Length is not as shown,Exchange Completed,1131.00,1
RET-01177,ORD-01177,ITEM-01177,SKU-0188,CUST-0555,2026-02-06T11:45:00+00:00,Other,Parcel kholne par ek button missing tha,Refunded,538.00,1
RET-01178,ORD-01178,ITEM-01178,SKU-0164,CUST-0474,2025-12-25T08:18:00+00:00,Other,Kurti is loose,Refunded,1207.00,1
RET-01187,ORD-01187,ITEM-01187,SKU-0286,CUST-0542,2025-07-01T14:27:00+00:00,Other,Parcel kholne par ek button missing tha,Refunded,1122.00,1
RET-01197,ORD-01197,ITEM-01197,SKU-0008,CUST-0696,2025-09-28T11:14:00+00:00,Other,Mujhe dusra colour chahiye tha,Refunded,803.00,1
RET-01203,ORD-01203,ITEM-01203,SKU-0040,CUST-0018,2025-07-21T09:09:00+00:00,Other,Kurti is loose,Refunded,400.00,1
RET-01208,ORD-01208,ITEM-01208,SKU-0479,CUST-0499,2026-04-19T08:52:00+00:00,Other,Quality utni achhi nahi lagi,Exchange Completed,754.00,1
RET-01214,ORD-01214,ITEM-01214,SKU-0090,CUST-0878,2025-09-15T05:59:00+00:00,Other,"Photo mein shade halka tha, actual zyada dark hai",Refunded,1174.00,1
RET-01218,ORD-01218,ITEM-01218,SKU-0308,CUST-0356,2025-11-29T05:36:00+00:00,Other,Kurti is loose,Refunded,531.00,1
RET-01221,ORD-01221,ITEM-01221,SKU-0228,CUST-0846,2025-07-15T03:41:00+00:00,Other,"Bahut tight hai, size bada chahiye",Refunded,717.00,1
RET-01224,ORD-01224,ITEM-01224,SKU-0132,CUST-0754,2026-03-07T23:58:00+00:00,Other,Kapda thoda transparent hai,Exchange Completed,1413.00,1
RET-01225,ORD-01225,ITEM-01225,SKU-0190,CUST-0237,2026-09-05T14:47:00+00:00,Other,"Bahut tight hai, size bada chahiye",Refunded,1410.00,1
RET-01226,ORD-01226,ITEM-01226,SKU-0367,CUST-0040,2025-09-20T17:53:00+00:00,Other,"Photo mein shade halka tha, actual zyada dark hai",Refunded,1421.00,1
RET-01227,ORD-01227,ITEM-01227,SKU-0384,CUST-0381,2025-03-01T00:25:00+00:00,Other,Mujhe dusra colour chahiye tha,Refunded,689.00,1
RET-01232,ORD-01232,ITEM-01232,SKU-0457,CUST-0427,2025-09-19T15:58:00+00:00,Other,Mujhe dusra colour chahiye tha,Exchange Completed,732.00,1
RET-01237,ORD-01237,ITEM-01237,SKU-0002,CUST-0488,2025-12-11T00:36:00+00:00,Other,"Function ke liye liya tha, ab occasion nahi hai",Refunded,1499.00,1
RET-01240,ORD-01240,ITEM-01240,SKU-0205,CUST-0882,2025-04-14T06:04:00+00:00,Other,"Bahut tight hai, size bada chahiye",Refunded,1357.00,1
RET-01243,ORD-01243,ITEM-01243,SKU-0282,CUST-0258,2025-12-12T11:04:00+00:00,Other,Parcel kholne par ek button missing tha,Refunded,1131.00,1
RET-01244,ORD-01244,ITEM-01244,SKU-0172,CUST-0361,2025-10-14T01:54:00+00:00,Other,Kapda thoda transparent hai,Exchange Completed,974.00,1
RET-01247,ORD-01247,ITEM-01247,SKU-0188,CUST-0671,2025-07-25T20:34:00+00:00,Other,The print placement looks different on mine,Refunded,538.00,1
RET-01248,ORD-01248,ITEM-01248,SKU-0164,CUST-0359,2025-12-26T03:13:00+00:00,Other,Kapda thoda transparent hai,Refunded,1207.00,1
RET-01250,ORD-01250,ITEM-01250,SKU-0114,CUST-0191,2026-03-24T17:57:00+00:00,Other,"Bahut tight hai, size bada chahiye",Refunded,585.00,1
RET-01251,ORD-01251,ITEM-01251,SKU-0356,CUST-0733,2025-12-09T19:43:00+00:00,Other,Length is not as shown,Exchange Completed,535.00,1
RET-01252,ORD-01252,ITEM-01252,SKU-0277,CUST-0729,2026-07-21T10:21:00+00:00,Other,Colour is different from picture,Exchange Completed,1201.00,1
RET-01253,ORD-01253,ITEM-01253,SKU-0289,CUST-0834,2025-03-19T20:43:00+00:00,Other,Length is not as shown,Refunded,444.00,1
RET-01259,ORD-01259,ITEM-01259,SKU-0095,CUST-0515,2025-12-14T14:29:00+00:00,Other,Stitching at the side looks uneven,Refunded,1481.00,1
RET-01268,ORD-01268,ITEM-01268,SKU-0053,CUST-0100,2025-03-15T12:25:00+00:00,Other,"Function ke liye liya tha, ab occasion nahi hai",Exchange Completed,452.00,1
RET-01275,ORD-01275,ITEM-01275,SKU-0223,CUST-0976,2025-06-07T19:22:00+00:00,Other,Kapda thoda transparent hai,Refunded,1120.00,1
RET-01277,ORD-01277,ITEM-01277,SKU-0108,CUST-0114,2026-05-03T01:52:00+00:00,Other,Not matching with my dupatta,Exchange Completed,447.00,1
RET-01279,ORD-01279,ITEM-01279,SKU-0162,CUST-0074,2026-03-03T23:28:00+00:00,Other,"Bahut tight hai, size bada chahiye",Exchange Completed,886.00,1
RET-01284,ORD-01284,ITEM-01284,SKU-0090,CUST-0159,2025-10-26T06:10:00+00:00,Other,Quality utni achhi nahi lagi,Refunded,1174.00,1
RET-01286,ORD-01286,ITEM-01286,SKU-0471,CUST-0312,2026-02-13T03:52:00+00:00,Other,Stitching at the side looks uneven,Refunded,1008.00,1
RET-01288,ORD-01288,ITEM-01288,SKU-0308,CUST-0244,2025-05-20T09:23:00+00:00,Other,The print placement looks different on mine,Exchange Completed,531.00,1
RET-01291,ORD-01291,ITEM-01291,SKU-0228,CUST-0685,2026-05-30T12:26:00+00:00,Other,Looks different in daylight,Refunded,717.00,1
RET-01299,ORD-01299,ITEM-01299,SKU-0273,CUST-0553,2025-09-29T01:12:00+00:00,Other,Colour is different from picture,Refunded,678.00,1
RET-01300,ORD-01300,ITEM-01300,SKU-0387,CUST-0133,2026-01-17T00:06:00+00:00,Other,Looks different in daylight,Refunded,1016.00,1
RET-01303,ORD-01303,ITEM-01303,SKU-0086,CUST-0570,2026-02-10T04:39:00+00:00,Other,Length is not as shown,Exchange Completed,1100.00,1
RET-01304,ORD-01304,ITEM-01304,SKU-0475,CUST-0921,2026-07-20T17:50:00+00:00,Other,Order was a gift but recipient did not like the style,Refunded,493.00,1
RET-01305,ORD-01305,ITEM-01305,SKU-0363,CUST-0701,2025-05-10T05:00:00+00:00,Other,"Bahut tight hai, size bada chahiye",Exchange Completed,772.00,1
RET-01309,ORD-01309,ITEM-01309,SKU-0436,CUST-0418,2025-07-22T10:44:00+00:00,Other,Looks different in daylight,Refunded,424.00,1
RET-01312,ORD-01312,ITEM-01312,SKU-0203,CUST-0847,2026-08-19T21:18:00+00:00,Other,"Bahut tight hai, size bada chahiye",Refunded,983.00,1
RET-01315,ORD-01315,ITEM-01315,SKU-0035,CUST-0965,2025-07-31T17:29:00+00:00,Other,Online photo aur real product alag lag rahe hain,Exchange Completed,1337.00,1
RET-01316,ORD-01316,ITEM-01316,SKU-0176,CUST-0746,2025-11-18T18:46:00+00:00,Other,The print placement looks different on mine,Refunded,518.00,1
RET-01318,ORD-01318,ITEM-01318,SKU-0164,CUST-0015,2026-05-19T16:18:00+00:00,Other,"Bahut tight hai, size bada chahiye",Refunded,1207.00,1
RET-01324,ORD-01324,ITEM-01324,SKU-0262,CUST-0430,2025-11-11T22:33:00+00:00,Other,Length is not as shown,Refunded,593.00,1
RET-01325,ORD-01325,ITEM-01325,SKU-0408,CUST-0092,2025-12-16T15:50:00+00:00,Other,"Function ke liye liya tha, ab occasion nahi hai",Refunded,626.00,1
RET-01328,ORD-01328,ITEM-01328,SKU-0298,CUST-0865,2026-05-24T02:28:00+00:00,Other,Online photo aur real product alag lag rahe hain,Refunded,771.00,1
RET-01329,ORD-01329,ITEM-01329,SKU-0095,CUST-0168,2026-08-21T10:23:00+00:00,Other,Kurti is loose,Refunded,1481.00,1
RET-01330,ORD-01330,ITEM-01330,SKU-0005,CUST-0807,2025-12-11T02:20:00+00:00,Other,Online photo aur real product alag lag rahe hain,Exchange Completed,889.00,1
RET-01339,ORD-01339,ITEM-01339,SKU-0255,CUST-0370,2025-08-18T13:44:00+00:00,Other,Not matching with my dupatta,Refunded,440.00,1
RET-01340,ORD-01340,ITEM-01340,SKU-0179,CUST-0389,2025-12-08T15:07:00+00:00,Other,Colour is different from picture,Exchange Completed,1327.00,1
RET-01343,ORD-01343,ITEM-01343,SKU-0040,CUST-0161,2025-12-26T07:29:00+00:00,Other,"Function ke liye liya tha, ab occasion nahi hai",Exchange Completed,400.00,1
RET-01344,ORD-01344,ITEM-01344,SKU-0062,CUST-0271,2025-02-01T05:52:00+00:00,Other,"Exchange chahiye, return nahi",Refunded,1057.00,1
RET-01346,ORD-01346,ITEM-01346,SKU-0268,CUST-0479,2026-04-19T09:10:00+00:00,Other,Kurti is loose,Exchange Completed,413.00,1
RET-01351,ORD-01351,ITEM-01351,SKU-0461,CUST-0858,2025-04-25T05:53:00+00:00,Other,Online photo aur real product alag lag rahe hain,Exchange Completed,456.00,1
RET-01353,ORD-01353,ITEM-01353,SKU-0257,CUST-0576,2026-06-02T13:43:00+00:00,Other,Fabric feels different than what I expected,Exchange Completed,1086.00,1
RET-01355,ORD-01355,ITEM-01355,SKU-0432,CUST-0022,2025-12-23T17:07:00+00:00,Other,Kurti is loose,Refunded,1302.00,1
RET-01359,ORD-01359,ITEM-01359,SKU-0462,CUST-0682,2025-03-08T07:15:00+00:00,Other,The print placement looks different on mine,Refunded,940.00,1
RET-01363,ORD-01363,ITEM-01363,SKU-0159,CUST-0008,2026-01-10T08:41:00+00:00,Other,Looks different in daylight,Refunded,707.00,1
RET-01366,ORD-01366,ITEM-01366,SKU-0367,CUST-0988,2025-12-09T08:07:00+00:00,Other,"Bahut tight hai, size bada chahiye",Refunded,1421.00,1
RET-01367,ORD-01367,ITEM-01367,SKU-0384,CUST-0528,2025-12-13T20:46:00+00:00,Other,Not matching with my dupatta,Refunded,689.00,1
RET-01372,ORD-01372,ITEM-01372,SKU-0457,CUST-0418,2025-08-20T09:17:00+00:00,Other,Online photo aur real product alag lag rahe hain,Exchange Completed,732.00,1
RET-01373,ORD-01373,ITEM-01373,SKU-0086,CUST-0393,2026-01-19T04:20:00+00:00,Other,Colour is different from picture,Refunded,1100.00,1
RET-01379,ORD-01379,ITEM-01379,SKU-0436,CUST-0968,2026-03-22T06:36:00+00:00,Other,Not matching with my dupatta,Exchange Completed,424.00,1
RET-01382,ORD-01382,ITEM-01382,SKU-0203,CUST-0493,2025-06-17T05:57:00+00:00,Other,Stitching at the side looks uneven,Refunded,983.00,1
RET-01388,ORD-01388,ITEM-01388,SKU-0164,CUST-0124,2025-07-05T00:18:00+00:00,Other,Length is not as shown,Exchange Completed,1207.00,1
RET-01389,ORD-01389,ITEM-01389,SKU-0033,CUST-0921,2025-02-06T08:14:00+00:00,Other,Quality utni achhi nahi lagi,Refunded,918.00,1
RET-01394,ORD-01394,ITEM-01394,SKU-0262,CUST-0142,2025-12-14T16:29:00+00:00,Other,Online photo aur real product alag lag rahe hain,Refunded,593.00,1
RET-01395,ORD-01395,ITEM-01395,SKU-0408,CUST-0055,2026-07-31T18:34:00+00:00,Other,Kurti is loose,Refunded,626.00,1
RET-01398,ORD-01398,ITEM-01398,SKU-0298,CUST-0971,2026-05-27T22:52:00+00:00,Other,"Function ke liye liya tha, ab occasion nahi hai",Refunded,771.00,1
RET-01400,ORD-01400,ITEM-01400,SKU-0005,CUST-0876,2025-07-25T16:43:00+00:00,Other,The print placement looks different on mine,Exchange Completed,889.00,1
RET-01408,ORD-01408,ITEM-01408,SKU-0053,CUST-0548,2026-01-30T15:26:00+00:00,Other,Colour is different from picture,Refunded,452.00,1
RET-01413,ORD-01413,ITEM-01413,SKU-0040,CUST-0612,2025-07-11T21:50:00+00:00,Other,"Exchange chahiye, return nahi",Exchange Completed,400.00,1
RET-01416,ORD-01416,ITEM-01416,SKU-0268,CUST-0750,2025-04-22T08:15:00+00:00,Other,"Photo mein shade halka tha, actual zyada dark hai",Refunded,413.00,1
RET-01418,ORD-01418,ITEM-01418,SKU-0479,CUST-0745,2026-09-18T00:29:00+00:00,Other,Parcel kholne par ek button missing tha,Refunded,754.00,1
RET-01424,ORD-01424,ITEM-01424,SKU-0090,CUST-0692,2025-10-14T16:22:00+00:00,Other,Quality utni achhi nahi lagi,Exchange Completed,1174.00,1
RET-01427,ORD-01427,ITEM-01427,SKU-0232,CUST-0579,2025-11-23T04:58:00+00:00,Other,Quality utni achhi nahi lagi,Refunded,781.00,1
RET-01428,ORD-01428,ITEM-01428,SKU-0308,CUST-0219,2026-08-02T13:09:00+00:00,Other,Parcel kholne par ek button missing tha,Exchange Completed,531.00,1
RET-01429,ORD-01429,ITEM-01429,SKU-0462,CUST-0823,2025-10-06T23:00:00+00:00,Other,"Photo mein shade halka tha, actual zyada dark hai",Refunded,940.00,1
RET-01431,ORD-01431,ITEM-01431,SKU-0228,CUST-0988,2026-03-29T22:31:00+00:00,Other,Quality utni achhi nahi lagi,Refunded,717.00,1
RET-01432,ORD-01432,ITEM-01432,SKU-0131,CUST-0096,2025-07-19T12:58:00+00:00,Other,Mujhe dusra colour chahiye tha,Refunded,605.00,1
RET-01434,ORD-01434,ITEM-01434,SKU-0132,CUST-0725,2025-05-08T04:34:00+00:00,Other,Not matching with my dupatta,Refunded,1413.00,1
RET-01436,ORD-01436,ITEM-01436,SKU-0367,CUST-0560,2026-08-04T04:08:00+00:00,Other,Stitching at the side looks uneven,Refunded,1421.00,1
RET-01438,ORD-01438,ITEM-01438,SKU-0375,CUST-0991,2026-05-05T00:36:00+00:00,Other,Not matching with my dupatta,Refunded,443.00,1
RET-01439,ORD-01439,ITEM-01439,SKU-0273,CUST-0089,2026-03-26T22:22:00+00:00,Other,Stitching at the side looks uneven,Exchange Completed,678.00,1
RET-01451,ORD-01451,ITEM-01451,SKU-0178,CUST-0429,2026-08-25T18:10:00+00:00,Other,Quality utni achhi nahi lagi,Refunded,1315.00,1
RET-01452,ORD-01452,ITEM-01452,SKU-0203,CUST-0464,2026-04-19T16:39:00+00:00,Other,Order was a gift but recipient did not like the style,Refunded,983.00,1
RET-01453,ORD-01453,ITEM-01453,SKU-0282,CUST-0347,2026-05-19T00:01:00+00:00,Other,"Exchange chahiye, return nahi",Refunded,1131.00,1
RET-01456,ORD-01456,ITEM-01456,SKU-0176,CUST-0622,2025-03-24T19:27:00+00:00,Other,Online photo aur real product alag lag rahe hain,Exchange Completed,518.00,1
RET-01463,ORD-01463,ITEM-01463,SKU-0289,CUST-0719,2025-06-14T18:28:00+00:00,Other,Not matching with my dupatta,Refunded,444.00,1
RET-01464,ORD-01464,ITEM-01464,SKU-0262,CUST-0529,2025-07-27T15:21:00+00:00,Other,Looks different in daylight,Refunded,593.00,1
RET-01465,ORD-01465,ITEM-01465,SKU-0408,CUST-0696,2026-08-04T09:00:00+00:00,Other,Not matching with my dupatta,Refunded,626.00,1
RET-01466,ORD-01466,ITEM-01466,SKU-0338,CUST-0288,2026-05-02T16:42:00+00:00,Other,"Exchange chahiye, return nahi",Exchange Completed,1059.00,1
RET-01470,ORD-01470,ITEM-01470,SKU-0005,CUST-0768,2025-08-20T07:35:00+00:00,Other,Order was a gift but recipient did not like the style,Refunded,889.00,1
RET-01476,ORD-01476,ITEM-01476,SKU-0093,CUST-0207,2026-04-06T19:01:00+00:00,Other,"Function ke liye liya tha, ab occasion nahi hai",Exchange Completed,774.00,1
RET-01479,ORD-01479,ITEM-01479,SKU-0255,CUST-0460,2025-11-05T19:04:00+00:00,Other,Kapda thoda transparent hai,Exchange Completed,440.00,1
RET-01481,ORD-01481,ITEM-01481,SKU-0080,CUST-0425,2025-01-26T06:43:00+00:00,Other,Parcel kholne par ek button missing tha,Exchange Completed,1006.00,1
RET-01484,ORD-01484,ITEM-01484,SKU-0062,CUST-0779,2025-03-15T20:52:00+00:00,Other,Parcel kholne par ek button missing tha,Refunded,1057.00,1
RET-01485,ORD-01485,ITEM-01485,SKU-0223,CUST-0354,2025-11-04T01:05:00+00:00,Other,Order was a gift but recipient did not like the style,Exchange Completed,1120.00,1
RET-01487,ORD-01487,ITEM-01487,SKU-0108,CUST-0482,2026-05-02T07:15:00+00:00,Other,"Function ke liye liya tha, ab occasion nahi hai",Exchange Completed,447.00,1
RET-01489,ORD-01489,ITEM-01489,SKU-0162,CUST-0435,2026-08-05T02:17:00+00:00,Other,Length is not as shown,Refunded,886.00,1
RET-01490,ORD-01490,ITEM-01490,SKU-0133,CUST-0398,2025-06-19T23:14:00+00:00,Other,Parcel kholne par ek button missing tha,Refunded,589.00,1
RET-01498,ORD-01498,ITEM-01498,SKU-0308,CUST-0432,2025-11-12T13:55:00+00:00,Other,Quality utni achhi nahi lagi,Exchange Completed,531.00,1
RET-01502,ORD-01502,ITEM-01502,SKU-0131,CUST-0811,2025-11-20T06:48:00+00:00,Other,Online photo aur real product alag lag rahe hain,Refunded,605.00,1
RET-01503,ORD-01503,ITEM-01503,SKU-0159,CUST-0332,2025-09-20T02:23:00+00:00,Other,Stitching at the side looks uneven,Refunded,707.00,1
RET-01504,ORD-01504,ITEM-01504,SKU-0132,CUST-0172,2025-09-11T04:41:00+00:00,Other,"Exchange chahiye, return nahi",Refunded,1413.00,1
RET-01505,ORD-01505,ITEM-01505,SKU-0190,CUST-0405,2025-09-04T21:13:00+00:00,Other,"Function ke liye liya tha, ab occasion nahi hai",Refunded,1410.00,1
RET-01507,ORD-01507,ITEM-01507,SKU-0384,CUST-0186,2025-04-27T19:45:00+00:00,Other,Online photo aur real product alag lag rahe hain,Refunded,689.00,1
RET-01508,ORD-01508,ITEM-01508,SKU-0375,CUST-0295,2025-06-13T00:11:00+00:00,Other,Colour is different from picture,Exchange Completed,443.00,1
RET-01514,ORD-01514,ITEM-01514,SKU-0475,CUST-0462,2025-10-28T14:30:00+00:00,Other,Parcel kholne par ek button missing tha,Exchange Completed,493.00,1
RET-01516,ORD-01516,ITEM-01516,SKU-0152,CUST-0657,2025-09-07T18:30:00+00:00,Other,Kapda thoda transparent hai,Exchange Completed,1080.00,1
RET-01518,ORD-01518,ITEM-01518,SKU-0437,CUST-0423,2026-07-18T16:55:00+00:00,Other,Kapda thoda transparent hai,Refunded,1319.00,1
RET-01524,ORD-01524,ITEM-01524,SKU-0172,CUST-0184,2025-06-16T17:14:00+00:00,Other,Kurti is loose,Exchange Completed,974.00,1
RET-01530,ORD-01530,ITEM-01530,SKU-0114,CUST-0759,2026-09-06T11:50:00+00:00,Other,"Bahut tight hai, size bada chahiye",Refunded,585.00,1
RET-01531,ORD-01531,ITEM-01531,SKU-0356,CUST-0669,2025-02-08T08:37:00+00:00,Other,Kurti is loose,Exchange Completed,535.00,1
RET-01534,ORD-01534,ITEM-01534,SKU-0262,CUST-0711,2025-04-06T05:24:00+00:00,Other,Stitching at the side looks uneven,Refunded,593.00,1
RET-01538,ORD-01538,ITEM-01538,SKU-0298,CUST-0576,2025-09-20T07:36:00+00:00,Other,"Exchange chahiye, return nahi",Refunded,771.00,1
RET-01539,ORD-01539,ITEM-01539,SKU-0095,CUST-0088,2026-08-11T08:09:00+00:00,Other,"Bahut tight hai, size bada chahiye",Exchange Completed,1481.00,1
RET-01548,ORD-01548,ITEM-01548,SKU-0053,CUST-0272,2025-07-14T05:50:00+00:00,Other,Online photo aur real product alag lag rahe hain,Refunded,452.00,1
RET-01554,ORD-01554,ITEM-01554,SKU-0062,CUST-0920,2026-08-31T04:10:00+00:00,Other,Mujhe dusra colour chahiye tha,Refunded,1057.00,1
RET-01556,ORD-01556,ITEM-01556,SKU-0268,CUST-0814,2025-10-11T03:16:00+00:00,Other,Fabric feels different than what I expected,Refunded,413.00,1
RET-01559,ORD-01559,ITEM-01559,SKU-0162,CUST-0882,2025-07-18T02:22:00+00:00,Other,"Exchange chahiye, return nahi",Refunded,886.00,1
RET-01563,ORD-01563,ITEM-01563,SKU-0257,CUST-0270,2025-05-20T06:20:00+00:00,Other,"Bahut tight hai, size bada chahiye",Refunded,1086.00,1
RET-01565,ORD-01565,ITEM-01565,SKU-0432,CUST-0463,2026-03-15T15:08:00+00:00,Other,Kurti is loose,Refunded,1302.00,1
RET-01572,ORD-01572,ITEM-01572,SKU-0131,CUST-0929,2026-02-05T21:31:00+00:00,Other,"Bahut tight hai, size bada chahiye",Refunded,605.00,1
RET-01573,ORD-01573,ITEM-01573,SKU-0159,CUST-0056,2025-08-28T02:51:00+00:00,Other,"Function ke liye liya tha, ab occasion nahi hai",Refunded,707.00,1
RET-01575,ORD-01575,ITEM-01575,SKU-0190,CUST-0712,2025-10-23T04:14:00+00:00,Other,Kurti is loose,Exchange Completed,1410.00,1
RET-01579,ORD-01579,ITEM-01579,SKU-0273,CUST-0913,2025-10-22T14:39:00+00:00,Other,Fabric feels different than what I expected,Exchange Completed,678.00,1
RET-01582,ORD-01582,ITEM-01582,SKU-0457,CUST-0184,2026-07-04T08:44:00+00:00,Other,"Bahut tight hai, size bada chahiye",Refunded,732.00,1
RET-01584,ORD-01584,ITEM-01584,SKU-0475,CUST-0281,2026-09-07T13:08:00+00:00,Other,"Exchange chahiye, return nahi",Exchange Completed,493.00,1
RET-01587,ORD-01587,ITEM-01587,SKU-0002,CUST-0409,2025-05-02T06:55:00+00:00,Other,Quality utni achhi nahi lagi,Exchange Completed,1499.00,1
RET-01590,ORD-01590,ITEM-01590,SKU-0205,CUST-0504,2025-11-18T12:06:00+00:00,Other,"Function ke liye liya tha, ab occasion nahi hai",Refunded,1357.00,1
RET-01591,ORD-01591,ITEM-01591,SKU-0178,CUST-0706,2025-09-24T15:04:00+00:00,Other,Quality utni achhi nahi lagi,Exchange Completed,1315.00,1
RET-01592,ORD-01592,ITEM-01592,SKU-0203,CUST-0872,2025-12-01T21:59:00+00:00,Other,Parcel kholne par ek button missing tha,Refunded,983.00,1
RET-01595,ORD-01595,ITEM-01595,SKU-0035,CUST-0448,2025-08-01T11:41:00+00:00,Other,"Photo mein shade halka tha, actual zyada dark hai",Exchange Completed,1337.00,1
RET-01597,ORD-01597,ITEM-01597,SKU-0188,CUST-0232,2026-02-24T23:08:00+00:00,Other,Parcel kholne par ek button missing tha,Refunded,538.00,1
RET-01600,ORD-01600,ITEM-01600,SKU-0114,CUST-0119,2025-12-12T20:01:00+00:00,Other,Fabric feels different than what I expected,Refunded,585.00,1
RET-01601,ORD-01601,ITEM-01601,SKU-0356,CUST-0403,2026-04-20T10:36:00+00:00,Other,Stitching at the side looks uneven,Exchange Completed,535.00,1
RET-01603,ORD-01603,ITEM-01603,SKU-0289,CUST-0842,2025-01-25T08:48:00+00:00,Other,Quality utni achhi nahi lagi,Refunded,444.00,1
RET-01604,ORD-01604,ITEM-01604,SKU-0262,CUST-0842,2026-06-28T05:10:00+00:00,Other,Parcel kholne par ek button missing tha,Refunded,593.00,1
RET-01616,ORD-01616,ITEM-01616,SKU-0093,CUST-0095,2026-03-29T22:41:00+00:00,Other,Kurti is loose,Exchange Completed,774.00,1
RET-01617,ORD-01617,ITEM-01617,SKU-0008,CUST-0888,2025-04-21T09:34:00+00:00,Other,"Photo mein shade halka tha, actual zyada dark hai",Refunded,803.00,1
RET-01621,ORD-01621,ITEM-01621,SKU-0080,CUST-0934,2025-03-02T13:19:00+00:00,Other,"Bahut tight hai, size bada chahiye",Refunded,1006.00,1
RET-01622,ORD-01622,ITEM-01622,SKU-0307,CUST-0885,2025-11-22T14:35:00+00:00,Other,"Photo mein shade halka tha, actual zyada dark hai",Refunded,1315.00,1
RET-01624,ORD-01624,ITEM-01624,SKU-0062,CUST-0632,2025-03-07T06:53:00+00:00,Other,Quality utni achhi nahi lagi,Refunded,1057.00,1
RET-01625,ORD-01625,ITEM-01625,SKU-0223,CUST-0872,2026-03-07T16:07:00+00:00,Other,Kapda thoda transparent hai,Refunded,1120.00,1
RET-01626,ORD-01626,ITEM-01626,SKU-0268,CUST-0546,2025-06-17T06:06:00+00:00,Other,Looks different in daylight,Refunded,413.00,1
RET-01633,ORD-01633,ITEM-01633,SKU-0257,CUST-0485,2025-04-10T23:08:00+00:00,Other,Length is not as shown,Refunded,1086.00,1
RET-01638,ORD-01638,ITEM-01638,SKU-0308,CUST-0337,2026-09-20T16:30:00+00:00,Other,Parcel kholne par ek button missing tha,Refunded,531.00,1
RET-01639,ORD-01639,ITEM-01639,SKU-0462,CUST-0511,2026-02-18T07:50:00+00:00,Other,Length is not as shown,Refunded,940.00,1
RET-01640,ORD-01640,ITEM-01640,SKU-0451,CUST-0148,2025-11-29T22:00:00+00:00,Other,Fabric feels different than what I expected,Refunded,489.00,1
RET-01641,ORD-01641,ITEM-01641,SKU-0228,CUST-0312,2025-09-17T13:49:00+00:00,Other,Online photo aur real product alag lag rahe hain,Refunded,717.00,1
RET-01644,ORD-01644,ITEM-01644,SKU-0132,CUST-0334,2026-07-21T16:37:00+00:00,Other,"Function ke liye liya tha, ab occasion nahi hai",Refunded,1413.00,1
RET-01646,ORD-01646,ITEM-01646,SKU-0367,CUST-0543,2025-03-30T16:56:00+00:00,Other,The print placement looks different on mine,Exchange Completed,1421.00,1
RET-01649,ORD-01649,ITEM-01649,SKU-0273,CUST-0528,2025-10-19T09:04:00+00:00,Other,Quality utni achhi nahi lagi,Refunded,678.00,1
RET-01656,ORD-01656,ITEM-01656,SKU-0152,CUST-0462,2026-05-03T21:08:00+00:00,Other,Kapda thoda transparent hai,Refunded,1080.00,1
RET-01657,ORD-01657,ITEM-01657,SKU-0002,CUST-0516,2026-01-13T17:24:00+00:00,Other,Not matching with my dupatta,Refunded,1499.00,1
RET-01661,ORD-01661,ITEM-01661,SKU-0178,CUST-0586,2025-01-13T07:56:00+00:00,Other,Kurti is loose,Refunded,1315.00,1
RET-01664,ORD-01664,ITEM-01664,SKU-0172,CUST-0170,2025-07-27T07:16:00+00:00,Other,Not matching with my dupatta,Exchange Completed,974.00,1
RET-01669,ORD-01669,ITEM-01669,SKU-0033,CUST-0601,2025-06-08T09:01:00+00:00,Other,Kurti is loose,Exchange Completed,918.00,1
RET-01670,ORD-01670,ITEM-01670,SKU-0114,CUST-0667,2026-08-27T12:04:00+00:00,Other,Online photo aur real product alag lag rahe hain,Refunded,585.00,1
RET-01671,ORD-01671,ITEM-01671,SKU-0356,CUST-0804,2026-01-02T20:46:00+00:00,Other,"Exchange chahiye, return nahi",Exchange Completed,535.00,1
RET-01672,ORD-01672,ITEM-01672,SKU-0277,CUST-0417,2026-05-27T17:31:00+00:00,Other,Not matching with my dupatta,Refunded,1201.00,1
RET-01674,ORD-01674,ITEM-01674,SKU-0262,CUST-0953,2026-09-07T15:29:00+00:00,Other,The print placement looks different on mine,Refunded,593.00,1
RET-01675,ORD-01675,ITEM-01675,SKU-0408,CUST-0229,2025-07-02T20:09:00+00:00,Other,"Bahut tight hai, size bada chahiye",Refunded,626.00,1
RET-01678,ORD-01678,ITEM-01678,SKU-0298,CUST-0482,2025-07-26T14:24:00+00:00,Other,Kapda thoda transparent hai,Exchange Completed,771.00,1
RET-01680,ORD-01680,ITEM-01680,SKU-0005,CUST-0987,2025-04-07T03:05:00+00:00,Other,Colour is different from picture,Refunded,889.00,1
RET-01688,ORD-01688,ITEM-01688,SKU-0053,CUST-0785,2026-09-16T04:38:00+00:00,Other,Not matching with my dupatta,Refunded,452.00,1
RET-01689,ORD-01689,ITEM-01689,SKU-0255,CUST-0274,2025-03-26T17:09:00+00:00,Other,Order was a gift but recipient did not like the style,Refunded,440.00,1
RET-01691,ORD-01691,ITEM-01691,SKU-0080,CUST-0492,2025-11-13T02:22:00+00:00,Other,"Function ke liye liya tha, ab occasion nahi hai",Refunded,1006.00,1
RET-01698,ORD-01698,ITEM-01698,SKU-0479,CUST-0073,2026-01-23T05:22:00+00:00,Other,"Photo mein shade halka tha, actual zyada dark hai",Exchange Completed,754.00,1
RET-01700,ORD-01700,ITEM-01700,SKU-0133,CUST-0518,2025-07-22T16:19:00+00:00,Other,The print placement looks different on mine,Refunded,589.00,1
RET-01704,ORD-01704,ITEM-01704,SKU-0090,CUST-0534,2026-03-05T02:05:00+00:00,Other,"Photo mein shade halka tha, actual zyada dark hai",Exchange Completed,1174.00,1
RET-01705,ORD-01705,ITEM-01705,SKU-0432,CUST-0630,2025-05-17T19:16:00+00:00,Other,Order was a gift but recipient did not like the style,Refunded,1302.00,1
RET-01710,ORD-01710,ITEM-01710,SKU-0451,CUST-0493,2026-01-15T05:57:00+00:00,Other,Kurti is loose,Refunded,489.00,1
RET-01711,ORD-01711,ITEM-01711,SKU-0228,CUST-0777,2025-12-28T10:58:00+00:00,Other,"Function ke liye liya tha, ab occasion nahi hai",Refunded,717.00,1
RET-01715,ORD-01715,ITEM-01715,SKU-0190,CUST-0121,2025-04-27T03:41:00+00:00,Other,Colour is different from picture,Refunded,1410.00,1
RET-01719,ORD-01719,ITEM-01719,SKU-0273,CUST-0974,2025-02-09T17:07:00+00:00,Other,The print placement looks different on mine,Refunded,678.00,1
RET-01721,ORD-01721,ITEM-01721,SKU-0344,CUST-0268,2025-08-17T10:25:00+00:00,Other,Quality utni achhi nahi lagi,Refunded,631.00,1
RET-01724,ORD-01724,ITEM-01724,SKU-0475,CUST-0970,2025-12-22T06:02:00+00:00,Other,Not matching with my dupatta,Refunded,493.00,1
RET-01729,ORD-01729,ITEM-01729,SKU-0436,CUST-0452,2026-09-14T04:19:00+00:00,Other,Looks different in daylight,Refunded,424.00,1
RET-01732,ORD-01732,ITEM-01732,SKU-0203,CUST-0337,2026-04-14T00:39:00+00:00,Other,"Bahut tight hai, size bada chahiye",Refunded,983.00,1
RET-01733,ORD-01733,ITEM-01733,SKU-0282,CUST-0799,2026-02-04T17:27:00+00:00,Other,Quality utni achhi nahi lagi,Exchange Completed,1131.00,1
RET-01734,ORD-01734,ITEM-01734,SKU-0172,CUST-0111,2025-04-16T11:28:00+00:00,Other,"Exchange chahiye, return nahi",Refunded,974.00,1
RET-01735,ORD-01735,ITEM-01735,SKU-0035,CUST-0768,2025-07-21T09:36:00+00:00,Other,Not matching with my dupatta,Refunded,1337.00,1
RET-01736,ORD-01736,ITEM-01736,SKU-0176,CUST-0993,2026-09-27T06:06:00+00:00,Other,Order was a gift but recipient did not like the style,Refunded,518.00,1
RET-01760,ORD-01760,ITEM-01760,SKU-0179,CUST-0932,2025-07-07T19:10:00+00:00,Other,Fabric feels different than what I expected,Refunded,1327.00,1
RET-01761,ORD-01761,ITEM-01761,SKU-0080,CUST-0801,2025-07-31T08:27:00+00:00,Other,Mujhe dusra colour chahiye tha,Exchange Completed,1006.00,1
RET-01765,ORD-01765,ITEM-01765,SKU-0223,CUST-0027,2026-09-29T14:24:00+00:00,Other,Kurti is loose,Refunded,1120.00,1
RET-01772,ORD-01772,ITEM-01772,SKU-0288,CUST-0795,2025-05-24T22:11:00+00:00,Other,Quality utni achhi nahi lagi,Refunded,1419.00,1
RET-01773,ORD-01773,ITEM-01773,SKU-0257,CUST-0446,2025-05-15T23:57:00+00:00,Other,Mujhe dusra colour chahiye tha,Refunded,1086.00,1
RET-01774,ORD-01774,ITEM-01774,SKU-0090,CUST-0750,2025-11-03T01:17:00+00:00,Other,Not matching with my dupatta,Exchange Completed,1174.00,1
RET-01779,ORD-01779,ITEM-01779,SKU-0462,CUST-0254,2026-08-20T05:17:00+00:00,Other,The print placement looks different on mine,Refunded,940.00,1
RET-01781,ORD-01781,ITEM-01781,SKU-0228,CUST-0087,2026-04-19T17:43:00+00:00,Other,"Bahut tight hai, size bada chahiye",Refunded,717.00,1
RET-01782,ORD-01782,ITEM-01782,SKU-0131,CUST-0274,2026-09-16T18:37:00+00:00,Other,Length is not as shown,Refunded,605.00,1
RET-01787,ORD-01787,ITEM-01787,SKU-0384,CUST-0732,2025-12-10T06:13:00+00:00,Other,"Exchange chahiye, return nahi",Refunded,689.00,1
RET-01788,ORD-01788,ITEM-01788,SKU-0375,CUST-0570,2026-09-03T01:17:00+00:00,Other,"Bahut tight hai, size bada chahiye",Exchange Completed,443.00,1
RET-01791,ORD-01791,ITEM-01791,SKU-0344,CUST-0756,2026-06-17T10:59:00+00:00,Other,Parcel kholne par ek button missing tha,Exchange Completed,631.00,1
RET-01793,ORD-01793,ITEM-01793,SKU-0086,CUST-0286,2026-02-07T16:58:00+00:00,Other,Parcel kholne par ek button missing tha,Refunded,1100.00,1
RET-01794,ORD-01794,ITEM-01794,SKU-0475,CUST-0494,2026-03-19T02:23:00+00:00,Other,Looks different in daylight,Refunded,493.00,1
RET-01797,ORD-01797,ITEM-01797,SKU-0002,CUST-0610,2025-11-23T16:26:00+00:00,Other,"Bahut tight hai, size bada chahiye",Exchange Completed,1499.00,1
RET-01798,ORD-01798,ITEM-01798,SKU-0437,CUST-0459,2026-09-22T06:13:00+00:00,Other,The print placement looks different on mine,Refunded,1319.00,1
RET-01800,ORD-01800,ITEM-01800,SKU-0205,CUST-0699,2026-04-09T00:39:00+00:00,Other,"Function ke liye liya tha, ab occasion nahi hai",Refunded,1357.00,1
RET-01802,ORD-01802,ITEM-01802,SKU-0203,CUST-0832,2026-02-17T08:21:00+00:00,Other,Quality utni achhi nahi lagi,Refunded,983.00,1
RET-01807,ORD-01807,ITEM-01807,SKU-0188,CUST-0493,2025-09-14T06:47:00+00:00,Other,"Function ke liye liya tha, ab occasion nahi hai",Refunded,538.00,1
RET-01810,ORD-01810,ITEM-01810,SKU-0114,CUST-0945,2026-09-09T13:47:00+00:00,Other,"Exchange chahiye, return nahi",Exchange Completed,585.00,1
RET-01811,ORD-01811,ITEM-01811,SKU-0356,CUST-0290,2026-02-02T07:27:00+00:00,Other,"Exchange chahiye, return nahi",Refunded,535.00,1
RET-01812,ORD-01812,ITEM-01812,SKU-0277,CUST-0218,2025-04-10T05:31:00+00:00,Other,Length is not as shown,Refunded,1201.00,1
RET-01814,ORD-01814,ITEM-01814,SKU-0262,CUST-0126,2026-01-17T20:13:00+00:00,Other,"Function ke liye liya tha, ab occasion nahi hai",Refunded,593.00,1
RET-01815,ORD-01815,ITEM-01815,SKU-0408,CUST-0846,2026-08-11T08:32:00+00:00,Other,Length is not as shown,Refunded,626.00,1
RET-01816,ORD-01816,ITEM-01816,SKU-0338,CUST-0391,2025-02-17T16:33:00+00:00,Other,"Bahut tight hai, size bada chahiye",Refunded,1059.00,1
RET-01829,ORD-01829,ITEM-01829,SKU-0255,CUST-0717,2025-10-04T09:17:00+00:00,Other,Looks different in daylight,Refunded,440.00,1
RET-01830,ORD-01830,ITEM-01830,SKU-0179,CUST-0316,2026-07-15T20:19:00+00:00,Other,Colour is different from picture,Refunded,1327.00,1
RET-01832,ORD-01832,ITEM-01832,SKU-0307,CUST-0764,2026-05-15T09:30:00+00:00,Other,Kapda thoda transparent hai,Exchange Completed,1315.00,1
RET-01833,ORD-01833,ITEM-01833,SKU-0040,CUST-0912,2025-04-11T14:56:00+00:00,Other,Mujhe dusra colour chahiye tha,Exchange Completed,400.00,1
RET-01834,ORD-01834,ITEM-01834,SKU-0062,CUST-0215,2025-11-30T13:34:00+00:00,Other,Colour is different from picture,Refunded,1057.00,1
RET-01836,ORD-01836,ITEM-01836,SKU-0268,CUST-0985,2025-05-17T02:58:00+00:00,Other,"Exchange chahiye, return nahi",Refunded,413.00,1
RET-01842,ORD-01842,ITEM-01842,SKU-0288,CUST-0392,2025-05-22T07:59:00+00:00,Other,Mujhe dusra colour chahiye tha,Refunded,1419.00,1
RET-01847,ORD-01847,ITEM-01847,SKU-0232,CUST-0716,2026-05-10T11:58:00+00:00,Other,Mujhe dusra colour chahiye tha,Refunded,781.00,1
RET-01851,ORD-01851,ITEM-01851,SKU-0228,CUST-0956,2025-07-19T03:00:00+00:00,Other,Parcel kholne par ek button missing tha,Refunded,717.00,1
RET-01852,ORD-01852,ITEM-01852,SKU-0131,CUST-0971,2025-02-07T18:52:00+00:00,Other,Kurti is loose,Exchange Completed,605.00,1
RET-01853,ORD-01853,ITEM-01853,SKU-0159,CUST-0134,2025-06-23T21:48:00+00:00,Other,Online photo aur real product alag lag rahe hain,Exchange Completed,707.00,1
RET-01855,ORD-01855,ITEM-01855,SKU-0190,CUST-0003,2026-05-01T02:01:00+00:00,Other,Stitching at the side looks uneven,Exchange Completed,1410.00,1
RET-01862,ORD-01862,ITEM-01862,SKU-0457,CUST-0459,2025-03-04T01:35:00+00:00,Other,Online photo aur real product alag lag rahe hain,Refunded,732.00,1
RET-01863,ORD-01863,ITEM-01863,SKU-0086,CUST-0457,2026-03-28T11:14:00+00:00,Other,The print placement looks different on mine,Refunded,1100.00,1
RET-01865,ORD-01865,ITEM-01865,SKU-0363,CUST-0550,2025-04-02T16:25:00+00:00,Other,Colour is different from picture,Exchange Completed,772.00,1
RET-01866,ORD-01866,ITEM-01866,SKU-0152,CUST-0092,2026-10-03T09:25:00+00:00,Other,Quality utni achhi nahi lagi,Refunded,1080.00,1
RET-01869,ORD-01869,ITEM-01869,SKU-0436,CUST-0576,2025-12-20T09:01:00+00:00,Other,Order was a gift but recipient did not like the style,Refunded,424.00,1
RET-01873,ORD-01873,ITEM-01873,SKU-0282,CUST-0712,2025-07-18T18:14:00+00:00,Other,"Exchange chahiye, return nahi",Refunded,1131.00,1
RET-01874,ORD-01874,ITEM-01874,SKU-0172,CUST-0565,2026-08-15T21:12:00+00:00,Other,"Function ke liye liya tha, ab occasion nahi hai",Refunded,974.00,1
RET-01876,ORD-01876,ITEM-01876,SKU-0176,CUST-0714,2025-10-02T20:40:00+00:00,Other,Length is not as shown,Refunded,518.00,1
RET-01878,ORD-01878,ITEM-01878,SKU-0164,CUST-0939,2025-05-28T01:11:00+00:00,Other,Kapda thoda transparent hai,Refunded,1207.00,1
RET-01885,ORD-01885,ITEM-01885,SKU-0408,CUST-0855,2026-01-02T10:26:00+00:00,Other,"Bahut tight hai, size bada chahiye",Refunded,626.00,1
RET-01887,ORD-01887,ITEM-01887,SKU-0286,CUST-0149,2026-06-26T06:55:00+00:00,Other,Online photo aur real product alag lag rahe hain,Exchange Completed,1122.00,1
RET-01899,ORD-01899,ITEM-01899,SKU-0255,CUST-0491,2026-02-01T20:58:00+00:00,Other,The print placement looks different on mine,Refunded,440.00,1
RET-01900,ORD-01900,ITEM-01900,SKU-0179,CUST-0220,2026-03-06T15:17:00+00:00,Other,"Function ke liye liya tha, ab occasion nahi hai",Refunded,1327.00,1
RET-01903,ORD-01903,ITEM-01903,SKU-0040,CUST-0184,2025-04-30T07:57:00+00:00,Other,"Bahut tight hai, size bada chahiye",Refunded,400.00,1
RET-01911,ORD-01911,ITEM-01911,SKU-0461,CUST-0815,2025-12-23T22:12:00+00:00,Other,"Photo mein shade halka tha, actual zyada dark hai",Refunded,456.00,1
RET-01916,ORD-01916,ITEM-01916,SKU-0471,CUST-0278,2026-06-03T18:36:00+00:00,Other,Online photo aur real product alag lag rahe hain,Refunded,1008.00,1
RET-01919,ORD-01919,ITEM-01919,SKU-0462,CUST-0658,2025-09-13T23:21:00+00:00,Other,Looks different in daylight,Refunded,940.00,1
RET-01921,ORD-01921,ITEM-01921,SKU-0228,CUST-0185,2026-06-09T19:54:00+00:00,Other,Online photo aur real product alag lag rahe hain,Exchange Completed,717.00,1
RET-01922,ORD-01922,ITEM-01922,SKU-0131,CUST-0228,2025-10-26T15:13:00+00:00,Other,Order was a gift but recipient did not like the style,Refunded,605.00,1
RET-01924,ORD-01924,ITEM-01924,SKU-0132,CUST-0030,2025-09-22T05:28:00+00:00,Other,Parcel kholne par ek button missing tha,Exchange Completed,1413.00,1
RET-01926,ORD-01926,ITEM-01926,SKU-0367,CUST-0935,2026-09-10T15:31:00+00:00,Other,Colour is different from picture,Refunded,1421.00,1
RET-01935,ORD-01935,ITEM-01935,SKU-0363,CUST-0384,2025-02-19T17:28:00+00:00,Other,"Photo mein shade halka tha, actual zyada dark hai",Refunded,772.00,1
RET-01936,ORD-01936,ITEM-01936,SKU-0152,CUST-0438,2025-11-12T16:07:00+00:00,Other,"Exchange chahiye, return nahi",Refunded,1080.00,1
RET-01941,ORD-01941,ITEM-01941,SKU-0178,CUST-0654,2025-02-02T15:28:00+00:00,Other,Kurti is loose,Refunded,1315.00,1
RET-01942,ORD-01942,ITEM-01942,SKU-0203,CUST-0278,2026-01-02T17:43:00+00:00,Other,Fabric feels different than what I expected,Refunded,983.00,1
RET-01944,ORD-01944,ITEM-01944,SKU-0172,CUST-0622,2025-07-09T04:47:00+00:00,Other,Fabric feels different than what I expected,Refunded,974.00,1
RET-01946,ORD-01946,ITEM-01946,SKU-0176,CUST-0407,2026-09-16T08:00:00+00:00,Other,"Function ke liye liya tha, ab occasion nahi hai",Refunded,518.00,1
RET-01950,ORD-01950,ITEM-01950,SKU-0114,CUST-0322,2026-06-04T11:11:00+00:00,Other,Order was a gift but recipient did not like the style,Refunded,585.00,1
RET-01951,ORD-01951,ITEM-01951,SKU-0356,CUST-0083,2026-02-11T20:37:00+00:00,Other,The print placement looks different on mine,Refunded,535.00,1
RET-01955,ORD-01955,ITEM-01955,SKU-0408,CUST-0634,2025-08-10T22:19:00+00:00,Other,Colour is different from picture,Refunded,626.00,1
RET-01956,ORD-01956,ITEM-01956,SKU-0338,CUST-0289,2026-07-07T05:44:00+00:00,Other,Online photo aur real product alag lag rahe hain,Refunded,1059.00,1
RET-01966,ORD-01966,ITEM-01966,SKU-0093,CUST-0047,2025-05-25T05:26:00+00:00,Other,Order was a gift but recipient did not like the style,Refunded,774.00,1
RET-01967,ORD-01967,ITEM-01967,SKU-0008,CUST-0792,2025-08-19T01:17:00+00:00,Other,Looks different in daylight,Refunded,803.00,1
RET-01973,ORD-01973,ITEM-01973,SKU-0040,CUST-0242,2026-03-12T19:55:00+00:00,Other,"Photo mein shade halka tha, actual zyada dark hai",Exchange Completed,400.00,1
RET-01976,ORD-01976,ITEM-01976,SKU-0268,CUST-0648,2025-08-11T16:35:00+00:00,Other,"Bahut tight hai, size bada chahiye",Refunded,413.00,1
RET-01979,ORD-01979,ITEM-01979,SKU-0162,CUST-0397,2026-02-28T15:39:00+00:00,Other,Order was a gift but recipient did not like the style,Refunded,886.00,1
RET-01983,ORD-01983,ITEM-01983,SKU-0257,CUST-0761,2025-05-26T09:56:00+00:00,Other,"Function ke liye liya tha, ab occasion nahi hai",Refunded,1086.00,1
RET-01985,ORD-01985,ITEM-01985,SKU-0432,CUST-0605,2025-06-02T11:20:00+00:00,Other,The print placement looks different on mine,Refunded,1302.00,1
RET-01986,ORD-01986,ITEM-01986,SKU-0471,CUST-0039,2026-02-15T09:17:00+00:00,Other,"Exchange chahiye, return nahi",Exchange Completed,1008.00,1
RET-01988,ORD-01988,ITEM-01988,SKU-0308,CUST-0400,2026-03-18T07:51:00+00:00,Other,"Function ke liye liya tha, ab occasion nahi hai",Exchange Completed,531.00,1
RET-01992,ORD-01992,ITEM-01992,SKU-0131,CUST-0095,2025-01-27T17:05:00+00:00,Other,The print placement looks different on mine,Exchange Completed,605.00,1
RET-01993,ORD-01993,ITEM-01993,SKU-0159,CUST-0531,2026-04-26T14:44:00+00:00,Other,Quality utni achhi nahi lagi,Exchange Completed,707.00,1
RET-01994,ORD-01994,ITEM-01994,SKU-0132,CUST-0130,2025-11-16T19:53:00+00:00,Other,Mujhe dusra colour chahiye tha,Refunded,1413.00,1
RET-01995,ORD-01995,ITEM-01995,SKU-0190,CUST-0507,2025-03-30T06:56:00+00:00,Other,"Function ke liye liya tha, ab occasion nahi hai",Exchange Completed,1410.00,1
RET-02001,ORD-02001,ITEM-02001,SKU-0344,CUST-0257,2025-07-07T18:09:00+00:00,Other,Quality utni achhi nahi lagi,Exchange Completed,631.00,1
RET-02012,ORD-02012,ITEM-02012,SKU-0203,CUST-0917,2025-12-13T21:03:00+00:00,Other,"Photo mein shade halka tha, actual zyada dark hai",Refunded,983.00,1
RET-02013,ORD-02013,ITEM-02013,SKU-0282,CUST-0148,2025-06-24T09:58:00+00:00,Other,Kapda thoda transparent hai,Exchange Completed,1131.00,1
RET-02019,ORD-02019,ITEM-02019,SKU-0033,CUST-0495,2025-11-05T18:00:00+00:00,Other,Looks different in daylight,Refunded,918.00,1
RET-02022,ORD-02022,ITEM-02022,SKU-0277,CUST-0364,2025-08-02T15:30:00+00:00,Other,Kapda thoda transparent hai,Refunded,1201.00,1
RET-02026,ORD-02026,ITEM-02026,SKU-0338,CUST-0095,2026-07-30T16:07:00+00:00,Other,"Bahut tight hai, size bada chahiye",Refunded,1059.00,1
RET-02039,ORD-02039,ITEM-02039,SKU-0255,CUST-0025,2025-07-29T23:09:00+00:00,Other,Not matching with my dupatta,Refunded,440.00,1
RET-02042,ORD-02042,ITEM-02042,SKU-0307,CUST-0775,2025-08-19T02:23:00+00:00,Other,"Bahut tight hai, size bada chahiye",Refunded,1315.00,1
RET-02043,ORD-02043,ITEM-02043,SKU-0040,CUST-0610,2025-12-01T18:03:00+00:00,Other,"Bahut tight hai, size bada chahiye",Refunded,400.00,1
RET-02048,ORD-02048,ITEM-02048,SKU-0479,CUST-0376,2025-10-19T22:09:00+00:00,Other,Looks different in daylight,Refunded,754.00,1
RET-02055,ORD-02055,ITEM-02055,SKU-0432,CUST-0483,2025-04-08T17:49:00+00:00,Other,Online photo aur real product alag lag rahe hain,Exchange Completed,1302.00,1
RET-02056,ORD-02056,ITEM-02056,SKU-0471,CUST-0766,2026-09-11T21:08:00+00:00,Other,Not matching with my dupatta,Exchange Completed,1008.00,1
RET-02057,ORD-02057,ITEM-02057,SKU-0232,CUST-0577,2026-06-12T17:37:00+00:00,Other,Stitching at the side looks uneven,Exchange Completed,781.00,1
RET-02061,ORD-02061,ITEM-02061,SKU-0228,CUST-0092,2025-08-08T00:28:00+00:00,Other,"Function ke liye liya tha, ab occasion nahi hai",Exchange Completed,717.00,1
RET-02066,ORD-02066,ITEM-02066,SKU-0367,CUST-0085,2026-04-27T10:12:00+00:00,Other,Parcel kholne par ek button missing tha,Refunded,1421.00,1
RET-02069,ORD-02069,ITEM-02069,SKU-0273,CUST-0150,2025-12-08T06:20:00+00:00,Other,Mujhe dusra colour chahiye tha,Exchange Completed,678.00,1
RET-02074,ORD-02074,ITEM-02074,SKU-0475,CUST-0847,2025-01-28T18:35:00+00:00,Other,"Bahut tight hai, size bada chahiye",Exchange Completed,493.00,1
RET-02075,ORD-02075,ITEM-02075,SKU-0363,CUST-0028,2025-08-16T20:15:00+00:00,Other,Kurti is loose,Refunded,772.00,1
RET-02080,ORD-02080,ITEM-02080,SKU-0205,CUST-0722,2025-12-31T16:30:00+00:00,Other,Stitching at the side looks uneven,Refunded,1357.00,1
RET-02082,ORD-02082,ITEM-02082,SKU-0203,CUST-0646,2025-12-26T01:54:00+00:00,Other,Quality utni achhi nahi lagi,Refunded,983.00,1
RET-02084,ORD-02084,ITEM-02084,SKU-0172,CUST-0993,2025-06-06T16:06:00+00:00,Other,Length is not as shown,Refunded,974.00,1
RET-02089,ORD-02089,ITEM-02089,SKU-0033,CUST-0222,2025-05-24T22:48:00+00:00,Other,Quality utni achhi nahi lagi,Refunded,918.00,1
RET-02091,ORD-02091,ITEM-02091,SKU-0356,CUST-0790,2026-03-02T00:48:00+00:00,Other,Mujhe dusra colour chahiye tha,Exchange Completed,535.00,1
RET-02092,ORD-02092,ITEM-02092,SKU-0277,CUST-0676,2025-04-30T14:12:00+00:00,Other,"Function ke liye liya tha, ab occasion nahi hai",Exchange Completed,1201.00,1
RET-02093,ORD-02093,ITEM-02093,SKU-0289,CUST-0536,2025-03-28T23:21:00+00:00,Other,Fabric feels different than what I expected,Refunded,444.00,1
RET-02094,ORD-02094,ITEM-02094,SKU-0262,CUST-0496,2025-09-16T04:57:00+00:00,Other,Looks different in daylight,Refunded,593.00,1
RET-02100,ORD-02100,ITEM-02100,SKU-0005,CUST-0240,2026-04-30T06:47:00+00:00,Other,Not matching with my dupatta,Exchange Completed,889.00,1
RET-02106,ORD-02106,ITEM-02106,SKU-0093,CUST-0338,2025-08-12T14:09:00+00:00,Other,Length is not as shown,Exchange Completed,774.00,1
RET-02113,ORD-02113,ITEM-02113,SKU-0040,CUST-0220,2025-08-25T07:48:00+00:00,Other,Not matching with my dupatta,Refunded,400.00,1
RET-02114,ORD-02114,ITEM-02114,SKU-0062,CUST-0852,2025-10-03T16:42:00+00:00,Other,Kurti is loose,Refunded,1057.00,1
RET-02120,ORD-02120,ITEM-02120,SKU-0133,CUST-0292,2026-09-06T16:37:00+00:00,Other,Length is not as shown,Refunded,589.00,1
RET-02125,ORD-02125,ITEM-02125,SKU-0432,CUST-0275,2026-09-02T12:25:00+00:00,Other,Colour is different from picture,Exchange Completed,1302.00,1
RET-02129,ORD-02129,ITEM-02129,SKU-0462,CUST-0680,2026-02-04T06:44:00+00:00,Other,Kapda thoda transparent hai,Exchange Completed,940.00,1
RET-02133,ORD-02133,ITEM-02133,SKU-0159,CUST-0975,2026-01-06T20:59:00+00:00,Other,Looks different in daylight,Refunded,707.00,1
RET-02134,ORD-02134,ITEM-02134,SKU-0132,CUST-0962,2025-03-22T05:39:00+00:00,Other,Parcel kholne par ek button missing tha,Exchange Completed,1413.00,1
RET-02135,ORD-02135,ITEM-02135,SKU-0190,CUST-0284,2026-01-11T02:41:00+00:00,Other,Order was a gift but recipient did not like the style,Refunded,1410.00,1
RET-02137,ORD-02137,ITEM-02137,SKU-0384,CUST-0533,2026-03-29T13:27:00+00:00,Other,"Function ke liye liya tha, ab occasion nahi hai",Refunded,689.00,1
RET-02139,ORD-02139,ITEM-02139,SKU-0273,CUST-0714,2025-06-28T22:42:00+00:00,Other,Parcel kholne par ek button missing tha,Exchange Completed,678.00,1
RET-02142,ORD-02142,ITEM-02142,SKU-0457,CUST-0930,2026-05-28T08:08:00+00:00,Other,"Function ke liye liya tha, ab occasion nahi hai",Refunded,732.00,1
RET-02145,ORD-02145,ITEM-02145,SKU-0363,CUST-0632,2025-11-03T08:23:00+00:00,Other,Mujhe dusra colour chahiye tha,Refunded,772.00,1
RET-02147,ORD-02147,ITEM-02147,SKU-0002,CUST-0536,2025-12-03T23:56:00+00:00,Other,"Photo mein shade halka tha, actual zyada dark hai",Exchange Completed,1499.00,1
RET-02148,ORD-02148,ITEM-02148,SKU-0437,CUST-0414,2025-07-11T01:15:00+00:00,Other,Stitching at the side looks uneven,Refunded,1319.00,1
RET-02150,ORD-02150,ITEM-02150,SKU-0205,CUST-0457,2025-12-15T08:15:00+00:00,Other,The print placement looks different on mine,Exchange Completed,1357.00,1
RET-02154,ORD-02154,ITEM-02154,SKU-0172,CUST-0643,2025-07-25T20:04:00+00:00,Other,Kapda thoda transparent hai,Exchange Completed,974.00,1
RET-02159,ORD-02159,ITEM-02159,SKU-0033,CUST-0969,2025-07-29T04:09:00+00:00,Other,Length is not as shown,Refunded,918.00,1
RET-02160,ORD-02160,ITEM-02160,SKU-0114,CUST-0299,2026-04-12T05:42:00+00:00,Other,Fabric feels different than what I expected,Exchange Completed,585.00,1
RET-02166,ORD-02166,ITEM-02166,SKU-0338,CUST-0151,2025-04-11T01:32:00+00:00,Other,"Bahut tight hai, size bada chahiye",Refunded,1059.00,1
RET-02167,ORD-02167,ITEM-02167,SKU-0286,CUST-0982,2025-11-15T13:50:00+00:00,Other,Not matching with my dupatta,Refunded,1122.00,1
RET-02168,ORD-02168,ITEM-02168,SKU-0298,CUST-0526,2026-07-27T04:23:00+00:00,Other,Online photo aur real product alag lag rahe hain,Refunded,771.00,1
RET-02176,ORD-02176,ITEM-02176,SKU-0093,CUST-0069,2026-03-09T13:00:00+00:00,Other,The print placement looks different on mine,Exchange Completed,774.00,1
RET-02178,ORD-02178,ITEM-02178,SKU-0053,CUST-0870,2026-09-01T09:31:00+00:00,Other,Order was a gift but recipient did not like the style,Refunded,452.00,1
RET-02184,ORD-02184,ITEM-02184,SKU-0062,CUST-0748,2026-05-10T11:49:00+00:00,Other,Kurti is loose,Refunded,1057.00,1
RET-02185,ORD-02185,ITEM-02185,SKU-0223,CUST-0817,2025-07-26T00:55:00+00:00,Other,"Bahut tight hai, size bada chahiye",Refunded,1120.00,1
RET-02186,ORD-02186,ITEM-02186,SKU-0268,CUST-0111,2025-12-04T20:54:00+00:00,Other,Parcel kholne par ek button missing tha,Exchange Completed,413.00,1
RET-02188,ORD-02188,ITEM-02188,SKU-0479,CUST-0476,2025-12-31T05:43:00+00:00,Other,"Bahut tight hai, size bada chahiye",Exchange Completed,754.00,1
RET-02189,ORD-02189,ITEM-02189,SKU-0162,CUST-0215,2025-08-03T11:12:00+00:00,Other,Order was a gift but recipient did not like the style,Refunded,886.00,1
RET-02190,ORD-02190,ITEM-02190,SKU-0133,CUST-0113,2025-03-25T09:30:00+00:00,Other,Quality utni achhi nahi lagi,Refunded,589.00,1
RET-02193,ORD-02193,ITEM-02193,SKU-0257,CUST-0984,2025-09-24T20:52:00+00:00,Other,Online photo aur real product alag lag rahe hain,Refunded,1086.00,1
RET-02200,ORD-02200,ITEM-02200,SKU-0451,CUST-0708,2025-02-13T14:08:00+00:00,Other,Length is not as shown,Refunded,489.00,1
RET-02202,ORD-02202,ITEM-02202,SKU-0131,CUST-0577,2026-04-27T17:37:00+00:00,Other,"Exchange chahiye, return nahi",Exchange Completed,605.00,1
RET-02205,ORD-02205,ITEM-02205,SKU-0190,CUST-0558,2025-05-12T04:29:00+00:00,Other,Not matching with my dupatta,Refunded,1410.00,1
RET-02206,ORD-02206,ITEM-02206,SKU-0367,CUST-0495,2026-07-19T04:50:00+00:00,Other,Mujhe dusra colour chahiye tha,Refunded,1421.00,1
RET-02207,ORD-02207,ITEM-02207,SKU-0384,CUST-0924,2026-09-22T04:16:00+00:00,Other,"Photo mein shade halka tha, actual zyada dark hai",Refunded,689.00,1
RET-02208,ORD-02208,ITEM-02208,SKU-0375,CUST-0361,2025-11-20T23:30:00+00:00,Other,Fabric feels different than what I expected,Refunded,443.00,1
RET-02212,ORD-02212,ITEM-02212,SKU-0457,CUST-0818,2025-09-02T21:40:00+00:00,Other,Length is not as shown,Refunded,732.00,1
RET-02213,ORD-02213,ITEM-02213,SKU-0086,CUST-0926,2025-08-31T02:04:00+00:00,Other,Kapda thoda transparent hai,Refunded,1100.00,1
RET-02215,ORD-02215,ITEM-02215,SKU-0363,CUST-0701,2026-09-16T23:19:00+00:00,Other,Looks different in daylight,Refunded,772.00,1
RET-02218,ORD-02218,ITEM-02218,SKU-0437,CUST-0823,2025-07-20T12:37:00+00:00,Other,"Bahut tight hai, size bada chahiye",Refunded,1319.00,1
RET-02225,ORD-02225,ITEM-02225,SKU-0035,CUST-0581,2025-01-27T19:20:00+00:00,Other,Order was a gift but recipient did not like the style,Refunded,1337.00,1
RET-02227,ORD-02227,ITEM-02227,SKU-0188,CUST-0009,2025-05-30T12:56:00+00:00,Other,Parcel kholne par ek button missing tha,Refunded,538.00,1
RET-02228,ORD-02228,ITEM-02228,SKU-0164,CUST-0111,2026-06-17T00:42:00+00:00,Other,Kapda thoda transparent hai,Refunded,1207.00,1
RET-02229,ORD-02229,ITEM-02229,SKU-0033,CUST-0508,2025-03-20T04:31:00+00:00,Other,Fabric feels different than what I expected,Refunded,918.00,1
RET-02231,ORD-02231,ITEM-02231,SKU-0356,CUST-0834,2025-03-27T14:35:00+00:00,Other,"Bahut tight hai, size bada chahiye",Refunded,535.00,1
RET-02234,ORD-02234,ITEM-02234,SKU-0262,CUST-0926,2026-05-21T12:07:00+00:00,Other,"Exchange chahiye, return nahi",Exchange Completed,593.00,1
RET-02235,ORD-02235,ITEM-02235,SKU-0408,CUST-0350,2026-04-04T09:06:00+00:00,Other,"Exchange chahiye, return nahi",Refunded,626.00,1
RET-02237,ORD-02237,ITEM-02237,SKU-0286,CUST-0690,2026-07-05T06:12:00+00:00,Other,"Exchange chahiye, return nahi",Refunded,1122.00,1
RET-02238,ORD-02238,ITEM-02238,SKU-0298,CUST-0472,2026-09-11T03:27:00+00:00,Other,Order was a gift but recipient did not like the style,Refunded,771.00,1
RET-02247,ORD-02247,ITEM-02247,SKU-0008,CUST-0952,2025-11-23T06:06:00+00:00,Other,Kurti is loose,Refunded,803.00,1
RET-02251,ORD-02251,ITEM-02251,SKU-0080,CUST-0554,2025-06-23T08:37:00+00:00,Other,Online photo aur real product alag lag rahe hain,Refunded,1006.00,1
RET-02252,ORD-02252,ITEM-02252,SKU-0307,CUST-0084,2026-08-29T19:25:00+00:00,Other,Looks different in daylight,Exchange Completed,1315.00,1
RET-02258,ORD-02258,ITEM-02258,SKU-0479,CUST-0092,2026-04-13T03:56:00+00:00,Other,Kapda thoda transparent hai,Exchange Completed,754.00,1
RET-02259,ORD-02259,ITEM-02259,SKU-0162,CUST-0370,2025-07-22T05:52:00+00:00,Other,Not matching with my dupatta,Refunded,886.00,1
RET-02262,ORD-02262,ITEM-02262,SKU-0288,CUST-0718,2026-07-10T11:26:00+00:00,Other,"Bahut tight hai, size bada chahiye",Exchange Completed,1419.00,1
RET-02273,ORD-02273,ITEM-02273,SKU-0159,CUST-0525,2025-01-11T04:19:00+00:00,Other,Colour is different from picture,Refunded,707.00,1
RET-02274,ORD-02274,ITEM-02274,SKU-0132,CUST-0347,2026-05-14T11:37:00+00:00,Other,"Exchange chahiye, return nahi",Exchange Completed,1413.00,1
RET-02275,ORD-02275,ITEM-02275,SKU-0190,CUST-0771,2025-05-14T11:05:00+00:00,Other,Parcel kholne par ek button missing tha,Refunded,1410.00,1
RET-02279,ORD-02279,ITEM-02279,SKU-0273,CUST-0860,2025-02-25T19:33:00+00:00,Other,Stitching at the side looks uneven,Refunded,678.00,1
RET-02280,ORD-02280,ITEM-02280,SKU-0387,CUST-0864,2026-06-25T23:13:00+00:00,Other,"Bahut tight hai, size bada chahiye",Refunded,1016.00,1
RET-02281,ORD-02281,ITEM-02281,SKU-0344,CUST-0942,2025-04-12T01:04:00+00:00,Other,"Photo mein shade halka tha, actual zyada dark hai",Refunded,631.00,1
RET-02282,ORD-02282,ITEM-02282,SKU-0457,CUST-0485,2025-10-29T10:58:00+00:00,Other,Colour is different from picture,Refunded,732.00,1
RET-02284,ORD-02284,ITEM-02284,SKU-0475,CUST-0937,2025-01-23T21:54:00+00:00,Other,Parcel kholne par ek button missing tha,Exchange Completed,493.00,1
RET-02288,ORD-02288,ITEM-02288,SKU-0437,CUST-0206,2025-02-14T00:10:00+00:00,Other,Order was a gift but recipient did not like the style,Refunded,1319.00,1
RET-02290,ORD-02290,ITEM-02290,SKU-0205,CUST-0902,2026-06-07T08:29:00+00:00,Other,"Photo mein shade halka tha, actual zyada dark hai",Exchange Completed,1357.00,1
RET-02291,ORD-02291,ITEM-02291,SKU-0178,CUST-0198,2026-08-31T08:57:00+00:00,Other,Length is not as shown,Refunded,1315.00,1
RET-02294,ORD-02294,ITEM-02294,SKU-0172,CUST-0251,2025-12-11T12:58:00+00:00,Other,Looks different in daylight,Refunded,974.00,1
RET-02295,ORD-02295,ITEM-02295,SKU-0035,CUST-0572,2026-08-06T05:21:00+00:00,Other,The print placement looks different on mine,Exchange Completed,1337.00,1
RET-02297,ORD-02297,ITEM-02297,SKU-0188,CUST-0375,2025-09-23T01:01:00+00:00,Other,Colour is different from picture,Refunded,538.00,1
RET-02298,ORD-02298,ITEM-02298,SKU-0164,CUST-0835,2025-10-29T14:29:00+00:00,Other,Stitching at the side looks uneven,Refunded,1207.00,1
RET-02302,ORD-02302,ITEM-02302,SKU-0277,CUST-0283,2026-08-05T15:58:00+00:00,Other,Length is not as shown,Refunded,1201.00,1
RET-02303,ORD-02303,ITEM-02303,SKU-0289,CUST-0887,2026-03-17T20:05:00+00:00,Other,"Bahut tight hai, size bada chahiye",Exchange Completed,444.00,1
RET-02308,ORD-02308,ITEM-02308,SKU-0298,CUST-0871,2025-05-21T14:50:00+00:00,Other,Order was a gift but recipient did not like the style,Refunded,771.00,1
RET-02309,ORD-02309,ITEM-02309,SKU-0095,CUST-0990,2026-02-12T13:50:00+00:00,Other,Length is not as shown,Refunded,1481.00,1
RET-02310,ORD-02310,ITEM-02310,SKU-0005,CUST-0498,2026-02-06T22:27:00+00:00,Other,Fabric feels different than what I expected,Refunded,889.00,1
RET-02318,ORD-02318,ITEM-02318,SKU-0053,CUST-0427,2026-07-05T21:26:00+00:00,Other,The print placement looks different on mine,Refunded,452.00,1
RET-02321,ORD-02321,ITEM-02321,SKU-0080,CUST-0175,2025-11-16T09:16:00+00:00,Other,Not matching with my dupatta,Refunded,1006.00,1
RET-02324,ORD-02324,ITEM-02324,SKU-0062,CUST-0029,2025-01-12T17:47:00+00:00,Other,"Exchange chahiye, return nahi",Exchange Completed,1057.00,1
RET-02328,ORD-02328,ITEM-02328,SKU-0479,CUST-0863,2025-02-16T18:18:00+00:00,Other,"Bahut tight hai, size bada chahiye",Exchange Completed,754.00,1
RET-02331,ORD-02331,ITEM-02331,SKU-0461,CUST-0008,2025-08-10T10:42:00+00:00,Other,"Bahut tight hai, size bada chahiye",Refunded,456.00,1
RET-02335,ORD-02335,ITEM-02335,SKU-0432,CUST-0332,2026-04-19T21:16:00+00:00,Other,"Bahut tight hai, size bada chahiye",Refunded,1302.00,1
RET-02337,ORD-02337,ITEM-02337,SKU-0232,CUST-0502,2026-09-05T11:34:00+00:00,Other,Order was a gift but recipient did not like the style,Exchange Completed,781.00,1
RET-02338,ORD-02338,ITEM-02338,SKU-0308,CUST-0227,2026-04-06T11:46:00+00:00,Other,Order was a gift but recipient did not like the style,Refunded,531.00,1
RET-02344,ORD-02344,ITEM-02344,SKU-0132,CUST-0521,2025-11-27T02:54:00+00:00,Other,Parcel kholne par ek button missing tha,Refunded,1413.00,1
RET-02347,ORD-02347,ITEM-02347,SKU-0384,CUST-0076,2025-05-04T18:44:00+00:00,Other,"Bahut tight hai, size bada chahiye",Refunded,689.00,1
RET-02348,ORD-02348,ITEM-02348,SKU-0375,CUST-0163,2025-06-06T00:32:00+00:00,Other,Parcel kholne par ek button missing tha,Exchange Completed,443.00,1
RET-02352,ORD-02352,ITEM-02352,SKU-0457,CUST-0585,2026-05-23T02:21:00+00:00,Other,The print placement looks different on mine,Exchange Completed,732.00,1
RET-02354,ORD-02354,ITEM-02354,SKU-0475,CUST-0394,2025-07-10T03:16:00+00:00,Other,Parcel kholne par ek button missing tha,Refunded,493.00,1
RET-02355,ORD-02355,ITEM-02355,SKU-0363,CUST-0810,2026-07-15T12:43:00+00:00,Other,The print placement looks different on mine,Refunded,772.00,1
RET-02357,ORD-02357,ITEM-02357,SKU-0002,CUST-0993,2026-03-06T22:57:00+00:00,Other,Not matching with my dupatta,Refunded,1499.00,1
RET-02358,ORD-02358,ITEM-02358,SKU-0437,CUST-0096,2025-02-05T18:45:00+00:00,Other,Stitching at the side looks uneven,Refunded,1319.00,1
RET-02360,ORD-02360,ITEM-02360,SKU-0205,CUST-0405,2025-08-16T05:06:00+00:00,Other,Order was a gift but recipient did not like the style,Refunded,1357.00,1
RET-02362,ORD-02362,ITEM-02362,SKU-0203,CUST-0999,2025-06-28T09:49:00+00:00,Other,Quality utni achhi nahi lagi,Refunded,983.00,1
RET-02363,ORD-02363,ITEM-02363,SKU-0282,CUST-0473,2025-02-21T15:08:00+00:00,Other,"Function ke liye liya tha, ab occasion nahi hai",Refunded,1131.00,1
RET-02364,ORD-02364,ITEM-02364,SKU-0172,CUST-0954,2025-07-21T05:37:00+00:00,Other,Quality utni achhi nahi lagi,Exchange Completed,974.00,1
RET-02367,ORD-02367,ITEM-02367,SKU-0188,CUST-0353,2026-02-13T07:37:00+00:00,Other,"Exchange chahiye, return nahi",Refunded,538.00,1
RET-02377,ORD-02377,ITEM-02377,SKU-0286,CUST-0665,2025-06-24T00:29:00+00:00,Other,"Exchange chahiye, return nahi",Exchange Completed,1122.00,1
RET-02388,ORD-02388,ITEM-02388,SKU-0053,CUST-0672,2026-07-05T14:19:00+00:00,Other,Mujhe dusra colour chahiye tha,Exchange Completed,452.00,1
RET-02392,ORD-02392,ITEM-02392,SKU-0307,CUST-0308,2025-09-28T23:58:00+00:00,Other,Stitching at the side looks uneven,Refunded,1315.00,1
RET-02394,ORD-02394,ITEM-02394,SKU-0062,CUST-0432,2025-10-11T00:39:00+00:00,Other,Not matching with my dupatta,Exchange Completed,1057.00,1
RET-02397,ORD-02397,ITEM-02397,SKU-0108,CUST-0388,2025-04-18T12:09:00+00:00,Other,Length is not as shown,Refunded,447.00,1
RET-02399,ORD-02399,ITEM-02399,SKU-0162,CUST-0189,2025-10-31T11:50:00+00:00,Other,Mujhe dusra colour chahiye tha,Refunded,886.00,1
RET-02404,ORD-02404,ITEM-02404,SKU-0090,CUST-0492,2026-04-01T11:56:00+00:00,Other,Colour is different from picture,Exchange Completed,1174.00,1
RET-02406,ORD-02406,ITEM-02406,SKU-0471,CUST-0278,2025-09-16T08:16:00+00:00,Other,"Bahut tight hai, size bada chahiye",Refunded,1008.00,1
RET-02408,ORD-02408,ITEM-02408,SKU-0308,CUST-0142,2025-05-09T19:18:00+00:00,Other,Length is not as shown,Exchange Completed,531.00,1
RET-02415,ORD-02415,ITEM-02415,SKU-0190,CUST-0845,2026-05-19T21:24:00+00:00,Other,Quality utni achhi nahi lagi,Refunded,1410.00,1
RET-02420,ORD-02420,ITEM-02420,SKU-0387,CUST-0687,2025-10-21T05:08:00+00:00,Other,Looks different in daylight,Refunded,1016.00,1
RET-02427,ORD-02427,ITEM-02427,SKU-0002,CUST-0566,2025-07-06T11:47:00+00:00,Other,Order was a gift but recipient did not like the style,Refunded,1499.00,1
RET-02430,ORD-02430,ITEM-02430,SKU-0205,CUST-0745,2026-01-05T10:47:00+00:00,Other,Not matching with my dupatta,Refunded,1357.00,1
RET-02431,ORD-02431,ITEM-02431,SKU-0178,CUST-0366,2026-07-31T21:32:00+00:00,Other,Mujhe dusra colour chahiye tha,Refunded,1315.00,1
RET-02444,ORD-02444,ITEM-02444,SKU-0262,CUST-0543,2025-04-17T20:40:00+00:00,Other,Kurti is loose,Refunded,593.00,1
RET-02446,ORD-02446,ITEM-02446,SKU-0338,CUST-0788,2025-07-17T23:51:00+00:00,Other,Quality utni achhi nahi lagi,Refunded,1059.00,1
RET-02449,ORD-02449,ITEM-02449,SKU-0095,CUST-0584,2025-07-31T05:24:00+00:00,Other,Order was a gift but recipient did not like the style,Refunded,1481.00,1
RET-02458,ORD-02458,ITEM-02458,SKU-0053,CUST-0471,2025-02-05T20:08:00+00:00,Other,Fabric feels different than what I expected,Exchange Completed,452.00,1
RET-02463,ORD-02463,ITEM-02463,SKU-0040,CUST-0840,2026-09-30T05:19:00+00:00,Other,"Exchange chahiye, return nahi",Refunded,400.00,1
RET-02465,ORD-02465,ITEM-02465,SKU-0223,CUST-0205,2025-06-19T22:20:00+00:00,Other,Parcel kholne par ek button missing tha,Exchange Completed,1120.00,1
RET-02466,ORD-02466,ITEM-02466,SKU-0268,CUST-0411,2026-09-01T22:47:00+00:00,Other,Stitching at the side looks uneven,Refunded,413.00,1
RET-02475,ORD-02475,ITEM-02475,SKU-0432,CUST-0362,2025-04-03T11:27:00+00:00,Other,"Bahut tight hai, size bada chahiye",Refunded,1302.00,1
RET-02478,ORD-02478,ITEM-02478,SKU-0308,CUST-0622,2025-09-10T14:05:00+00:00,Other,Parcel kholne par ek button missing tha,Refunded,531.00,1
RET-02479,ORD-02479,ITEM-02479,SKU-0462,CUST-0906,2026-04-24T11:55:00+00:00,Other,Colour is different from picture,Refunded,940.00,1
RET-02481,ORD-02481,ITEM-02481,SKU-0228,CUST-0397,2025-03-18T03:15:00+00:00,Other,Length is not as shown,Refunded,717.00,1
RET-02482,ORD-02482,ITEM-02482,SKU-0131,CUST-0511,2026-06-23T09:16:00+00:00,Other,"Bahut tight hai, size bada chahiye",Exchange Completed,605.00,1
RET-02483,ORD-02483,ITEM-02483,SKU-0159,CUST-0755,2025-11-16T12:27:00+00:00,Other,Looks different in daylight,Refunded,707.00,1
RET-02487,ORD-02487,ITEM-02487,SKU-0384,CUST-0422,2025-01-25T05:52:00+00:00,Other,Order was a gift but recipient did not like the style,Exchange Completed,689.00,1
RET-02488,ORD-02488,ITEM-02488,SKU-0375,CUST-0142,2026-04-06T03:05:00+00:00,Other,"Photo mein shade halka tha, actual zyada dark hai",Exchange Completed,443.00,1
RET-02493,ORD-02493,ITEM-02493,SKU-0086,CUST-0664,2025-09-23T21:33:00+00:00,Other,Parcel kholne par ek button missing tha,Exchange Completed,1100.00,1
RET-02504,ORD-02504,ITEM-02504,SKU-0172,CUST-0479,2025-08-27T00:52:00+00:00,Other,Online photo aur real product alag lag rahe hain,Refunded,974.00,1
RET-02506,ORD-02506,ITEM-02506,SKU-0176,CUST-0313,2025-12-26T21:30:00+00:00,Other,"Bahut tight hai, size bada chahiye",Refunded,518.00,1
RET-02507,ORD-02507,ITEM-02507,SKU-0188,CUST-0063,2025-07-01T04:25:00+00:00,Other,"Function ke liye liya tha, ab occasion nahi hai",Refunded,538.00,1
RET-02508,ORD-02508,ITEM-02508,SKU-0164,CUST-0690,2025-11-25T15:28:00+00:00,Other,Fabric feels different than what I expected,Refunded,1207.00,1
RET-02513,ORD-02513,ITEM-02513,SKU-0289,CUST-0753,2026-06-16T07:24:00+00:00,Other,"Exchange chahiye, return nahi",Exchange Completed,444.00,1
RET-02516,ORD-02516,ITEM-02516,SKU-0338,CUST-0343,2025-04-17T12:37:00+00:00,Other,"Bahut tight hai, size bada chahiye",Refunded,1059.00,1
RET-02517,ORD-02517,ITEM-02517,SKU-0286,CUST-0501,2026-03-28T21:27:00+00:00,Other,"Bahut tight hai, size bada chahiye",Refunded,1122.00,1
RET-02520,ORD-02520,ITEM-02520,SKU-0005,CUST-0118,2025-02-27T04:43:00+00:00,Other,Online photo aur real product alag lag rahe hain,Exchange Completed,889.00,1
RET-02526,ORD-02526,ITEM-02526,SKU-0093,CUST-0638,2025-06-18T10:44:00+00:00,Other,Length is not as shown,Exchange Completed,774.00,1
RET-02529,ORD-02529,ITEM-02529,SKU-0255,CUST-0650,2026-08-21T17:44:00+00:00,Other,The print placement looks different on mine,Exchange Completed,440.00,1
RET-02530,ORD-02530,ITEM-02530,SKU-0179,CUST-0776,2025-08-27T10:22:00+00:00,Other,"Bahut tight hai, size bada chahiye",Exchange Completed,1327.00,1
RET-02531,ORD-02531,ITEM-02531,SKU-0080,CUST-0841,2025-11-19T06:16:00+00:00,Other,"Exchange chahiye, return nahi",Exchange Completed,1006.00,1
RET-02533,ORD-02533,ITEM-02533,SKU-0040,CUST-0254,2026-01-24T23:45:00+00:00,Other,Kurti is loose,Exchange Completed,400.00,1
RET-02534,ORD-02534,ITEM-02534,SKU-0062,CUST-0987,2025-09-29T18:16:00+00:00,Other,Order was a gift but recipient did not like the style,Refunded,1057.00,1
RET-02549,ORD-02549,ITEM-02549,SKU-0462,CUST-0426,2026-04-30T23:55:00+00:00,Other,Kapda thoda transparent hai,Refunded,940.00,1
RET-02550,ORD-02550,ITEM-02550,SKU-0451,CUST-0439,2026-01-11T22:11:00+00:00,Other,Fabric feels different than what I expected,Exchange Completed,489.00,1
RET-02552,ORD-02552,ITEM-02552,SKU-0131,CUST-0636,2025-11-14T15:40:00+00:00,Other,Kapda thoda transparent hai,Refunded,605.00,1
RET-02553,ORD-02553,ITEM-02553,SKU-0159,CUST-0652,2026-03-25T02:18:00+00:00,Other,The print placement looks different on mine,Exchange Completed,707.00,1
RET-02554,ORD-02554,ITEM-02554,SKU-0132,CUST-0326,2025-03-06T03:57:00+00:00,Other,Order was a gift but recipient did not like the style,Exchange Completed,1413.00,1
RET-02556,ORD-02556,ITEM-02556,SKU-0367,CUST-0705,2026-09-06T02:23:00+00:00,Other,Quality utni achhi nahi lagi,Refunded,1421.00,1
RET-02558,ORD-02558,ITEM-02558,SKU-0375,CUST-0673,2026-08-10T02:54:00+00:00,Other,"Function ke liye liya tha, ab occasion nahi hai",Refunded,443.00,1
RET-02559,ORD-02559,ITEM-02559,SKU-0273,CUST-0278,2025-09-05T02:01:00+00:00,Other,Length is not as shown,Refunded,678.00,1
RET-02565,ORD-02565,ITEM-02565,SKU-0363,CUST-0908,2025-06-03T22:30:00+00:00,Other,Quality utni achhi nahi lagi,Refunded,772.00,1
RET-02566,ORD-02566,ITEM-02566,SKU-0152,CUST-0682,2025-09-12T03:57:00+00:00,Other,Not matching with my dupatta,Refunded,1080.00,1
RET-02570,ORD-02570,ITEM-02570,SKU-0205,CUST-0047,2025-07-19T14:34:00+00:00,Other,"Photo mein shade halka tha, actual zyada dark hai",Exchange Completed,1357.00,1
RET-02571,ORD-02571,ITEM-02571,SKU-0178,CUST-0896,2025-02-10T11:56:00+00:00,Other,Length is not as shown,Refunded,1315.00,1
RET-02578,ORD-02578,ITEM-02578,SKU-0164,CUST-0790,2025-02-18T18:02:00+00:00,Other,Length is not as shown,Refunded,1207.00,1
RET-02580,ORD-02580,ITEM-02580,SKU-0114,CUST-0642,2025-03-11T23:45:00+00:00,Other,The print placement looks different on mine,Refunded,585.00,1
RET-02597,ORD-02597,ITEM-02597,SKU-0008,CUST-0101,2025-07-08T21:23:00+00:00,Other,Order was a gift but recipient did not like the style,Refunded,803.00,1
RET-02604,ORD-02604,ITEM-02604,SKU-0062,CUST-0518,2026-09-14T20:36:00+00:00,Other,Mujhe dusra colour chahiye tha,Refunded,1057.00,1
RET-02605,ORD-02605,ITEM-02605,SKU-0223,CUST-0176,2025-08-24T02:32:00+00:00,Other,Order was a gift but recipient did not like the style,Exchange Completed,1120.00,1
RET-02610,ORD-02610,ITEM-02610,SKU-0133,CUST-0170,2026-01-04T07:41:00+00:00,Other,Kapda thoda transparent hai,Refunded,589.00,1
RET-02612,ORD-02612,ITEM-02612,SKU-0288,CUST-0427,2025-10-05T05:08:00+00:00,Other,"Photo mein shade halka tha, actual zyada dark hai",Refunded,1419.00,1
RET-02615,ORD-02615,ITEM-02615,SKU-0432,CUST-0905,2026-02-01T17:41:00+00:00,Other,Length is not as shown,Refunded,1302.00,1
RET-02617,ORD-02617,ITEM-02617,SKU-0232,CUST-0743,2025-03-15T21:29:00+00:00,Other,"Exchange chahiye, return nahi",Exchange Completed,781.00,1
RET-02619,ORD-02619,ITEM-02619,SKU-0462,CUST-0603,2025-09-18T02:00:00+00:00,Other,Order was a gift but recipient did not like the style,Refunded,940.00,1
RET-02623,ORD-02623,ITEM-02623,SKU-0159,CUST-0655,2026-09-09T17:45:00+00:00,Other,Stitching at the side looks uneven,Exchange Completed,707.00,1
RET-02631,ORD-02631,ITEM-02631,SKU-0344,CUST-0332,2026-05-01T00:35:00+00:00,Other,"Photo mein shade halka tha, actual zyada dark hai",Exchange Completed,631.00,1
RET-02635,ORD-02635,ITEM-02635,SKU-0363,CUST-0804,2026-04-24T01:00:00+00:00,Other,Online photo aur real product alag lag rahe hain,Exchange Completed,772.00,1
RET-02636,ORD-02636,ITEM-02636,SKU-0152,CUST-0226,2026-06-28T16:11:00+00:00,Other,"Photo mein shade halka tha, actual zyada dark hai",Refunded,1080.00,1
RET-02647,ORD-02647,ITEM-02647,SKU-0188,CUST-0222,2025-01-11T21:24:00+00:00,Other,Fabric feels different than what I expected,Refunded,538.00,1
RET-02648,ORD-02648,ITEM-02648,SKU-0164,CUST-0084,2025-12-11T12:14:00+00:00,Other,"Bahut tight hai, size bada chahiye",Refunded,1207.00,1
RET-02649,ORD-02649,ITEM-02649,SKU-0033,CUST-0953,2025-05-09T15:01:00+00:00,Other,Colour is different from picture,Refunded,918.00,1
RET-02652,ORD-02652,ITEM-02652,SKU-0277,CUST-0295,2026-05-17T19:12:00+00:00,Other,Length is not as shown,Exchange Completed,1201.00,1
RET-02657,ORD-02657,ITEM-02657,SKU-0286,CUST-0389,2025-10-21T16:10:00+00:00,Other,Length is not as shown,Exchange Completed,1122.00,1
RET-02659,ORD-02659,ITEM-02659,SKU-0095,CUST-0463,2026-05-03T00:28:00+00:00,Other,"Function ke liye liya tha, ab occasion nahi hai",Refunded,1481.00,1
RET-02666,ORD-02666,ITEM-02666,SKU-0093,CUST-0448,2025-01-24T21:31:00+00:00,Other,Quality utni achhi nahi lagi,Refunded,774.00,1
RET-02672,ORD-02672,ITEM-02672,SKU-0307,CUST-0520,2025-08-11T22:05:00+00:00,Other,Looks different in daylight,Refunded,1315.00,1
RET-02678,ORD-02678,ITEM-02678,SKU-0479,CUST-0078,2025-08-12T15:25:00+00:00,Other,"Exchange chahiye, return nahi",Exchange Completed,754.00,1
RET-02681,ORD-02681,ITEM-02681,SKU-0461,CUST-0903,2025-02-04T03:56:00+00:00,Other,Stitching at the side looks uneven,Exchange Completed,456.00,1
RET-02682,ORD-02682,ITEM-02682,SKU-0288,CUST-0356,2026-02-10T16:33:00+00:00,Other,Online photo aur real product alag lag rahe hain,Refunded,1419.00,1
RET-02683,ORD-02683,ITEM-02683,SKU-0257,CUST-0629,2025-01-28T10:34:00+00:00,Other,"Photo mein shade halka tha, actual zyada dark hai",Exchange Completed,1086.00,1
RET-02684,ORD-02684,ITEM-02684,SKU-0090,CUST-0801,2025-08-05T10:09:00+00:00,Other,Kapda thoda transparent hai,Refunded,1174.00,1
RET-02685,ORD-02685,ITEM-02685,SKU-0432,CUST-0241,2025-09-26T01:02:00+00:00,Other,Fabric feels different than what I expected,Exchange Completed,1302.00,1
RET-02688,ORD-02688,ITEM-02688,SKU-0308,CUST-0574,2026-05-08T20:04:00+00:00,Other,Fabric feels different than what I expected,Refunded,531.00,1
RET-02689,ORD-02689,ITEM-02689,SKU-0462,CUST-0631,2025-06-04T07:38:00+00:00,Other,Kurti is loose,Exchange Completed,940.00,1
RET-02691,ORD-02691,ITEM-02691,SKU-0228,CUST-0496,2025-11-26T21:38:00+00:00,Other,Online photo aur real product alag lag rahe hain,Refunded,717.00,1
RET-02694,ORD-02694,ITEM-02694,SKU-0132,CUST-0294,2025-06-29T13:55:00+00:00,Other,Not matching with my dupatta,Refunded,1413.00,1
RET-02697,ORD-02697,ITEM-02697,SKU-0384,CUST-0671,2026-03-31T01:04:00+00:00,Other,"Function ke liye liya tha, ab occasion nahi hai",Exchange Completed,689.00,1
RET-02703,ORD-02703,ITEM-02703,SKU-0086,CUST-0889,2025-11-02T02:18:00+00:00,Other,Looks different in daylight,Refunded,1100.00,1
RET-02705,ORD-02705,ITEM-02705,SKU-0363,CUST-0143,2026-05-22T09:46:00+00:00,Other,"Function ke liye liya tha, ab occasion nahi hai",Refunded,772.00,1
RET-02706,ORD-02706,ITEM-02706,SKU-0152,CUST-0935,2026-09-17T10:22:00+00:00,Other,Colour is different from picture,Refunded,1080.00,1
RET-02707,ORD-02707,ITEM-02707,SKU-0002,CUST-0117,2025-02-22T11:47:00+00:00,Other,Quality utni achhi nahi lagi,Refunded,1499.00,1
RET-02712,ORD-02712,ITEM-02712,SKU-0203,CUST-0657,2025-05-23T12:07:00+00:00,Other,"Exchange chahiye, return nahi",Refunded,983.00,1
RET-02714,ORD-02714,ITEM-02714,SKU-0172,CUST-0084,2025-03-06T22:12:00+00:00,Other,"Photo mein shade halka tha, actual zyada dark hai",Exchange Completed,974.00,1
RET-02717,ORD-02717,ITEM-02717,SKU-0188,CUST-0471,2025-04-08T23:48:00+00:00,Other,Quality utni achhi nahi lagi,Refunded,538.00,1
RET-02728,ORD-02728,ITEM-02728,SKU-0298,CUST-0335,2026-05-03T16:31:00+00:00,Other,"Function ke liye liya tha, ab occasion nahi hai",Refunded,771.00,1
RET-02736,ORD-02736,ITEM-02736,SKU-0093,CUST-0923,2025-02-18T16:15:00+00:00,Other,"Exchange chahiye, return nahi",Refunded,774.00,1
RET-02738,ORD-02738,ITEM-02738,SKU-0053,CUST-0869,2025-09-27T23:57:00+00:00,Other,Parcel kholne par ek button missing tha,Refunded,452.00,1
RET-02739,ORD-02739,ITEM-02739,SKU-0255,CUST-0081,2026-02-04T00:32:00+00:00,Other,Mujhe dusra colour chahiye tha,Refunded,440.00,1
RET-02742,ORD-02742,ITEM-02742,SKU-0307,CUST-0040,2026-04-19T14:12:00+00:00,Other,"Bahut tight hai, size bada chahiye",Refunded,1315.00,1
RET-02743,ORD-02743,ITEM-02743,SKU-0040,CUST-0465,2026-08-21T06:38:00+00:00,Other,"Exchange chahiye, return nahi",Exchange Completed,400.00,1
RET-02746,ORD-02746,ITEM-02746,SKU-0268,CUST-0085,2026-03-24T12:39:00+00:00,Other,"Function ke liye liya tha, ab occasion nahi hai",Refunded,413.00,1
RET-02753,ORD-02753,ITEM-02753,SKU-0257,CUST-0936,2026-04-21T19:50:00+00:00,Other,The print placement looks different on mine,Refunded,1086.00,1
RET-02758,ORD-02758,ITEM-02758,SKU-0308,CUST-0972,2026-05-21T16:16:00+00:00,Other,Looks different in daylight,Exchange Completed,531.00,1
RET-02762,ORD-02762,ITEM-02762,SKU-0131,CUST-0035,2026-09-23T19:11:00+00:00,Other,Parcel kholne par ek button missing tha,Refunded,605.00,1
RET-02765,ORD-02765,ITEM-02765,SKU-0190,CUST-0751,2025-01-14T08:55:00+00:00,Other,Colour is different from picture,Exchange Completed,1410.00,1
RET-02766,ORD-02766,ITEM-02766,SKU-0367,CUST-0169,2025-02-13T00:21:00+00:00,Other,Kapda thoda transparent hai,Refunded,1421.00,1
RET-02769,ORD-02769,ITEM-02769,SKU-0273,CUST-0449,2026-03-06T08:15:00+00:00,Other,Fabric feels different than what I expected,Refunded,678.00,1
RET-02770,ORD-02770,ITEM-02770,SKU-0387,CUST-0665,2025-04-24T04:38:00+00:00,Other,"Photo mein shade halka tha, actual zyada dark hai",Refunded,1016.00,1
RET-02773,ORD-02773,ITEM-02773,SKU-0086,CUST-0723,2025-07-12T15:00:00+00:00,Other,"Photo mein shade halka tha, actual zyada dark hai",Refunded,1100.00,1
RET-02776,ORD-02776,ITEM-02776,SKU-0152,CUST-0379,2026-05-19T15:58:00+00:00,Other,Quality utni achhi nahi lagi,Refunded,1080.00,1
RET-02778,ORD-02778,ITEM-02778,SKU-0437,CUST-0534,2026-06-24T03:13:00+00:00,Other,"Photo mein shade halka tha, actual zyada dark hai",Exchange Completed,1319.00,1
RET-02782,ORD-02782,ITEM-02782,SKU-0203,CUST-0420,2025-07-27T23:59:00+00:00,Other,Kurti is loose,Refunded,983.00,1
RET-02785,ORD-02785,ITEM-02785,SKU-0035,CUST-0633,2025-11-10T07:09:00+00:00,Other,Mujhe dusra colour chahiye tha,Refunded,1337.00,1
RET-02786,ORD-02786,ITEM-02786,SKU-0176,CUST-0651,2026-03-26T14:21:00+00:00,Other,Looks different in daylight,Refunded,518.00,1
RET-02787,ORD-02787,ITEM-02787,SKU-0188,CUST-0425,2025-04-22T12:36:00+00:00,Other,Quality utni achhi nahi lagi,Refunded,538.00,1
RET-02789,ORD-02789,ITEM-02789,SKU-0033,CUST-0519,2025-02-27T01:01:00+00:00,Other,Mujhe dusra colour chahiye tha,Exchange Completed,918.00,1
RET-02791,ORD-02791,ITEM-02791,SKU-0356,CUST-0210,2025-03-19T14:29:00+00:00,Other,Not matching with my dupatta,Refunded,535.00,1
RET-02793,ORD-02793,ITEM-02793,SKU-0289,CUST-0395,2025-04-16T23:58:00+00:00,Other,Parcel kholne par ek button missing tha,Refunded,444.00,1
RET-02795,ORD-02795,ITEM-02795,SKU-0408,CUST-0519,2025-06-30T03:23:00+00:00,Other,The print placement looks different on mine,Exchange Completed,626.00,1
RET-02806,ORD-02806,ITEM-02806,SKU-0093,CUST-0396,2026-03-09T07:15:00+00:00,Other,"Function ke liye liya tha, ab occasion nahi hai",Refunded,774.00,1
RET-02807,ORD-02807,ITEM-02807,SKU-0008,CUST-0092,2026-01-17T09:17:00+00:00,Other,Length is not as shown,Exchange Completed,803.00,1
RET-02810,ORD-02810,ITEM-02810,SKU-0179,CUST-0953,2025-02-17T17:37:00+00:00,Other,Parcel kholne par ek button missing tha,Refunded,1327.00,1
RET-02811,ORD-02811,ITEM-02811,SKU-0080,CUST-0245,2025-08-01T16:17:00+00:00,Other,The print placement looks different on mine,Refunded,1006.00,1
RET-02812,ORD-02812,ITEM-02812,SKU-0307,CUST-0519,2026-08-28T03:34:00+00:00,Other,Kurti is loose,Exchange Completed,1315.00,1
RET-02813,ORD-02813,ITEM-02813,SKU-0040,CUST-0334,2026-08-10T15:04:00+00:00,Other,Fabric feels different than what I expected,Refunded,400.00,1
RET-02815,ORD-02815,ITEM-02815,SKU-0223,CUST-0629,2026-06-14T07:57:00+00:00,Other,Kapda thoda transparent hai,Refunded,1120.00,1
RET-02816,ORD-02816,ITEM-02816,SKU-0268,CUST-0861,2026-06-11T17:49:00+00:00,Other,Fabric feels different than what I expected,Refunded,413.00,1
RET-02817,ORD-02817,ITEM-02817,SKU-0108,CUST-0043,2025-02-01T07:36:00+00:00,Other,The print placement looks different on mine,Exchange Completed,447.00,1
RET-02819,ORD-02819,ITEM-02819,SKU-0162,CUST-0354,2026-03-06T10:35:00+00:00,Other,The print placement looks different on mine,Refunded,886.00,1
RET-02820,ORD-02820,ITEM-02820,SKU-0133,CUST-0788,2026-08-12T20:31:00+00:00,Other,Kurti is loose,Refunded,589.00,1
RET-02822,ORD-02822,ITEM-02822,SKU-0288,CUST-0322,2025-11-17T10:12:00+00:00,Other,"Photo mein shade halka tha, actual zyada dark hai",Refunded,1419.00,1
RET-02824,ORD-02824,ITEM-02824,SKU-0090,CUST-0971,2025-07-03T00:43:00+00:00,Other,"Exchange chahiye, return nahi",Exchange Completed,1174.00,1
RET-02826,ORD-02826,ITEM-02826,SKU-0471,CUST-0440,2025-10-02T21:40:00+00:00,Other,Length is not as shown,Exchange Completed,1008.00,1
RET-02831,ORD-02831,ITEM-02831,SKU-0228,CUST-0925,2025-10-10T06:10:00+00:00,Other,"Photo mein shade halka tha, actual zyada dark hai",Refunded,717.00,1
RET-02833,ORD-02833,ITEM-02833,SKU-0159,CUST-0429,2026-08-17T21:45:00+00:00,Other,Parcel kholne par ek button missing tha,Refunded,707.00,1
RET-02839,ORD-02839,ITEM-02839,SKU-0273,CUST-0272,2025-10-21T09:32:00+00:00,Other,Length is not as shown,Exchange Completed,678.00,1
RET-02840,ORD-02840,ITEM-02840,SKU-0387,CUST-0550,2026-09-10T10:02:00+00:00,Other,Quality utni achhi nahi lagi,Exchange Completed,1016.00,1
RET-02842,ORD-02842,ITEM-02842,SKU-0457,CUST-0502,2025-06-29T10:19:00+00:00,Other,Kapda thoda transparent hai,Refunded,732.00,1
RET-02844,ORD-02844,ITEM-02844,SKU-0475,CUST-0531,2026-04-04T00:09:00+00:00,Other,Colour is different from picture,Refunded,493.00,1
RET-02846,ORD-02846,ITEM-02846,SKU-0152,CUST-0052,2025-08-01T13:17:00+00:00,Other,"Photo mein shade halka tha, actual zyada dark hai",Refunded,1080.00,1
RET-02847,ORD-02847,ITEM-02847,SKU-0002,CUST-0713,2026-06-20T08:15:00+00:00,Other,Mujhe dusra colour chahiye tha,Refunded,1499.00,1
RET-02849,ORD-02849,ITEM-02849,SKU-0436,CUST-0318,2026-09-18T22:10:00+00:00,Other,Kurti is loose,Refunded,424.00,1
RET-02850,ORD-02850,ITEM-02850,SKU-0205,CUST-0055,2025-02-06T13:04:00+00:00,Other,"Exchange chahiye, return nahi",Refunded,1357.00,1
RET-02852,ORD-02852,ITEM-02852,SKU-0203,CUST-0841,2025-11-10T12:46:00+00:00,Other,The print placement looks different on mine,Refunded,983.00,1
RET-02854,ORD-02854,ITEM-02854,SKU-0172,CUST-0959,2026-09-26T18:51:00+00:00,Other,"Exchange chahiye, return nahi",Refunded,974.00,1
RET-02855,ORD-02855,ITEM-02855,SKU-0035,CUST-0753,2025-02-07T04:47:00+00:00,Other,Length is not as shown,Exchange Completed,1337.00,1
RET-02857,ORD-02857,ITEM-02857,SKU-0188,CUST-0051,2025-05-17T13:29:00+00:00,Other,Length is not as shown,Refunded,538.00,1
RET-02859,ORD-02859,ITEM-02859,SKU-0033,CUST-0610,2025-03-29T15:11:00+00:00,Other,"Photo mein shade halka tha, actual zyada dark hai",Exchange Completed,918.00,1
RET-02860,ORD-02860,ITEM-02860,SKU-0114,CUST-0423,2025-08-16T00:44:00+00:00,Other,The print placement looks different on mine,Refunded,585.00,1
RET-02861,ORD-02861,ITEM-02861,SKU-0356,CUST-0923,2025-04-20T15:18:00+00:00,Other,Parcel kholne par ek button missing tha,Exchange Completed,535.00,1
RET-02863,ORD-02863,ITEM-02863,SKU-0289,CUST-0109,2025-05-09T16:46:00+00:00,Other,Online photo aur real product alag lag rahe hain,Refunded,444.00,1
RET-02870,ORD-02870,ITEM-02870,SKU-0005,CUST-0114,2026-02-03T03:05:00+00:00,Other,Order was a gift but recipient did not like the style,Exchange Completed,889.00,1
RET-02881,ORD-02881,ITEM-02881,SKU-0080,CUST-0918,2025-06-23T01:18:00+00:00,Other,"Exchange chahiye, return nahi",Refunded,1006.00,1
RET-02882,ORD-02882,ITEM-02882,SKU-0307,CUST-0575,2025-08-14T05:27:00+00:00,Other,Quality utni achhi nahi lagi,Refunded,1315.00,1
RET-02883,ORD-02883,ITEM-02883,SKU-0040,CUST-0659,2026-03-28T05:59:00+00:00,Other,Kapda thoda transparent hai,Refunded,400.00,1
RET-02886,ORD-02886,ITEM-02886,SKU-0268,CUST-0154,2026-05-02T04:23:00+00:00,Other,Length is not as shown,Refunded,413.00,1
RET-02887,ORD-02887,ITEM-02887,SKU-0108,CUST-0394,2025-07-14T18:47:00+00:00,Other,Online photo aur real product alag lag rahe hain,Exchange Completed,447.00,1
RET-02888,ORD-02888,ITEM-02888,SKU-0479,CUST-0124,2026-06-13T02:10:00+00:00,Other,Kapda thoda transparent hai,Exchange Completed,754.00,1
RET-02889,ORD-02889,ITEM-02889,SKU-0162,CUST-0950,2026-09-22T06:10:00+00:00,Other,"Exchange chahiye, return nahi",Refunded,886.00,1
RET-02890,ORD-02890,ITEM-02890,SKU-0133,CUST-0680,2025-07-02T22:58:00+00:00,Other,Quality utni achhi nahi lagi,Refunded,589.00,1
RET-02891,ORD-02891,ITEM-02891,SKU-0461,CUST-0885,2026-06-01T04:53:00+00:00,Other,Order was a gift but recipient did not like the style,Refunded,456.00,1
RET-02893,ORD-02893,ITEM-02893,SKU-0257,CUST-0633,2026-04-16T18:56:00+00:00,Other,Kurti is loose,Refunded,1086.00,1
RET-02896,ORD-02896,ITEM-02896,SKU-0471,CUST-0637,2025-09-05T00:11:00+00:00,Other,Colour is different from picture,Exchange Completed,1008.00,1
RET-02898,ORD-02898,ITEM-02898,SKU-0308,CUST-0256,2025-07-21T02:32:00+00:00,Other,Kurti is loose,Exchange Completed,531.00,1
RET-02899,ORD-02899,ITEM-02899,SKU-0462,CUST-0564,2025-08-16T04:12:00+00:00,Other,Looks different in daylight,Refunded,940.00,1
RET-02904,ORD-02904,ITEM-02904,SKU-0132,CUST-0418,2025-12-07T09:41:00+00:00,Other,Colour is different from picture,Exchange Completed,1413.00,1
RET-02907,ORD-02907,ITEM-02907,SKU-0384,CUST-0634,2026-09-14T18:26:00+00:00,Other,Colour is different from picture,Refunded,689.00,1
RET-02911,ORD-02911,ITEM-02911,SKU-0344,CUST-0988,2026-01-19T14:30:00+00:00,Other,"Bahut tight hai, size bada chahiye",Refunded,631.00,1
RET-02918,ORD-02918,ITEM-02918,SKU-0437,CUST-0426,2025-01-23T14:42:00+00:00,Other,"Function ke liye liya tha, ab occasion nahi hai",Exchange Completed,1319.00,1
RET-02919,ORD-02919,ITEM-02919,SKU-0436,CUST-0943,2025-01-16T06:34:00+00:00,Other,The print placement looks different on mine,Exchange Completed,424.00,1
RET-02920,ORD-02920,ITEM-02920,SKU-0205,CUST-0380,2025-08-12T04:32:00+00:00,Other,Colour is different from picture,Refunded,1357.00,1
RET-02921,ORD-02921,ITEM-02921,SKU-0178,CUST-0289,2025-02-06T07:22:00+00:00,Other,"Exchange chahiye, return nahi",Refunded,1315.00,1
RET-02928,ORD-02928,ITEM-02928,SKU-0164,CUST-0884,2026-05-10T12:44:00+00:00,Other,Quality utni achhi nahi lagi,Refunded,1207.00,1
RET-02930,ORD-02930,ITEM-02930,SKU-0114,CUST-0750,2026-04-14T10:23:00+00:00,Other,Length is not as shown,Refunded,585.00,1
RET-02939,ORD-02939,ITEM-02939,SKU-0095,CUST-0012,2025-10-29T05:08:00+00:00,Other,Kapda thoda transparent hai,Exchange Completed,1481.00,1
RET-02947,ORD-02947,ITEM-02947,SKU-0008,CUST-0742,2025-04-11T09:38:00+00:00,Other,Colour is different from picture,Refunded,803.00,1
RET-02949,ORD-02949,ITEM-02949,SKU-0255,CUST-0618,2025-08-24T16:26:00+00:00,Other,The print placement looks different on mine,Exchange Completed,440.00,1
RET-02954,ORD-02954,ITEM-02954,SKU-0062,CUST-0282,2026-07-27T17:13:00+00:00,Other,"Photo mein shade halka tha, actual zyada dark hai",Exchange Completed,1057.00,1
RET-02955,ORD-02955,ITEM-02955,SKU-0223,CUST-0700,2025-03-08T04:12:00+00:00,Other,Order was a gift but recipient did not like the style,Refunded,1120.00,1
RET-02956,ORD-02956,ITEM-02956,SKU-0268,CUST-0060,2025-03-20T12:39:00+00:00,Other,Kurti is loose,Refunded,413.00,1
RET-02957,ORD-02957,ITEM-02957,SKU-0108,CUST-0828,2025-08-22T03:12:00+00:00,Other,"Photo mein shade halka tha, actual zyada dark hai",Refunded,447.00,1
RET-02958,ORD-02958,ITEM-02958,SKU-0479,CUST-0269,2025-10-31T03:25:00+00:00,Other,Colour is different from picture,Exchange Completed,754.00,1
RET-02960,ORD-02960,ITEM-02960,SKU-0133,CUST-0135,2025-03-15T14:34:00+00:00,Other,Quality utni achhi nahi lagi,Exchange Completed,589.00,1
RET-02961,ORD-02961,ITEM-02961,SKU-0461,CUST-0110,2025-06-10T18:00:00+00:00,Other,The print placement looks different on mine,Exchange Completed,456.00,1
RET-02964,ORD-02964,ITEM-02964,SKU-0090,CUST-0951,2026-03-15T04:53:00+00:00,Other,"Photo mein shade halka tha, actual zyada dark hai",Refunded,1174.00,1
RET-02972,ORD-02972,ITEM-02972,SKU-0131,CUST-0063,2026-03-21T04:27:00+00:00,Other,"Bahut tight hai, size bada chahiye",Exchange Completed,605.00,1
RET-02976,ORD-02976,ITEM-02976,SKU-0367,CUST-0464,2026-01-28T22:14:00+00:00,Other,Quality utni achhi nahi lagi,Refunded,1421.00,1
RET-02977,ORD-02977,ITEM-02977,SKU-0384,CUST-0867,2025-10-16T14:20:00+00:00,Other,Order was a gift but recipient did not like the style,Exchange Completed,689.00,1
RET-02979,ORD-02979,ITEM-02979,SKU-0273,CUST-0879,2025-04-16T01:12:00+00:00,Other,Kapda thoda transparent hai,Exchange Completed,678.00,1
RET-02986,ORD-02986,ITEM-02986,SKU-0152,CUST-0387,2025-08-16T16:15:00+00:00,Other,Kurti is loose,Exchange Completed,1080.00,1
RET-02988,ORD-02988,ITEM-02988,SKU-0437,CUST-0589,2026-06-22T09:08:00+00:00,Other,Looks different in daylight,Refunded,1319.00,1
RET-02989,ORD-02989,ITEM-02989,SKU-0436,CUST-0375,2025-09-04T18:46:00+00:00,Other,"Function ke liye liya tha, ab occasion nahi hai",Exchange Completed,424.00,1
RET-02990,ORD-02990,ITEM-02990,SKU-0205,CUST-0075,2026-09-23T03:00:00+00:00,Other,Kurti is loose,Refunded,1357.00,1
RET-02991,ORD-02991,ITEM-02991,SKU-0178,CUST-0609,2025-09-20T22:11:00+00:00,Other,Colour is different from picture,Refunded,1315.00,1
RET-02992,ORD-02992,ITEM-02992,SKU-0203,CUST-0468,2026-04-18T04:05:00+00:00,Other,"Function ke liye liya tha, ab occasion nahi hai",Exchange Completed,983.00,1
RET-02999,ORD-02999,ITEM-02999,SKU-0033,CUST-0691,2026-03-29T11:22:00+00:00,Other,Kapda thoda transparent hai,Exchange Completed,918.00,1
RET-03001,ORD-03001,ITEM-03001,SKU-0356,CUST-0350,2026-08-04T03:02:00+00:00,Other,The print placement looks different on mine,Refunded,535.00,1
RET-03004,ORD-03004,ITEM-03004,SKU-0262,CUST-0154,2025-08-28T07:15:00+00:00,Other,Online photo aur real product alag lag rahe hain,Exchange Completed,593.00,1
RET-03005,ORD-03005,ITEM-03005,SKU-0408,CUST-0511,2026-10-04T04:20:00+00:00,Other,Kurti is loose,Refunded,626.00,1
RET-03006,ORD-03006,ITEM-03006,SKU-0338,CUST-0700,2026-01-17T10:13:00+00:00,Other,Stitching at the side looks uneven,Refunded,1059.00,1
RET-03007,ORD-03007,ITEM-03007,SKU-0286,CUST-0991,2026-08-02T04:49:00+00:00,Other,Not matching with my dupatta,Refunded,1122.00,1
RET-03008,ORD-03008,ITEM-03008,SKU-0298,CUST-0556,2026-04-19T22:27:00+00:00,Other,Online photo aur real product alag lag rahe hain,Exchange Completed,771.00,1
RET-03009,ORD-03009,ITEM-03009,SKU-0095,CUST-0696,2025-02-22T07:40:00+00:00,Other,Mujhe dusra colour chahiye tha,Exchange Completed,1481.00,1
RET-03010,ORD-03010,ITEM-03010,SKU-0005,CUST-0966,2025-02-09T21:50:00+00:00,Other,Fabric feels different than what I expected,Exchange Completed,889.00,1
RET-03022,ORD-03022,ITEM-03022,SKU-0307,CUST-0591,2025-05-31T23:26:00+00:00,Other,Length is not as shown,Refunded,1315.00,1
RET-03024,ORD-03024,ITEM-03024,SKU-0062,CUST-0768,2026-07-31T23:41:00+00:00,Other,Stitching at the side looks uneven,Exchange Completed,1057.00,1
RET-03025,ORD-03025,ITEM-03025,SKU-0223,CUST-0010,2026-02-05T07:12:00+00:00,Other,Quality utni achhi nahi lagi,Refunded,1120.00,1
RET-03027,ORD-03027,ITEM-03027,SKU-0108,CUST-0131,2026-04-06T12:48:00+00:00,Other,"Bahut tight hai, size bada chahiye",Refunded,447.00,1
RET-03028,ORD-03028,ITEM-03028,SKU-0479,CUST-0042,2026-08-29T04:47:00+00:00,Other,Length is not as shown,Refunded,754.00,1
RET-03030,ORD-03030,ITEM-03030,SKU-0133,CUST-0010,2025-05-15T20:09:00+00:00,Other,Length is not as shown,Refunded,589.00,1
RET-03038,ORD-03038,ITEM-03038,SKU-0308,CUST-0890,2025-03-30T17:44:00+00:00,Other,Parcel kholne par ek button missing tha,Refunded,531.00,1
RET-03054,ORD-03054,ITEM-03054,SKU-0475,CUST-0797,2025-04-20T04:33:00+00:00,Other,Kapda thoda transparent hai,Exchange Completed,493.00,1
RET-03056,ORD-03056,ITEM-03056,SKU-0152,CUST-0496,2025-08-16T10:06:00+00:00,Other,Quality utni achhi nahi lagi,Refunded,1080.00,1
RET-03057,ORD-03057,ITEM-03057,SKU-0002,CUST-0981,2025-08-19T21:50:00+00:00,Other,Online photo aur real product alag lag rahe hain,Exchange Completed,1499.00,1
RET-03063,ORD-03063,ITEM-03063,SKU-0282,CUST-0923,2025-03-10T14:53:00+00:00,Other,Looks different in daylight,Refunded,1131.00,1
RET-03065,ORD-03065,ITEM-03065,SKU-0035,CUST-0497,2025-06-07T16:57:00+00:00,Other,The print placement looks different on mine,Exchange Completed,1337.00,1
RET-03068,ORD-03068,ITEM-03068,SKU-0164,CUST-0208,2025-11-12T19:01:00+00:00,Other,Online photo aur real product alag lag rahe hain,Refunded,1207.00,1
RET-03072,ORD-03072,ITEM-03072,SKU-0277,CUST-0829,2025-06-19T08:27:00+00:00,Other,Parcel kholne par ek button missing tha,Exchange Completed,1201.00,1
RET-03079,ORD-03079,ITEM-03079,SKU-0095,CUST-0887,2025-06-03T16:53:00+00:00,Other,Colour is different from picture,Refunded,1481.00,1
RET-03086,ORD-03086,ITEM-03086,SKU-0093,CUST-0781,2025-04-01T08:47:00+00:00,Other,The print placement looks different on mine,Refunded,774.00,1
RET-03087,ORD-03087,ITEM-03087,SKU-0008,CUST-0333,2026-09-24T18:45:00+00:00,Other,Kurti is loose,Refunded,803.00,1
RET-03090,ORD-03090,ITEM-03090,SKU-0179,CUST-0194,2025-12-04T00:55:00+00:00,Other,"Bahut tight hai, size bada chahiye",Exchange Completed,1327.00,1
RET-03091,ORD-03091,ITEM-03091,SKU-0080,CUST-0939,2025-01-29T10:21:00+00:00,Other,Length is not as shown,Refunded,1006.00,1
RET-03092,ORD-03092,ITEM-03092,SKU-0307,CUST-0438,2026-06-03T03:04:00+00:00,Other,Colour is different from picture,Refunded,1315.00,1
RET-03094,ORD-03094,ITEM-03094,SKU-0062,CUST-0475,2025-12-19T02:25:00+00:00,Other,Length is not as shown,Exchange Completed,1057.00,1
RET-03098,ORD-03098,ITEM-03098,SKU-0479,CUST-0337,2026-09-14T19:55:00+00:00,Other,Fabric feels different than what I expected,Refunded,754.00,1
RET-03101,ORD-03101,ITEM-03101,SKU-0461,CUST-0239,2025-12-17T14:59:00+00:00,Other,Order was a gift but recipient did not like the style,Refunded,456.00,1
RET-03106,ORD-03106,ITEM-03106,SKU-0471,CUST-0901,2025-12-25T13:02:00+00:00,Other,"Function ke liye liya tha, ab occasion nahi hai",Exchange Completed,1008.00,1
RET-03109,ORD-03109,ITEM-03109,SKU-0462,CUST-0463,2026-01-28T13:56:00+00:00,Other,"Photo mein shade halka tha, actual zyada dark hai",Refunded,940.00,1
RET-03113,ORD-03113,ITEM-03113,SKU-0159,CUST-0832,2025-03-11T10:59:00+00:00,Other,"Exchange chahiye, return nahi",Refunded,707.00,1
RET-03120,ORD-03120,ITEM-03120,SKU-0387,CUST-0694,2025-09-10T18:37:00+00:00,Other,"Bahut tight hai, size bada chahiye",Exchange Completed,1016.00,1
RET-03122,ORD-03122,ITEM-03122,SKU-0457,CUST-0646,2025-02-08T10:27:00+00:00,Other,Looks different in daylight,Refunded,732.00,1
RET-03125,ORD-03125,ITEM-03125,SKU-0363,CUST-0263,2026-08-28T04:42:00+00:00,Other,Colour is different from picture,Refunded,772.00,1
RET-03126,ORD-03126,ITEM-03126,SKU-0152,CUST-0404,2026-03-31T14:27:00+00:00,Other,Mujhe dusra colour chahiye tha,Refunded,1080.00,1
RET-03128,ORD-03128,ITEM-03128,SKU-0437,CUST-0776,2026-02-17T08:59:00+00:00,Other,Looks different in daylight,Refunded,1319.00,1
RET-03129,ORD-03129,ITEM-03129,SKU-0436,CUST-0386,2026-06-04T11:04:00+00:00,Other,"Bahut tight hai, size bada chahiye",Exchange Completed,424.00,1
RET-03133,ORD-03133,ITEM-03133,SKU-0282,CUST-0416,2025-02-05T21:03:00+00:00,Other,Parcel kholne par ek button missing tha,Refunded,1131.00,1
RET-03134,ORD-03134,ITEM-03134,SKU-0172,CUST-0768,2025-01-14T06:16:00+00:00,Other,Stitching at the side looks uneven,Refunded,974.00,1
RET-03135,ORD-03135,ITEM-03135,SKU-0035,CUST-0011,2025-02-21T19:09:00+00:00,Other,"Photo mein shade halka tha, actual zyada dark hai",Exchange Completed,1337.00,1
RET-03142,ORD-03142,ITEM-03142,SKU-0277,CUST-0985,2025-02-10T06:36:00+00:00,Other,Parcel kholne par ek button missing tha,Exchange Completed,1201.00,1
RET-03147,ORD-03147,ITEM-03147,SKU-0286,CUST-0229,2026-01-28T03:39:00+00:00,Other,Kurti is loose,Refunded,1122.00,1
RET-03149,ORD-03149,ITEM-03149,SKU-0095,CUST-0289,2025-08-26T01:39:00+00:00,Other,Looks different in daylight,Refunded,1481.00,1
RET-03150,ORD-03150,ITEM-03150,SKU-0005,CUST-0445,2026-07-20T09:09:00+00:00,Other,Fabric feels different than what I expected,Exchange Completed,889.00,1
RET-03156,ORD-03156,ITEM-03156,SKU-0093,CUST-0910,2026-03-09T15:08:00+00:00,Other,Colour is different from picture,Exchange Completed,774.00,1
RET-03158,ORD-03158,ITEM-03158,SKU-0053,CUST-0388,2025-04-01T23:34:00+00:00,Other,"Photo mein shade halka tha, actual zyada dark hai",Exchange Completed,452.00,1
RET-03159,ORD-03159,ITEM-03159,SKU-0255,CUST-0168,2025-12-07T17:00:00+00:00,Other,"Bahut tight hai, size bada chahiye",Refunded,440.00,1
RET-03160,ORD-03160,ITEM-03160,SKU-0179,CUST-0829,2026-07-07T15:11:00+00:00,Other,Order was a gift but recipient did not like the style,Exchange Completed,1327.00,1
RET-03162,ORD-03162,ITEM-03162,SKU-0307,CUST-0279,2026-02-09T22:16:00+00:00,Other,Kurti is loose,Refunded,1315.00,1
RET-03163,ORD-03163,ITEM-03163,SKU-0040,CUST-0540,2025-11-13T17:13:00+00:00,Other,Not matching with my dupatta,Refunded,400.00,1
RET-03166,ORD-03166,ITEM-03166,SKU-0268,CUST-0427,2025-06-24T10:29:00+00:00,Other,Mujhe dusra colour chahiye tha,Exchange Completed,413.00,1
RET-03172,ORD-03172,ITEM-03172,SKU-0288,CUST-0841,2025-12-24T15:26:00+00:00,Other,Looks different in daylight,Exchange Completed,1419.00,1
RET-03176,ORD-03176,ITEM-03176,SKU-0471,CUST-0158,2025-10-23T21:23:00+00:00,Other,Mujhe dusra colour chahiye tha,Refunded,1008.00,1
RET-03184,ORD-03184,ITEM-03184,SKU-0132,CUST-0014,2026-05-31T03:50:00+00:00,Other,Looks different in daylight,Refunded,1413.00,1
RET-03185,ORD-03185,ITEM-03185,SKU-0190,CUST-0729,2025-10-26T09:10:00+00:00,Other,Stitching at the side looks uneven,Exchange Completed,1410.00,1
RET-03195,ORD-03195,ITEM-03195,SKU-0363,CUST-0906,2026-04-20T08:07:00+00:00,Other,"Function ke liye liya tha, ab occasion nahi hai",Refunded,772.00,1
RET-03203,ORD-03203,ITEM-03203,SKU-0282,CUST-0962,2026-05-14T04:40:00+00:00,Other,Kurti is loose,Refunded,1131.00,1
RET-03204,ORD-03204,ITEM-03204,SKU-0172,CUST-0705,2025-03-04T18:16:00+00:00,Other,Stitching at the side looks uneven,Refunded,974.00,1
RET-03206,ORD-03206,ITEM-03206,SKU-0176,CUST-0930,2026-07-01T05:15:00+00:00,Other,Kurti is loose,Refunded,518.00,1
RET-03209,ORD-03209,ITEM-03209,SKU-0033,CUST-0837,2025-03-26T07:20:00+00:00,Other,Kapda thoda transparent hai,Exchange Completed,918.00,1
RET-03220,ORD-03220,ITEM-03220,SKU-0005,CUST-0668,2025-06-06T16:42:00+00:00,Other,Parcel kholne par ek button missing tha,Exchange Completed,889.00,1
RET-03226,ORD-03226,ITEM-03226,SKU-0093,CUST-0298,2026-07-05T07:32:00+00:00,Other,Length is not as shown,Refunded,774.00,1
RET-03229,ORD-03229,ITEM-03229,SKU-0255,CUST-0840,2025-05-24T03:05:00+00:00,Other,"Photo mein shade halka tha, actual zyada dark hai",Refunded,440.00,1
RET-03230,ORD-03230,ITEM-03230,SKU-0179,CUST-0382,2026-03-17T02:37:00+00:00,Other,"Photo mein shade halka tha, actual zyada dark hai",Refunded,1327.00,1
RET-03231,ORD-03231,ITEM-03231,SKU-0080,CUST-0408,2025-06-15T07:08:00+00:00,Other,Stitching at the side looks uneven,Exchange Completed,1006.00,1
RET-03232,ORD-03232,ITEM-03232,SKU-0307,CUST-0330,2026-09-22T13:48:00+00:00,Other,Length is not as shown,Refunded,1315.00,1
RET-03233,ORD-03233,ITEM-03233,SKU-0040,CUST-0453,2026-02-19T22:36:00+00:00,Other,Order was a gift but recipient did not like the style,Refunded,400.00,1
RET-03241,ORD-03241,ITEM-03241,SKU-0461,CUST-0440,2026-04-02T01:53:00+00:00,Other,Kurti is loose,Exchange Completed,456.00,1
RET-03243,ORD-03243,ITEM-03243,SKU-0257,CUST-0153,2025-03-11T03:39:00+00:00,Other,Quality utni achhi nahi lagi,Refunded,1086.00,1
RET-03248,ORD-03248,ITEM-03248,SKU-0308,CUST-0833,2026-08-06T14:12:00+00:00,Other,Kapda thoda transparent hai,Refunded,531.00,1
RET-03254,ORD-03254,ITEM-03254,SKU-0132,CUST-0608,2025-07-23T07:41:00+00:00,Other,Kapda thoda transparent hai,Refunded,1413.00,1
RET-03258,ORD-03258,ITEM-03258,SKU-0375,CUST-0673,2026-03-13T06:37:00+00:00,Other,Quality utni achhi nahi lagi,Refunded,443.00,1
RET-03260,ORD-03260,ITEM-03260,SKU-0387,CUST-0584,2025-12-02T00:22:00+00:00,Other,Order was a gift but recipient did not like the style,Exchange Completed,1016.00,1
RET-03272,ORD-03272,ITEM-03272,SKU-0203,CUST-0764,2026-01-08T01:50:00+00:00,Other,"Exchange chahiye, return nahi",Refunded,983.00,1
RET-03273,ORD-03273,ITEM-03273,SKU-0282,CUST-0118,2025-08-26T20:39:00+00:00,Other,Kapda thoda transparent hai,Refunded,1131.00,1
RET-03281,ORD-03281,ITEM-03281,SKU-0356,CUST-0659,2025-08-19T09:08:00+00:00,Other,Fabric feels different than what I expected,Refunded,535.00,1
RET-03287,ORD-03287,ITEM-03287,SKU-0286,CUST-0537,2026-07-05T06:00:00+00:00,Other,Fabric feels different than what I expected,Refunded,1122.00,1
RET-03301,ORD-03301,ITEM-03301,SKU-0080,CUST-0893,2025-12-17T23:07:00+00:00,Other,Not matching with my dupatta,Exchange Completed,1006.00,1
RET-03302,ORD-03302,ITEM-03302,SKU-0307,CUST-0347,2026-03-04T10:10:00+00:00,Other,"Exchange chahiye, return nahi",Refunded,1315.00,1
RET-03305,ORD-03305,ITEM-03305,SKU-0223,CUST-0564,2025-05-20T20:48:00+00:00,Other,Fabric feels different than what I expected,Refunded,1120.00,1
RET-03309,ORD-03309,ITEM-03309,SKU-0162,CUST-0004,2026-01-06T17:52:00+00:00,Other,The print placement looks different on mine,Exchange Completed,886.00,1
RET-03313,ORD-03313,ITEM-03313,SKU-0257,CUST-0930,2026-02-05T06:17:00+00:00,Other,Length is not as shown,Exchange Completed,1086.00,1
RET-03314,ORD-03314,ITEM-03314,SKU-0090,CUST-0604,2025-06-01T15:22:00+00:00,Other,"Bahut tight hai, size bada chahiye",Refunded,1174.00,1
RET-03319,ORD-03319,ITEM-03319,SKU-0462,CUST-0351,2026-07-03T16:30:00+00:00,Other,Mujhe dusra colour chahiye tha,Refunded,940.00,1
RET-03323,ORD-03323,ITEM-03323,SKU-0159,CUST-0083,2025-10-30T05:36:00+00:00,Other,Looks different in daylight,Exchange Completed,707.00,1
RET-03326,ORD-03326,ITEM-03326,SKU-0367,CUST-0791,2026-08-02T03:43:00+00:00,Other,"Photo mein shade halka tha, actual zyada dark hai",Refunded,1421.00,1
RET-03332,ORD-03332,ITEM-03332,SKU-0457,CUST-0047,2026-03-27T12:19:00+00:00,Other,Fabric feels different than what I expected,Exchange Completed,732.00,1
RET-03346,ORD-03346,ITEM-03346,SKU-0176,CUST-0065,2026-09-16T20:47:00+00:00,Other,Online photo aur real product alag lag rahe hain,Refunded,518.00,1
RET-03347,ORD-03347,ITEM-03347,SKU-0188,CUST-0069,2025-09-18T17:58:00+00:00,Other,Parcel kholne par ek button missing tha,Refunded,538.00,1
RET-03353,ORD-03353,ITEM-03353,SKU-0289,CUST-0970,2025-09-07T20:31:00+00:00,Other,Kapda thoda transparent hai,Refunded,444.00,1
RET-03359,ORD-03359,ITEM-03359,SKU-0095,CUST-0932,2025-05-06T05:41:00+00:00,Other,Length is not as shown,Refunded,1481.00,1
RET-03368,ORD-03368,ITEM-03368,SKU-0053,CUST-0255,2025-04-10T04:51:00+00:00,Other,Colour is different from picture,Exchange Completed,452.00,1
RET-03372,ORD-03372,ITEM-03372,SKU-0307,CUST-0817,2026-05-20T08:46:00+00:00,Other,"Exchange chahiye, return nahi",Refunded,1315.00,1
RET-03374,ORD-03374,ITEM-03374,SKU-0062,CUST-0033,2025-08-18T15:25:00+00:00,Other,Mujhe dusra colour chahiye tha,Refunded,1057.00,1
RET-03379,ORD-03379,ITEM-03379,SKU-0162,CUST-0619,2025-07-04T10:05:00+00:00,Other,"Bahut tight hai, size bada chahiye",Refunded,886.00,1
RET-03380,ORD-03380,ITEM-03380,SKU-0133,CUST-0764,2025-05-30T06:16:00+00:00,Other,"Photo mein shade halka tha, actual zyada dark hai",Refunded,589.00,1
RET-03381,ORD-03381,ITEM-03381,SKU-0461,CUST-0629,2025-03-27T16:29:00+00:00,Other,Kurti is loose,Exchange Completed,456.00,1
RET-03384,ORD-03384,ITEM-03384,SKU-0090,CUST-0695,2025-04-25T19:59:00+00:00,Other,Looks different in daylight,Refunded,1174.00,1
RET-03385,ORD-03385,ITEM-03385,SKU-0432,CUST-0725,2026-05-01T04:55:00+00:00,Other,Length is not as shown,Refunded,1302.00,1
RET-03387,ORD-03387,ITEM-03387,SKU-0232,CUST-0341,2025-06-17T18:50:00+00:00,Other,Quality utni achhi nahi lagi,Refunded,781.00,1
RET-03390,ORD-03390,ITEM-03390,SKU-0451,CUST-0144,2026-06-01T00:14:00+00:00,Other,Length is not as shown,Refunded,489.00,1
RET-03394,ORD-03394,ITEM-03394,SKU-0132,CUST-0327,2026-06-29T18:39:00+00:00,Other,Kurti is loose,Refunded,1413.00,1
RET-03395,ORD-03395,ITEM-03395,SKU-0190,CUST-0279,2026-06-09T17:36:00+00:00,Other,"Bahut tight hai, size bada chahiye",Exchange Completed,1410.00,1
RET-03396,ORD-03396,ITEM-03396,SKU-0367,CUST-0041,2025-07-27T03:42:00+00:00,Other,Kapda thoda transparent hai,Refunded,1421.00,1
RET-03397,ORD-03397,ITEM-03397,SKU-0384,CUST-0727,2026-02-12T04:08:00+00:00,Other,Stitching at the side looks uneven,Exchange Completed,689.00,1
RET-03403,ORD-03403,ITEM-03403,SKU-0086,CUST-0435,2026-08-03T19:36:00+00:00,Other,Kurti is loose,Exchange Completed,1100.00,1
RET-03409,ORD-03409,ITEM-03409,SKU-0436,CUST-0057,2025-05-17T10:41:00+00:00,Other,Parcel kholne par ek button missing tha,Exchange Completed,424.00,1
RET-03412,ORD-03412,ITEM-03412,SKU-0203,CUST-0819,2025-08-27T22:49:00+00:00,Other,Kurti is loose,Refunded,983.00,1
RET-03416,ORD-03416,ITEM-03416,SKU-0176,CUST-0609,2025-08-26T23:04:00+00:00,Other,Parcel kholne par ek button missing tha,Refunded,518.00,1
RET-03420,ORD-03420,ITEM-03420,SKU-0114,CUST-0074,2026-06-25T15:29:00+00:00,Other,Not matching with my dupatta,Refunded,585.00,1
RET-03422,ORD-03422,ITEM-03422,SKU-0277,CUST-0872,2025-12-01T02:11:00+00:00,Other,Kurti is loose,Refunded,1201.00,1
RET-03423,ORD-03423,ITEM-03423,SKU-0289,CUST-0101,2026-08-27T00:43:00+00:00,Other,Online photo aur real product alag lag rahe hain,Exchange Completed,444.00,1
RET-03427,ORD-03427,ITEM-03427,SKU-0286,CUST-0718,2026-05-07T21:21:00+00:00,Other,Kapda thoda transparent hai,Refunded,1122.00,1
RET-03436,ORD-03436,ITEM-03436,SKU-0093,CUST-0036,2025-06-18T09:49:00+00:00,Other,The print placement looks different on mine,Exchange Completed,774.00,1
RET-03437,ORD-03437,ITEM-03437,SKU-0008,CUST-0520,2025-04-20T06:15:00+00:00,Other,Order was a gift but recipient did not like the style,Refunded,803.00,1
RET-03438,ORD-03438,ITEM-03438,SKU-0053,CUST-0386,2026-05-18T04:58:00+00:00,Other,Not matching with my dupatta,Refunded,452.00,1
RET-03447,ORD-03447,ITEM-03447,SKU-0108,CUST-0262,2025-06-29T11:21:00+00:00,Other,Kurti is loose,Refunded,447.00,1
RET-03451,ORD-03451,ITEM-03451,SKU-0461,CUST-0910,2025-10-02T12:30:00+00:00,Other,"Bahut tight hai, size bada chahiye",Refunded,456.00,1
RET-03453,ORD-03453,ITEM-03453,SKU-0257,CUST-0145,2025-07-02T04:38:00+00:00,Other,Kurti is loose,Refunded,1086.00,1
RET-03459,ORD-03459,ITEM-03459,SKU-0462,CUST-0912,2025-08-01T11:37:00+00:00,Other,Order was a gift but recipient did not like the style,Exchange Completed,940.00,1
RET-03461,ORD-03461,ITEM-03461,SKU-0228,CUST-0486,2026-05-11T21:52:00+00:00,Other,Stitching at the side looks uneven,Refunded,717.00,1
RET-03466,ORD-03466,ITEM-03466,SKU-0367,CUST-0245,2025-11-29T08:29:00+00:00,Other,Colour is different from picture,Refunded,1421.00,1
RET-03467,ORD-03467,ITEM-03467,SKU-0384,CUST-0870,2025-02-19T04:50:00+00:00,Other,Online photo aur real product alag lag rahe hain,Refunded,689.00,1
RET-03468,ORD-03468,ITEM-03468,SKU-0375,CUST-0325,2026-03-04T23:54:00+00:00,Other,"Photo mein shade halka tha, actual zyada dark hai",Refunded,443.00,1
RET-03470,ORD-03470,ITEM-03470,SKU-0387,CUST-0035,2026-03-17T20:26:00+00:00,Other,Parcel kholne par ek button missing tha,Refunded,1016.00,1
RET-03473,ORD-03473,ITEM-03473,SKU-0086,CUST-0079,2026-02-08T15:53:00+00:00,Other,The print placement looks different on mine,Exchange Completed,1100.00,1
RET-03475,ORD-03475,ITEM-03475,SKU-0363,CUST-0576,2025-12-09T05:15:00+00:00,Other,Kapda thoda transparent hai,Refunded,772.00,1
RET-03478,ORD-03478,ITEM-03478,SKU-0437,CUST-0486,2025-09-28T23:56:00+00:00,Other,Order was a gift but recipient did not like the style,Exchange Completed,1319.00,1
RET-03483,ORD-03483,ITEM-03483,SKU-0282,CUST-0499,2025-05-26T04:09:00+00:00,Other,Colour is different from picture,Exchange Completed,1131.00,1
RET-03487,ORD-03487,ITEM-03487,SKU-0188,CUST-0512,2025-08-01T04:27:00+00:00,Other,Not matching with my dupatta,Refunded,538.00,1
RET-03491,ORD-03491,ITEM-03491,SKU-0356,CUST-0962,2025-03-25T03:11:00+00:00,Other,"Function ke liye liya tha, ab occasion nahi hai",Refunded,535.00,1
RET-03496,ORD-03496,ITEM-03496,SKU-0338,CUST-0013,2026-05-01T11:18:00+00:00,Other,Online photo aur real product alag lag rahe hain,Refunded,1059.00,1
RET-03499,ORD-03499,ITEM-03499,SKU-0095,CUST-0946,2026-01-01T19:04:00+00:00,Other,"Bahut tight hai, size bada chahiye",Exchange Completed,1481.00,1
RET-03500,ORD-03500,ITEM-03500,SKU-0005,CUST-0372,2026-09-22T23:29:00+00:00,Other,Colour is different from picture,Refunded,889.00,1
RET-03521,ORD-03521,ITEM-03521,SKU-0461,CUST-0404,2026-06-02T05:14:00+00:00,Other,Fabric feels different than what I expected,Refunded,456.00,1
RET-03523,ORD-03523,ITEM-03523,SKU-0257,CUST-0203,2025-11-03T07:25:00+00:00,Other,Order was a gift but recipient did not like the style,Exchange Completed,1086.00,1
RET-03525,ORD-03525,ITEM-03525,SKU-0432,CUST-0207,2026-05-01T04:38:00+00:00,Other,"Photo mein shade halka tha, actual zyada dark hai",Refunded,1302.00,1
RET-03538,ORD-03538,ITEM-03538,SKU-0375,CUST-0052,2025-05-24T22:43:00+00:00,Other,The print placement looks different on mine,Refunded,443.00,1
RET-03540,ORD-03540,ITEM-03540,SKU-0387,CUST-0118,2025-05-13T12:24:00+00:00,Other,Kurti is loose,Refunded,1016.00,1
RET-03543,ORD-03543,ITEM-03543,SKU-0086,CUST-0678,2026-05-25T14:59:00+00:00,Other,Colour is different from picture,Refunded,1100.00,1
RET-03544,ORD-03544,ITEM-03544,SKU-0475,CUST-0494,2026-01-22T11:04:00+00:00,Other,Order was a gift but recipient did not like the style,Exchange Completed,493.00,1
RET-03548,ORD-03548,ITEM-03548,SKU-0437,CUST-0591,2025-06-08T22:47:00+00:00,Other,Mujhe dusra colour chahiye tha,Exchange Completed,1319.00,1
RET-03551,ORD-03551,ITEM-03551,SKU-0178,CUST-0908,2026-03-10T03:34:00+00:00,Other,The print placement looks different on mine,Refunded,1315.00,1
RET-03556,ORD-03556,ITEM-03556,SKU-0176,CUST-0177,2025-01-24T20:23:00+00:00,Other,"Exchange chahiye, return nahi",Exchange Completed,518.00,1
RET-03559,ORD-03559,ITEM-03559,SKU-0033,CUST-0206,2026-02-05T03:13:00+00:00,Other,Quality utni achhi nahi lagi,Refunded,918.00,1
RET-03560,ORD-03560,ITEM-03560,SKU-0114,CUST-0032,2026-02-26T13:26:00+00:00,Other,"Photo mein shade halka tha, actual zyada dark hai",Exchange Completed,585.00,1
RET-03561,ORD-03561,ITEM-03561,SKU-0356,CUST-0405,2026-02-02T17:26:00+00:00,Other,"Function ke liye liya tha, ab occasion nahi hai",Exchange Completed,535.00,1
RET-03563,ORD-03563,ITEM-03563,SKU-0289,CUST-0678,2025-06-15T03:00:00+00:00,Other,Parcel kholne par ek button missing tha,Exchange Completed,444.00,1
RET-03564,ORD-03564,ITEM-03564,SKU-0262,CUST-0567,2025-08-21T21:52:00+00:00,Other,Order was a gift but recipient did not like the style,Refunded,593.00,1
RET-03567,ORD-03567,ITEM-03567,SKU-0286,CUST-0120,2026-07-05T22:54:00+00:00,Other,Online photo aur real product alag lag rahe hain,Exchange Completed,1122.00,1
RET-03576,ORD-03576,ITEM-03576,SKU-0093,CUST-0769,2025-05-18T06:18:00+00:00,Other,"Bahut tight hai, size bada chahiye",Refunded,774.00,1
RET-03580,ORD-03580,ITEM-03580,SKU-0179,CUST-0058,2026-09-25T05:09:00+00:00,Other,Fabric feels different than what I expected,Refunded,1327.00,1
RET-03582,ORD-03582,ITEM-03582,SKU-0307,CUST-0472,2025-02-11T04:16:00+00:00,Other,Mujhe dusra colour chahiye tha,Refunded,1315.00,1
RET-03587,ORD-03587,ITEM-03587,SKU-0108,CUST-0988,2025-07-13T20:14:00+00:00,Other,Looks different in daylight,Refunded,447.00,1
RET-03589,ORD-03589,ITEM-03589,SKU-0162,CUST-0884,2025-08-26T22:31:00+00:00,Other,Parcel kholne par ek button missing tha,Refunded,886.00,1
RET-03594,ORD-03594,ITEM-03594,SKU-0090,CUST-0794,2025-11-19T14:22:00+00:00,Other,"Bahut tight hai, size bada chahiye",Exchange Completed,1174.00,1
RET-03596,ORD-03596,ITEM-03596,SKU-0471,CUST-0352,2025-10-09T16:12:00+00:00,Other,Length is not as shown,Refunded,1008.00,1
RET-03597,ORD-03597,ITEM-03597,SKU-0232,CUST-0857,2025-10-09T22:10:00+00:00,Other,Length is not as shown,Refunded,781.00,1
RET-03599,ORD-03599,ITEM-03599,SKU-0462,CUST-0984,2025-10-25T05:46:00+00:00,Other,"Bahut tight hai, size bada chahiye",Exchange Completed,940.00,1
RET-03603,ORD-03603,ITEM-03603,SKU-0159,CUST-0904,2025-03-19T13:24:00+00:00,Other,Quality utni achhi nahi lagi,Refunded,707.00,1
RET-03605,ORD-03605,ITEM-03605,SKU-0190,CUST-0838,2025-03-23T04:08:00+00:00,Other,"Exchange chahiye, return nahi",Refunded,1410.00,1
RET-03608,ORD-03608,ITEM-03608,SKU-0375,CUST-0955,2025-07-14T01:11:00+00:00,Other,"Photo mein shade halka tha, actual zyada dark hai",Refunded,443.00,1
RET-03611,ORD-03611,ITEM-03611,SKU-0344,CUST-0030,2026-01-29T10:51:00+00:00,Other,"Function ke liye liya tha, ab occasion nahi hai",Exchange Completed,631.00,1
RET-03625,ORD-03625,ITEM-03625,SKU-0035,CUST-0270,2026-08-29T22:08:00+00:00,Other,"Function ke liye liya tha, ab occasion nahi hai",Exchange Completed,1337.00,1
RET-03626,ORD-03626,ITEM-03626,SKU-0176,CUST-0991,2025-03-10T12:22:00+00:00,Other,"Function ke liye liya tha, ab occasion nahi hai",Refunded,518.00,1
RET-03628,ORD-03628,ITEM-03628,SKU-0164,CUST-0169,2026-04-10T06:46:00+00:00,Other,"Exchange chahiye, return nahi",Refunded,1207.00,1
RET-03630,ORD-03630,ITEM-03630,SKU-0114,CUST-0728,2025-09-30T06:24:00+00:00,Other,Online photo aur real product alag lag rahe hain,Refunded,585.00,1
RET-03632,ORD-03632,ITEM-03632,SKU-0277,CUST-0545,2025-08-31T13:24:00+00:00,Other,"Function ke liye liya tha, ab occasion nahi hai",Refunded,1201.00,1
RET-03633,ORD-03633,ITEM-03633,SKU-0289,CUST-0677,2025-05-19T09:38:00+00:00,Other,Length is not as shown,Refunded,444.00,1
RET-03634,ORD-03634,ITEM-03634,SKU-0262,CUST-0118,2025-04-10T04:08:00+00:00,Other,Mujhe dusra colour chahiye tha,Exchange Completed,593.00,1
RET-03647,ORD-03647,ITEM-03647,SKU-0008,CUST-0348,2025-02-04T19:41:00+00:00,Other,Online photo aur real product alag lag rahe hain,Refunded,803.00,1
RET-03650,ORD-03650,ITEM-03650,SKU-0179,CUST-0591,2025-08-19T02:28:00+00:00,Other,Parcel kholne par ek button missing tha,Refunded,1327.00,1
RET-03652,ORD-03652,ITEM-03652,SKU-0307,CUST-0202,2026-05-15T00:08:00+00:00,Other,Parcel kholne par ek button missing tha,Exchange Completed,1315.00,1
RET-03655,ORD-03655,ITEM-03655,SKU-0223,CUST-0276,2025-06-23T02:08:00+00:00,Other,Stitching at the side looks uneven,Refunded,1120.00,1
RET-03657,ORD-03657,ITEM-03657,SKU-0108,CUST-0073,2025-08-17T22:19:00+00:00,Other,Looks different in daylight,Refunded,447.00,1
RET-03661,ORD-03661,ITEM-03661,SKU-0461,CUST-0237,2026-08-22T07:02:00+00:00,Other,Colour is different from picture,Refunded,456.00,1
RET-03666,ORD-03666,ITEM-03666,SKU-0471,CUST-0306,2025-06-06T10:34:00+00:00,Other,"Bahut tight hai, size bada chahiye",Refunded,1008.00,1
RET-03670,ORD-03670,ITEM-03670,SKU-0451,CUST-0002,2026-01-09T15:52:00+00:00,Other,Mujhe dusra colour chahiye tha,Refunded,489.00,1
RET-03671,ORD-03671,ITEM-03671,SKU-0228,CUST-0928,2025-12-06T14:10:00+00:00,Other,"Function ke liye liya tha, ab occasion nahi hai",Exchange Completed,717.00,1
RET-03672,ORD-03672,ITEM-03672,SKU-0131,CUST-0185,2026-04-12T06:43:00+00:00,Other,Length is not as shown,Exchange Completed,605.00,1
RET-03683,ORD-03683,ITEM-03683,SKU-0086,CUST-0028,2025-01-14T21:30:00+00:00,Other,Kapda thoda transparent hai,Refunded,1100.00,1
RET-03685,ORD-03685,ITEM-03685,SKU-0363,CUST-0580,2026-02-18T17:22:00+00:00,Other,Mujhe dusra colour chahiye tha,Exchange Completed,772.00,1
RET-03686,ORD-03686,ITEM-03686,SKU-0152,CUST-0415,2025-12-13T12:47:00+00:00,Other,Kapda thoda transparent hai,Refunded,1080.00,1
RET-03692,ORD-03692,ITEM-03692,SKU-0203,CUST-0346,2026-05-01T13:35:00+00:00,Other,"Function ke liye liya tha, ab occasion nahi hai",Exchange Completed,983.00,1
RET-03693,ORD-03693,ITEM-03693,SKU-0282,CUST-0268,2025-05-23T10:01:00+00:00,Other,Kapda thoda transparent hai,Exchange Completed,1131.00,1
RET-03694,ORD-03694,ITEM-03694,SKU-0172,CUST-0780,2026-06-26T12:49:00+00:00,Other,Fabric feels different than what I expected,Exchange Completed,974.00,1
RET-03697,ORD-03697,ITEM-03697,SKU-0188,CUST-0606,2025-06-08T07:20:00+00:00,Other,Length is not as shown,Refunded,538.00,1
RET-03698,ORD-03698,ITEM-03698,SKU-0164,CUST-0025,2026-07-28T13:56:00+00:00,Other,Fabric feels different than what I expected,Refunded,1207.00,1
RET-03699,ORD-03699,ITEM-03699,SKU-0033,CUST-0182,2026-01-01T13:37:00+00:00,Other,Kurti is loose,Refunded,918.00,1
RET-03700,ORD-03700,ITEM-03700,SKU-0114,CUST-0391,2025-01-22T15:05:00+00:00,Other,Not matching with my dupatta,Exchange Completed,585.00,1
RET-03707,ORD-03707,ITEM-03707,SKU-0286,CUST-0491,2025-10-03T05:42:00+00:00,Other,"Photo mein shade halka tha, actual zyada dark hai",Refunded,1122.00,1
RET-03708,ORD-03708,ITEM-03708,SKU-0298,CUST-0545,2026-01-30T00:41:00+00:00,Other,Fabric feels different than what I expected,Exchange Completed,771.00,1
RET-03716,ORD-03716,ITEM-03716,SKU-0093,CUST-0830,2026-06-07T01:43:00+00:00,Other,"Function ke liye liya tha, ab occasion nahi hai",Refunded,774.00,1
RET-03724,ORD-03724,ITEM-03724,SKU-0062,CUST-0578,2025-02-23T02:44:00+00:00,Other,Online photo aur real product alag lag rahe hain,Refunded,1057.00,1
RET-03726,ORD-03726,ITEM-03726,SKU-0268,CUST-0372,2026-09-18T16:40:00+00:00,Other,"Function ke liye liya tha, ab occasion nahi hai",Exchange Completed,413.00,1
RET-03728,ORD-03728,ITEM-03728,SKU-0479,CUST-0277,2025-10-27T22:55:00+00:00,Other,Order was a gift but recipient did not like the style,Refunded,754.00,1
RET-03732,ORD-03732,ITEM-03732,SKU-0288,CUST-0970,2025-05-19T15:46:00+00:00,Other,"Bahut tight hai, size bada chahiye",Refunded,1419.00,1
RET-03735,ORD-03735,ITEM-03735,SKU-0432,CUST-0558,2026-10-05T10:09:00+00:00,Other,Colour is different from picture,Exchange Completed,1302.00,1
RET-03736,ORD-03736,ITEM-03736,SKU-0471,CUST-0823,2026-06-29T13:53:00+00:00,Other,Order was a gift but recipient did not like the style,Refunded,1008.00,1
RET-03739,ORD-03739,ITEM-03739,SKU-0462,CUST-0933,2026-04-27T10:34:00+00:00,Other,Quality utni achhi nahi lagi,Exchange Completed,940.00,1
RET-03744,ORD-03744,ITEM-03744,SKU-0132,CUST-0647,2026-01-15T12:39:00+00:00,Other,"Exchange chahiye, return nahi",Refunded,1413.00,1
RET-03745,ORD-03745,ITEM-03745,SKU-0190,CUST-0562,2025-02-12T12:16:00+00:00,Other,"Photo mein shade halka tha, actual zyada dark hai",Exchange Completed,1410.00,1
RET-03748,ORD-03748,ITEM-03748,SKU-0375,CUST-0191,2025-03-10T06:57:00+00:00,Other,Parcel kholne par ek button missing tha,Refunded,443.00,1
RET-03752,ORD-03752,ITEM-03752,SKU-0457,CUST-0564,2026-05-07T06:28:00+00:00,Other,"Exchange chahiye, return nahi",Refunded,732.00,1
RET-03757,ORD-03757,ITEM-03757,SKU-0002,CUST-0154,2026-01-08T06:59:00+00:00,Other,"Bahut tight hai, size bada chahiye",Refunded,1499.00,1
RET-03766,ORD-03766,ITEM-03766,SKU-0176,CUST-0161,2025-07-26T18:25:00+00:00,Other,Length is not as shown,Refunded,518.00,1
RET-03771,ORD-03771,ITEM-03771,SKU-0356,CUST-0185,2025-10-27T11:48:00+00:00,Other,Looks different in daylight,Refunded,535.00,1
RET-03786,ORD-03786,ITEM-03786,SKU-0093,CUST-0710,2026-06-01T18:34:00+00:00,Other,"Bahut tight hai, size bada chahiye",Refunded,774.00,1
RET-03791,ORD-03791,ITEM-03791,SKU-0080,CUST-0192,2026-09-21T04:45:00+00:00,Other,The print placement looks different on mine,Refunded,1006.00,1
RET-03794,ORD-03794,ITEM-03794,SKU-0062,CUST-0238,2026-04-05T16:04:00+00:00,Other,Order was a gift but recipient did not like the style,Refunded,1057.00,1
RET-03795,ORD-03795,ITEM-03795,SKU-0223,CUST-0583,2026-04-18T11:20:00+00:00,Other,Parcel kholne par ek button missing tha,Refunded,1120.00,1
RET-03796,ORD-03796,ITEM-03796,SKU-0268,CUST-0682,2025-11-22T22:57:00+00:00,Other,The print placement looks different on mine,Refunded,413.00,1
RET-03798,ORD-03798,ITEM-03798,SKU-0479,CUST-0405,2026-01-21T00:00:00+00:00,Other,The print placement looks different on mine,Refunded,754.00,1
RET-03800,ORD-03800,ITEM-03800,SKU-0133,CUST-0795,2025-10-06T22:39:00+00:00,Other,Quality utni achhi nahi lagi,Exchange Completed,589.00,1
RET-03805,ORD-03805,ITEM-03805,SKU-0432,CUST-0792,2026-05-25T18:43:00+00:00,Other,"Function ke liye liya tha, ab occasion nahi hai",Refunded,1302.00,1
RET-03807,ORD-03807,ITEM-03807,SKU-0232,CUST-0266,2026-06-22T00:40:00+00:00,Other,The print placement looks different on mine,Refunded,781.00,1
RET-03808,ORD-03808,ITEM-03808,SKU-0308,CUST-0334,2025-03-10T22:28:00+00:00,Other,Fabric feels different than what I expected,Exchange Completed,531.00,1
RET-03812,ORD-03812,ITEM-03812,SKU-0131,CUST-0422,2025-09-20T13:41:00+00:00,Other,Kapda thoda transparent hai,Refunded,605.00,1
RET-03813,ORD-03813,ITEM-03813,SKU-0159,CUST-0516,2025-06-08T09:04:00+00:00,Other,Kurti is loose,Exchange Completed,707.00,1
RET-03814,ORD-03814,ITEM-03814,SKU-0132,CUST-0584,2026-09-18T20:23:00+00:00,Other,Kapda thoda transparent hai,Refunded,1413.00,1
RET-03819,ORD-03819,ITEM-03819,SKU-0273,CUST-0053,2026-01-29T13:23:00+00:00,Other,Stitching at the side looks uneven,Refunded,678.00,1
RET-03825,ORD-03825,ITEM-03825,SKU-0363,CUST-0571,2026-07-09T04:02:00+00:00,Other,Parcel kholne par ek button missing tha,Refunded,772.00,1
RET-03830,ORD-03830,ITEM-03830,SKU-0205,CUST-0326,2025-10-23T15:10:00+00:00,Other,Online photo aur real product alag lag rahe hain,Exchange Completed,1357.00,1
RET-03835,ORD-03835,ITEM-03835,SKU-0035,CUST-0013,2026-09-17T22:09:00+00:00,Other,Length is not as shown,Refunded,1337.00,1
RET-03838,ORD-03838,ITEM-03838,SKU-0164,CUST-0766,2025-11-27T07:25:00+00:00,Other,Mujhe dusra colour chahiye tha,Refunded,1207.00,1
RET-03841,ORD-03841,ITEM-03841,SKU-0356,CUST-0913,2025-01-25T21:18:00+00:00,Other,Kurti is loose,Refunded,535.00,1
RET-03846,ORD-03846,ITEM-03846,SKU-0338,CUST-0677,2025-04-03T00:13:00+00:00,Other,Length is not as shown,Refunded,1059.00,1
RET-03847,ORD-03847,ITEM-03847,SKU-0286,CUST-0591,2025-03-31T16:05:00+00:00,Other,Online photo aur real product alag lag rahe hain,Exchange Completed,1122.00,1
RET-03859,ORD-03859,ITEM-03859,SKU-0255,CUST-0926,2026-09-14T06:09:00+00:00,Other,Stitching at the side looks uneven,Exchange Completed,440.00,1
RET-03863,ORD-03863,ITEM-03863,SKU-0040,CUST-0999,2026-05-02T12:15:00+00:00,Other,"Photo mein shade halka tha, actual zyada dark hai",Refunded,400.00,1
RET-03864,ORD-03864,ITEM-03864,SKU-0062,CUST-0280,2026-03-10T15:22:00+00:00,Other,Order was a gift but recipient did not like the style,Refunded,1057.00,1
RET-03870,ORD-03870,ITEM-03870,SKU-0133,CUST-0724,2025-09-06T23:04:00+00:00,Other,"Exchange chahiye, return nahi",Exchange Completed,589.00,1
RET-03875,ORD-03875,ITEM-03875,SKU-0432,CUST-0630,2025-01-10T19:35:00+00:00,Other,"Exchange chahiye, return nahi",Refunded,1302.00,1
RET-03880,ORD-03880,ITEM-03880,SKU-0451,CUST-0990,2026-03-09T10:46:00+00:00,Other,Mujhe dusra colour chahiye tha,Refunded,489.00,1
RET-03881,ORD-03881,ITEM-03881,SKU-0228,CUST-0583,2026-06-22T17:35:00+00:00,Other,"Photo mein shade halka tha, actual zyada dark hai",Refunded,717.00,1
RET-03882,ORD-03882,ITEM-03882,SKU-0131,CUST-0525,2025-05-22T19:22:00+00:00,Other,Stitching at the side looks uneven,Refunded,605.00,1
RET-03883,ORD-03883,ITEM-03883,SKU-0159,CUST-0134,2025-08-14T04:07:00+00:00,Other,Length is not as shown,Refunded,707.00,1
RET-03887,ORD-03887,ITEM-03887,SKU-0384,CUST-0529,2025-04-15T14:17:00+00:00,Other,"Bahut tight hai, size bada chahiye",Exchange Completed,689.00,1
RET-03888,ORD-03888,ITEM-03888,SKU-0375,CUST-0858,2025-01-15T14:45:00+00:00,Other,Quality utni achhi nahi lagi,Refunded,443.00,1
RET-03892,ORD-03892,ITEM-03892,SKU-0457,CUST-0004,2025-05-02T20:23:00+00:00,Other,Parcel kholne par ek button missing tha,Exchange Completed,732.00,1
RET-03897,ORD-03897,ITEM-03897,SKU-0002,CUST-0815,2026-04-30T22:48:00+00:00,Other,Colour is different from picture,Exchange Completed,1499.00,1
RET-03900,ORD-03900,ITEM-03900,SKU-0205,CUST-0024,2025-04-14T19:39:00+00:00,Other,Looks different in daylight,Refunded,1357.00,1
RET-03901,ORD-03901,ITEM-03901,SKU-0178,CUST-0875,2025-10-29T01:07:00+00:00,Other,Order was a gift but recipient did not like the style,Refunded,1315.00,1
RET-03902,ORD-03902,ITEM-03902,SKU-0203,CUST-0974,2025-09-06T23:12:00+00:00,Other,Length is not as shown,Exchange Completed,983.00,1
RET-03905,ORD-03905,ITEM-03905,SKU-0035,CUST-0722,2025-11-06T11:06:00+00:00,Other,Online photo aur real product alag lag rahe hain,Refunded,1337.00,1
RET-03907,ORD-03907,ITEM-03907,SKU-0188,CUST-0882,2026-03-01T04:51:00+00:00,Other,Kapda thoda transparent hai,Exchange Completed,538.00,1
RET-03910,ORD-03910,ITEM-03910,SKU-0114,CUST-0196,2026-07-08T09:27:00+00:00,Other,Parcel kholne par ek button missing tha,Refunded,585.00,1
RET-03914,ORD-03914,ITEM-03914,SKU-0262,CUST-0075,2026-07-24T14:34:00+00:00,Other,Not matching with my dupatta,Exchange Completed,593.00,1
RET-03916,ORD-03916,ITEM-03916,SKU-0338,CUST-0257,2025-03-17T19:44:00+00:00,Other,Kurti is loose,Exchange Completed,1059.00,1
RET-03917,ORD-03917,ITEM-03917,SKU-0286,CUST-0916,2025-01-05T11:50:00+00:00,Other,"Photo mein shade halka tha, actual zyada dark hai",Refunded,1122.00,1
RET-03920,ORD-03920,ITEM-03920,SKU-0005,CUST-0015,2026-09-09T20:44:00+00:00,Other,Fabric feels different than what I expected,Refunded,889.00,1
RET-03932,ORD-03932,ITEM-03932,SKU-0307,CUST-0028,2025-08-15T20:48:00+00:00,Other,Order was a gift but recipient did not like the style,Refunded,1315.00,1
RET-03935,ORD-03935,ITEM-03935,SKU-0223,CUST-0997,2026-03-26T22:53:00+00:00,Other,"Function ke liye liya tha, ab occasion nahi hai",Refunded,1120.00,1
RET-03937,ORD-03937,ITEM-03937,SKU-0108,CUST-0993,2025-11-23T09:42:00+00:00,Other,Order was a gift but recipient did not like the style,Refunded,447.00,1
RET-03938,ORD-03938,ITEM-03938,SKU-0479,CUST-0384,2025-12-27T10:33:00+00:00,Other,Quality utni achhi nahi lagi,Refunded,754.00,1
RET-03940,ORD-03940,ITEM-03940,SKU-0133,CUST-0682,2026-04-12T19:34:00+00:00,Other,Mujhe dusra colour chahiye tha,Refunded,589.00,1
RET-03943,ORD-03943,ITEM-03943,SKU-0257,CUST-0844,2026-01-02T15:43:00+00:00,Other,Order was a gift but recipient did not like the style,Refunded,1086.00,1
RET-03946,ORD-03946,ITEM-03946,SKU-0471,CUST-0170,2025-10-03T02:48:00+00:00,Other,Not matching with my dupatta,Refunded,1008.00,1
RET-03950,ORD-03950,ITEM-03950,SKU-0451,CUST-0204,2026-06-20T14:31:00+00:00,Other,Parcel kholne par ek button missing tha,Refunded,489.00,1
RET-03952,ORD-03952,ITEM-03952,SKU-0131,CUST-0945,2025-05-11T15:50:00+00:00,Other,Kurti is loose,Refunded,605.00,1
RET-03957,ORD-03957,ITEM-03957,SKU-0384,CUST-0202,2025-08-22T01:47:00+00:00,Other,Mujhe dusra colour chahiye tha,Exchange Completed,689.00,1
RET-03959,ORD-03959,ITEM-03959,SKU-0273,CUST-0064,2026-07-03T04:35:00+00:00,Other,Parcel kholne par ek button missing tha,Refunded,678.00,1
RET-03961,ORD-03961,ITEM-03961,SKU-0344,CUST-0887,2025-04-15T07:41:00+00:00,Other,"Photo mein shade halka tha, actual zyada dark hai",Refunded,631.00,1
RET-03962,ORD-03962,ITEM-03962,SKU-0457,CUST-0016,2025-01-28T13:06:00+00:00,Other,Length is not as shown,Exchange Completed,732.00,1
RET-03964,ORD-03964,ITEM-03964,SKU-0475,CUST-0766,2026-02-17T13:20:00+00:00,Other,Kurti is loose,Refunded,493.00,1
RET-03968,ORD-03968,ITEM-03968,SKU-0437,CUST-0512,2025-05-20T22:11:00+00:00,Other,Looks different in daylight,Exchange Completed,1319.00,1
RET-03970,ORD-03970,ITEM-03970,SKU-0205,CUST-0788,2026-03-02T12:26:00+00:00,Other,Fabric feels different than what I expected,Refunded,1357.00,1
RET-03972,ORD-03972,ITEM-03972,SKU-0203,CUST-0682,2026-08-29T07:40:00+00:00,Other,Fabric feels different than what I expected,Exchange Completed,983.00,1
RET-03973,ORD-03973,ITEM-03973,SKU-0282,CUST-0548,2025-06-10T11:52:00+00:00,Other,Order was a gift but recipient did not like the style,Exchange Completed,1131.00,1
RET-03979,ORD-03979,ITEM-03979,SKU-0033,CUST-0605,2025-06-20T22:23:00+00:00,Other,Order was a gift but recipient did not like the style,Exchange Completed,918.00,1
RET-03981,ORD-03981,ITEM-03981,SKU-0356,CUST-0886,2026-02-12T14:00:00+00:00,Other,Kurti is loose,Refunded,535.00,1
RET-03996,ORD-03996,ITEM-03996,SKU-0093,CUST-0452,2025-04-07T02:30:00+00:00,Other,Online photo aur real product alag lag rahe hain,Refunded,774.00,1
RET-04000,ORD-04000,ITEM-04000,SKU-0179,CUST-0575,2025-11-01T04:15:00+00:00,Other,Length is not as shown,Refunded,1327.00,1
RET-04008,ORD-04008,ITEM-04008,SKU-0479,CUST-0118,2025-09-28T01:20:00+00:00,Other,Online photo aur real product alag lag rahe hain,Exchange Completed,754.00,1
RET-04012,ORD-04012,ITEM-04012,SKU-0288,CUST-0522,2026-04-22T07:15:00+00:00,Other,Length is not as shown,Refunded,1419.00,1
RET-04014,ORD-04014,ITEM-04014,SKU-0090,CUST-0165,2025-08-14T07:27:00+00:00,Other,Parcel kholne par ek button missing tha,Refunded,1174.00,1
RET-04018,ORD-04018,ITEM-04018,SKU-0308,CUST-0898,2026-05-29T07:23:00+00:00,Other,Length is not as shown,Refunded,531.00,1
RET-04019,ORD-04019,ITEM-04019,SKU-0462,CUST-0004,2025-02-15T23:31:00+00:00,Other,Kurti is loose,Exchange Completed,940.00,1
RET-04023,ORD-04023,ITEM-04023,SKU-0159,CUST-0189,2026-06-07T11:44:00+00:00,Other,Quality utni achhi nahi lagi,Exchange Completed,707.00,1
RET-04024,ORD-04024,ITEM-04024,SKU-0132,CUST-0814,2025-02-26T20:27:00+00:00,Other,Kapda thoda transparent hai,Refunded,1413.00,1
RET-04025,ORD-04025,ITEM-04025,SKU-0190,CUST-0361,2025-04-01T11:33:00+00:00,Other,Kurti is loose,Refunded,1410.00,1
RET-04027,ORD-04027,ITEM-04027,SKU-0384,CUST-0495,2025-02-21T11:31:00+00:00,Other,Mujhe dusra colour chahiye tha,Refunded,689.00,1
RET-04028,ORD-04028,ITEM-04028,SKU-0375,CUST-0818,2025-07-16T10:30:00+00:00,Other,"Bahut tight hai, size bada chahiye",Exchange Completed,443.00,1
RET-04033,ORD-04033,ITEM-04033,SKU-0086,CUST-0065,2025-10-21T06:51:00+00:00,Other,Order was a gift but recipient did not like the style,Exchange Completed,1100.00,1
RET-04039,ORD-04039,ITEM-04039,SKU-0436,CUST-0839,2025-11-18T23:12:00+00:00,Other,Online photo aur real product alag lag rahe hain,Exchange Completed,424.00,1
RET-04043,ORD-04043,ITEM-04043,SKU-0282,CUST-0238,2025-10-04T21:44:00+00:00,Other,"Function ke liye liya tha, ab occasion nahi hai",Refunded,1131.00,1
RET-04044,ORD-04044,ITEM-04044,SKU-0172,CUST-0617,2025-02-11T00:22:00+00:00,Other,Not matching with my dupatta,Exchange Completed,974.00,1
RET-04048,ORD-04048,ITEM-04048,SKU-0164,CUST-0670,2025-05-17T02:49:00+00:00,Other,Mujhe dusra colour chahiye tha,Refunded,1207.00,1
RET-04049,ORD-04049,ITEM-04049,SKU-0033,CUST-0066,2025-11-29T22:02:00+00:00,Other,Quality utni achhi nahi lagi,Refunded,918.00,1
RET-04059,ORD-04059,ITEM-04059,SKU-0095,CUST-0206,2025-11-24T00:35:00+00:00,Other,Stitching at the side looks uneven,Exchange Completed,1481.00,1
RET-04073,ORD-04073,ITEM-04073,SKU-0040,CUST-0693,2025-03-17T13:41:00+00:00,Other,Kapda thoda transparent hai,Refunded,400.00,1
RET-04079,ORD-04079,ITEM-04079,SKU-0162,CUST-0901,2026-01-15T04:37:00+00:00,Other,Order was a gift but recipient did not like the style,Exchange Completed,886.00,1
RET-04080,ORD-04080,ITEM-04080,SKU-0133,CUST-0165,2025-06-09T10:50:00+00:00,Other,Kapda thoda transparent hai,Refunded,589.00,1
RET-04085,ORD-04085,ITEM-04085,SKU-0432,CUST-0798,2025-07-24T06:51:00+00:00,Other,Colour is different from picture,Exchange Completed,1302.00,1
RET-04086,ORD-04086,ITEM-04086,SKU-0471,CUST-0349,2025-04-26T01:51:00+00:00,Other,Online photo aur real product alag lag rahe hain,Exchange Completed,1008.00,1
RET-04093,ORD-04093,ITEM-04093,SKU-0159,CUST-0458,2025-10-13T23:11:00+00:00,Other,Online photo aur real product alag lag rahe hain,Refunded,707.00,1
RET-04096,ORD-04096,ITEM-04096,SKU-0367,CUST-0965,2026-07-16T08:52:00+00:00,Other,Online photo aur real product alag lag rahe hain,Refunded,1421.00,1
RET-04115,ORD-04115,ITEM-04115,SKU-0035,CUST-0581,2025-09-24T00:00:00+00:00,Other,The print placement looks different on mine,Refunded,1337.00,1
RET-04116,ORD-04116,ITEM-04116,SKU-0176,CUST-0686,2025-01-15T13:32:00+00:00,Other,Looks different in daylight,Refunded,518.00,1
RET-04125,ORD-04125,ITEM-04125,SKU-0408,CUST-0243,2025-02-18T14:09:00+00:00,Other,Not matching with my dupatta,Exchange Completed,626.00,1
RET-04127,ORD-04127,ITEM-04127,SKU-0286,CUST-0586,2025-11-02T18:06:00+00:00,Other,"Exchange chahiye, return nahi",Exchange Completed,1122.00,1
RET-04128,ORD-04128,ITEM-04128,SKU-0298,CUST-0502,2025-04-20T05:21:00+00:00,Other,"Function ke liye liya tha, ab occasion nahi hai",Refunded,771.00,1
RET-04130,ORD-04130,ITEM-04130,SKU-0005,CUST-0581,2026-05-16T22:41:00+00:00,Other,"Photo mein shade halka tha, actual zyada dark hai",Refunded,889.00,1
RET-04133,ORD-04133,ITEM-04133,SKU-0378,CUST-0292,2025-01-23T21:49:00+00:00,Other,Quality utni achhi nahi lagi,Refunded,441.00,1
RET-04139,ORD-04139,ITEM-04139,SKU-0255,CUST-0957,2025-12-13T18:25:00+00:00,Other,"Photo mein shade halka tha, actual zyada dark hai",Exchange Completed,440.00,1
RET-04140,ORD-04140,ITEM-04140,SKU-0179,CUST-0440,2025-03-24T04:41:00+00:00,Other,Quality utni achhi nahi lagi,Exchange Completed,1327.00,1
RET-04143,ORD-04143,ITEM-04143,SKU-0040,CUST-1000,2025-11-18T04:23:00+00:00,Other,Kurti is loose,Refunded,400.00,1
RET-04144,ORD-04144,ITEM-04144,SKU-0062,CUST-0582,2025-07-23T17:21:00+00:00,Other,Length is not as shown,Exchange Completed,1057.00,1
RET-04145,ORD-04145,ITEM-04145,SKU-0223,CUST-0494,2026-09-05T08:59:00+00:00,Other,Quality utni achhi nahi lagi,Refunded,1120.00,1
RET-04150,ORD-04150,ITEM-04150,SKU-0133,CUST-0601,2026-01-05T13:11:00+00:00,Other,Looks different in daylight,Refunded,589.00,1
RET-04151,ORD-04151,ITEM-04151,SKU-0461,CUST-0981,2025-09-10T12:19:00+00:00,Other,Looks different in daylight,Exchange Completed,456.00,1
RET-04152,ORD-04152,ITEM-04152,SKU-0288,CUST-0838,2026-06-13T13:54:00+00:00,Other,"Function ke liye liya tha, ab occasion nahi hai",Refunded,1419.00,1
RET-04153,ORD-04153,ITEM-04153,SKU-0257,CUST-0562,2026-06-14T05:36:00+00:00,Other,Length is not as shown,Refunded,1086.00,1
RET-04155,ORD-04155,ITEM-04155,SKU-0432,CUST-0137,2026-01-28T18:22:00+00:00,Other,Kapda thoda transparent hai,Refunded,1302.00,1
RET-04157,ORD-04157,ITEM-04157,SKU-0232,CUST-0008,2025-12-06T11:50:00+00:00,Other,The print placement looks different on mine,Exchange Completed,781.00,1
RET-04160,ORD-04160,ITEM-04160,SKU-0451,CUST-0222,2026-05-23T14:36:00+00:00,Other,Colour is different from picture,Exchange Completed,489.00,1
RET-04161,ORD-04161,ITEM-04161,SKU-0228,CUST-0276,2026-02-05T21:26:00+00:00,Other,Stitching at the side looks uneven,Exchange Completed,717.00,1
RET-04165,ORD-04165,ITEM-04165,SKU-0190,CUST-0082,2026-07-24T04:21:00+00:00,Other,Quality utni achhi nahi lagi,Refunded,1410.00,1
RET-04168,ORD-04168,ITEM-04168,SKU-0375,CUST-0856,2026-07-21T19:10:00+00:00,Other,The print placement looks different on mine,Refunded,443.00,1
RET-04170,ORD-04170,ITEM-04170,SKU-0387,CUST-0345,2025-11-06T07:02:00+00:00,Other,Stitching at the side looks uneven,Refunded,1016.00,1
RET-04175,ORD-04175,ITEM-04175,SKU-0363,CUST-0035,2026-04-13T05:03:00+00:00,Other,Fabric feels different than what I expected,Exchange Completed,772.00,1
RET-04178,ORD-04178,ITEM-04178,SKU-0437,CUST-0536,2025-08-11T16:38:00+00:00,Other,Colour is different from picture,Exchange Completed,1319.00,1
RET-04179,ORD-04179,ITEM-04179,SKU-0436,CUST-0060,2025-01-19T02:24:00+00:00,Other,Order was a gift but recipient did not like the style,Refunded,424.00,1
RET-04180,ORD-04180,ITEM-04180,SKU-0205,CUST-0400,2026-04-13T04:43:00+00:00,Other,Fabric feels different than what I expected,Exchange Completed,1357.00,1
RET-04181,ORD-04181,ITEM-04181,SKU-0178,CUST-0393,2026-09-14T06:11:00+00:00,Other,Kurti is loose,Exchange Completed,1315.00,1
RET-04183,ORD-04183,ITEM-04183,SKU-0282,CUST-0457,2025-11-15T01:34:00+00:00,Other,The print placement looks different on mine,Refunded,1131.00,1
RET-04185,ORD-04185,ITEM-04185,SKU-0035,CUST-0079,2025-01-16T09:05:00+00:00,Other,Kurti is loose,Refunded,1337.00,1
RET-04188,ORD-04188,ITEM-04188,SKU-0164,CUST-0963,2025-04-26T02:11:00+00:00,Other,Quality utni achhi nahi lagi,Exchange Completed,1207.00,1
RET-04189,ORD-04189,ITEM-04189,SKU-0033,CUST-0043,2025-04-21T22:36:00+00:00,Other,Fabric feels different than what I expected,Exchange Completed,918.00,1
RET-04193,ORD-04193,ITEM-04193,SKU-0289,CUST-0140,2025-12-05T20:24:00+00:00,Other,Order was a gift but recipient did not like the style,Refunded,444.00,1
RET-04198,ORD-04198,ITEM-04198,SKU-0298,CUST-0381,2025-03-10T00:53:00+00:00,Other,Length is not as shown,Refunded,771.00,1
RET-04199,ORD-04199,ITEM-04199,SKU-0095,CUST-0204,2026-04-12T20:09:00+00:00,Other,Mujhe dusra colour chahiye tha,Refunded,1481.00,1
RET-04200,ORD-04200,ITEM-04200,SKU-0005,CUST-0074,2025-11-12T19:56:00+00:00,Other,Kapda thoda transparent hai,Refunded,889.00,1
RET-04209,ORD-04209,ITEM-04209,SKU-0255,CUST-0566,2025-05-15T19:54:00+00:00,Other,"Bahut tight hai, size bada chahiye",Exchange Completed,440.00,1
RET-04212,ORD-04212,ITEM-04212,SKU-0307,CUST-0744,2026-09-21T15:52:00+00:00,Other,Parcel kholne par ek button missing tha,Exchange Completed,1315.00,1
RET-04214,ORD-04214,ITEM-04214,SKU-0062,CUST-0774,2026-01-30T00:40:00+00:00,Other,Mujhe dusra colour chahiye tha,Exchange Completed,1057.00,1
RET-04215,ORD-04215,ITEM-04215,SKU-0223,CUST-0844,2025-11-20T08:27:00+00:00,Other,Quality utni achhi nahi lagi,Exchange Completed,1120.00,1
RET-04216,ORD-04216,ITEM-04216,SKU-0268,CUST-0629,2026-01-21T23:05:00+00:00,Other,Kurti is loose,Refunded,413.00,1
RET-04219,ORD-04219,ITEM-04219,SKU-0162,CUST-0942,2025-03-21T08:34:00+00:00,Other,"Exchange chahiye, return nahi",Refunded,886.00,1
RET-04220,ORD-04220,ITEM-04220,SKU-0133,CUST-0128,2026-09-29T07:36:00+00:00,Other,The print placement looks different on mine,Refunded,589.00,1
RET-04221,ORD-04221,ITEM-04221,SKU-0461,CUST-0401,2026-05-13T14:33:00+00:00,Other,Quality utni achhi nahi lagi,Refunded,456.00,1
RET-04222,ORD-04222,ITEM-04222,SKU-0288,CUST-0606,2026-08-15T06:38:00+00:00,Other,Length is not as shown,Exchange Completed,1419.00,1
RET-04223,ORD-04223,ITEM-04223,SKU-0257,CUST-0705,2025-11-23T22:54:00+00:00,Other,Length is not as shown,Refunded,1086.00,1
RET-04226,ORD-04226,ITEM-04226,SKU-0471,CUST-0949,2025-07-29T02:51:00+00:00,Other,Parcel kholne par ek button missing tha,Exchange Completed,1008.00,1
RET-04229,ORD-04229,ITEM-04229,SKU-0462,CUST-0342,2025-05-26T03:22:00+00:00,Other,Order was a gift but recipient did not like the style,Refunded,940.00,1
RET-04230,ORD-04230,ITEM-04230,SKU-0451,CUST-0548,2025-09-29T03:49:00+00:00,Other,Online photo aur real product alag lag rahe hain,Refunded,489.00,1
RET-04231,ORD-04231,ITEM-04231,SKU-0228,CUST-0842,2025-10-28T14:52:00+00:00,Other,Length is not as shown,Refunded,717.00,1
RET-04235,ORD-04235,ITEM-04235,SKU-0190,CUST-0965,2025-04-05T06:39:00+00:00,Other,"Exchange chahiye, return nahi",Refunded,1410.00,1
RET-04238,ORD-04238,ITEM-04238,SKU-0375,CUST-0129,2026-01-22T02:52:00+00:00,Other,Not matching with my dupatta,Refunded,443.00,1
RET-04246,ORD-04246,ITEM-04246,SKU-0152,CUST-0449,2026-03-17T13:47:00+00:00,Other,Stitching at the side looks uneven,Refunded,1080.00,1
RET-04247,ORD-04247,ITEM-04247,SKU-0002,CUST-0534,2025-05-05T17:23:00+00:00,Other,Not matching with my dupatta,Exchange Completed,1499.00,1
RET-04248,ORD-04248,ITEM-04248,SKU-0437,CUST-0069,2026-07-08T14:01:00+00:00,Other,"Exchange chahiye, return nahi",Refunded,1319.00,1
RET-04249,ORD-04249,ITEM-04249,SKU-0436,CUST-0280,2025-09-08T06:24:00+00:00,Other,Colour is different from picture,Exchange Completed,424.00,1
RET-04250,ORD-04250,ITEM-04250,SKU-0205,CUST-0822,2025-07-15T06:19:00+00:00,Other,"Photo mein shade halka tha, actual zyada dark hai",Refunded,1357.00,1
RET-04255,ORD-04255,ITEM-04255,SKU-0035,CUST-0486,2026-03-23T09:11:00+00:00,Other,"Bahut tight hai, size bada chahiye",Exchange Completed,1337.00,1
RET-04259,ORD-04259,ITEM-04259,SKU-0033,CUST-0540,2026-08-23T05:00:00+00:00,Other,Not matching with my dupatta,Refunded,918.00,1
RET-04264,ORD-04264,ITEM-04264,SKU-0262,CUST-0511,2026-03-16T16:25:00+00:00,Other,The print placement looks different on mine,Exchange Completed,593.00,1
RET-04265,ORD-04265,ITEM-04265,SKU-0408,CUST-0953,2025-04-11T21:53:00+00:00,Other,"Photo mein shade halka tha, actual zyada dark hai",Exchange Completed,626.00,1
RET-04269,ORD-04269,ITEM-04269,SKU-0095,CUST-0794,2026-08-14T06:05:00+00:00,Other,The print placement looks different on mine,Refunded,1481.00,1
RET-04270,ORD-04270,ITEM-04270,SKU-0005,CUST-0702,2026-06-28T19:04:00+00:00,Other,"Bahut tight hai, size bada chahiye",Exchange Completed,889.00,1
RET-04278,ORD-04278,ITEM-04278,SKU-0053,CUST-0662,2026-06-11T14:53:00+00:00,Other,Fabric feels different than what I expected,Exchange Completed,452.00,1
RET-04279,ORD-04279,ITEM-04279,SKU-0255,CUST-0811,2025-03-21T15:18:00+00:00,Other,Looks different in daylight,Refunded,440.00,1
RET-04280,ORD-04280,ITEM-04280,SKU-0179,CUST-0190,2025-02-20T17:44:00+00:00,Other,The print placement looks different on mine,Refunded,1327.00,1
RET-04286,ORD-04286,ITEM-04286,SKU-0268,CUST-0836,2025-04-05T13:22:00+00:00,Other,Online photo aur real product alag lag rahe hain,Refunded,413.00,1
RET-04287,ORD-04287,ITEM-04287,SKU-0108,CUST-0201,2026-01-02T04:58:00+00:00,Other,Online photo aur real product alag lag rahe hain,Refunded,447.00,1
RET-04289,ORD-04289,ITEM-04289,SKU-0162,CUST-0570,2026-06-16T10:49:00+00:00,Other,Looks different in daylight,Exchange Completed,886.00,1
RET-04291,ORD-04291,ITEM-04291,SKU-0461,CUST-0090,2025-11-26T23:35:00+00:00,Other,"Function ke liye liya tha, ab occasion nahi hai",Refunded,456.00,1
RET-04292,ORD-04292,ITEM-04292,SKU-0288,CUST-0621,2026-03-24T09:38:00+00:00,Other,"Bahut tight hai, size bada chahiye",Refunded,1419.00,1
RET-04294,ORD-04294,ITEM-04294,SKU-0090,CUST-0314,2026-03-19T17:47:00+00:00,Other,Looks different in daylight,Exchange Completed,1174.00,1
RET-04296,ORD-04296,ITEM-04296,SKU-0471,CUST-0894,2025-11-07T18:33:00+00:00,Other,"Bahut tight hai, size bada chahiye",Exchange Completed,1008.00,1
RET-04297,ORD-04297,ITEM-04297,SKU-0232,CUST-0795,2025-02-19T17:48:00+00:00,Other,Not matching with my dupatta,Refunded,781.00,1
RET-04298,ORD-04298,ITEM-04298,SKU-0308,CUST-0676,2026-08-11T23:28:00+00:00,Other,Quality utni achhi nahi lagi,Exchange Completed,531.00,1
RET-04299,ORD-04299,ITEM-04299,SKU-0462,CUST-0684,2025-04-20T09:15:00+00:00,Other,Not matching with my dupatta,Refunded,940.00,1
RET-04300,ORD-04300,ITEM-04300,SKU-0451,CUST-0436,2025-07-26T20:19:00+00:00,Other,"Photo mein shade halka tha, actual zyada dark hai",Refunded,489.00,1
RET-04302,ORD-04302,ITEM-04302,SKU-0131,CUST-0577,2026-05-09T04:42:00+00:00,Other,Fabric feels different than what I expected,Refunded,605.00,1
RET-04306,ORD-04306,ITEM-04306,SKU-0367,CUST-0279,2025-07-27T18:33:00+00:00,Other,"Exchange chahiye, return nahi",Exchange Completed,1421.00,1
RET-04313,ORD-04313,ITEM-04313,SKU-0086,CUST-0924,2026-01-18T17:38:00+00:00,Other,The print placement looks different on mine,Refunded,1100.00,1
RET-04314,ORD-04314,ITEM-04314,SKU-0475,CUST-0204,2025-08-12T00:47:00+00:00,Other,Online photo aur real product alag lag rahe hain,Refunded,493.00,1
RET-04316,ORD-04316,ITEM-04316,SKU-0152,CUST-0958,2026-05-23T03:59:00+00:00,Other,Kurti is loose,Refunded,1080.00,1
RET-04319,ORD-04319,ITEM-04319,SKU-0436,CUST-0689,2025-04-23T10:28:00+00:00,Other,Looks different in daylight,Refunded,424.00,1
RET-04320,ORD-04320,ITEM-04320,SKU-0205,CUST-0829,2025-04-06T05:03:00+00:00,Other,Parcel kholne par ek button missing tha,Refunded,1357.00,1
RET-04321,ORD-04321,ITEM-04321,SKU-0178,CUST-0263,2026-01-11T16:30:00+00:00,Other,Quality utni achhi nahi lagi,Exchange Completed,1315.00,1
RET-04324,ORD-04324,ITEM-04324,SKU-0172,CUST-0715,2025-10-18T22:28:00+00:00,Other,Order was a gift but recipient did not like the style,Exchange Completed,974.00,1
RET-04325,ORD-04325,ITEM-04325,SKU-0035,CUST-0069,2025-03-09T18:08:00+00:00,Other,Length is not as shown,Exchange Completed,1337.00,1
RET-04327,ORD-04327,ITEM-04327,SKU-0188,CUST-0325,2025-10-23T02:04:00+00:00,Other,Order was a gift but recipient did not like the style,Exchange Completed,538.00,1
RET-04334,ORD-04334,ITEM-04334,SKU-0262,CUST-0718,2026-09-01T00:28:00+00:00,Other,Kapda thoda transparent hai,Refunded,593.00,1
RET-04336,ORD-04336,ITEM-04336,SKU-0338,CUST-0482,2026-03-22T22:07:00+00:00,Other,"Function ke liye liya tha, ab occasion nahi hai",Refunded,1059.00,1
RET-04337,ORD-04337,ITEM-04337,SKU-0286,CUST-0147,2026-07-21T08:28:00+00:00,Other,Colour is different from picture,Refunded,1122.00,1
RET-04339,ORD-04339,ITEM-04339,SKU-0095,CUST-0793,2026-08-22T09:45:00+00:00,Other,Looks different in daylight,Refunded,1481.00,1
RET-04347,ORD-04347,ITEM-04347,SKU-0008,CUST-0219,2026-08-28T05:05:00+00:00,Other,Mujhe dusra colour chahiye tha,Refunded,803.00,1
RET-04351,ORD-04351,ITEM-04351,SKU-0080,CUST-0935,2025-05-30T14:01:00+00:00,Other,Colour is different from picture,Exchange Completed,1006.00,1
RET-04354,ORD-04354,ITEM-04354,SKU-0062,CUST-0935,2025-02-17T18:20:00+00:00,Other,"Exchange chahiye, return nahi",Refunded,1057.00,1
RET-04355,ORD-04355,ITEM-04355,SKU-0223,CUST-0162,2026-04-19T09:20:00+00:00,Other,Not matching with my dupatta,Refunded,1120.00,1
RET-04358,ORD-04358,ITEM-04358,SKU-0479,CUST-0457,2025-07-26T10:25:00+00:00,Other,Quality utni achhi nahi lagi,Refunded,754.00,1
RET-04361,ORD-04361,ITEM-04361,SKU-0461,CUST-0668,2025-02-15T17:46:00+00:00,Other,"Bahut tight hai, size bada chahiye",Refunded,456.00,1
RET-04362,ORD-04362,ITEM-04362,SKU-0288,CUST-0545,2026-04-29T23:01:00+00:00,Other,"Photo mein shade halka tha, actual zyada dark hai",Refunded,1419.00,1
RET-04363,ORD-04363,ITEM-04363,SKU-0257,CUST-0835,2026-03-04T22:51:00+00:00,Other,Order was a gift but recipient did not like the style,Refunded,1086.00,1
RET-04367,ORD-04367,ITEM-04367,SKU-0232,CUST-0010,2025-05-03T13:33:00+00:00,Other,Order was a gift but recipient did not like the style,Exchange Completed,781.00,1
RET-04368,ORD-04368,ITEM-04368,SKU-0308,CUST-0186,2025-11-21T10:00:00+00:00,Other,Looks different in daylight,Exchange Completed,531.00,1
RET-04376,ORD-04376,ITEM-04376,SKU-0367,CUST-0267,2025-09-02T00:57:00+00:00,Other,Order was a gift but recipient did not like the style,Refunded,1421.00,1
RET-04377,ORD-04377,ITEM-04377,SKU-0384,CUST-0176,2025-02-17T23:22:00+00:00,Other,Order was a gift but recipient did not like the style,Refunded,689.00,1
RET-04381,ORD-04381,ITEM-04381,SKU-0344,CUST-0213,2025-12-10T15:17:00+00:00,Other,Colour is different from picture,Refunded,631.00,1
RET-04382,ORD-04382,ITEM-04382,SKU-0457,CUST-0320,2025-03-18T08:12:00+00:00,Other,Not matching with my dupatta,Refunded,732.00,1
RET-04383,ORD-04383,ITEM-04383,SKU-0086,CUST-0017,2025-01-13T12:39:00+00:00,Other,Online photo aur real product alag lag rahe hain,Exchange Completed,1100.00,1
RET-04386,ORD-04386,ITEM-04386,SKU-0152,CUST-0855,2026-02-06T01:41:00+00:00,Other,"Bahut tight hai, size bada chahiye",Exchange Completed,1080.00,1
RET-04391,ORD-04391,ITEM-04391,SKU-0178,CUST-0372,2025-04-10T14:13:00+00:00,Other,Stitching at the side looks uneven,Refunded,1315.00,1
RET-04393,ORD-04393,ITEM-04393,SKU-0282,CUST-0131,2025-04-23T08:00:00+00:00,Other,Mujhe dusra colour chahiye tha,Refunded,1131.00,1
RET-04395,ORD-04395,ITEM-04395,SKU-0035,CUST-0490,2025-07-30T04:16:00+00:00,Other,Quality utni achhi nahi lagi,Refunded,1337.00,1
RET-04401,ORD-04401,ITEM-04401,SKU-0356,CUST-0280,2026-09-15T02:44:00+00:00,Other,Stitching at the side looks uneven,Refunded,535.00,1
RET-04403,ORD-04403,ITEM-04403,SKU-0289,CUST-0755,2025-01-27T01:43:00+00:00,Other,Quality utni achhi nahi lagi,Exchange Completed,444.00,1
RET-04405,ORD-04405,ITEM-04405,SKU-0408,CUST-0670,2025-06-09T00:45:00+00:00,Other,"Exchange chahiye, return nahi",Refunded,626.00,1
RET-04409,ORD-04409,ITEM-04409,SKU-0095,CUST-0620,2025-08-28T16:24:00+00:00,Other,"Bahut tight hai, size bada chahiye",Exchange Completed,1481.00,1
RET-04410,ORD-04410,ITEM-04410,SKU-0005,CUST-0457,2025-04-06T05:22:00+00:00,Other,"Exchange chahiye, return nahi",Refunded,889.00,1
RET-04416,ORD-04416,ITEM-04416,SKU-0093,CUST-0103,2025-09-02T03:44:00+00:00,Other,"Exchange chahiye, return nahi",Refunded,774.00,1
RET-04419,ORD-04419,ITEM-04419,SKU-0255,CUST-0842,2026-01-27T16:17:00+00:00,Other,Online photo aur real product alag lag rahe hain,Refunded,440.00,1
RET-04422,ORD-04422,ITEM-04422,SKU-0307,CUST-0874,2025-06-29T15:06:00+00:00,Other,"Photo mein shade halka tha, actual zyada dark hai",Exchange Completed,1315.00,1
RET-04427,ORD-04427,ITEM-04427,SKU-0108,CUST-0686,2026-02-19T20:49:00+00:00,Colour/Appearance,,Refunded,447.00,1
RET-04433,ORD-04433,ITEM-04433,SKU-0257,CUST-0707,2026-08-29T12:39:00+00:00,Quality,,Refunded,1086.00,1
RET-04443,ORD-04443,ITEM-04443,SKU-0159,CUST-0598,2026-04-16T00:41:00+00:00,Size/Fit,,Exchange Completed,,1
RET-04444,ORD-04444,ITEM-04444,SKU-0132,CUST-0597,2025-03-04T22:34:00+00:00,Size/Fit,,Exchange Completed,1413.00,1
RET-04451,ORD-04451,ITEM-04451,SKU-0344,CUST-0614,2026-02-11T15:44:00+00:00,Size/Fit,,Refunded,631.00,1
RET-04454,ORD-04454,ITEM-04454,SKU-0475,CUST-0274,2026-03-26T16:35:00+00:00,Changed Mind,,Refunded,493.00,1
RET-04458,ORD-04458,ITEM-04458,SKU-0437,CUST-0062,2026-04-29T15:00:00+00:00,Size/Fit,,Refunded,1319.00,1
RET-04466,ORD-04466,ITEM-04466,SKU-0176,CUST-0191,2025-10-06T03:02:00+00:00,Size/Fit,,Refunded,518.00,1
RET-04469,ORD-04469,ITEM-04469,SKU-0033,CUST-0455,2025-08-03T00:20:00+00:00,Delivery Issue,,Refunded,918.00,1
RET-04471,ORD-04471,ITEM-04471,SKU-0356,CUST-0751,2026-02-22T11:42:00+00:00,Changed Mind,,Exchange Completed,535.00,1
RET-04472,ORD-04472,ITEM-04472,SKU-0277,CUST-0039,2025-11-06T16:41:00+00:00,Size/Fit,,Refunded,1201.00,1
RET-04474,ORD-04474,ITEM-04474,SKU-0262,CUST-0295,2025-03-16T04:56:00+00:00,Changed Mind,,Refunded,,1
RET-04476,ORD-04476,ITEM-04476,SKU-0338,CUST-0377,2026-07-23T15:29:00+00:00,Delivery Issue,,Refunded,1059.00,1
RET-04486,ORD-04486,ITEM-04486,SKU-0093,CUST-0794,2026-09-22T09:15:00+00:00,Changed Mind,,Refunded,774.00,1
RET-04489,ORD-04489,ITEM-04489,SKU-0255,CUST-0019,2025-05-03T22:18:00+00:00,Delivery Issue,,Refunded,440.00,1
RET-04492,ORD-04492,ITEM-04492,SKU-0307,CUST-0136,2025-07-23T00:22:00+00:00,Colour/Appearance,,Refunded,1315.00,1
RET-04495,ORD-04495,ITEM-04495,SKU-0223,CUST-0266,2025-03-11T10:39:00+00:00,Delivery Issue,,Refunded,,1
RET-04496,ORD-04496,ITEM-04496,SKU-0268,CUST-0608,2026-08-10T05:13:00+00:00,Delivery Issue,,Exchange Completed,413.00,1
RET-04497,ORD-04497,ITEM-04497,SKU-0108,CUST-0517,2026-02-20T17:00:00+00:00,Changed Mind,,Exchange Completed,447.00,1
RET-04500,ORD-04500,ITEM-04500,SKU-0133,CUST-0257,2026-04-16T21:55:00+00:00,Changed Mind,,Refunded,,1
RET-04503,ORD-04503,ITEM-04503,SKU-0257,CUST-0562,2026-08-10T08:16:00+00:00,Size/Fit,,Exchange Completed,1086.00,1
RET-04508,ORD-04508,ITEM-04508,SKU-0308,CUST-0398,2025-09-10T00:35:00+00:00,Quality,,Refunded,531.00,1
RET-04510,ORD-04510,ITEM-04510,SKU-0451,CUST-0735,2026-09-11T21:35:00+00:00,Colour/Appearance,,Refunded,489.00,1
RET-04514,ORD-04514,ITEM-04514,SKU-0132,CUST-0456,2026-05-14T09:56:00+00:00,Quality,,Exchange Completed,1413.00,1
RET-04518,ORD-04518,ITEM-04518,SKU-0375,CUST-0184,2025-12-26T22:12:00+00:00,Size/Fit,,Refunded,443.00,1
RET-04520,ORD-04520,ITEM-04520,SKU-0387,CUST-0654,2025-04-12T16:02:00+00:00,Colour/Appearance,,Exchange Completed,1016.00,1
RET-04521,ORD-04521,ITEM-04521,SKU-0344,CUST-0573,2025-04-02T07:01:00+00:00,Colour/Appearance,,Refunded,631.00,1
RET-04528,ORD-04528,ITEM-04528,SKU-0437,CUST-0416,2026-02-03T15:30:00+00:00,Size/Fit,,Refunded,1319.00,1
RET-04531,ORD-04531,ITEM-04531,SKU-0178,CUST-0338,2025-10-07T02:35:00+00:00,Colour/Appearance,,Refunded,1315.00,1
RET-04532,ORD-04532,ITEM-04532,SKU-0203,CUST-0203,2025-06-01T05:25:00+00:00,Colour/Appearance,,Exchange Completed,983.00,1
RET-04540,ORD-04540,ITEM-04540,SKU-0114,CUST-0334,2025-03-31T14:41:00+00:00,Colour/Appearance,,Refunded,585.00,1
RET-04541,ORD-04541,ITEM-04541,SKU-0356,CUST-0180,2025-06-26T13:40:00+00:00,Changed Mind,,Exchange Completed,535.00,1
RET-04544,ORD-04544,ITEM-04544,SKU-0262,CUST-0169,2025-09-23T05:38:00+00:00,Delivery Issue,,Refunded,593.00,1
RET-04545,ORD-04545,ITEM-04545,SKU-0408,CUST-0912,2026-06-10T06:50:00+00:00,Size/Fit,,Exchange Completed,626.00,1
RET-04546,ORD-04546,ITEM-04546,SKU-0338,CUST-0495,2026-09-22T23:14:00+00:00,Changed Mind,,Refunded,1059.00,1
RET-04549,ORD-04549,ITEM-04549,SKU-0095,CUST-0010,2026-07-12T01:23:00+00:00,Quality,,Refunded,1481.00,1
RET-04556,ORD-04556,ITEM-04556,SKU-0093,CUST-0915,2025-02-20T14:00:00+00:00,Changed Mind,,Exchange Completed,,1
RET-04557,ORD-04557,ITEM-04557,SKU-0008,CUST-0953,2026-07-11T06:50:00+00:00,Colour/Appearance,,Refunded,803.00,1
RET-04558,ORD-04558,ITEM-04558,SKU-0053,CUST-0090,2025-10-31T07:31:00+00:00,Changed Mind,,Refunded,,1
RET-04561,ORD-04561,ITEM-04561,SKU-0080,CUST-0827,2025-07-31T21:43:00+00:00,Changed Mind,,Exchange Completed,1006.00,1
RET-04568,ORD-04568,ITEM-04568,SKU-0479,CUST-0521,2026-08-03T20:27:00+00:00,Quality,,Refunded,754.00,1
RET-04570,ORD-04570,ITEM-04570,SKU-0133,CUST-0525,2025-11-16T02:21:00+00:00,Quality,,Refunded,589.00,1
RET-04571,ORD-04571,ITEM-04571,SKU-0461,CUST-0238,2026-06-02T14:22:00+00:00,Changed Mind,,Refunded,456.00,1
RET-04574,ORD-04574,ITEM-04574,SKU-0090,CUST-0924,2026-01-13T12:14:00+00:00,Size/Fit,,Refunded,1174.00,1
RET-04581,ORD-04581,ITEM-04581,SKU-0228,CUST-0809,2025-05-13T02:54:00+00:00,Quality,,Refunded,717.00,1
RET-04585,ORD-04585,ITEM-04585,SKU-0190,CUST-0356,2026-02-09T05:12:00+00:00,Quality,,Refunded,,1
RET-04589,ORD-04589,ITEM-04589,SKU-0273,CUST-0113,2025-09-02T22:47:00+00:00,Colour/Appearance,,Refunded,678.00,1
RET-04590,ORD-04590,ITEM-04590,SKU-0387,CUST-0632,2026-03-20T06:09:00+00:00,Delivery Issue,,Refunded,1016.00,1
RET-04599,ORD-04599,ITEM-04599,SKU-0436,CUST-0606,2025-08-31T14:21:00+00:00,Delivery Issue,,Exchange Completed,424.00,1
RET-04607,ORD-04607,ITEM-04607,SKU-0188,CUST-0723,2026-06-18T21:15:00+00:00,Size/Fit,,Refunded,,1
RET-04610,ORD-04610,ITEM-04610,SKU-0114,CUST-0396,2025-12-15T01:52:00+00:00,Colour/Appearance,,Exchange Completed,585.00,1
RET-04628,ORD-04628,ITEM-04628,SKU-0053,CUST-0227,2025-03-10T02:05:00+00:00,Size/Fit,,Refunded,452.00,1
RET-04629,ORD-04629,ITEM-04629,SKU-0255,CUST-0699,2025-05-15T18:39:00+00:00,Size/Fit,,Exchange Completed,440.00,1
RET-04633,ORD-04633,ITEM-04633,SKU-0040,CUST-0852,2026-06-03T17:19:00+00:00,Colour/Appearance,,Exchange Completed,400.00,1
RET-04635,ORD-04635,ITEM-04635,SKU-0223,CUST-0455,2025-11-17T11:07:00+00:00,Colour/Appearance,,Exchange Completed,1120.00,1
RET-04639,ORD-04639,ITEM-04639,SKU-0162,CUST-0154,2026-01-10T12:46:00+00:00,Delivery Issue,,Refunded,886.00,1
RET-04641,ORD-04641,ITEM-04641,SKU-0461,CUST-0850,2025-07-30T15:23:00+00:00,Colour/Appearance,,Refunded,,1
RET-04642,ORD-04642,ITEM-04642,SKU-0288,CUST-0398,2026-07-29T12:19:00+00:00,Colour/Appearance,,Exchange Completed,,1
RET-04647,ORD-04647,ITEM-04647,SKU-0232,CUST-0977,2025-07-20T22:10:00+00:00,Quality,,Exchange Completed,781.00,1
RET-04661,ORD-04661,ITEM-04661,SKU-0344,CUST-0015,2025-06-05T22:50:00+00:00,Changed Mind,,Refunded,631.00,1
RET-04662,ORD-04662,ITEM-04662,SKU-0457,CUST-0624,2025-10-17T01:27:00+00:00,Changed Mind,,Exchange Completed,732.00,1
RET-04665,ORD-04665,ITEM-04665,SKU-0363,CUST-0148,2026-02-18T12:49:00+00:00,Colour/Appearance,,Exchange Completed,772.00,1
RET-04667,ORD-04667,ITEM-04667,SKU-0002,CUST-0939,2025-10-26T03:58:00+00:00,Colour/Appearance,,Refunded,1499.00,1
RET-04673,ORD-04673,ITEM-04673,SKU-0282,CUST-0610,2025-08-14T23:09:00+00:00,Colour/Appearance,,Exchange Completed,1131.00,1
RET-04674,ORD-04674,ITEM-04674,SKU-0172,CUST-0168,2025-05-15T22:36:00+00:00,Changed Mind,,Exchange Completed,974.00,1
RET-04675,ORD-04675,ITEM-04675,SKU-0035,CUST-0667,2025-06-04T01:08:00+00:00,Delivery Issue,,Refunded,1337.00,1
RET-04676,ORD-04676,ITEM-04676,SKU-0176,CUST-0216,2025-05-19T23:02:00+00:00,Delivery Issue,,Exchange Completed,518.00,1
RET-04678,ORD-04678,ITEM-04678,SKU-0164,CUST-0948,2026-09-23T02:46:00+00:00,Quality,,Refunded,1207.00,1
RET-04682,ORD-04682,ITEM-04682,SKU-0277,CUST-0453,2026-02-09T00:48:00+00:00,Quality,,Exchange Completed,1201.00,1
RET-04683,ORD-04683,ITEM-04683,SKU-0289,CUST-0183,2026-02-28T06:47:00+00:00,Delivery Issue,,Refunded,444.00,1
RET-04684,ORD-04684,ITEM-04684,SKU-0262,CUST-0686,2026-04-27T19:15:00+00:00,Changed Mind,,Refunded,593.00,1
RET-04688,ORD-04688,ITEM-04688,SKU-0298,CUST-0258,2025-03-14T04:03:00+00:00,Size/Fit,,Exchange Completed,771.00,1
RET-04689,ORD-04689,ITEM-04689,SKU-0095,CUST-0100,2025-12-17T05:07:00+00:00,Colour/Appearance,,Refunded,1481.00,1
RET-04690,ORD-04690,ITEM-04690,SKU-0005,CUST-0082,2025-03-26T05:34:00+00:00,Colour/Appearance,,Refunded,889.00,1
RET-04697,ORD-04697,ITEM-04697,SKU-0008,CUST-0258,2025-04-24T14:24:00+00:00,Changed Mind,,Exchange Completed,803.00,1
RET-04699,ORD-04699,ITEM-04699,SKU-0255,CUST-0871,2025-10-12T10:55:00+00:00,Quality,,Refunded,440.00,1
RET-04700,ORD-04700,ITEM-04700,SKU-0179,CUST-0092,2025-06-03T23:00:00+00:00,Quality,,Refunded,1327.00,1
RET-04703,ORD-04703,ITEM-04703,SKU-0040,CUST-0197,2026-06-23T20:34:00+00:00,Colour/Appearance,,Refunded,400.00,1
RET-04705,ORD-04705,ITEM-04705,SKU-0223,CUST-0235,2025-02-13T03:19:00+00:00,Colour/Appearance,,Exchange Completed,1120.00,1
RET-04706,ORD-04706,ITEM-04706,SKU-0268,CUST-0596,2026-06-15T03:56:00+00:00,Delivery Issue,,Refunded,413.00,1
RET-04708,ORD-04708,ITEM-04708,SKU-0479,CUST-0445,2025-02-13T01:08:00+00:00,Quality,,Exchange Completed,754.00,1
RET-04710,ORD-04710,ITEM-04710,SKU-0133,CUST-0358,2026-08-01T22:47:00+00:00,Quality,,Refunded,589.00,1
RET-04712,ORD-04712,ITEM-04712,SKU-0288,CUST-0658,2025-06-25T20:42:00+00:00,Quality,,Exchange Completed,1419.00,1
RET-04715,ORD-04715,ITEM-04715,SKU-0432,CUST-0987,2026-07-10T21:28:00+00:00,Quality,,Exchange Completed,1302.00,1
RET-04717,ORD-04717,ITEM-04717,SKU-0232,CUST-0754,2025-03-09T04:47:00+00:00,Size/Fit,,Refunded,781.00,1
RET-04722,ORD-04722,ITEM-04722,SKU-0131,CUST-0438,2026-03-14T15:17:00+00:00,Delivery Issue,,Exchange Completed,605.00,1
RET-04725,ORD-04725,ITEM-04725,SKU-0190,CUST-0710,2025-12-31T01:17:00+00:00,Size/Fit,,Refunded,1410.00,1
RET-04727,ORD-04727,ITEM-04727,SKU-0384,CUST-0362,2025-10-12T23:35:00+00:00,Delivery Issue,,Refunded,689.00,1
RET-04728,ORD-04728,ITEM-04728,SKU-0375,CUST-0793,2025-08-18T15:03:00+00:00,Colour/Appearance,,Exchange Completed,443.00,1
RET-04730,ORD-04730,ITEM-04730,SKU-0387,CUST-0595,2026-01-09T03:24:00+00:00,Delivery Issue,,Refunded,1016.00,1
RET-04734,ORD-04734,ITEM-04734,SKU-0475,CUST-0805,2026-07-21T00:15:00+00:00,Size/Fit,,Refunded,493.00,1
RET-04738,ORD-04738,ITEM-04738,SKU-0437,CUST-0177,2025-06-18T23:22:00+00:00,Quality,,Refunded,1319.00,1
RET-04740,ORD-04740,ITEM-04740,SKU-0205,CUST-0159,2026-01-09T06:01:00+00:00,Changed Mind,,Refunded,1357.00,1
RET-04745,ORD-04745,ITEM-04745,SKU-0035,CUST-0040,2025-03-06T15:18:00+00:00,Changed Mind,,Exchange Completed,1337.00,1
RET-04746,ORD-04746,ITEM-04746,SKU-0176,CUST-0344,2025-11-26T07:05:00+00:00,Delivery Issue,,Refunded,518.00,1
RET-04747,ORD-04747,ITEM-04747,SKU-0188,CUST-0573,2026-08-31T19:11:00+00:00,Quality,,Refunded,538.00,1
RET-04751,ORD-04751,ITEM-04751,SKU-0356,CUST-0920,2025-11-25T05:37:00+00:00,Quality,,Refunded,535.00,1
RET-04753,ORD-04753,ITEM-04753,SKU-0289,CUST-0867,2026-05-17T01:24:00+00:00,Size/Fit,,Refunded,444.00,1
RET-04755,ORD-04755,ITEM-04755,SKU-0408,CUST-0126,2026-04-04T07:18:00+00:00,Quality,,Refunded,626.00,1
RET-04756,ORD-04756,ITEM-04756,SKU-0338,CUST-0698,2025-11-27T10:11:00+00:00,Delivery Issue,,Refunded,1059.00,1
RET-04757,ORD-04757,ITEM-04757,SKU-0286,CUST-0997,2025-02-05T07:10:00+00:00,Size/Fit,,Refunded,1122.00,1
RET-04766,ORD-04766,ITEM-04766,SKU-0093,CUST-0170,2026-04-06T20:52:00+00:00,Quality,,Exchange Completed,774.00,1
RET-04768,ORD-04768,ITEM-04768,SKU-0053,CUST-0988,2026-01-24T19:43:00+00:00,Colour/Appearance,,Refunded,452.00,1
RET-04772,ORD-04772,ITEM-04772,SKU-0307,CUST-0509,2025-04-29T07:48:00+00:00,Size/Fit,,Exchange Completed,1315.00,1
RET-04773,ORD-04773,ITEM-04773,SKU-0040,CUST-0859,2025-03-22T06:13:00+00:00,Quality,,Refunded,400.00,1
RET-04774,ORD-04774,ITEM-04774,SKU-0062,CUST-0145,2026-09-24T22:51:00+00:00,Delivery Issue,,Refunded,1057.00,1
RET-04777,ORD-04777,ITEM-04777,SKU-0108,CUST-0188,2025-03-12T01:35:00+00:00,Delivery Issue,,Refunded,447.00,1
RET-04779,ORD-04779,ITEM-04779,SKU-0162,CUST-0668,2026-09-28T08:45:00+00:00,Quality,,Exchange Completed,886.00,1
RET-04783,ORD-04783,ITEM-04783,SKU-0257,CUST-0905,2025-12-09T22:27:00+00:00,Delivery Issue,,Exchange Completed,1086.00,1
RET-04786,ORD-04786,ITEM-04786,SKU-0471,CUST-0642,2025-08-18T14:29:00+00:00,Colour/Appearance,,Refunded,1008.00,1
RET-04788,ORD-04788,ITEM-04788,SKU-0308,CUST-0165,2025-03-01T00:09:00+00:00,Quality,,Refunded,531.00,1
RET-04789,ORD-04789,ITEM-04789,SKU-0462,CUST-0984,2025-09-27T11:55:00+00:00,Delivery Issue,,Exchange Completed,940.00,1
RET-04797,ORD-04797,ITEM-04797,SKU-0384,CUST-0687,2025-06-06T17:25:00+00:00,Changed Mind,,Refunded,689.00,1
RET-04798,ORD-04798,ITEM-04798,SKU-0375,CUST-0601,2026-06-09T08:36:00+00:00,Colour/Appearance,,Exchange Completed,443.00,1
RET-04801,ORD-04801,ITEM-04801,SKU-0344,CUST-0900,2025-10-02T19:29:00+00:00,Changed Mind,,Refunded,,1
RET-04803,ORD-04803,ITEM-04803,SKU-0086,CUST-0419,2026-01-28T17:35:00+00:00,Quality,,Refunded,,1
RET-04804,ORD-04804,ITEM-04804,SKU-0475,CUST-0024,2025-06-24T19:56:00+00:00,Changed Mind,,Exchange Completed,493.00,1
RET-04805,ORD-04805,ITEM-04805,SKU-0363,CUST-0044,2025-10-06T11:20:00+00:00,Delivery Issue,,Refunded,772.00,1
RET-04806,ORD-04806,ITEM-04806,SKU-0152,CUST-0666,2025-12-29T02:35:00+00:00,Changed Mind,,Refunded,1080.00,1
RET-04808,ORD-04808,ITEM-04808,SKU-0437,CUST-0677,2026-09-19T19:12:00+00:00,Changed Mind,,Exchange Completed,1319.00,1
RET-04809,ORD-04809,ITEM-04809,SKU-0436,CUST-0524,2026-06-19T03:47:00+00:00,Changed Mind,,Refunded,424.00,1
RET-04815,ORD-04815,ITEM-04815,SKU-0035,CUST-0550,2026-04-13T19:13:00+00:00,Changed Mind,,Refunded,1337.00,1
RET-04821,ORD-04821,ITEM-04821,SKU-0356,CUST-0575,2026-06-21T13:37:00+00:00,Changed Mind,,Refunded,535.00,1
RET-04822,ORD-04822,ITEM-04822,SKU-0277,CUST-0333,2025-11-11T00:06:00+00:00,Delivery Issue,,Exchange Completed,1201.00,1
RET-04828,ORD-04828,ITEM-04828,SKU-0298,CUST-0167,2025-09-20T10:42:00+00:00,Colour/Appearance,,Refunded,771.00,1
RET-04829,ORD-04829,ITEM-04829,SKU-0095,CUST-0794,2025-07-23T11:07:00+00:00,Colour/Appearance,,Exchange Completed,1481.00,1
RET-04838,ORD-04838,ITEM-04838,SKU-0053,CUST-0121,2025-06-16T12:24:00+00:00,Colour/Appearance,,Refunded,,1
RET-04840,ORD-04840,ITEM-04840,SKU-0179,CUST-0748,2025-07-25T16:52:00+00:00,Colour/Appearance,,Exchange Completed,1327.00,1
RET-04842,ORD-04842,ITEM-04842,SKU-0307,CUST-0905,2025-08-28T17:54:00+00:00,Delivery Issue,,Refunded,1315.00,1
RET-04851,ORD-04851,ITEM-04851,SKU-0461,CUST-0801,2026-02-23T10:51:00+00:00,Colour/Appearance,,Exchange Completed,456.00,1
RET-04858,ORD-04858,ITEM-04858,SKU-0308,CUST-0666,2026-04-22T21:17:00+00:00,Size/Fit,,Refunded,531.00,1
RET-04860,ORD-04860,ITEM-04860,SKU-0451,CUST-0054,2025-01-31T23:05:00+00:00,Colour/Appearance,,Refunded,489.00,1
RET-04863,ORD-04863,ITEM-04863,SKU-0159,CUST-0342,2026-04-18T11:47:00+00:00,Changed Mind,,Refunded,707.00,1
RET-04865,ORD-04865,ITEM-04865,SKU-0190,CUST-0183,2026-04-26T23:57:00+00:00,Changed Mind,,Refunded,1410.00,1
RET-04867,ORD-04867,ITEM-04867,SKU-0384,CUST-0794,2025-12-17T14:48:00+00:00,Colour/Appearance,,Refunded,689.00,1
RET-04871,ORD-04871,ITEM-04871,SKU-0344,CUST-0045,2026-06-15T02:38:00+00:00,Quality,,Refunded,631.00,1
RET-04872,ORD-04872,ITEM-04872,SKU-0457,CUST-0652,2026-01-11T03:30:00+00:00,Size/Fit,,Refunded,732.00,1
RET-04877,ORD-04877,ITEM-04877,SKU-0002,CUST-0548,2025-04-25T21:51:00+00:00,Size/Fit,,Exchange Completed,1499.00,1
RET-04880,ORD-04880,ITEM-04880,SKU-0205,CUST-0355,2025-12-25T05:38:00+00:00,Delivery Issue,,Refunded,,1
RET-04882,ORD-04882,ITEM-04882,SKU-0203,CUST-0034,2025-09-10T03:36:00+00:00,Quality,,Exchange Completed,983.00,1
RET-04883,ORD-04883,ITEM-04883,SKU-0282,CUST-0543,2026-06-20T20:12:00+00:00,Delivery Issue,,Refunded,1131.00,1
RET-04884,ORD-04884,ITEM-04884,SKU-0172,CUST-0661,2025-10-24T13:12:00+00:00,Colour/Appearance,,Refunded,974.00,1
RET-04887,ORD-04887,ITEM-04887,SKU-0188,CUST-0828,2025-08-09T10:55:00+00:00,Changed Mind,,Refunded,538.00,1
RET-04889,ORD-04889,ITEM-04889,SKU-0033,CUST-0267,2025-03-26T16:09:00+00:00,Quality,,Refunded,,1
RET-04891,ORD-04891,ITEM-04891,SKU-0356,CUST-0408,2025-12-06T12:21:00+00:00,Delivery Issue,,Exchange Completed,535.00,1
RET-04892,ORD-04892,ITEM-04892,SKU-0277,CUST-0931,2026-04-26T05:30:00+00:00,Delivery Issue,,Refunded,1201.00,1
RET-04893,ORD-04893,ITEM-04893,SKU-0289,CUST-0928,2026-02-03T15:12:00+00:00,Delivery Issue,,Refunded,444.00,1
RET-04896,ORD-04896,ITEM-04896,SKU-0338,CUST-0199,2025-06-24T17:54:00+00:00,Colour/Appearance,,Exchange Completed,1059.00,1
RET-04897,ORD-04897,ITEM-04897,SKU-0286,CUST-0589,2025-04-30T08:11:00+00:00,Changed Mind,,Exchange Completed,1122.00,1
RET-04907,ORD-04907,ITEM-04907,SKU-0008,CUST-0946,2025-04-16T08:41:00+00:00,Delivery Issue,,Refunded,803.00,1
RET-04908,ORD-04908,ITEM-04908,SKU-0053,CUST-0185,2025-09-07T08:34:00+00:00,Delivery Issue,,Refunded,452.00,1
RET-04909,ORD-04909,ITEM-04909,SKU-0255,CUST-0131,2025-10-13T15:06:00+00:00,Delivery Issue,,Refunded,,1
RET-04911,ORD-04911,ITEM-04911,SKU-0080,CUST-0513,2025-04-01T19:13:00+00:00,Delivery Issue,,Exchange Completed,,1
RET-04912,ORD-04912,ITEM-04912,SKU-0307,CUST-0725,2025-11-14T18:08:00+00:00,Quality,,Refunded,1315.00,1
RET-04921,ORD-04921,ITEM-04921,SKU-0461,CUST-0808,2025-07-27T09:59:00+00:00,Colour/Appearance,,Refunded,,1
RET-04922,ORD-04922,ITEM-04922,SKU-0288,CUST-0134,2026-05-15T12:05:00+00:00,Size/Fit,,Refunded,1419.00,1
RET-04924,ORD-04924,ITEM-04924,SKU-0090,CUST-0939,2025-08-01T07:27:00+00:00,Colour/Appearance,,Refunded,1174.00,1
RET-04925,ORD-04925,ITEM-04925,SKU-0432,CUST-0823,2025-02-27T01:11:00+00:00,Changed Mind,,Refunded,,1
RET-04926,ORD-04926,ITEM-04926,SKU-0471,CUST-0355,2026-06-09T08:10:00+00:00,Changed Mind,,Refunded,1008.00,1
RET-04927,ORD-04927,ITEM-04927,SKU-0232,CUST-0048,2025-03-20T00:36:00+00:00,Delivery Issue,,Exchange Completed,781.00,1
RET-04929,ORD-04929,ITEM-04929,SKU-0462,CUST-0089,2026-08-24T19:11:00+00:00,Delivery Issue,,Refunded,940.00,1
RET-04931,ORD-04931,ITEM-04931,SKU-0228,CUST-0066,2025-04-06T20:18:00+00:00,Delivery Issue,,Exchange Completed,717.00,1
RET-04936,ORD-04936,ITEM-04936,SKU-0367,CUST-0899,2025-03-23T05:17:00+00:00,Quality,,Exchange Completed,1421.00,1
RET-04939,ORD-04939,ITEM-04939,SKU-0273,CUST-0002,2025-12-29T11:04:00+00:00,Quality,,Refunded,678.00,1
RET-04940,ORD-04940,ITEM-04940,SKU-0387,CUST-0496,2025-09-07T10:59:00+00:00,Delivery Issue,,Refunded,1016.00,1
RET-04941,ORD-04941,ITEM-04941,SKU-0344,CUST-0306,2025-10-05T00:03:00+00:00,Delivery Issue,,Refunded,631.00,1
RET-04943,ORD-04943,ITEM-04943,SKU-0086,CUST-0446,2026-06-17T16:26:00+00:00,Colour/Appearance,,Exchange Completed,,1
RET-04944,ORD-04944,ITEM-04944,SKU-0475,CUST-0602,2025-10-16T15:55:00+00:00,Quality,,Refunded,493.00,1
RET-04948,ORD-04948,ITEM-04948,SKU-0437,CUST-0821,2025-06-23T07:26:00+00:00,Colour/Appearance,,Refunded,1319.00,1
RET-04949,ORD-04949,ITEM-04949,SKU-0436,CUST-0191,2026-05-03T12:08:00+00:00,Colour/Appearance,,Refunded,424.00,1
RET-04952,ORD-04952,ITEM-04952,SKU-0203,CUST-0774,2025-11-03T07:06:00+00:00,Colour/Appearance,,Refunded,983.00,1
RET-04953,ORD-04953,ITEM-04953,SKU-0282,CUST-0710,2026-04-08T02:06:00+00:00,Changed Mind,,Refunded,1131.00,1
RET-04969,ORD-04969,ITEM-04969,SKU-0095,CUST-0628,2026-04-03T21:28:00+00:00,Delivery Issue,,Refunded,1481.00,1
RET-04977,ORD-04977,ITEM-04977,SKU-0008,CUST-0975,2026-07-13T13:32:00+00:00,Delivery Issue,,Refunded,803.00,1
RET-04978,ORD-04978,ITEM-04978,SKU-0053,CUST-0563,2026-07-08T18:31:00+00:00,Delivery Issue,,Refunded,452.00,1
RET-04979,ORD-04979,ITEM-04979,SKU-0255,CUST-0789,2026-02-18T17:22:00+00:00,Quality,,Refunded,440.00,1
RET-04986,ORD-04986,ITEM-04986,SKU-0268,CUST-0600,2025-02-23T17:28:00+00:00,Size/Fit,,Refunded,413.00,1
RET-04995,ORD-04995,ITEM-04995,SKU-0432,CUST-0834,2026-08-21T04:46:00+00:00,Quality,,Refunded,,1
RET-04997,ORD-04997,ITEM-04997,SKU-0232,CUST-0662,2026-07-06T03:27:00+00:00,Changed Mind,,Refunded,,1
RET-05002,ORD-05002,ITEM-05002,SKU-0131,CUST-0726,2025-12-09T12:04:00+00:00,Delivery Issue,,Exchange Completed,605.00,1
RET-05005,ORD-05005,ITEM-05005,SKU-0190,CUST-0895,2026-03-15T13:07:00+00:00,Size/Fit,,Refunded,1410.00,1
RET-05007,ORD-05007,ITEM-05007,SKU-0384,CUST-0576,2025-05-14T06:36:00+00:00,Quality,,Refunded,689.00,1
RET-05011,ORD-05011,ITEM-05011,SKU-0344,CUST-0538,2025-09-18T12:52:00+00:00,Delivery Issue,,Refunded,631.00,1
RET-05012,ORD-05012,ITEM-05012,SKU-0457,CUST-0908,2026-06-21T17:44:00+00:00,Changed Mind,,Refunded,732.00,1
RET-05013,ORD-05013,ITEM-05013,SKU-0086,CUST-0238,2026-01-07T05:12:00+00:00,Delivery Issue,,Refunded,1100.00,1
RET-05014,ORD-05014,ITEM-05014,SKU-0475,CUST-0321,2025-07-19T21:58:00+00:00,Changed Mind,,Refunded,493.00,1
RET-05016,ORD-05016,ITEM-05016,SKU-0152,CUST-0811,2026-08-18T04:12:00+00:00,Colour/Appearance,,Exchange Completed,1080.00,1
RET-05017,ORD-05017,ITEM-05017,SKU-0002,CUST-0778,2026-08-31T12:28:00+00:00,Delivery Issue,,Refunded,1499.00,1
RET-05019,ORD-05019,ITEM-05019,SKU-0436,CUST-0273,2026-07-09T18:51:00+00:00,Quality,,Refunded,424.00,1
RET-05023,ORD-05023,ITEM-05023,SKU-0282,CUST-0341,2026-09-14T03:00:00+00:00,Quality,,Refunded,1131.00,1
RET-05028,ORD-05028,ITEM-05028,SKU-0164,CUST-0920,2026-06-06T01:15:00+00:00,Delivery Issue,,Refunded,1207.00,1
RET-05030,ORD-05030,ITEM-05030,SKU-0114,CUST-0850,2026-07-19T23:00:00+00:00,Changed Mind,,Refunded,585.00,1
RET-05033,ORD-05033,ITEM-05033,SKU-0289,CUST-0385,2026-08-10T07:04:00+00:00,Changed Mind,,Exchange Completed,444.00,1
RET-05037,ORD-05037,ITEM-05037,SKU-0286,CUST-0517,2025-01-27T04:04:00+00:00,Delivery Issue,,Exchange Completed,1122.00,1
RET-05039,ORD-05039,ITEM-05039,SKU-0095,CUST-0774,2026-03-25T23:59:00+00:00,Colour/Appearance,,Refunded,1481.00,1
RET-05046,ORD-05046,ITEM-05046,SKU-0093,CUST-0795,2025-05-09T17:54:00+00:00,Quality,,Refunded,,1
RET-05050,ORD-05050,ITEM-05050,SKU-0179,CUST-0065,2025-11-12T03:57:00+00:00,Colour/Appearance,,Exchange Completed,1327.00,1
RET-05054,ORD-05054,ITEM-05054,SKU-0062,CUST-0142,2026-07-25T05:15:00+00:00,Colour/Appearance,,Refunded,1057.00,1
RET-05058,ORD-05058,ITEM-05058,SKU-0479,CUST-0088,2026-02-10T02:32:00+00:00,Size/Fit,,Exchange Completed,754.00,1
RET-05061,ORD-05061,ITEM-05061,SKU-0461,CUST-0359,2026-06-11T20:57:00+00:00,Changed Mind,,Refunded,456.00,1
RET-05063,ORD-05063,ITEM-05063,SKU-0257,CUST-0859,2025-11-08T00:59:00+00:00,Quality,,Exchange Completed,1086.00,1
RET-05067,ORD-05067,ITEM-05067,SKU-0232,CUST-0282,2026-04-14T23:13:00+00:00,Size/Fit,,Refunded,781.00,1
RET-05070,ORD-05070,ITEM-05070,SKU-0451,CUST-0131,2026-07-07T21:54:00+00:00,Quality,,Refunded,489.00,1
RET-05071,ORD-05071,ITEM-05071,SKU-0228,CUST-0715,2025-12-26T20:16:00+00:00,Delivery Issue,,Refunded,,1
RET-05074,ORD-05074,ITEM-05074,SKU-0132,CUST-0159,2026-02-20T07:48:00+00:00,Colour/Appearance,,Refunded,1413.00,1
RET-05075,ORD-05075,ITEM-05075,SKU-0190,CUST-0101,2025-06-12T01:07:00+00:00,Changed Mind,,Exchange Completed,1410.00,1
RET-05076,ORD-05076,ITEM-05076,SKU-0367,CUST-0993,2025-12-29T13:10:00+00:00,Delivery Issue,,Exchange Completed,1421.00,1
RET-05077,ORD-05077,ITEM-05077,SKU-0384,CUST-0166,2026-09-25T17:34:00+00:00,Delivery Issue,,Exchange Completed,689.00,1
RET-05079,ORD-05079,ITEM-05079,SKU-0273,CUST-0324,2025-03-17T18:57:00+00:00,Quality,,Refunded,678.00,1
RET-05084,ORD-05084,ITEM-05084,SKU-0475,CUST-0066,2025-07-23T19:42:00+00:00,Colour/Appearance,,Exchange Completed,493.00,1
RET-05085,ORD-05085,ITEM-05085,SKU-0363,CUST-0888,2026-07-27T15:49:00+00:00,Size/Fit,,Refunded,772.00,1
RET-05086,ORD-05086,ITEM-05086,SKU-0152,CUST-0163,2025-04-27T18:31:00+00:00,Quality,,Refunded,,1
RET-05087,ORD-05087,ITEM-05087,SKU-0002,CUST-0158,2026-07-08T00:46:00+00:00,Changed Mind,,Refunded,1499.00,1
RET-05090,ORD-05090,ITEM-05090,SKU-0205,CUST-0348,2026-02-05T23:14:00+00:00,Size/Fit,,Refunded,1357.00,1
RET-05091,ORD-05091,ITEM-05091,SKU-0178,CUST-0434,2025-11-22T13:25:00+00:00,Colour/Appearance,,Refunded,1315.00,1
RET-05094,ORD-05094,ITEM-05094,SKU-0172,CUST-0839,2026-03-12T15:00:00+00:00,Changed Mind,,Refunded,974.00,1
RET-05098,ORD-05098,ITEM-05098,SKU-0164,CUST-0110,2026-06-28T10:41:00+00:00,Quality,,Refunded,1207.00,1
RET-05101,ORD-05101,ITEM-05101,SKU-0356,CUST-0460,2026-04-08T08:55:00+00:00,Quality,,Refunded,535.00,1
RET-05102,ORD-05102,ITEM-05102,SKU-0277,CUST-0880,2026-02-14T07:49:00+00:00,Quality,,Refunded,1201.00,1
RET-05103,ORD-05103,ITEM-05103,SKU-0289,CUST-0198,2026-02-24T21:04:00+00:00,Delivery Issue,,Refunded,444.00,1
RET-05105,ORD-05105,ITEM-05105,SKU-0408,CUST-0270,2026-04-10T10:38:00+00:00,Quality,,Exchange Completed,626.00,1
RET-05106,ORD-05106,ITEM-05106,SKU-0338,CUST-0071,2025-11-19T12:37:00+00:00,Delivery Issue,,Refunded,,1
RET-05120,ORD-05120,ITEM-05120,SKU-0179,CUST-0380,2026-09-10T08:17:00+00:00,Changed Mind,,Exchange Completed,1327.00,1
RET-05121,ORD-05121,ITEM-05121,SKU-0080,CUST-0666,2026-06-29T01:44:00+00:00,Colour/Appearance,,Refunded,1006.00,1
RET-05125,ORD-05125,ITEM-05125,SKU-0223,CUST-0496,2025-04-28T08:03:00+00:00,Changed Mind,,Refunded,1120.00,1
RET-05131,ORD-05131,ITEM-05131,SKU-0461,CUST-0493,2026-04-28T04:25:00+00:00,Changed Mind,,Exchange Completed,456.00,1
RET-05136,ORD-05136,ITEM-05136,SKU-0471,CUST-0757,2025-02-03T03:17:00+00:00,Changed Mind,,Refunded,1008.00,1
RET-05137,ORD-05137,ITEM-05137,SKU-0232,CUST-0968,2025-11-16T14:58:00+00:00,Size/Fit,,Refunded,781.00,1
RET-05138,ORD-05138,ITEM-05138,SKU-0308,CUST-0485,2026-07-03T04:42:00+00:00,Delivery Issue,,Refunded,531.00,1
RET-05140,ORD-05140,ITEM-05140,SKU-0451,CUST-0108,2025-09-19T22:12:00+00:00,Quality,,Exchange Completed,489.00,1
RET-05142,ORD-05142,ITEM-05142,SKU-0131,CUST-0388,2025-08-02T04:18:00+00:00,Quality,,Exchange Completed,605.00,1
RET-05147,ORD-05147,ITEM-05147,SKU-0384,CUST-0052,2026-08-10T17:14:00+00:00,Quality,,Refunded,689.00,1
RET-05149,ORD-05149,ITEM-05149,SKU-0273,CUST-0321,2025-12-22T22:48:00+00:00,Changed Mind,,Refunded,678.00,1
RET-05150,ORD-05150,ITEM-05150,SKU-0387,CUST-0733,2026-03-19T01:05:00+00:00,Changed Mind,,Refunded,1016.00,1
RET-05154,ORD-05154,ITEM-05154,SKU-0475,CUST-0973,2025-12-22T01:07:00+00:00,Size/Fit,,Refunded,493.00,1
RET-05156,ORD-05156,ITEM-05156,SKU-0152,CUST-0176,2025-02-05T10:41:00+00:00,Changed Mind,,Refunded,1080.00,1
RET-05163,ORD-05163,ITEM-05163,SKU-0282,CUST-0155,2025-04-04T18:02:00+00:00,Quality,,Refunded,1131.00,1
RET-05167,ORD-05167,ITEM-05167,SKU-0188,CUST-0679,2026-05-30T13:37:00+00:00,Delivery Issue,,Refunded,538.00,1
RET-05170,ORD-05170,ITEM-05170,SKU-0114,CUST-0497,2025-08-28T16:33:00+00:00,Delivery Issue,,Refunded,585.00,1
RET-05173,ORD-05173,ITEM-05173,SKU-0289,CUST-0814,2025-05-09T11:45:00+00:00,Colour/Appearance,,Refunded,444.00,1
RET-05179,ORD-05179,ITEM-05179,SKU-0095,CUST-0092,2026-03-31T05:45:00+00:00,Changed Mind,,Refunded,,1
RET-05185,ORD-05185,ITEM-05185,SKU-0189,CUST-0710,2026-04-14T04:39:00+00:00,Colour/Appearance,,Refunded,1256.00,1
RET-05189,ORD-05189,ITEM-05189,SKU-0255,CUST-0461,2026-04-13T20:03:00+00:00,Colour/Appearance,,Refunded,440.00,1
RET-05190,ORD-05190,ITEM-05190,SKU-0179,CUST-0163,2025-06-01T02:17:00+00:00,Size/Fit,,Exchange Completed,,1
RET-05191,ORD-05191,ITEM-05191,SKU-0080,CUST-0988,2026-03-02T19:28:00+00:00,Delivery Issue,,Refunded,1006.00,1
RET-05192,ORD-05192,ITEM-05192,SKU-0307,CUST-0119,2025-10-30T23:59:00+00:00,Changed Mind,,Exchange Completed,1315.00,1
RET-05198,ORD-05198,ITEM-05198,SKU-0479,CUST-0361,2025-12-05T21:54:00+00:00,Delivery Issue,,Refunded,754.00,1
RET-05201,ORD-05201,ITEM-05201,SKU-0461,CUST-0196,2025-06-27T22:37:00+00:00,Delivery Issue,,Refunded,456.00,1
RET-05202,ORD-05202,ITEM-05202,SKU-0288,CUST-0130,2025-12-29T18:45:00+00:00,Size/Fit,,Refunded,,1
RET-05203,ORD-05203,ITEM-05203,SKU-0257,CUST-0426,2026-03-03T15:33:00+00:00,Colour/Appearance,,Refunded,1086.00,1
RET-05204,ORD-05204,ITEM-05204,SKU-0090,CUST-0990,2025-10-21T20:30:00+00:00,Changed Mind,,Refunded,1174.00,1
RET-05206,ORD-05206,ITEM-05206,SKU-0471,CUST-0598,2025-12-30T14:39:00+00:00,Delivery Issue,,Refunded,1008.00,1
RET-05207,ORD-05207,ITEM-05207,SKU-0232,CUST-0543,2025-03-09T20:50:00+00:00,Colour/Appearance,,Refunded,781.00,1
RET-05209,ORD-05209,ITEM-05209,SKU-0462,CUST-0020,2025-03-04T07:31:00+00:00,Quality,,Refunded,940.00,1
RET-05211,ORD-05211,ITEM-05211,SKU-0228,CUST-0566,2025-08-22T18:06:00+00:00,Quality,,Refunded,717.00,1
RET-05212,ORD-05212,ITEM-05212,SKU-0131,CUST-0721,2025-12-10T11:09:00+00:00,Delivery Issue,,Refunded,605.00,1
RET-05217,ORD-05217,ITEM-05217,SKU-0384,CUST-0531,2026-05-31T02:36:00+00:00,Size/Fit,,Refunded,689.00,1
RET-05220,ORD-05220,ITEM-05220,SKU-0387,CUST-0178,2025-10-14T21:24:00+00:00,Changed Mind,,Refunded,1016.00,1
RET-05224,ORD-05224,ITEM-05224,SKU-0475,CUST-0432,2025-10-12T08:13:00+00:00,Colour/Appearance,,Refunded,493.00,1
RET-05227,ORD-05227,ITEM-05227,SKU-0002,CUST-0790,2026-07-20T22:55:00+00:00,Quality,,Exchange Completed,1499.00,1
RET-05228,ORD-05228,ITEM-05228,SKU-0437,CUST-0345,2026-03-06T07:22:00+00:00,Colour/Appearance,,Refunded,1319.00,1
RET-05229,ORD-05229,ITEM-05229,SKU-0436,CUST-0723,2026-09-24T20:07:00+00:00,Changed Mind,,Refunded,424.00,1
RET-05231,ORD-05231,ITEM-05231,SKU-0178,CUST-0126,2026-04-03T20:23:00+00:00,Delivery Issue,,Refunded,1315.00,1
RET-05240,ORD-05240,ITEM-05240,SKU-0114,CUST-0112,2026-04-22T11:32:00+00:00,Size/Fit,,Refunded,585.00,1
RET-05245,ORD-05245,ITEM-05245,SKU-0408,CUST-0748,2026-06-16T08:47:00+00:00,Quality,,Exchange Completed,626.00,1
RET-05247,ORD-05247,ITEM-05247,SKU-0286,CUST-0050,2025-02-11T01:34:00+00:00,Delivery Issue,,Refunded,1122.00,1
RET-05248,ORD-05248,ITEM-05248,SKU-0298,CUST-0741,2025-08-13T08:30:00+00:00,Size/Fit,,Refunded,771.00,1
RET-05249,ORD-05249,ITEM-05249,SKU-0095,CUST-0484,2025-07-29T16:50:00+00:00,Delivery Issue,,Refunded,,1
RET-05258,ORD-05258,ITEM-05258,SKU-0053,CUST-0202,2025-05-31T01:49:00+00:00,Delivery Issue,,Exchange Completed,452.00,1
RET-05260,ORD-05260,ITEM-05260,SKU-0179,CUST-0083,2026-02-15T20:56:00+00:00,Size/Fit,,Exchange Completed,1327.00,1
RET-05273,ORD-05273,ITEM-05273,SKU-0257,CUST-0180,2025-07-04T17:33:00+00:00,Delivery Issue,,Exchange Completed,1086.00,1
RET-05274,ORD-05274,ITEM-05274,SKU-0090,CUST-0497,2025-06-04T14:30:00+00:00,Changed Mind,,Exchange Completed,1174.00,1
RET-05281,ORD-05281,ITEM-05281,SKU-0228,CUST-0771,2025-11-23T19:27:00+00:00,Size/Fit,,Exchange Completed,,1
RET-05286,ORD-05286,ITEM-05286,SKU-0367,CUST-0278,2025-11-07T13:18:00+00:00,Delivery Issue,,Refunded,1421.00,1
RET-05287,ORD-05287,ITEM-05287,SKU-0384,CUST-0097,2025-06-03T11:36:00+00:00,Colour/Appearance,,Exchange Completed,689.00,1
RET-05288,ORD-05288,ITEM-05288,SKU-0375,CUST-0018,2025-10-31T17:45:00+00:00,Delivery Issue,,Exchange Completed,443.00,1
RET-05289,ORD-05289,ITEM-05289,SKU-0273,CUST-0333,2026-01-05T00:38:00+00:00,Delivery Issue,,Refunded,678.00,1
RET-05292,ORD-05292,ITEM-05292,SKU-0457,CUST-0834,2026-09-02T09:50:00+00:00,Size/Fit,,Refunded,732.00,1
RET-05295,ORD-05295,ITEM-05295,SKU-0363,CUST-0210,2025-09-19T19:54:00+00:00,Delivery Issue,,Refunded,772.00,1
RET-05296,ORD-05296,ITEM-05296,SKU-0152,CUST-0496,2026-08-08T17:55:00+00:00,Changed Mind,,Refunded,,1
RET-05297,ORD-05297,ITEM-05297,SKU-0002,CUST-0347,2025-10-12T17:34:00+00:00,Changed Mind,,Refunded,1499.00,1
RET-05299,ORD-05299,ITEM-05299,SKU-0436,CUST-0596,2025-04-22T17:13:00+00:00,Quality,,Refunded,424.00,1
RET-05307,ORD-05307,ITEM-05307,SKU-0188,CUST-0006,2025-10-08T04:56:00+00:00,Size/Fit,,Refunded,538.00,1
RET-05308,ORD-05308,ITEM-05308,SKU-0164,CUST-0685,2025-09-14T10:40:00+00:00,Delivery Issue,,Refunded,1207.00,1
RET-05313,ORD-05313,ITEM-05313,SKU-0289,CUST-0760,2026-06-08T03:19:00+00:00,Colour/Appearance,,Refunded,444.00,1
RET-05328,ORD-05328,ITEM-05328,SKU-0053,CUST-0506,2026-06-25T04:47:00+00:00,Size/Fit,,Exchange Completed,452.00,1
RET-05332,ORD-05332,ITEM-05332,SKU-0307,CUST-0736,2025-12-02T00:25:00+00:00,Quality,,Exchange Completed,1315.00,1
RET-05335,ORD-05335,ITEM-05335,SKU-0223,CUST-0118,2025-10-03T22:42:00+00:00,Size/Fit,,Exchange Completed,1120.00,1
RET-05336,ORD-05336,ITEM-05336,SKU-0268,CUST-0422,2025-04-21T00:25:00+00:00,Quality,,Refunded,413.00,1
RET-05337,ORD-05337,ITEM-05337,SKU-0108,CUST-0105,2025-03-01T00:41:00+00:00,Colour/Appearance,,Refunded,447.00,1
RET-05338,ORD-05338,ITEM-05338,SKU-0479,CUST-0483,2025-09-04T21:17:00+00:00,Changed Mind,,Refunded,754.00,1
RET-05342,ORD-05342,ITEM-05342,SKU-0288,CUST-0470,2025-08-15T00:57:00+00:00,Colour/Appearance,,Exchange Completed,1419.00,1
RET-05343,ORD-05343,ITEM-05343,SKU-0257,CUST-0149,2026-04-09T14:39:00+00:00,Delivery Issue,,Exchange Completed,1086.00,1
RET-05344,ORD-05344,ITEM-05344,SKU-0090,CUST-0750,2025-12-13T15:53:00+00:00,Size/Fit,,Exchange Completed,1174.00,1
RET-05349,ORD-05349,ITEM-05349,SKU-0462,CUST-0410,2025-03-03T10:52:00+00:00,Colour/Appearance,,Refunded,940.00,1
RET-05354,ORD-05354,ITEM-05354,SKU-0132,CUST-0337,2026-01-20T03:52:00+00:00,Size/Fit,,Refunded,1413.00,1
RET-05355,ORD-05355,ITEM-05355,SKU-0190,CUST-0272,2026-03-30T00:17:00+00:00,Size/Fit,,Exchange Completed,1410.00,1
RET-05357,ORD-05357,ITEM-05357,SKU-0384,CUST-0341,2025-10-15T19:07:00+00:00,Delivery Issue,,Refunded,,1
RET-05359,ORD-05359,ITEM-05359,SKU-0273,CUST-0315,2025-12-13T15:37:00+00:00,Colour/Appearance,,Refunded,678.00,1
RET-05361,ORD-05361,ITEM-05361,SKU-0344,CUST-0606,2025-08-06T18:13:00+00:00,Delivery Issue,,Refunded,,1
RET-05362,ORD-05362,ITEM-05362,SKU-0457,CUST-0752,2025-12-13T19:53:00+00:00,Delivery Issue,,Refunded,732.00,1
RET-05364,ORD-05364,ITEM-05364,SKU-0475,CUST-0727,2025-10-03T20:12:00+00:00,Quality,,Exchange Completed,493.00,1
RET-05367,ORD-05367,ITEM-05367,SKU-0002,CUST-0217,2026-02-24T11:41:00+00:00,Size/Fit,,Refunded,1499.00,1
RET-05368,ORD-05368,ITEM-05368,SKU-0437,CUST-0551,2025-07-09T23:07:00+00:00,Colour/Appearance,,Exchange Completed,1319.00,1
RET-05370,ORD-05370,ITEM-05370,SKU-0205,CUST-0815,2025-07-04T02:55:00+00:00,Quality,,Refunded,1357.00,1
RET-05371,ORD-05371,ITEM-05371,SKU-0178,CUST-0556,2026-04-10T05:07:00+00:00,Size/Fit,,Refunded,1315.00,1
RET-05372,ORD-05372,ITEM-05372,SKU-0203,CUST-0243,2025-02-14T07:13:00+00:00,Changed Mind,,Refunded,,1
RET-05373,ORD-05373,ITEM-05373,SKU-0282,CUST-0831,2025-08-22T02:11:00+00:00,Colour/Appearance,,Refunded,,1
RET-05375,ORD-05375,ITEM-05375,SKU-0035,CUST-0395,2025-12-20T02:32:00+00:00,Changed Mind,,Exchange Completed,1337.00,1
RET-05379,ORD-05379,ITEM-05379,SKU-0033,CUST-0023,2025-10-28T00:16:00+00:00,Quality,,Exchange Completed,918.00,1
RET-05380,ORD-05380,ITEM-05380,SKU-0114,CUST-0608,2026-08-18T08:08:00+00:00,Changed Mind,,Refunded,585.00,1
RET-05382,ORD-05382,ITEM-05382,SKU-0277,CUST-0447,2025-09-04T19:32:00+00:00,Delivery Issue,,Exchange Completed,1201.00,1
RET-05385,ORD-05385,ITEM-05385,SKU-0408,CUST-0870,2025-09-16T22:34:00+00:00,Quality,,Refunded,626.00,1
RET-05390,ORD-05390,ITEM-05390,SKU-0005,CUST-0741,2025-08-20T04:44:00+00:00,Colour/Appearance,,Refunded,889.00,1
RET-05396,ORD-05396,ITEM-05396,SKU-0093,CUST-0141,2025-12-21T08:47:00+00:00,Changed Mind,,Refunded,774.00,1
RET-05401,ORD-05401,ITEM-05401,SKU-0080,CUST-0496,2026-04-30T21:05:00+00:00,Changed Mind,,Refunded,1006.00,1
RET-05404,ORD-05404,ITEM-05404,SKU-0062,CUST-0241,2025-12-27T04:48:00+00:00,Size/Fit,,Refunded,1057.00,1
RET-05410,ORD-05410,ITEM-05410,SKU-0133,CUST-0099,2026-06-21T16:35:00+00:00,Size/Fit,,Exchange Completed,589.00,1
RET-05411,ORD-05411,ITEM-05411,SKU-0461,CUST-0885,2025-06-25T03:34:00+00:00,Delivery Issue,,Refunded,456.00,1
RET-05413,ORD-05413,ITEM-05413,SKU-0257,CUST-0651,2025-11-21T22:36:00+00:00,Colour/Appearance,,Refunded,1086.00,1
RET-05416,ORD-05416,ITEM-05416,SKU-0471,CUST-0254,2025-06-16T10:11:00+00:00,Quality,,Exchange Completed,1008.00,1
RET-05419,ORD-05419,ITEM-05419,SKU-0462,CUST-0113,2025-11-26T10:50:00+00:00,Delivery Issue,,Refunded,,1
RET-05423,ORD-05423,ITEM-05423,SKU-0159,CUST-0441,2025-08-06T07:39:00+00:00,Delivery Issue,,Exchange Completed,707.00,1
RET-05424,ORD-05424,ITEM-05424,SKU-0132,CUST-0509,2025-02-19T17:24:00+00:00,Quality,,Exchange Completed,1413.00,1
RET-05426,ORD-05426,ITEM-05426,SKU-0367,CUST-0531,2025-11-28T08:45:00+00:00,Delivery Issue,,Exchange Completed,1421.00,1
RET-05427,ORD-05427,ITEM-05427,SKU-0384,CUST-0685,2026-05-14T20:12:00+00:00,Quality,,Refunded,689.00,1
RET-05429,ORD-05429,ITEM-05429,SKU-0273,CUST-0202,2025-07-27T11:09:00+00:00,Changed Mind,,Refunded,678.00,1
RET-05435,ORD-05435,ITEM-05435,SKU-0363,CUST-0870,2025-06-01T17:41:00+00:00,Changed Mind,,Exchange Completed,,1
RET-05440,ORD-05440,ITEM-05440,SKU-0205,CUST-0163,2025-11-11T16:44:00+00:00,Size/Fit,,Refunded,1357.00,1
RET-05445,ORD-05445,ITEM-05445,SKU-0035,CUST-0838,2026-03-20T10:02:00+00:00,Delivery Issue,,Refunded,1337.00,1
RET-05450,ORD-05450,ITEM-05450,SKU-0114,CUST-0433,2025-11-08T22:28:00+00:00,Delivery Issue,,Refunded,585.00,1
RET-05454,ORD-05454,ITEM-05454,SKU-0262,CUST-0040,2026-02-13T23:35:00+00:00,Changed Mind,,Refunded,,1
RET-05459,ORD-05459,ITEM-05459,SKU-0095,CUST-0719,2025-03-31T13:29:00+00:00,Size/Fit,,Exchange Completed,,1
RET-05469,ORD-05469,ITEM-05469,SKU-0255,CUST-0577,2025-11-05T21:26:00+00:00,Changed Mind,,Exchange Completed,440.00,1
RET-05475,ORD-05475,ITEM-05475,SKU-0223,CUST-0214,2026-07-05T02:52:00+00:00,Quality,,Refunded,1120.00,1
RET-05476,ORD-05476,ITEM-05476,SKU-0268,CUST-0355,2025-06-21T08:32:00+00:00,Colour/Appearance,,Refunded,413.00,1
RET-05478,ORD-05478,ITEM-05478,SKU-0479,CUST-0732,2025-10-28T17:07:00+00:00,Changed Mind,,Refunded,754.00,1
RET-05479,ORD-05479,ITEM-05479,SKU-0162,CUST-0067,2025-10-24T08:24:00+00:00,Changed Mind,,Refunded,886.00,1
RET-05482,ORD-05482,ITEM-05482,SKU-0288,CUST-0486,2026-08-31T14:11:00+00:00,Colour/Appearance,,Refunded,1419.00,1
RET-05488,ORD-05488,ITEM-05488,SKU-0308,CUST-0036,2026-03-08T14:35:00+00:00,Colour/Appearance,,Refunded,531.00,1
RET-05492,ORD-05492,ITEM-05492,SKU-0131,CUST-0441,2026-09-18T02:00:00+00:00,Size/Fit,,Refunded,605.00,1
RET-05496,ORD-05496,ITEM-05496,SKU-0367,CUST-0612,2026-02-18T15:29:00+00:00,Colour/Appearance,,Refunded,1421.00,1
RET-05501,ORD-05501,ITEM-05501,SKU-0344,CUST-0358,2025-03-09T18:23:00+00:00,Changed Mind,,Exchange Completed,631.00,1
RET-05504,ORD-05504,ITEM-05504,SKU-0475,CUST-0912,2026-01-19T01:11:00+00:00,Delivery Issue,,Exchange Completed,493.00,1
RET-05507,ORD-05507,ITEM-05507,SKU-0002,CUST-0491,2026-06-02T20:37:00+00:00,Quality,,Exchange Completed,1499.00,1
RET-05508,ORD-05508,ITEM-05508,SKU-0437,CUST-0525,2025-04-28T23:25:00+00:00,Delivery Issue,,Exchange Completed,1319.00,1
RET-05509,ORD-05509,ITEM-05509,SKU-0436,CUST-0249,2026-09-18T19:20:00+00:00,Colour/Appearance,,Exchange Completed,,1
RET-05510,ORD-05510,ITEM-05510,SKU-0205,CUST-0896,2025-11-01T12:37:00+00:00,Colour/Appearance,,Refunded,1357.00,1
RET-05512,ORD-05512,ITEM-05512,SKU-0203,CUST-0606,2026-05-26T22:10:00+00:00,Quality,,Exchange Completed,983.00,1
RET-05513,ORD-05513,ITEM-05513,SKU-0282,CUST-0883,2025-11-27T05:52:00+00:00,Quality,,Refunded,1131.00,1
RET-05515,ORD-05515,ITEM-05515,SKU-0035,CUST-0162,2025-03-28T09:24:00+00:00,Changed Mind,,Refunded,1337.00,1
RET-05516,ORD-05516,ITEM-05516,SKU-0176,CUST-0285,2025-12-02T06:53:00+00:00,Delivery Issue,,Refunded,518.00,1
RET-05519,ORD-05519,ITEM-05519,SKU-0033,CUST-0801,2026-05-11T16:08:00+00:00,Quality,,Exchange Completed,,1
RET-05520,ORD-05520,ITEM-05520,SKU-0114,CUST-0343,2026-05-26T13:50:00+00:00,Changed Mind,,Exchange Completed,585.00,1
RET-05522,ORD-05522,ITEM-05522,SKU-0277,CUST-0629,2025-04-13T16:33:00+00:00,Delivery Issue,,Exchange Completed,1201.00,1
RET-05526,ORD-05526,ITEM-05526,SKU-0338,CUST-0997,2025-03-31T01:52:00+00:00,Changed Mind,,Exchange Completed,1059.00,1
RET-05528,ORD-05528,ITEM-05528,SKU-0298,CUST-0495,2025-03-09T04:49:00+00:00,Changed Mind,,Refunded,771.00,1
RET-05537,ORD-05537,ITEM-05537,SKU-0008,CUST-0457,2025-12-24T15:51:00+00:00,Delivery Issue,,Exchange Completed,803.00,1
RET-05540,ORD-05540,ITEM-05540,SKU-0179,CUST-0847,2025-01-21T09:20:00+00:00,Quality,,Refunded,1327.00,1
RET-05543,ORD-05543,ITEM-05543,SKU-0040,CUST-0520,2025-11-17T07:36:00+00:00,Colour/Appearance,,Refunded,400.00,1
RET-05545,ORD-05545,ITEM-05545,SKU-0223,CUST-0360,2025-12-31T17:18:00+00:00,Delivery Issue,,Refunded,1120.00,1
RET-05548,ORD-05548,ITEM-05548,SKU-0479,CUST-0587,2025-11-05T22:39:00+00:00,Quality,,Exchange Completed,754.00,1
RET-05549,ORD-05549,ITEM-05549,SKU-0162,CUST-0394,2025-01-23T19:54:00+00:00,Colour/Appearance,,Refunded,886.00,1
RET-05551,ORD-05551,ITEM-05551,SKU-0461,CUST-0837,2025-11-15T01:14:00+00:00,Colour/Appearance,,Refunded,,1
RET-05552,ORD-05552,ITEM-05552,SKU-0288,CUST-0771,2025-10-10T02:57:00+00:00,Size/Fit,,Refunded,1419.00,1
RET-05557,ORD-05557,ITEM-05557,SKU-0232,CUST-0179,2026-06-09T00:14:00+00:00,Delivery Issue,,Refunded,781.00,1
RET-05562,ORD-05562,ITEM-05562,SKU-0131,CUST-0531,2025-11-03T09:23:00+00:00,Changed Mind,,Refunded,605.00,1
RET-05566,ORD-05566,ITEM-05566,SKU-0367,CUST-0758,2025-12-31T17:27:00+00:00,Delivery Issue,,Exchange Completed,1421.00,1
RET-05567,ORD-05567,ITEM-05567,SKU-0384,CUST-0832,2025-10-29T23:51:00+00:00,Changed Mind,,Refunded,689.00,1
RET-05570,ORD-05570,ITEM-05570,SKU-0387,CUST-0669,2025-09-25T08:45:00+00:00,Size/Fit,,Refunded,1016.00,1
RET-05572,ORD-05572,ITEM-05572,SKU-0457,CUST-0903,2025-07-08T15:18:00+00:00,Colour/Appearance,,Refunded,732.00,1
RET-05576,ORD-05576,ITEM-05576,SKU-0152,CUST-0839,2025-08-22T03:46:00+00:00,Size/Fit,,Exchange Completed,1080.00,1
RET-05577,ORD-05577,ITEM-05577,SKU-0002,CUST-0530,2026-03-03T07:17:00+00:00,Quality,,Exchange Completed,1499.00,1
RET-05578,ORD-05578,ITEM-05578,SKU-0437,CUST-0795,2025-12-02T20:22:00+00:00,Colour/Appearance,,Refunded,,1
RET-05581,ORD-05581,ITEM-05581,SKU-0178,CUST-0568,2025-09-23T10:51:00+00:00,Colour/Appearance,,Refunded,1315.00,1
RET-05582,ORD-05582,ITEM-05582,SKU-0203,CUST-0687,2025-05-28T02:13:00+00:00,Quality,,Refunded,983.00,1
RET-05583,ORD-05583,ITEM-05583,SKU-0282,CUST-0444,2026-09-16T06:20:00+00:00,Size/Fit,,Refunded,1131.00,1
RET-05584,ORD-05584,ITEM-05584,SKU-0172,CUST-0637,2026-03-06T21:47:00+00:00,Quality,,Refunded,974.00,1
RET-05588,ORD-05588,ITEM-05588,SKU-0164,CUST-0770,2025-12-07T01:40:00+00:00,Delivery Issue,,Exchange Completed,1207.00,1
RET-05596,ORD-05596,ITEM-05596,SKU-0338,CUST-0456,2026-05-03T08:38:00+00:00,Delivery Issue,,Exchange Completed,1059.00,1
RET-05607,ORD-05607,ITEM-05607,SKU-0008,CUST-0773,2026-03-10T03:00:00+00:00,Size/Fit,,Refunded,803.00,1
RET-05610,ORD-05610,ITEM-05610,SKU-0179,CUST-0598,2026-02-06T16:53:00+00:00,Size/Fit,,Exchange Completed,1327.00,1
RET-05612,ORD-05612,ITEM-05612,SKU-0307,CUST-0591,2026-06-20T04:10:00+00:00,Colour/Appearance,,Exchange Completed,1315.00,1
RET-05618,ORD-05618,ITEM-05618,SKU-0479,CUST-0726,2026-06-16T12:49:00+00:00,Colour/Appearance,,Exchange Completed,754.00,1
RET-05619,ORD-05619,ITEM-05619,SKU-0162,CUST-0658,2025-03-16T17:42:00+00:00,Changed Mind,,Refunded,886.00,1
RET-05625,ORD-05625,ITEM-05625,SKU-0432,CUST-0119,2026-02-28T22:19:00+00:00,Changed Mind,,Refunded,1302.00,1
RET-05628,ORD-05628,ITEM-05628,SKU-0308,CUST-0988,2025-02-27T03:17:00+00:00,Quality,,Exchange Completed,531.00,1
RET-05629,ORD-05629,ITEM-05629,SKU-0462,CUST-0143,2026-09-16T01:58:00+00:00,Size/Fit,,Exchange Completed,940.00,1
RET-05632,ORD-05632,ITEM-05632,SKU-0131,CUST-0279,2026-06-07T19:09:00+00:00,Colour/Appearance,,Exchange Completed,605.00,1
RET-05635,ORD-05635,ITEM-05635,SKU-0190,CUST-0046,2025-06-04T23:51:00+00:00,Size/Fit,,Exchange Completed,1410.00,1
RET-05643,ORD-05643,ITEM-05643,SKU-0086,CUST-0171,2026-02-18T05:17:00+00:00,Changed Mind,,Refunded,1100.00,1
RET-05651,ORD-05651,ITEM-05651,SKU-0178,CUST-0286,2025-05-31T13:04:00+00:00,Quality,,Refunded,1315.00,1
RET-05652,ORD-05652,ITEM-05652,SKU-0203,CUST-0753,2025-11-11T08:36:00+00:00,Changed Mind,,Refunded,983.00,1
RET-05653,ORD-05653,ITEM-05653,SKU-0282,CUST-0191,2026-04-19T17:32:00+00:00,Changed Mind,,Refunded,1131.00,1
RET-05657,ORD-05657,ITEM-05657,SKU-0188,CUST-0514,2025-10-04T21:36:00+00:00,Changed Mind,,Refunded,538.00,1
RET-05658,ORD-05658,ITEM-05658,SKU-0164,CUST-0101,2025-04-14T06:36:00+00:00,Colour/Appearance,,Exchange Completed,1207.00,1
RET-05662,ORD-05662,ITEM-05662,SKU-0277,CUST-0736,2025-07-05T05:21:00+00:00,Quality,,Refunded,1201.00,1
RET-05664,ORD-05664,ITEM-05664,SKU-0262,CUST-0927,2025-03-04T13:18:00+00:00,Colour/Appearance,,Refunded,,1
RET-05679,ORD-05679,ITEM-05679,SKU-0255,CUST-0048,2025-03-24T08:58:00+00:00,Delivery Issue,,Exchange Completed,440.00,1
RET-05685,ORD-05685,ITEM-05685,SKU-0223,CUST-0905,2025-07-21T09:16:00+00:00,Size/Fit,,Exchange Completed,1120.00,1
RET-05686,ORD-05686,ITEM-05686,SKU-0268,CUST-0466,2026-06-03T05:35:00+00:00,Quality,,Refunded,413.00,1
RET-05687,ORD-05687,ITEM-05687,SKU-0108,CUST-0470,2026-04-07T21:29:00+00:00,Delivery Issue,,Refunded,447.00,1
RET-05689,ORD-05689,ITEM-05689,SKU-0162,CUST-0949,2026-06-14T05:00:00+00:00,Changed Mind,,Refunded,886.00,1
RET-05691,ORD-05691,ITEM-05691,SKU-0461,CUST-0010,2025-05-27T10:58:00+00:00,Quality,,Refunded,456.00,1
RET-05692,ORD-05692,ITEM-05692,SKU-0288,CUST-0986,2025-07-30T15:53:00+00:00,Colour/Appearance,,Refunded,1419.00,1
RET-05695,ORD-05695,ITEM-05695,SKU-0432,CUST-0909,2025-04-29T09:19:00+00:00,Size/Fit,,Exchange Completed,1302.00,1
RET-05697,ORD-05697,ITEM-05697,SKU-0232,CUST-0983,2026-09-09T05:32:00+00:00,Delivery Issue,,Refunded,781.00,1
RET-05700,ORD-05700,ITEM-05700,SKU-0451,CUST-0162,2025-05-03T16:46:00+00:00,Delivery Issue,,Refunded,489.00,1
RET-05701,ORD-05701,ITEM-05701,SKU-0228,CUST-0731,2025-07-26T23:54:00+00:00,Colour/Appearance,,Refunded,717.00,1
RET-05703,ORD-05703,ITEM-05703,SKU-0159,CUST-0555,2025-03-18T18:07:00+00:00,Changed Mind,,Exchange Completed,707.00,1
RET-05706,ORD-05706,ITEM-05706,SKU-0367,CUST-0405,2026-05-29T06:37:00+00:00,Size/Fit,,Exchange Completed,1421.00,1
RET-05707,ORD-05707,ITEM-05707,SKU-0384,CUST-0229,2026-02-10T21:38:00+00:00,Colour/Appearance,,Exchange Completed,689.00,1
RET-05708,ORD-05708,ITEM-05708,SKU-0375,CUST-0435,2026-07-16T06:02:00+00:00,Colour/Appearance,,Exchange Completed,443.00,1
RET-05717,ORD-05717,ITEM-05717,SKU-0002,CUST-0730,2025-02-14T14:19:00+00:00,Changed Mind,,Refunded,1499.00,1
RET-05720,ORD-05720,ITEM-05720,SKU-0205,CUST-0312,2026-08-17T00:34:00+00:00,Changed Mind,,Refunded,1357.00,1
RET-05724,ORD-05724,ITEM-05724,SKU-0172,CUST-0679,2025-02-03T23:28:00+00:00,Changed Mind,,Refunded,974.00,1
RET-05725,ORD-05725,ITEM-05725,SKU-0035,CUST-0544,2026-02-15T02:12:00+00:00,Colour/Appearance,,Refunded,1337.00,1
RET-05727,ORD-05727,ITEM-05727,SKU-0188,CUST-0707,2025-03-09T15:50:00+00:00,Quality,,Refunded,538.00,1
RET-05731,ORD-05731,ITEM-05731,SKU-0356,CUST-0817,2025-02-12T01:45:00+00:00,Delivery Issue,,Exchange Completed,535.00,1
RET-05732,ORD-05732,ITEM-05732,SKU-0277,CUST-0769,2026-09-05T12:05:00+00:00,Colour/Appearance,,Refunded,1201.00,1
RET-05734,ORD-05734,ITEM-05734,SKU-0262,CUST-0200,2025-08-27T21:27:00+00:00,Size/Fit,,Refunded,593.00,1
RET-05735,ORD-05735,ITEM-05735,SKU-0408,CUST-0737,2025-02-15T21:50:00+00:00,Delivery Issue,,Refunded,626.00,1
RET-05737,ORD-05737,ITEM-05737,SKU-0286,CUST-0401,2026-03-30T10:47:00+00:00,Size/Fit,,Exchange Completed,1122.00,1
RET-05738,ORD-05738,ITEM-05738,SKU-0298,CUST-0999,2026-03-06T11:20:00+00:00,Changed Mind,,Refunded,,1
RET-05748,ORD-05748,ITEM-05748,SKU-0053,CUST-0556,2025-05-30T12:25:00+00:00,Changed Mind,,Refunded,452.00,1
RET-05755,ORD-05755,ITEM-05755,SKU-0223,CUST-0075,2025-02-18T07:02:00+00:00,Colour/Appearance,,Refunded,1120.00,1
RET-05756,ORD-05756,ITEM-05756,SKU-0268,CUST-0939,2025-07-20T12:18:00+00:00,Changed Mind,,Refunded,413.00,1
RET-05757,ORD-05757,ITEM-05757,SKU-0108,CUST-0311,2025-04-15T17:46:00+00:00,Quality,,Refunded,,1
RET-05759,ORD-05759,ITEM-05759,SKU-0162,CUST-0125,2026-07-16T03:01:00+00:00,Delivery Issue,,Refunded,886.00,1
RET-05761,ORD-05761,ITEM-05761,SKU-0461,CUST-0518,2025-04-14T18:55:00+00:00,Changed Mind,,Refunded,456.00,1
RET-05766,ORD-05766,ITEM-05766,SKU-0471,CUST-0464,2025-03-19T01:09:00+00:00,Changed Mind,,Refunded,1008.00,1
RET-05770,ORD-05770,ITEM-05770,SKU-0451,CUST-0796,2026-05-24T07:45:00+00:00,Delivery Issue,,Refunded,489.00,1
RET-05771,ORD-05771,ITEM-05771,SKU-0228,CUST-0124,2026-06-27T23:18:00+00:00,Size/Fit,,Refunded,717.00,1
RET-05776,ORD-05776,ITEM-05776,SKU-0367,CUST-0517,2026-01-01T05:51:00+00:00,Changed Mind,,Refunded,1421.00,1
RET-05777,ORD-05777,ITEM-05777,SKU-0384,CUST-0386,2026-02-16T15:26:00+00:00,Quality,,Refunded,689.00,1
RET-05778,ORD-05778,ITEM-05778,SKU-0375,CUST-0231,2025-02-21T20:18:00+00:00,Changed Mind,,Refunded,443.00,1
RET-05781,ORD-05781,ITEM-05781,SKU-0344,CUST-0925,2026-01-10T06:38:00+00:00,Quality,,Refunded,631.00,1
RET-05782,ORD-05782,ITEM-05782,SKU-0457,CUST-0794,2026-06-11T19:52:00+00:00,Size/Fit,,Refunded,,1
RET-05785,ORD-05785,ITEM-05785,SKU-0363,CUST-0889,2025-03-01T12:54:00+00:00,Size/Fit,,Refunded,772.00,1
RET-05786,ORD-05786,ITEM-05786,SKU-0152,CUST-0588,2026-02-03T02:52:00+00:00,Colour/Appearance,,Refunded,1080.00,1
RET-05791,ORD-05791,ITEM-05791,SKU-0178,CUST-0502,2025-09-11T01:10:00+00:00,Quality,,Exchange Completed,1315.00,1
RET-05792,ORD-05792,ITEM-05792,SKU-0203,CUST-0033,2026-08-30T08:20:00+00:00,Changed Mind,,Refunded,983.00,1
RET-05794,ORD-05794,ITEM-05794,SKU-0172,CUST-0595,2026-07-03T16:20:00+00:00,Size/Fit,,Refunded,974.00,1
RET-05795,ORD-05795,ITEM-05795,SKU-0035,CUST-0416,2026-05-12T22:49:00+00:00,Colour/Appearance,,Exchange Completed,1337.00,1
RET-05797,ORD-05797,ITEM-05797,SKU-0188,CUST-0012,2026-08-19T19:30:00+00:00,Delivery Issue,,Exchange Completed,538.00,1
RET-05798,ORD-05798,ITEM-05798,SKU-0164,CUST-0496,2026-07-27T08:19:00+00:00,Changed Mind,,Refunded,1207.00,1
RET-05799,ORD-05799,ITEM-05799,SKU-0033,CUST-0256,2025-04-11T00:17:00+00:00,Colour/Appearance,,Exchange Completed,918.00,1
RET-05800,ORD-05800,ITEM-05800,SKU-0114,CUST-0337,2025-11-15T17:49:00+00:00,Size/Fit,,Refunded,585.00,1
RET-05801,ORD-05801,ITEM-05801,SKU-0356,CUST-0373,2025-04-19T16:59:00+00:00,Colour/Appearance,,Refunded,535.00,1
RET-05804,ORD-05804,ITEM-05804,SKU-0262,CUST-0642,2025-02-22T02:26:00+00:00,Changed Mind,,Refunded,593.00,1
RET-05805,ORD-05805,ITEM-05805,SKU-0408,CUST-0821,2026-09-25T19:38:00+00:00,Changed Mind,,Refunded,626.00,1
RET-05806,ORD-05806,ITEM-05806,SKU-0338,CUST-0219,2025-09-22T00:44:00+00:00,Size/Fit,,Refunded,1059.00,1
RET-05807,ORD-05807,ITEM-05807,SKU-0286,CUST-0887,2026-04-26T12:33:00+00:00,Delivery Issue,,Exchange Completed,1122.00,1
RET-05808,ORD-05808,ITEM-05808,SKU-0298,CUST-0572,2025-04-20T14:36:00+00:00,Size/Fit,,Exchange Completed,,1
RET-05816,ORD-05816,ITEM-05816,SKU-0093,CUST-0070,2025-10-22T11:01:00+00:00,Delivery Issue,,Refunded,774.00,1
RET-05817,ORD-05817,ITEM-05817,SKU-0008,CUST-0393,2026-05-11T17:29:00+00:00,Size/Fit,,Refunded,,1
RET-05819,ORD-05819,ITEM-05819,SKU-0255,CUST-0738,2025-08-05T09:26:00+00:00,Changed Mind,,Refunded,440.00,1
RET-05822,ORD-05822,ITEM-05822,SKU-0307,CUST-0058,2026-02-17T08:32:00+00:00,Colour/Appearance,,Refunded,,1
RET-05823,ORD-05823,ITEM-05823,SKU-0040,CUST-0444,2026-08-01T14:12:00+00:00,Size/Fit,,Refunded,400.00,1
RET-05824,ORD-05824,ITEM-05824,SKU-0062,CUST-0716,2025-04-14T08:19:00+00:00,Colour/Appearance,,Exchange Completed,1057.00,1
RET-05827,ORD-05827,ITEM-05827,SKU-0108,CUST-0186,2025-02-05T16:22:00+00:00,Size/Fit,,Refunded,447.00,1
RET-05834,ORD-05834,ITEM-05834,SKU-0090,CUST-0675,2026-06-13T09:03:00+00:00,Size/Fit,,Refunded,1174.00,1
RET-05835,ORD-05835,ITEM-05835,SKU-0432,CUST-0969,2025-12-09T12:56:00+00:00,Quality,,Refunded,1302.00,1
RET-05840,ORD-05840,ITEM-05840,SKU-0451,CUST-0726,2026-06-21T07:14:00+00:00,Changed Mind,,Refunded,489.00,1
RET-05841,ORD-05841,ITEM-05841,SKU-0228,CUST-0974,2025-11-18T05:41:00+00:00,Quality,,Refunded,,1
RET-05842,ORD-05842,ITEM-05842,SKU-0131,CUST-0761,2025-04-17T02:20:00+00:00,Quality,,Refunded,,1
RET-05844,ORD-05844,ITEM-05844,SKU-0132,CUST-0189,2025-02-23T23:41:00+00:00,Colour/Appearance,,Refunded,1413.00,1
RET-05848,ORD-05848,ITEM-05848,SKU-0375,CUST-0167,2026-06-23T20:54:00+00:00,Changed Mind,,Refunded,,1
RET-05852,ORD-05852,ITEM-05852,SKU-0457,CUST-0890,2025-02-23T13:56:00+00:00,Changed Mind,,Refunded,732.00,1
RET-05854,ORD-05854,ITEM-05854,SKU-0475,CUST-0266,2026-05-13T08:01:00+00:00,Delivery Issue,,Refunded,493.00,1
RET-05855,ORD-05855,ITEM-05855,SKU-0363,CUST-0994,2025-06-10T00:35:00+00:00,Size/Fit,,Exchange Completed,772.00,1
RET-05860,ORD-05860,ITEM-05860,SKU-0205,CUST-0143,2025-12-23T18:32:00+00:00,Colour/Appearance,,Refunded,1357.00,1
RET-05864,ORD-05864,ITEM-05864,SKU-0172,CUST-0383,2026-08-11T18:50:00+00:00,Quality,,Exchange Completed,974.00,1
RET-05868,ORD-05868,ITEM-05868,SKU-0164,CUST-0093,2025-03-29T15:32:00+00:00,Colour/Appearance,,Exchange Completed,1207.00,1
RET-05871,ORD-05871,ITEM-05871,SKU-0356,CUST-0001,2025-04-15T08:58:00+00:00,Colour/Appearance,,Refunded,535.00,1
RET-05874,ORD-05874,ITEM-05874,SKU-0262,CUST-0148,2026-03-23T05:44:00+00:00,Delivery Issue,,Refunded,593.00,1
RET-05875,ORD-05875,ITEM-05875,SKU-0408,CUST-0894,2025-08-12T22:49:00+00:00,Changed Mind,,Refunded,626.00,1
RET-05891,ORD-05891,ITEM-05891,SKU-0080,CUST-0917,2025-05-27T00:46:00+00:00,Size/Fit,,Exchange Completed,1006.00,1
RET-05901,ORD-05901,ITEM-05901,SKU-0461,CUST-0310,2025-09-21T08:56:00+00:00,Colour/Appearance,,Exchange Completed,456.00,1
RET-05905,ORD-05905,ITEM-05905,SKU-0432,CUST-0866,2025-03-31T09:03:00+00:00,Changed Mind,,Refunded,1302.00,1
RET-05910,ORD-05910,ITEM-05910,SKU-0451,CUST-0475,2025-11-17T08:31:00+00:00,Quality,,Exchange Completed,489.00,1
RET-05914,ORD-05914,ITEM-05914,SKU-0132,CUST-0496,2026-10-04T03:03:00+00:00,Colour/Appearance,,Refunded,1413.00,1
RET-05917,ORD-05917,ITEM-05917,SKU-0384,CUST-0869,2025-11-01T17:58:00+00:00,Changed Mind,,Refunded,689.00,1
RET-05920,ORD-05920,ITEM-05920,SKU-0387,CUST-0098,2025-12-31T15:27:00+00:00,Delivery Issue,,Refunded,1016.00,1
RET-05921,ORD-05921,ITEM-05921,SKU-0344,CUST-0082,2026-02-07T08:28:00+00:00,Delivery Issue,,Refunded,631.00,1
RET-05923,ORD-05923,ITEM-05923,SKU-0086,CUST-0116,2026-03-03T06:32:00+00:00,Quality,,Refunded,1100.00,1
RET-05930,ORD-05930,ITEM-05930,SKU-0205,CUST-0642,2025-12-17T01:12:00+00:00,Changed Mind,,Exchange Completed,1357.00,1
RET-05934,ORD-05934,ITEM-05934,SKU-0172,CUST-0878,2025-12-29T14:23:00+00:00,Colour/Appearance,,Refunded,974.00,1
RET-05943,ORD-05943,ITEM-05943,SKU-0289,CUST-0201,2025-11-29T15:01:00+00:00,Colour/Appearance,,Exchange Completed,444.00,1
RET-05945,ORD-05945,ITEM-05945,SKU-0408,CUST-0826,2025-05-22T05:55:00+00:00,Changed Mind,,Refunded,626.00,1
RET-05947,ORD-05947,ITEM-05947,SKU-0286,CUST-0238,2026-07-03T05:29:00+00:00,Colour/Appearance,,Refunded,1122.00,1
RET-05948,ORD-05948,ITEM-05948,SKU-0298,CUST-0476,2026-08-13T19:55:00+00:00,Delivery Issue,,Refunded,771.00,1
RET-05950,ORD-05950,ITEM-05950,SKU-0005,CUST-0365,2025-10-30T01:35:00+00:00,Delivery Issue,,Refunded,889.00,1
RET-05963,ORD-05963,ITEM-05963,SKU-0040,CUST-0316,2025-04-05T22:14:00+00:00,Delivery Issue,,Refunded,400.00,1
RET-05965,ORD-05965,ITEM-05965,SKU-0223,CUST-0423,2026-02-16T05:57:00+00:00,Size/Fit,,Exchange Completed,1120.00,1
RET-05967,ORD-05967,ITEM-05967,SKU-0108,CUST-0587,2025-09-01T18:22:00+00:00,Delivery Issue,,Exchange Completed,447.00,1
RET-05970,ORD-05970,ITEM-05970,SKU-0133,CUST-0928,2025-07-31T09:30:00+00:00,Changed Mind,,Refunded,589.00,1
RET-05971,ORD-05971,ITEM-05971,SKU-0461,CUST-0269,2026-06-18T00:24:00+00:00,Delivery Issue,,Exchange Completed,456.00,1
RET-05974,ORD-05974,ITEM-05974,SKU-0090,CUST-0899,2025-03-18T00:21:00+00:00,Changed Mind,,Exchange Completed,1174.00,1
RET-05982,ORD-05982,ITEM-05982,SKU-0131,CUST-0169,2026-02-02T02:03:00+00:00,Changed Mind,,Exchange Completed,605.00,1
RET-05984,ORD-05984,ITEM-05984,SKU-0132,CUST-0712,2025-10-28T17:26:00+00:00,Quality,,Refunded,1413.00,1
RET-05986,ORD-05986,ITEM-05986,SKU-0367,CUST-0270,2026-04-17T16:54:00+00:00,Size/Fit,,Exchange Completed,1421.00,1
RET-05991,ORD-05991,ITEM-05991,SKU-0344,CUST-0147,2026-07-03T04:15:00+00:00,Delivery Issue,,Refunded,631.00,1
RET-05994,ORD-05994,ITEM-05994,SKU-0475,CUST-0862,2025-12-21T22:00:00+00:00,Quality,,Refunded,493.00,1
RET-05996,ORD-05996,ITEM-05996,SKU-0152,CUST-0305,2025-04-26T09:06:00+00:00,Delivery Issue,,Refunded,1080.00,1
RET-05999,ORD-05999,ITEM-05999,SKU-0436,CUST-0419,2025-04-27T04:40:00+00:00,Changed Mind,,Refunded,424.00,1
RET-06001,ORD-06001,ITEM-06001,SKU-0178,CUST-0550,2025-06-26T10:27:00+00:00,Changed Mind,,Refunded,1315.00,1
RET-06002,ORD-06002,ITEM-06002,SKU-0203,CUST-0556,2025-09-17T04:04:00+00:00,Changed Mind,,Refunded,,1
RET-06003,ORD-06003,ITEM-06003,SKU-0282,CUST-0650,2026-07-31T11:40:00+00:00,Delivery Issue,,Exchange Completed,1131.00,1
RET-06007,ORD-06007,ITEM-06007,SKU-0188,CUST-0389,2025-04-25T17:40:00+00:00,Delivery Issue,,Exchange Completed,538.00,1
RET-06008,ORD-06008,ITEM-06008,SKU-0164,CUST-0267,2025-04-25T10:41:00+00:00,Colour/Appearance,,Exchange Completed,1207.00,1
RET-06011,ORD-06011,ITEM-06011,SKU-0356,CUST-0827,2025-12-03T20:52:00+00:00,Colour/Appearance,,Refunded,535.00,1
RET-06016,ORD-06016,ITEM-06016,SKU-0338,CUST-0402,2026-09-03T16:21:00+00:00,Changed Mind,,Refunded,1059.00,1
RET-06018,ORD-06018,ITEM-06018,SKU-0298,CUST-0717,2025-03-13T17:15:00+00:00,Quality,,Exchange Completed,771.00,1
RET-06020,ORD-06020,ITEM-06020,SKU-0005,CUST-0817,2026-06-06T08:32:00+00:00,Changed Mind,,Refunded,889.00,1
RET-06026,ORD-06026,ITEM-06026,SKU-0093,CUST-0947,2025-07-25T13:41:00+00:00,Quality,,Refunded,774.00,1
RET-06031,ORD-06031,ITEM-06031,SKU-0080,CUST-0032,2026-02-24T16:03:00+00:00,Colour/Appearance,,Refunded,1006.00,1
RET-06035,ORD-06035,ITEM-06035,SKU-0223,CUST-0146,2025-04-11T17:54:00+00:00,Quality,,Refunded,1120.00,1
RET-06037,ORD-06037,ITEM-06037,SKU-0108,CUST-0063,2025-12-01T07:38:00+00:00,Colour/Appearance,,Refunded,447.00,1
RET-06047,ORD-06047,ITEM-06047,SKU-0232,CUST-0611,2026-03-03T07:03:00+00:00,Delivery Issue,,Refunded,781.00,1
RET-06048,ORD-06048,ITEM-06048,SKU-0308,CUST-0629,2025-02-13T06:26:00+00:00,Delivery Issue,,Refunded,531.00,1
RET-06052,ORD-06052,ITEM-06052,SKU-0131,CUST-0705,2025-08-28T17:30:00+00:00,Colour/Appearance,,Exchange Completed,605.00,1
RET-06054,ORD-06054,ITEM-06054,SKU-0132,CUST-0346,2026-01-03T02:23:00+00:00,Colour/Appearance,,Exchange Completed,1413.00,1
RET-06055,ORD-06055,ITEM-06055,SKU-0190,CUST-0932,2025-08-22T19:57:00+00:00,Changed Mind,,Refunded,1410.00,1
RET-06056,ORD-06056,ITEM-06056,SKU-0367,CUST-0650,2026-01-06T14:35:00+00:00,Quality,,Refunded,1421.00,1
RET-06061,ORD-06061,ITEM-06061,SKU-0344,CUST-0741,2026-02-13T19:25:00+00:00,Delivery Issue,,Refunded,631.00,1
RET-06063,ORD-06063,ITEM-06063,SKU-0086,CUST-0753,2025-10-08T12:51:00+00:00,Delivery Issue,,Refunded,1100.00,1
RET-06064,ORD-06064,ITEM-06064,SKU-0475,CUST-0455,2026-03-21T12:15:00+00:00,Delivery Issue,,Exchange Completed,,1
RET-06067,ORD-06067,ITEM-06067,SKU-0002,CUST-0631,2026-03-05T19:58:00+00:00,Delivery Issue,,Exchange Completed,1499.00,1
RET-06069,ORD-06069,ITEM-06069,SKU-0436,CUST-0998,2026-09-22T14:16:00+00:00,Quality,,Refunded,424.00,1
RET-06075,ORD-06075,ITEM-06075,SKU-0035,CUST-0258,2025-06-04T02:41:00+00:00,Size/Fit,,Exchange Completed,1337.00,1
RET-06078,ORD-06078,ITEM-06078,SKU-0164,CUST-0733,2025-02-18T19:37:00+00:00,Changed Mind,,Exchange Completed,1207.00,1
RET-06080,ORD-06080,ITEM-06080,SKU-0114,CUST-0913,2026-08-23T09:40:00+00:00,Changed Mind,,Refunded,585.00,1
RET-06083,ORD-06083,ITEM-06083,SKU-0289,CUST-0097,2025-01-12T18:18:00+00:00,Quality,,Refunded,444.00,1
RET-06084,ORD-06084,ITEM-06084,SKU-0262,CUST-0588,2026-07-08T20:30:00+00:00,Delivery Issue,,Refunded,593.00,1
RET-06085,ORD-06085,ITEM-06085,SKU-0408,CUST-0169,2026-06-06T01:53:00+00:00,Delivery Issue,,Exchange Completed,626.00,1
RET-06086,ORD-06086,ITEM-06086,SKU-0338,CUST-0578,2025-02-28T08:08:00+00:00,Colour/Appearance,,Refunded,1059.00,1
RET-06087,ORD-06087,ITEM-06087,SKU-0286,CUST-0351,2025-08-19T00:22:00+00:00,Changed Mind,,Refunded,1122.00,1
RET-06090,ORD-06090,ITEM-06090,SKU-0005,CUST-0099,2025-09-26T01:03:00+00:00,Size/Fit,,Refunded,889.00,1
RET-06096,ORD-06096,ITEM-06096,SKU-0093,CUST-0600,2025-07-04T18:07:00+00:00,Delivery Issue,,Refunded,774.00,1
RET-06097,ORD-06097,ITEM-06097,SKU-0008,CUST-0039,2026-03-20T04:49:00+00:00,Colour/Appearance,,Exchange Completed,,1
RET-06103,ORD-06103,ITEM-06103,SKU-0040,CUST-0872,2026-09-01T21:23:00+00:00,Changed Mind,,Refunded,400.00,1
RET-06107,ORD-06107,ITEM-06107,SKU-0108,CUST-0302,2026-08-14T22:47:00+00:00,Quality,,Exchange Completed,447.00,1
RET-06112,ORD-06112,ITEM-06112,SKU-0288,CUST-0500,2026-04-23T18:56:00+00:00,Quality,,Refunded,1419.00,1
RET-06114,ORD-06114,ITEM-06114,SKU-0090,CUST-0616,2025-03-14T19:19:00+00:00,Colour/Appearance,,Refunded,1174.00,1
RET-06116,ORD-06116,ITEM-06116,SKU-0471,CUST-0004,2025-09-23T05:00:00+00:00,Size/Fit,,Refunded,1008.00,1
RET-06122,ORD-06122,ITEM-06122,SKU-0131,CUST-0972,2025-03-04T19:56:00+00:00,Quality,,Exchange Completed,605.00,1
RET-06124,ORD-06124,ITEM-06124,SKU-0132,CUST-0137,2025-11-20T06:46:00+00:00,Delivery Issue,,Refunded,1413.00,1
RET-06128,ORD-06128,ITEM-06128,SKU-0375,CUST-0139,2026-01-13T04:40:00+00:00,Colour/Appearance,,Refunded,443.00,1
RET-06129,ORD-06129,ITEM-06129,SKU-0273,CUST-0899,2025-07-16T06:12:00+00:00,Changed Mind,,Exchange Completed,678.00,1
RET-06130,ORD-06130,ITEM-06130,SKU-0387,CUST-0601,2026-01-18T13:59:00+00:00,Changed Mind,,Refunded,,1
RET-06131,ORD-06131,ITEM-06131,SKU-0344,CUST-0564,2025-06-01T17:32:00+00:00,Quality,,Exchange Completed,631.00,1
RET-06132,ORD-06132,ITEM-06132,SKU-0457,CUST-0827,2025-04-06T00:02:00+00:00,Colour/Appearance,,Refunded,732.00,1
RET-06133,ORD-06133,ITEM-06133,SKU-0086,CUST-0719,2026-08-04T15:35:00+00:00,Size/Fit,,Refunded,1100.00,1
RET-06138,ORD-06138,ITEM-06138,SKU-0437,CUST-0096,2025-08-01T02:58:00+00:00,Size/Fit,,Exchange Completed,1319.00,1
RET-06139,ORD-06139,ITEM-06139,SKU-0436,CUST-0174,2025-09-08T10:11:00+00:00,Colour/Appearance,,Refunded,424.00,1
RET-06140,ORD-06140,ITEM-06140,SKU-0205,CUST-0382,2026-05-12T05:18:00+00:00,Changed Mind,,Refunded,1357.00,1
RET-06143,ORD-06143,ITEM-06143,SKU-0282,CUST-0313,2025-11-25T17:51:00+00:00,Changed Mind,,Refunded,1131.00,1
RET-06149,ORD-06149,ITEM-06149,SKU-0033,CUST-0079,2026-04-21T17:13:00+00:00,Delivery Issue,,Refunded,918.00,1
RET-06154,ORD-06154,ITEM-06154,SKU-0262,CUST-0582,2025-03-14T06:25:00+00:00,Delivery Issue,,Refunded,593.00,1
RET-06155,ORD-06155,ITEM-06155,SKU-0408,CUST-0143,2026-06-11T23:58:00+00:00,Colour/Appearance,,Refunded,626.00,1
RET-06157,ORD-06157,ITEM-06157,SKU-0286,CUST-0962,2026-05-08T10:34:00+00:00,Changed Mind,,Exchange Completed,1122.00,1
RET-06159,ORD-06159,ITEM-06159,SKU-0095,CUST-0193,2026-08-11T19:20:00+00:00,Changed Mind,,Refunded,1481.00,1
RET-06160,ORD-06160,ITEM-06160,SKU-0005,CUST-0715,2026-06-02T03:18:00+00:00,Size/Fit,,Exchange Completed,889.00,1
RET-06167,ORD-06167,ITEM-06167,SKU-0008,CUST-0729,2025-12-19T20:50:00+00:00,Changed Mind,,Exchange Completed,,1
RET-06171,ORD-06171,ITEM-06171,SKU-0080,CUST-0864,2025-10-16T22:02:00+00:00,Size/Fit,,Refunded,1006.00,1
RET-06175,ORD-06175,ITEM-06175,SKU-0223,CUST-0327,2025-12-01T20:19:00+00:00,Delivery Issue,,Refunded,1120.00,1
RET-06178,ORD-06178,ITEM-06178,SKU-0479,CUST-0580,2026-02-04T10:43:00+00:00,Changed Mind,,Refunded,754.00,1
RET-06182,ORD-06182,ITEM-06182,SKU-0288,CUST-0189,2025-12-25T18:53:00+00:00,Changed Mind,,Refunded,1419.00,1
RET-06189,ORD-06189,ITEM-06189,SKU-0462,CUST-0877,2025-09-23T20:41:00+00:00,Changed Mind,,Refunded,940.00,1
RET-06190,ORD-06190,ITEM-06190,SKU-0451,CUST-0696,2025-08-19T23:54:00+00:00,Size/Fit,,Exchange Completed,489.00,1
RET-06200,ORD-06200,ITEM-06200,SKU-0387,CUST-0094,2025-01-25T14:18:00+00:00,Quality,,Refunded,1016.00,1
RET-06202,ORD-06202,ITEM-06202,SKU-0457,CUST-0568,2026-02-01T02:54:00+00:00,Delivery Issue,,Refunded,732.00,1
RET-06203,ORD-06203,ITEM-06203,SKU-0086,CUST-0705,2025-10-11T11:16:00+00:00,Colour/Appearance,,Refunded,1100.00,1
RET-06205,ORD-06205,ITEM-06205,SKU-0363,CUST-0289,2026-02-21T04:13:00+00:00,Changed Mind,,Exchange Completed,,1
RET-06206,ORD-06206,ITEM-06206,SKU-0152,CUST-0327,2025-06-26T17:21:00+00:00,Quality,,Exchange Completed,1080.00,1
RET-06209,ORD-06209,ITEM-06209,SKU-0436,CUST-0698,2025-10-11T15:56:00+00:00,Changed Mind,,Refunded,424.00,1
RET-06211,ORD-06211,ITEM-06211,SKU-0178,CUST-0503,2026-08-13T19:47:00+00:00,Changed Mind,,Exchange Completed,1315.00,1
RET-06216,ORD-06216,ITEM-06216,SKU-0176,CUST-0318,2025-07-11T08:23:00+00:00,Colour/Appearance,,Refunded,518.00,1
RET-06217,ORD-06217,ITEM-06217,SKU-0188,CUST-0396,2026-02-14T12:40:00+00:00,Delivery Issue,,Refunded,538.00,1
RET-06219,ORD-06219,ITEM-06219,SKU-0033,CUST-0433,2025-11-19T07:21:00+00:00,Delivery Issue,,Refunded,,1
RET-06224,ORD-06224,ITEM-06224,SKU-0262,CUST-0111,2026-04-23T09:59:00+00:00,Quality,,Refunded,593.00,1
RET-06226,ORD-06226,ITEM-06226,SKU-0338,CUST-0764,2026-09-03T05:37:00+00:00,Delivery Issue,,Refunded,1059.00,1
RET-06227,ORD-06227,ITEM-06227,SKU-0286,CUST-0889,2026-07-17T18:07:00+00:00,Quality,,Refunded,1122.00,1
RET-06237,ORD-06237,ITEM-06237,SKU-0008,CUST-0241,2026-08-28T16:46:00+00:00,Changed Mind,,Refunded,803.00,1
RET-06238,ORD-06238,ITEM-06238,SKU-0053,CUST-0744,2025-07-08T10:40:00+00:00,Size/Fit,,Exchange Completed,452.00,1
RET-06244,ORD-06244,ITEM-06244,SKU-0062,CUST-0237,2025-02-03T13:00:00+00:00,Colour/Appearance,,Exchange Completed,1057.00,1
RET-06249,ORD-06249,ITEM-06249,SKU-0162,CUST-0743,2026-08-20T07:04:00+00:00,Changed Mind,,Refunded,886.00,1
RET-06250,ORD-06250,ITEM-06250,SKU-0133,CUST-0900,2025-10-06T15:49:00+00:00,Delivery Issue,,Exchange Completed,,1
RET-06251,ORD-06251,ITEM-06251,SKU-0461,CUST-0211,2026-09-11T21:45:00+00:00,Delivery Issue,,Refunded,456.00,1
RET-06252,ORD-06252,ITEM-06252,SKU-0288,CUST-0545,2026-08-29T22:17:00+00:00,Changed Mind,,Exchange Completed,1419.00,1
RET-06253,ORD-06253,ITEM-06253,SKU-0257,CUST-0335,2025-02-27T01:21:00+00:00,Changed Mind,,Refunded,1086.00,1
RET-06254,ORD-06254,ITEM-06254,SKU-0090,CUST-0398,2025-05-24T17:36:00+00:00,Changed Mind,,Exchange Completed,1174.00,1
RET-06256,ORD-06256,ITEM-06256,SKU-0471,CUST-0215,2025-05-25T07:24:00+00:00,Quality,,Refunded,1008.00,1
RET-06259,ORD-06259,ITEM-06259,SKU-0462,CUST-0430,2025-07-04T12:56:00+00:00,Quality,,Exchange Completed,940.00,1
RET-06260,ORD-06260,ITEM-06260,SKU-0451,CUST-0610,2025-08-11T23:56:00+00:00,Changed Mind,,Refunded,489.00,1
RET-06264,ORD-06264,ITEM-06264,SKU-0132,CUST-0464,2025-02-01T14:41:00+00:00,Delivery Issue,,Refunded,1413.00,1
RET-06275,ORD-06275,ITEM-06275,SKU-0363,CUST-0397,2026-03-24T08:57:00+00:00,Colour/Appearance,,Refunded,,1
RET-06277,ORD-06277,ITEM-06277,SKU-0002,CUST-0436,2025-08-05T03:11:00+00:00,Size/Fit,,Refunded,1499.00,1
RET-06280,ORD-06280,ITEM-06280,SKU-0205,CUST-0859,2026-04-24T12:39:00+00:00,Size/Fit,,Exchange Completed,1357.00,1
RET-06282,ORD-06282,ITEM-06282,SKU-0203,CUST-0428,2025-08-06T08:00:00+00:00,Size/Fit,,Exchange Completed,983.00,1
RET-06286,ORD-06286,ITEM-06286,SKU-0176,CUST-0991,2025-10-17T07:41:00+00:00,Colour/Appearance,,Exchange Completed,518.00,1
RET-06288,ORD-06288,ITEM-06288,SKU-0164,CUST-0464,2025-06-24T23:15:00+00:00,Quality,,Refunded,1207.00,1
RET-06292,ORD-06292,ITEM-06292,SKU-0277,CUST-0382,2026-06-20T15:51:00+00:00,Changed Mind,,Refunded,1201.00,1
RET-06293,ORD-06293,ITEM-06293,SKU-0289,CUST-0729,2026-06-10T17:41:00+00:00,Size/Fit,,Exchange Completed,444.00,1
RET-06294,ORD-06294,ITEM-06294,SKU-0262,CUST-0663,2025-06-28T20:52:00+00:00,Size/Fit,,Refunded,593.00,1
RET-06299,ORD-06299,ITEM-06299,SKU-0095,CUST-0267,2025-01-23T16:20:00+00:00,Colour/Appearance,,Refunded,1481.00,1
RET-06307,ORD-06307,ITEM-06307,SKU-0008,CUST-0020,2026-04-26T03:29:00+00:00,Quality,,Exchange Completed,803.00,1
RET-06308,ORD-06308,ITEM-06308,SKU-0053,CUST-0479,2025-12-23T12:57:00+00:00,Size/Fit,,Refunded,452.00,1
RET-06315,ORD-06315,ITEM-06315,SKU-0223,CUST-0398,2026-09-23T03:20:00+00:00,Size/Fit,,Exchange Completed,1120.00,1
RET-06316,ORD-06316,ITEM-06316,SKU-0268,CUST-0160,2026-05-06T03:32:00+00:00,Size/Fit,,Refunded,413.00,1
RET-06318,ORD-06318,ITEM-06318,SKU-0479,CUST-0391,2025-08-02T16:27:00+00:00,Size/Fit,,Exchange Completed,754.00,1
RET-06320,ORD-06320,ITEM-06320,SKU-0133,CUST-0675,2026-07-14T13:18:00+00:00,Size/Fit,,Refunded,589.00,1
RET-06321,ORD-06321,ITEM-06321,SKU-0461,CUST-0669,2026-05-17T09:40:00+00:00,Colour/Appearance,,Exchange Completed,456.00,1
RET-06323,ORD-06323,ITEM-06323,SKU-0257,CUST-0151,2026-08-28T16:50:00+00:00,Colour/Appearance,,Exchange Completed,1086.00,1
RET-06324,ORD-06324,ITEM-06324,SKU-0090,CUST-0082,2025-07-16T02:59:00+00:00,Size/Fit,,Refunded,1174.00,1
RET-06327,ORD-06327,ITEM-06327,SKU-0232,CUST-0243,2026-01-21T09:52:00+00:00,Quality,,Refunded,781.00,1
RET-06329,ORD-06329,ITEM-06329,SKU-0462,CUST-0584,2025-08-31T17:12:00+00:00,Colour/Appearance,,Refunded,940.00,1
RET-06330,ORD-06330,ITEM-06330,SKU-0451,CUST-0701,2025-02-12T18:44:00+00:00,Size/Fit,,Refunded,489.00,1
RET-06338,ORD-06338,ITEM-06338,SKU-0375,CUST-0016,2026-03-26T21:52:00+00:00,Size/Fit,,Refunded,443.00,1
RET-06340,ORD-06340,ITEM-06340,SKU-0387,CUST-0409,2025-09-20T18:48:00+00:00,Size/Fit,,Refunded,1016.00,1
RET-06342,ORD-06342,ITEM-06342,SKU-0457,CUST-0310,2026-04-22T14:41:00+00:00,Changed Mind,,Refunded,732.00,1
RET-06344,ORD-06344,ITEM-06344,SKU-0475,CUST-0206,2026-08-23T01:26:00+00:00,Quality,,Exchange Completed,493.00,1
RET-06348,ORD-06348,ITEM-06348,SKU-0437,CUST-0688,2025-01-23T02:05:00+00:00,Colour/Appearance,,Refunded,1319.00,1
RET-06350,ORD-06350,ITEM-06350,SKU-0205,CUST-0874,2026-03-31T19:05:00+00:00,Changed Mind,,Exchange Completed,1357.00,1
RET-06352,ORD-06352,ITEM-06352,SKU-0203,CUST-0817,2026-01-07T19:41:00+00:00,Quality,,Exchange Completed,983.00,1
RET-06356,ORD-06356,ITEM-06356,SKU-0176,CUST-0850,2025-06-18T07:18:00+00:00,Changed Mind,,Refunded,518.00,1
RET-06357,ORD-06357,ITEM-06357,SKU-0188,CUST-0600,2025-08-01T06:45:00+00:00,Changed Mind,,Exchange Completed,538.00,1
RET-06360,ORD-06360,ITEM-06360,SKU-0114,CUST-0673,2026-03-19T10:48:00+00:00,Colour/Appearance,,Refunded,585.00,1
RET-06368,ORD-06368,ITEM-06368,SKU-0298,CUST-0079,2026-08-22T01:05:00+00:00,Size/Fit,,Refunded,771.00,1
RET-06379,ORD-06379,ITEM-06379,SKU-0255,CUST-0695,2025-11-13T17:43:00+00:00,Changed Mind,,Exchange Completed,440.00,1
RET-06381,ORD-06381,ITEM-06381,SKU-0080,CUST-0067,2026-01-08T23:22:00+00:00,Delivery Issue,,Refunded,1006.00,1
RET-06382,ORD-06382,ITEM-06382,SKU-0307,CUST-0732,2025-12-15T18:35:00+00:00,Delivery Issue,,Refunded,1315.00,1
RET-06384,ORD-06384,ITEM-06384,SKU-0062,CUST-0836,2025-03-30T18:16:00+00:00,Quality,,Refunded,1057.00,1
RET-06386,ORD-06386,ITEM-06386,SKU-0268,CUST-0684,2025-02-01T00:02:00+00:00,Delivery Issue,,Refunded,413.00,1
RET-06388,ORD-06388,ITEM-06388,SKU-0479,CUST-0337,2025-09-21T02:04:00+00:00,Quality,,Refunded,754.00,1
RET-06390,ORD-06390,ITEM-06390,SKU-0133,CUST-0253,2025-07-02T20:20:00+00:00,Quality,,Refunded,589.00,1
RET-06392,ORD-06392,ITEM-06392,SKU-0288,CUST-0168,2026-01-23T03:36:00+00:00,Colour/Appearance,,Refunded,1419.00,1
RET-06400,ORD-06400,ITEM-06400,SKU-0451,CUST-0937,2025-04-30T18:52:00+00:00,Colour/Appearance,,Exchange Completed,,1
RET-06401,ORD-06401,ITEM-06401,SKU-0228,CUST-0896,2026-01-23T01:28:00+00:00,Size/Fit,,Exchange Completed,717.00,1
RET-06403,ORD-06403,ITEM-06403,SKU-0159,CUST-0912,2026-08-18T16:34:00+00:00,Changed Mind,,Exchange Completed,707.00,1
RET-06409,ORD-06409,ITEM-06409,SKU-0273,CUST-0217,2025-04-12T20:49:00+00:00,Size/Fit,,Refunded,678.00,1
RET-06410,ORD-06410,ITEM-06410,SKU-0387,CUST-0300,2025-06-01T01:06:00+00:00,Quality,,Refunded,1016.00,1
RET-06411,ORD-06411,ITEM-06411,SKU-0344,CUST-0405,2025-08-19T04:30:00+00:00,Quality,,Refunded,,1
RET-06412,ORD-06412,ITEM-06412,SKU-0457,CUST-0028,2026-07-18T07:26:00+00:00,Delivery Issue,,Refunded,732.00,1
RET-06417,ORD-06417,ITEM-06417,SKU-0002,CUST-0928,2025-10-15T07:18:00+00:00,Size/Fit,,Refunded,1499.00,1
RET-06422,ORD-06422,ITEM-06422,SKU-0203,CUST-0339,2025-06-17T21:55:00+00:00,Delivery Issue,,Refunded,983.00,1
RET-06423,ORD-06423,ITEM-06423,SKU-0282,CUST-0450,2025-12-25T17:23:00+00:00,Colour/Appearance,,Exchange Completed,1131.00,1
RET-06424,ORD-06424,ITEM-06424,SKU-0172,CUST-0611,2025-11-28T17:43:00+00:00,Colour/Appearance,,Refunded,974.00,1
RET-06426,ORD-06426,ITEM-06426,SKU-0176,CUST-0134,2025-04-20T15:45:00+00:00,Size/Fit,,Refunded,518.00,1
RET-06429,ORD-06429,ITEM-06429,SKU-0033,CUST-0343,2026-07-11T05:23:00+00:00,Changed Mind,,Refunded,918.00,1
RET-06430,ORD-06430,ITEM-06430,SKU-0114,CUST-0411,2026-06-18T06:28:00+00:00,Colour/Appearance,,Refunded,585.00,1
RET-06437,ORD-06437,ITEM-06437,SKU-0286,CUST-0810,2025-05-12T22:24:00+00:00,Changed Mind,,Refunded,1122.00,1
RET-06439,ORD-06439,ITEM-06439,SKU-0095,CUST-0604,2025-02-27T14:10:00+00:00,Changed Mind,,Refunded,,1
RET-06440,ORD-06440,ITEM-06440,SKU-0005,CUST-0236,2025-11-19T10:24:00+00:00,Quality,,Refunded,889.00,1
RET-06447,ORD-06447,ITEM-06447,SKU-0008,CUST-0348,2025-02-01T08:34:00+00:00,Changed Mind,,Exchange Completed,803.00,1
RET-06451,ORD-06451,ITEM-06451,SKU-0080,CUST-0542,2026-03-06T09:27:00+00:00,Delivery Issue,,Refunded,1006.00,1
RET-06456,ORD-06456,ITEM-06456,SKU-0268,CUST-0330,2026-04-24T08:35:00+00:00,Delivery Issue,,Refunded,413.00,1
RET-06457,ORD-06457,ITEM-06457,SKU-0108,CUST-0643,2026-03-11T17:40:00+00:00,Changed Mind,,Refunded,447.00,1
RET-06458,ORD-06458,ITEM-06458,SKU-0479,CUST-0354,2026-10-06T03:48:00+00:00,Changed Mind,,Refunded,754.00,1
RET-06459,ORD-06459,ITEM-06459,SKU-0162,CUST-0054,2025-01-23T12:34:00+00:00,Size/Fit,,Exchange Completed,886.00,1
RET-06461,ORD-06461,ITEM-06461,SKU-0461,CUST-0030,2026-04-10T22:26:00+00:00,Colour/Appearance,,Refunded,456.00,1
RET-06462,ORD-06462,ITEM-06462,SKU-0288,CUST-0803,2026-09-30T02:04:00+00:00,Delivery Issue,,Refunded,1419.00,1
RET-06463,ORD-06463,ITEM-06463,SKU-0257,CUST-0229,2025-02-11T21:17:00+00:00,Quality,,Exchange Completed,1086.00,1
RET-06464,ORD-06464,ITEM-06464,SKU-0090,CUST-0636,2026-06-28T21:30:00+00:00,Quality,,Exchange Completed,1174.00,1
RET-06466,ORD-06466,ITEM-06466,SKU-0471,CUST-0360,2025-04-24T16:11:00+00:00,Quality,,Refunded,1008.00,1
RET-06468,ORD-06468,ITEM-06468,SKU-0308,CUST-0911,2026-06-23T23:45:00+00:00,Colour/Appearance,,Exchange Completed,531.00,1
RET-06470,ORD-06470,ITEM-06470,SKU-0451,CUST-0970,2025-03-27T11:39:00+00:00,Quality,,Refunded,489.00,1
RET-06473,ORD-06473,ITEM-06473,SKU-0159,CUST-0138,2025-03-04T17:26:00+00:00,Quality,,Refunded,707.00,1
RET-06475,ORD-06475,ITEM-06475,SKU-0190,CUST-0289,2026-04-09T10:39:00+00:00,Delivery Issue,,Exchange Completed,1410.00,1
RET-06478,ORD-06478,ITEM-06478,SKU-0375,CUST-0181,2025-02-27T16:03:00+00:00,Quality,,Refunded,443.00,1
RET-06481,ORD-06481,ITEM-06481,SKU-0344,CUST-0666,2025-10-27T16:28:00+00:00,Size/Fit,,Refunded,631.00,1
RET-06486,ORD-06486,ITEM-06486,SKU-0152,CUST-0060,2025-05-23T17:58:00+00:00,Colour/Appearance,,Exchange Completed,1080.00,1
RET-06488,ORD-06488,ITEM-06488,SKU-0437,CUST-0825,2025-01-20T14:33:00+00:00,Size/Fit,,Refunded,1319.00,1
RET-06490,ORD-06490,ITEM-06490,SKU-0205,CUST-0682,2025-12-31T15:12:00+00:00,Changed Mind,,Refunded,1357.00,1
RET-06491,ORD-06491,ITEM-06491,SKU-0178,CUST-0107,2026-04-05T17:43:00+00:00,Changed Mind,,Refunded,1315.00,1
RET-06493,ORD-06493,ITEM-06493,SKU-0282,CUST-0938,2025-06-07T12:20:00+00:00,Size/Fit,,Exchange Completed,1131.00,1
RET-06499,ORD-06499,ITEM-06499,SKU-0033,CUST-0419,2026-04-19T02:54:00+00:00,Delivery Issue,,Refunded,918.00,1
RET-06500,ORD-06500,ITEM-06500,SKU-0114,CUST-0421,2025-10-01T17:31:00+00:00,Size/Fit,,Refunded,585.00,1
RET-06501,ORD-06501,ITEM-06501,SKU-0356,CUST-0093,2026-02-26T18:40:00+00:00,Delivery Issue,,Refunded,535.00,1
RET-06503,ORD-06503,ITEM-06503,SKU-0289,CUST-0813,2025-11-13T14:58:00+00:00,Size/Fit,,Refunded,444.00,1
RET-06505,ORD-06505,ITEM-06505,SKU-0408,CUST-0954,2025-11-14T21:43:00+00:00,Size/Fit,,Refunded,626.00,1
RET-06508,ORD-06508,ITEM-06508,SKU-0298,CUST-0585,2026-05-03T07:54:00+00:00,Quality,,Refunded,771.00,1
RET-06518,ORD-06518,ITEM-06518,SKU-0053,CUST-0852,2025-07-15T10:00:00+00:00,Size/Fit,,Refunded,452.00,1
RET-06520,ORD-06520,ITEM-06520,SKU-0179,CUST-0850,2025-10-10T15:42:00+00:00,Changed Mind,,Exchange Completed,1327.00,1
RET-06521,ORD-06521,ITEM-06521,SKU-0080,CUST-0518,2026-03-21T13:09:00+00:00,Delivery Issue,,Refunded,1006.00,1
RET-06524,ORD-06524,ITEM-06524,SKU-0062,CUST-0366,2025-06-23T08:07:00+00:00,Quality,,Refunded,1057.00,1
RET-06530,ORD-06530,ITEM-06530,SKU-0133,CUST-0863,2026-04-19T05:14:00+00:00,Quality,,Refunded,589.00,1
RET-06532,ORD-06532,ITEM-06532,SKU-0288,CUST-0995,2025-10-24T10:58:00+00:00,Changed Mind,,Exchange Completed,1419.00,1
RET-06540,ORD-06540,ITEM-06540,SKU-0451,CUST-0857,2025-08-02T03:42:00+00:00,Changed Mind,,Refunded,489.00,1
RET-06541,ORD-06541,ITEM-06541,SKU-0228,CUST-0874,2025-05-03T23:02:00+00:00,Quality,,Exchange Completed,717.00,1
RET-06544,ORD-06544,ITEM-06544,SKU-0132,CUST-0469,2025-07-16T13:35:00+00:00,Changed Mind,,Refunded,1413.00,1
RET-06549,ORD-06549,ITEM-06549,SKU-0273,CUST-0665,2025-08-01T11:23:00+00:00,Delivery Issue,,Refunded,678.00,1
RET-06552,ORD-06552,ITEM-06552,SKU-0457,CUST-0344,2025-12-05T09:22:00+00:00,Delivery Issue,,Exchange Completed,732.00,1
RET-06554,ORD-06554,ITEM-06554,SKU-0475,CUST-0417,2025-11-29T08:22:00+00:00,Size/Fit,,Refunded,493.00,1
RET-06557,ORD-06557,ITEM-06557,SKU-0002,CUST-0799,2026-05-21T18:09:00+00:00,Colour/Appearance,,Exchange Completed,1499.00,1
RET-06561,ORD-06561,ITEM-06561,SKU-0178,CUST-0540,2026-03-31T02:45:00+00:00,Colour/Appearance,,Refunded,1315.00,1
RET-06566,ORD-06566,ITEM-06566,SKU-0176,CUST-0270,2026-09-10T21:41:00+00:00,Size/Fit,,Refunded,518.00,1
RET-06576,ORD-06576,ITEM-06576,SKU-0338,CUST-0616,2026-04-06T11:51:00+00:00,Colour/Appearance,,Refunded,1059.00,1
RET-06578,ORD-06578,ITEM-06578,SKU-0298,CUST-0313,2026-03-18T11:35:00+00:00,Size/Fit,,Exchange Completed,771.00,1
RET-06579,ORD-06579,ITEM-06579,SKU-0095,CUST-0951,2025-09-07T19:33:00+00:00,Quality,,Refunded,1481.00,1
RET-06590,ORD-06590,ITEM-06590,SKU-0179,CUST-0526,2026-01-09T03:05:00+00:00,Delivery Issue,,Exchange Completed,1327.00,1
RET-06594,ORD-06594,ITEM-06594,SKU-0062,CUST-0669,2026-08-30T05:06:00+00:00,Size/Fit,,Exchange Completed,,1
RET-06597,ORD-06597,ITEM-06597,SKU-0108,CUST-0384,2025-11-04T18:33:00+00:00,Colour/Appearance,,Exchange Completed,447.00,1
RET-06600,ORD-06600,ITEM-06600,SKU-0133,CUST-0377,2025-11-14T10:07:00+00:00,Quality,,Exchange Completed,589.00,1
RET-06603,ORD-06603,ITEM-06603,SKU-0257,CUST-0477,2025-07-17T20:26:00+00:00,Changed Mind,,Refunded,1086.00,1
RET-06604,ORD-06604,ITEM-06604,SKU-0090,CUST-0487,2025-09-14T02:32:00+00:00,Delivery Issue,,Refunded,1174.00,1
RET-06606,ORD-06606,ITEM-06606,SKU-0471,CUST-0754,2025-07-07T20:06:00+00:00,Changed Mind,,Exchange Completed,1008.00,1
RET-06608,ORD-06608,ITEM-06608,SKU-0308,CUST-0651,2026-05-21T17:33:00+00:00,Size/Fit,,Exchange Completed,531.00,1
RET-06612,ORD-06612,ITEM-06612,SKU-0131,CUST-0921,2025-05-19T19:11:00+00:00,Size/Fit,,Refunded,605.00,1
RET-06616,ORD-06616,ITEM-06616,SKU-0367,CUST-0469,2025-09-06T22:16:00+00:00,Quality,,Refunded,1421.00,1
RET-06617,ORD-06617,ITEM-06617,SKU-0384,CUST-0421,2025-04-27T14:56:00+00:00,Changed Mind,,Refunded,689.00,1
RET-06619,ORD-06619,ITEM-06619,SKU-0273,CUST-0309,2026-05-23T09:09:00+00:00,Quality,,Refunded,678.00,1
RET-06621,ORD-06621,ITEM-06621,SKU-0344,CUST-0731,2025-09-02T12:13:00+00:00,Delivery Issue,,Exchange Completed,,1
RET-06623,ORD-06623,ITEM-06623,SKU-0086,CUST-0472,2026-01-12T07:58:00+00:00,Colour/Appearance,,Exchange Completed,1100.00,1
RET-06627,ORD-06627,ITEM-06627,SKU-0002,CUST-0012,2025-06-24T13:16:00+00:00,Colour/Appearance,,Refunded,1499.00,1
RET-06631,ORD-06631,ITEM-06631,SKU-0178,CUST-0977,2025-08-16T19:44:00+00:00,Colour/Appearance,,Refunded,1315.00,1
RET-06632,ORD-06632,ITEM-06632,SKU-0203,CUST-0002,2026-07-03T12:47:00+00:00,Delivery Issue,,Refunded,983.00,1
RET-06633,ORD-06633,ITEM-06633,SKU-0282,CUST-0714,2026-06-06T08:08:00+00:00,Size/Fit,,Exchange Completed,1131.00,1
RET-06634,ORD-06634,ITEM-06634,SKU-0172,CUST-0807,2026-01-27T09:15:00+00:00,Colour/Appearance,,Refunded,974.00,1
RET-06635,ORD-06635,ITEM-06635,SKU-0035,CUST-0095,2025-07-22T19:36:00+00:00,Colour/Appearance,,Refunded,1337.00,1
RET-06636,ORD-06636,ITEM-06636,SKU-0176,CUST-0560,2025-05-05T15:23:00+00:00,Changed Mind,,Refunded,,1
RET-06645,ORD-06645,ITEM-06645,SKU-0408,CUST-0036,2025-12-25T21:21:00+00:00,Changed Mind,,Exchange Completed,626.00,1
RET-06646,ORD-06646,ITEM-06646,SKU-0338,CUST-0068,2025-12-13T04:38:00+00:00,Size/Fit,,Exchange Completed,1059.00,1
RET-06649,ORD-06649,ITEM-06649,SKU-0095,CUST-0710,2026-09-09T01:04:00+00:00,Delivery Issue,,Refunded,1481.00,1
RET-06658,ORD-06658,ITEM-06658,SKU-0053,CUST-0060,2025-01-22T21:13:00+00:00,Colour/Appearance,,Refunded,452.00,1
RET-06661,ORD-06661,ITEM-06661,SKU-0080,CUST-0832,2025-06-05T07:26:00+00:00,Quality,,Refunded,,1
RET-06663,ORD-06663,ITEM-06663,SKU-0040,CUST-0959,2025-12-03T18:48:00+00:00,Colour/Appearance,,Exchange Completed,400.00,1
RET-06664,ORD-06664,ITEM-06664,SKU-0062,CUST-0075,2026-05-19T06:57:00+00:00,Delivery Issue,,Refunded,1057.00,1
RET-06669,ORD-06669,ITEM-06669,SKU-0162,CUST-0404,2025-01-26T18:11:00+00:00,Delivery Issue,,Exchange Completed,,1
RET-06671,ORD-06671,ITEM-06671,SKU-0461,CUST-0201,2025-12-29T23:56:00+00:00,Changed Mind,,Exchange Completed,456.00,1
RET-06675,ORD-06675,ITEM-06675,SKU-0432,CUST-0686,2026-04-24T11:29:00+00:00,Quality,,Refunded,1302.00,1
RET-06680,ORD-06680,ITEM-06680,SKU-0451,CUST-0121,2026-04-30T17:39:00+00:00,Size/Fit,,Exchange Completed,489.00,1
RET-06681,ORD-06681,ITEM-06681,SKU-0228,CUST-0286,2025-05-10T09:08:00+00:00,Changed Mind,,Exchange Completed,717.00,1
RET-06682,ORD-06682,ITEM-06682,SKU-0131,CUST-0719,2025-09-20T02:48:00+00:00,Delivery Issue,,Refunded,605.00,1
RET-06686,ORD-06686,ITEM-06686,SKU-0367,CUST-0717,2026-05-14T10:04:00+00:00,Delivery Issue,,Exchange Completed,1421.00,1
RET-06690,ORD-06690,ITEM-06690,SKU-0387,CUST-0444,2026-05-29T08:34:00+00:00,Quality,,Refunded,1016.00,1
RET-06699,ORD-06699,ITEM-06699,SKU-0436,CUST-0490,2025-11-22T20:30:00+00:00,Changed Mind,,Refunded,424.00,1
RET-06700,ORD-06700,ITEM-06700,SKU-0205,CUST-0669,2026-03-30T06:12:00+00:00,Colour/Appearance,,Refunded,,1
RET-06701,ORD-06701,ITEM-06701,SKU-0178,CUST-0405,2026-08-21T05:57:00+00:00,Colour/Appearance,,Exchange Completed,,1
RET-06703,ORD-06703,ITEM-06703,SKU-0282,CUST-0384,2025-06-12T04:06:00+00:00,Delivery Issue,,Refunded,1131.00,1
RET-06705,ORD-06705,ITEM-06705,SKU-0035,CUST-0443,2026-02-02T01:34:00+00:00,Colour/Appearance,,Refunded,1337.00,1
RET-06708,ORD-06708,ITEM-06708,SKU-0164,CUST-0266,2025-07-16T04:18:00+00:00,Delivery Issue,,Exchange Completed,1207.00,1
RET-06713,ORD-06713,ITEM-06713,SKU-0289,CUST-0128,2025-07-11T22:04:00+00:00,Delivery Issue,,Exchange Completed,444.00,1
RET-06715,ORD-06715,ITEM-06715,SKU-0408,CUST-0366,2025-07-22T15:05:00+00:00,Quality,,Refunded,626.00,1
RET-06727,ORD-06727,ITEM-06727,SKU-0008,CUST-0256,2025-06-06T05:52:00+00:00,Size/Fit,,Refunded,803.00,1
RET-06730,ORD-06730,ITEM-06730,SKU-0179,CUST-0344,2025-11-14T05:36:00+00:00,Colour/Appearance,,Refunded,1327.00,1
RET-06732,ORD-06732,ITEM-06732,SKU-0307,CUST-0025,2026-06-03T23:27:00+00:00,Delivery Issue,,Exchange Completed,1315.00,1
RET-06734,ORD-06734,ITEM-06734,SKU-0062,CUST-0623,2025-05-28T16:43:00+00:00,Quality,,Refunded,,1
RET-06740,ORD-06740,ITEM-06740,SKU-0133,CUST-0133,2025-09-24T21:27:00+00:00,Size/Fit,,Refunded,589.00,1
RET-06744,ORD-06744,ITEM-06744,SKU-0090,CUST-0227,2025-01-13T22:27:00+00:00,Colour/Appearance,,Exchange Completed,1174.00,1
RET-06745,ORD-06745,ITEM-06745,SKU-0432,CUST-0886,2025-05-17T22:44:00+00:00,Delivery Issue,,Refunded,1302.00,1
RET-06746,ORD-06746,ITEM-06746,SKU-0471,CUST-0269,2025-01-18T01:34:00+00:00,Size/Fit,,Refunded,1008.00,1
RET-06752,ORD-06752,ITEM-06752,SKU-0131,CUST-0108,2026-04-08T15:22:00+00:00,Changed Mind,,Exchange Completed,605.00,1
RET-06756,ORD-06756,ITEM-06756,SKU-0367,CUST-0141,2026-02-07T22:28:00+00:00,Colour/Appearance,,Refunded,1421.00,1
RET-06758,ORD-06758,ITEM-06758,SKU-0375,CUST-0296,2025-03-09T05:47:00+00:00,Size/Fit,,Refunded,443.00,1
RET-06760,ORD-06760,ITEM-06760,SKU-0387,CUST-0455,2025-03-09T23:39:00+00:00,Colour/Appearance,,Exchange Completed,,1
RET-06761,ORD-06761,ITEM-06761,SKU-0344,CUST-0956,2026-01-09T21:11:00+00:00,Delivery Issue,,Exchange Completed,631.00,1
RET-06768,ORD-06768,ITEM-06768,SKU-0437,CUST-0507,2025-01-20T10:35:00+00:00,Delivery Issue,,Exchange Completed,1319.00,1
RET-06776,ORD-06776,ITEM-06776,SKU-0176,CUST-0801,2025-09-19T21:50:00+00:00,Delivery Issue,,Refunded,518.00,1
RET-06780,ORD-06780,ITEM-06780,SKU-0114,CUST-0868,2026-05-13T02:08:00+00:00,Delivery Issue,,Refunded,585.00,1
RET-06781,ORD-06781,ITEM-06781,SKU-0356,CUST-0673,2025-12-07T14:27:00+00:00,Changed Mind,,Refunded,535.00,1
RET-06784,ORD-06784,ITEM-06784,SKU-0262,CUST-0071,2026-07-05T01:45:00+00:00,Changed Mind,,Exchange Completed,593.00,1
RET-06786,ORD-06786,ITEM-06786,SKU-0338,CUST-0341,2026-04-17T15:11:00+00:00,Delivery Issue,,Exchange Completed,1059.00,1
RET-06788,ORD-06788,ITEM-06788,SKU-0298,CUST-0976,2025-11-07T12:23:00+00:00,Colour/Appearance,,Refunded,,1
RET-06789,ORD-06789,ITEM-06789,SKU-0095,CUST-0272,2025-08-23T14:32:00+00:00,Size/Fit,,Exchange Completed,1481.00,1
RET-06798,ORD-06798,ITEM-06798,SKU-0053,CUST-0262,2025-05-15T20:34:00+00:00,Colour/Appearance,,Refunded,452.00,1
RET-06800,ORD-06800,ITEM-06800,SKU-0179,CUST-0124,2025-09-02T04:02:00+00:00,Changed Mind,,Refunded,1327.00,1
RET-06801,ORD-06801,ITEM-06801,SKU-0080,CUST-0903,2025-04-19T22:00:00+00:00,Changed Mind,,Exchange Completed,1006.00,1
RET-06803,ORD-06803,ITEM-06803,SKU-0040,CUST-0467,2026-06-19T09:42:00+00:00,Size/Fit,,Exchange Completed,400.00,1
RET-06808,ORD-06808,ITEM-06808,SKU-0479,CUST-0808,2025-04-12T15:31:00+00:00,Delivery Issue,,Refunded,754.00,1
RET-06810,ORD-06810,ITEM-06810,SKU-0133,CUST-0547,2025-11-25T12:39:00+00:00,Colour/Appearance,,Refunded,589.00,1
RET-06812,ORD-06812,ITEM-06812,SKU-0288,CUST-0100,2025-11-05T05:04:00+00:00,Colour/Appearance,,Exchange Completed,1419.00,1
RET-06814,ORD-06814,ITEM-06814,SKU-0090,CUST-0227,2025-08-21T04:32:00+00:00,Size/Fit,,Exchange Completed,1174.00,1
RET-06815,ORD-06815,ITEM-06815,SKU-0432,CUST-0747,2025-08-05T19:08:00+00:00,Changed Mind,,Exchange Completed,1302.00,1
RET-06820,ORD-06820,ITEM-06820,SKU-0451,CUST-0634,2025-11-20T18:47:00+00:00,Changed Mind,,Refunded,489.00,1
RET-06824,ORD-06824,ITEM-06824,SKU-0132,CUST-0510,2025-02-09T17:55:00+00:00,Delivery Issue,,Exchange Completed,1413.00,1
RET-06826,ORD-06826,ITEM-06826,SKU-0367,CUST-0485,2026-08-05T06:05:00+00:00,Quality,,Refunded,1421.00,1
RET-06828,ORD-06828,ITEM-06828,SKU-0375,CUST-0970,2025-06-28T07:59:00+00:00,Quality,,Refunded,443.00,1
RET-06834,ORD-06834,ITEM-06834,SKU-0475,CUST-0351,2025-12-23T19:39:00+00:00,Colour/Appearance,,Refunded,493.00,1
RET-06835,ORD-06835,ITEM-06835,SKU-0363,CUST-0333,2026-08-20T15:15:00+00:00,Delivery Issue,,Exchange Completed,772.00,1
RET-06837,ORD-06837,ITEM-06837,SKU-0002,CUST-0976,2025-08-16T00:02:00+00:00,Quality,,Exchange Completed,1499.00,1
RET-06841,ORD-06841,ITEM-06841,SKU-0178,CUST-0775,2026-04-03T01:21:00+00:00,Colour/Appearance,,Refunded,,1
RET-06847,ORD-06847,ITEM-06847,SKU-0188,CUST-0295,2025-07-17T21:50:00+00:00,Quality,,Refunded,538.00,1
RET-06852,ORD-06852,ITEM-06852,SKU-0277,CUST-0636,2026-04-20T17:18:00+00:00,Changed Mind,,Refunded,1201.00,1
RET-06860,ORD-06860,ITEM-06860,SKU-0005,CUST-0053,2026-03-03T04:54:00+00:00,Delivery Issue,,Exchange Completed,889.00,1
RET-06866,ORD-06866,ITEM-06866,SKU-0093,CUST-0266,2026-01-26T11:50:00+00:00,Colour/Appearance,,Refunded,774.00,1
RET-06867,ORD-06867,ITEM-06867,SKU-0008,CUST-0146,2026-05-25T03:32:00+00:00,Changed Mind,,Exchange Completed,803.00,1
RET-06868,ORD-06868,ITEM-06868,SKU-0053,CUST-0379,2026-03-15T18:40:00+00:00,Colour/Appearance,,Refunded,452.00,1
RET-06869,ORD-06869,ITEM-06869,SKU-0255,CUST-0029,2026-03-06T02:48:00+00:00,Size/Fit,,Exchange Completed,,1
RET-06870,ORD-06870,ITEM-06870,SKU-0179,CUST-0041,2025-08-26T04:12:00+00:00,Delivery Issue,,Refunded,,1
RET-06873,ORD-06873,ITEM-06873,SKU-0040,CUST-0032,2025-04-10T10:16:00+00:00,Quality,,Exchange Completed,400.00,1
RET-06875,ORD-06875,ITEM-06875,SKU-0223,CUST-0224,2026-06-24T10:27:00+00:00,Quality,,Refunded,1120.00,1
RET-06878,ORD-06878,ITEM-06878,SKU-0479,CUST-0411,2026-04-29T02:07:00+00:00,Delivery Issue,,Refunded,754.00,1
RET-06883,ORD-06883,ITEM-06883,SKU-0257,CUST-0619,2025-02-06T01:20:00+00:00,Quality,,Exchange Completed,1086.00,1
RET-06886,ORD-06886,ITEM-06886,SKU-0471,CUST-0056,2025-06-10T14:04:00+00:00,Size/Fit,,Refunded,,1
RET-06889,ORD-06889,ITEM-06889,SKU-0462,CUST-0335,2026-07-01T08:44:00+00:00,Delivery Issue,,Refunded,940.00,1
RET-06891,ORD-06891,ITEM-06891,SKU-0228,CUST-0161,2025-11-27T18:24:00+00:00,Changed Mind,,Refunded,717.00,1
RET-06897,ORD-06897,ITEM-06897,SKU-0384,CUST-0565,2025-03-30T21:32:00+00:00,Quality,,Refunded,,1
RET-06898,ORD-06898,ITEM-06898,SKU-0375,CUST-0141,2025-09-18T12:45:00+00:00,Quality,,Refunded,443.00,1
RET-06901,ORD-06901,ITEM-06901,SKU-0344,CUST-0592,2025-08-20T12:58:00+00:00,Colour/Appearance,,Exchange Completed,631.00,1
RET-06903,ORD-06903,ITEM-06903,SKU-0086,CUST-0813,2025-12-21T01:13:00+00:00,Colour/Appearance,,Refunded,1100.00,1
RET-06906,ORD-06906,ITEM-06906,SKU-0152,CUST-0218,2026-02-05T19:50:00+00:00,Quality,,Refunded,1080.00,1
RET-06909,ORD-06909,ITEM-06909,SKU-0436,CUST-0435,2025-07-26T17:37:00+00:00,Changed Mind,,Refunded,424.00,1
RET-06915,ORD-06915,ITEM-06915,SKU-0035,CUST-0505,2026-04-18T03:02:00+00:00,Changed Mind,,Exchange Completed,1337.00,1
RET-06916,ORD-06916,ITEM-06916,SKU-0176,CUST-0899,2025-12-23T15:45:00+00:00,Changed Mind,,Refunded,518.00,1
RET-06917,ORD-06917,ITEM-06917,SKU-0188,CUST-0380,2026-06-04T09:32:00+00:00,Delivery Issue,,Exchange Completed,538.00,1
RET-06919,ORD-06919,ITEM-06919,SKU-0033,CUST-0167,2025-12-15T07:35:00+00:00,Colour/Appearance,,Refunded,918.00,1
RET-06920,ORD-06920,ITEM-06920,SKU-0114,CUST-0125,2026-07-19T17:38:00+00:00,Quality,,Exchange Completed,585.00,1
RET-06925,ORD-06925,ITEM-06925,SKU-0408,CUST-0270,2025-07-02T14:37:00+00:00,Colour/Appearance,,Refunded,626.00,1
RET-06936,ORD-06936,ITEM-06936,SKU-0093,CUST-0388,2026-01-18T22:13:00+00:00,Size/Fit,,Refunded,774.00,1
RET-06938,ORD-06938,ITEM-06938,SKU-0053,CUST-0886,2025-08-29T18:37:00+00:00,Quality,,Refunded,452.00,1
RET-06939,ORD-06939,ITEM-06939,SKU-0255,CUST-0127,2026-05-09T11:06:00+00:00,Size/Fit,,Refunded,440.00,1
RET-06943,ORD-06943,ITEM-06943,SKU-0040,CUST-0484,2025-10-20T15:53:00+00:00,Changed Mind,,Refunded,,1
RET-06946,ORD-06946,ITEM-06946,SKU-0268,CUST-0635,2025-06-20T03:03:00+00:00,Changed Mind,,Exchange Completed,413.00,1
RET-06947,ORD-06947,ITEM-06947,SKU-0108,CUST-0962,2026-03-26T14:54:00+00:00,Changed Mind,,Refunded,447.00,1
RET-06954,ORD-06954,ITEM-06954,SKU-0090,CUST-0189,2025-05-11T06:34:00+00:00,Changed Mind,,Refunded,1174.00,1
RET-06956,ORD-06956,ITEM-06956,SKU-0471,CUST-0833,2025-09-04T13:56:00+00:00,Size/Fit,,Exchange Completed,1008.00,1
RET-06958,ORD-06958,ITEM-06958,SKU-0308,CUST-0769,2026-09-19T19:10:00+00:00,Delivery Issue,,Exchange Completed,531.00,1
RET-06959,ORD-06959,ITEM-06959,SKU-0462,CUST-0400,2026-01-08T05:44:00+00:00,Quality,,Refunded,940.00,1
RET-06961,ORD-06961,ITEM-06961,SKU-0228,CUST-0634,2026-09-04T16:50:00+00:00,Quality,,Refunded,717.00,1
RET-06962,ORD-06962,ITEM-06962,SKU-0131,CUST-0591,2025-02-22T08:25:00+00:00,Changed Mind,,Refunded,605.00,1
RET-06963,ORD-06963,ITEM-06963,SKU-0159,CUST-0376,2026-05-16T15:12:00+00:00,Quality,,Refunded,707.00,1
RET-06969,ORD-06969,ITEM-06969,SKU-0273,CUST-0762,2025-04-03T22:27:00+00:00,Colour/Appearance,,Refunded,678.00,1
RET-06970,ORD-06970,ITEM-06970,SKU-0387,CUST-0181,2026-04-27T04:23:00+00:00,Size/Fit,,Exchange Completed,,1
RET-06971,ORD-06971,ITEM-06971,SKU-0344,CUST-0507,2026-02-21T09:12:00+00:00,Colour/Appearance,,Exchange Completed,631.00,1
RET-06972,ORD-06972,ITEM-06972,SKU-0457,CUST-0018,2025-08-22T02:08:00+00:00,Quality,,Refunded,732.00,1
RET-06973,ORD-06973,ITEM-06973,SKU-0086,CUST-0512,2026-04-27T10:52:00+00:00,Colour/Appearance,,Exchange Completed,1100.00,1
RET-06975,ORD-06975,ITEM-06975,SKU-0363,CUST-0149,2025-08-04T00:41:00+00:00,Quality,,Exchange Completed,772.00,1
RET-06985,ORD-06985,ITEM-06985,SKU-0035,CUST-0471,2026-01-13T23:39:00+00:00,Colour/Appearance,,Exchange Completed,1337.00,1
RET-06992,ORD-06992,ITEM-06992,SKU-0277,CUST-0210,2026-09-12T06:04:00+00:00,Quality,,Refunded,1201.00,1
RET-06994,ORD-06994,ITEM-06994,SKU-0262,CUST-0070,2025-03-03T23:17:00+00:00,Size/Fit,,Refunded,593.00,1
RET-06995,ORD-06995,ITEM-06995,SKU-0408,CUST-0345,2025-02-08T21:20:00+00:00,Quality,,Refunded,626.00,1
RET-06997,ORD-06997,ITEM-06997,SKU-0286,CUST-0309,2026-07-14T16:33:00+00:00,Delivery Issue,,Refunded,1122.00,1
RET-07000,ORD-07000,ITEM-07000,SKU-0005,CUST-0909,2026-06-24T06:41:00+00:00,Size/Fit,,Refunded,889.00,1
RET-07007,ORD-07007,ITEM-07007,SKU-0008,CUST-0530,2026-09-04T17:49:00+00:00,Delivery Issue,,Exchange Completed,803.00,1
RET-07010,ORD-07010,ITEM-07010,SKU-0179,CUST-0855,2026-01-24T15:06:00+00:00,Delivery Issue,,Exchange Completed,1327.00,1
RET-07017,ORD-07017,ITEM-07017,SKU-0108,CUST-0835,2026-05-04T18:21:00+00:00,Quality,,Refunded,,1
RET-07018,ORD-07018,ITEM-07018,SKU-0479,CUST-0637,2025-06-12T10:11:00+00:00,Colour/Appearance,,Refunded,754.00,1
RET-07019,ORD-07019,ITEM-07019,SKU-0162,CUST-0468,2025-12-05T16:55:00+00:00,Size/Fit,,Refunded,886.00,1
RET-07021,ORD-07021,ITEM-07021,SKU-0461,CUST-0225,2025-04-26T18:21:00+00:00,Delivery Issue,,Refunded,456.00,1
RET-07024,ORD-07024,ITEM-07024,SKU-0090,CUST-0613,2026-06-19T15:39:00+00:00,Delivery Issue,,Refunded,1174.00,1
RET-07028,ORD-07028,ITEM-07028,SKU-0308,CUST-0131,2025-07-22T20:54:00+00:00,Colour/Appearance,,Refunded,531.00,1
RET-07031,ORD-07031,ITEM-07031,SKU-0228,CUST-0130,2025-05-03T14:44:00+00:00,Delivery Issue,,Refunded,717.00,1
RET-07035,ORD-07035,ITEM-07035,SKU-0190,CUST-0352,2025-03-06T06:40:00+00:00,Colour/Appearance,,Refunded,1410.00,1
RET-07036,ORD-07036,ITEM-07036,SKU-0367,CUST-0325,2026-09-11T14:00:00+00:00,Size/Fit,,Refunded,1421.00,1
RET-07045,ORD-07045,ITEM-07045,SKU-0363,CUST-0254,2025-12-16T13:30:00+00:00,Changed Mind,,Refunded,772.00,1
RET-07050,ORD-07050,ITEM-07050,SKU-0205,CUST-0746,2025-11-14T10:00:00+00:00,Quality,,Refunded,1357.00,1
RET-07052,ORD-07052,ITEM-07052,SKU-0203,CUST-0751,2026-05-24T05:43:00+00:00,Delivery Issue,,Exchange Completed,983.00,1
RET-07061,ORD-07061,ITEM-07061,SKU-0356,CUST-0159,2026-09-05T02:36:00+00:00,Quality,,Exchange Completed,535.00,1
RET-07062,ORD-07062,ITEM-07062,SKU-0277,CUST-0562,2025-06-04T03:36:00+00:00,Size/Fit,,Refunded,1201.00,1
RET-07063,ORD-07063,ITEM-07063,SKU-0289,CUST-0987,2025-12-07T09:04:00+00:00,Delivery Issue,,Refunded,444.00,1
RET-07064,ORD-07064,ITEM-07064,SKU-0262,CUST-0632,2026-03-28T21:23:00+00:00,Size/Fit,,Refunded,593.00,1
RET-07070,ORD-07070,ITEM-07070,SKU-0005,CUST-0161,2025-10-18T08:23:00+00:00,Size/Fit,,Exchange Completed,889.00,1
RET-07079,ORD-07079,ITEM-07079,SKU-0255,CUST-0649,2025-06-10T17:25:00+00:00,Delivery Issue,,Refunded,440.00,1
RET-07080,ORD-07080,ITEM-07080,SKU-0179,CUST-0339,2025-11-27T00:31:00+00:00,Quality,,Refunded,1327.00,1
RET-07083,ORD-07083,ITEM-07083,SKU-0040,CUST-0713,2025-11-02T13:57:00+00:00,Size/Fit,,Refunded,400.00,1
RET-07087,ORD-07087,ITEM-07087,SKU-0108,CUST-0803,2025-05-11T11:43:00+00:00,Quality,,Refunded,447.00,1
RET-07089,ORD-07089,ITEM-07089,SKU-0162,CUST-0239,2025-01-26T05:01:00+00:00,Colour/Appearance,,Refunded,886.00,1
RET-07090,ORD-07090,ITEM-07090,SKU-0133,CUST-0828,2025-08-25T02:40:00+00:00,Colour/Appearance,,Refunded,589.00,1
RET-07094,ORD-07094,ITEM-07094,SKU-0090,CUST-0498,2025-08-13T18:03:00+00:00,Quality,,Exchange Completed,1174.00,1
RET-07102,ORD-07102,ITEM-07102,SKU-0131,CUST-0797,2025-02-16T12:41:00+00:00,Quality,,Refunded,605.00,1
RET-07105,ORD-07105,ITEM-07105,SKU-0190,CUST-0521,2026-04-23T12:23:00+00:00,Colour/Appearance,,Exchange Completed,1410.00,1
RET-07106,ORD-07106,ITEM-07106,SKU-0367,CUST-0077,2025-04-27T21:44:00+00:00,Size/Fit,,Exchange Completed,1421.00,1
RET-07109,ORD-07109,ITEM-07109,SKU-0273,CUST-0363,2026-02-07T02:16:00+00:00,Colour/Appearance,,Exchange Completed,678.00,1
RET-07110,ORD-07110,ITEM-07110,SKU-0387,CUST-0884,2026-01-14T15:37:00+00:00,Delivery Issue,,Refunded,1016.00,1
RET-07111,ORD-07111,ITEM-07111,SKU-0344,CUST-0329,2026-03-30T07:59:00+00:00,Changed Mind,,Exchange Completed,631.00,1
RET-07119,ORD-07119,ITEM-07119,SKU-0436,CUST-0474,2025-04-30T07:34:00+00:00,Quality,,Refunded,424.00,1
RET-07120,ORD-07120,ITEM-07120,SKU-0205,CUST-0751,2025-04-05T22:41:00+00:00,Colour/Appearance,,Refunded,1357.00,1
RET-07121,ORD-07121,ITEM-07121,SKU-0178,CUST-0249,2025-07-08T12:56:00+00:00,Size/Fit,,Refunded,1315.00,1
RET-07126,ORD-07126,ITEM-07126,SKU-0176,CUST-0628,2026-09-18T20:07:00+00:00,Size/Fit,,Refunded,518.00,1
RET-07127,ORD-07127,ITEM-07127,SKU-0188,CUST-0981,2025-10-08T03:26:00+00:00,Colour/Appearance,,Exchange Completed,538.00,1
RET-07130,ORD-07130,ITEM-07130,SKU-0114,CUST-0569,2025-03-06T12:40:00+00:00,Colour/Appearance,,Refunded,585.00,1
RET-07134,ORD-07134,ITEM-07134,SKU-0262,CUST-0164,2025-07-12T09:35:00+00:00,Changed Mind,,Refunded,593.00,1
RET-07139,ORD-07139,ITEM-07139,SKU-0095,CUST-0551,2026-03-10T04:42:00+00:00,Changed Mind,,Exchange Completed,1481.00,1
RET-07140,ORD-07140,ITEM-07140,SKU-0005,CUST-0543,2025-09-28T12:09:00+00:00,Delivery Issue,,Exchange Completed,,1
RET-07146,ORD-07146,ITEM-07146,SKU-0093,CUST-0907,2025-02-26T08:01:00+00:00,Changed Mind,,Refunded,,1
RET-07153,ORD-07153,ITEM-07153,SKU-0040,CUST-0306,2026-04-12T23:58:00+00:00,Quality,,Refunded,,1
RET-07161,ORD-07161,ITEM-07161,SKU-0461,CUST-0899,2025-09-16T01:29:00+00:00,Colour/Appearance,,Refunded,456.00,1
RET-07162,ORD-07162,ITEM-07162,SKU-0288,CUST-0978,2026-01-04T19:38:00+00:00,Colour/Appearance,,Refunded,1419.00,1
RET-07165,ORD-07165,ITEM-07165,SKU-0432,CUST-0752,2025-01-21T00:16:00+00:00,Size/Fit,,Refunded,1302.00,1
RET-07166,ORD-07166,ITEM-07166,SKU-0471,CUST-0923,2025-10-29T04:53:00+00:00,Quality,,Exchange Completed,1008.00,1
RET-07167,ORD-07167,ITEM-07167,SKU-0232,CUST-0796,2026-04-14T23:01:00+00:00,Size/Fit,,Refunded,781.00,1
RET-07172,ORD-07172,ITEM-07172,SKU-0131,CUST-0791,2025-06-15T17:48:00+00:00,Delivery Issue,,Refunded,605.00,1
RET-07176,ORD-07176,ITEM-07176,SKU-0367,CUST-0731,2025-04-14T16:20:00+00:00,Colour/Appearance,,Refunded,1421.00,1
RET-07177,ORD-07177,ITEM-07177,SKU-0384,CUST-0242,2025-03-14T04:22:00+00:00,Changed Mind,,Refunded,689.00,1
RET-07178,ORD-07178,ITEM-07178,SKU-0375,CUST-0572,2026-05-02T01:34:00+00:00,Changed Mind,,Refunded,,1
RET-07179,ORD-07179,ITEM-07179,SKU-0273,CUST-0290,2025-08-06T13:30:00+00:00,Colour/Appearance,,Refunded,,1
RET-07185,ORD-07185,ITEM-07185,SKU-0363,CUST-0003,2026-09-03T14:09:00+00:00,Size/Fit,,Exchange Completed,772.00,1
RET-07197,ORD-07197,ITEM-07197,SKU-0188,CUST-0495,2025-04-18T12:51:00+00:00,Colour/Appearance,,Exchange Completed,538.00,1
RET-07208,ORD-07208,ITEM-07208,SKU-0298,CUST-0664,2026-01-27T04:00:00+00:00,Changed Mind,,Exchange Completed,771.00,1
RET-07219,ORD-07219,ITEM-07219,SKU-0255,CUST-0977,2026-06-25T20:50:00+00:00,Colour/Appearance,,Refunded,440.00,1
RET-07225,ORD-07225,ITEM-07225,SKU-0223,CUST-0423,2026-09-22T13:37:00+00:00,Quality,,Refunded,1120.00,1
RET-07227,ORD-07227,ITEM-07227,SKU-0108,CUST-0315,2025-05-04T09:20:00+00:00,Colour/Appearance,,Exchange Completed,447.00,1
RET-07229,ORD-07229,ITEM-07229,SKU-0162,CUST-0898,2026-06-07T23:40:00+00:00,Delivery Issue,,Refunded,886.00,1
RET-07236,ORD-07236,ITEM-07236,SKU-0471,CUST-0489,2026-01-06T01:59:00+00:00,Colour/Appearance,,Exchange Completed,1008.00,1
RET-07237,ORD-07237,ITEM-07237,SKU-0232,CUST-0776,2026-03-17T17:59:00+00:00,Size/Fit,,Refunded,781.00,1
RET-07245,ORD-07245,ITEM-07245,SKU-0190,CUST-0534,2025-11-01T23:08:00+00:00,Changed Mind,,Refunded,1410.00,1
RET-07248,ORD-07248,ITEM-07248,SKU-0375,CUST-0662,2025-09-28T06:37:00+00:00,Changed Mind,,Refunded,443.00,1
RET-07250,ORD-07250,ITEM-07250,SKU-0387,CUST-0857,2025-05-15T23:26:00+00:00,Colour/Appearance,,Refunded,1016.00,1
RET-07253,ORD-07253,ITEM-07253,SKU-0086,CUST-0043,2025-02-05T23:18:00+00:00,Size/Fit,,Exchange Completed,1100.00,1
RET-07254,ORD-07254,ITEM-07254,SKU-0475,CUST-0963,2025-03-27T20:28:00+00:00,Colour/Appearance,,Refunded,493.00,1
RET-07255,ORD-07255,ITEM-07255,SKU-0363,CUST-0892,2025-03-27T17:42:00+00:00,Changed Mind,,Refunded,772.00,1
RET-07258,ORD-07258,ITEM-07258,SKU-0437,CUST-0236,2026-01-29T16:49:00+00:00,Changed Mind,,Refunded,1319.00,1
RET-07262,ORD-07262,ITEM-07262,SKU-0203,CUST-0601,2026-04-03T09:29:00+00:00,Quality,,Refunded,983.00,1
RET-07268,ORD-07268,ITEM-07268,SKU-0164,CUST-0051,2025-05-31T09:45:00+00:00,Changed Mind,,Refunded,1207.00,1
RET-07269,ORD-07269,ITEM-07269,SKU-0033,CUST-0387,2025-03-03T09:26:00+00:00,Changed Mind,,Refunded,918.00,1
RET-07271,ORD-07271,ITEM-07271,SKU-0356,CUST-0482,2026-08-13T05:29:00+00:00,Changed Mind,,Refunded,535.00,1
RET-07273,ORD-07273,ITEM-07273,SKU-0289,CUST-0812,2026-04-19T11:06:00+00:00,Colour/Appearance,,Refunded,444.00,1
RET-07275,ORD-07275,ITEM-07275,SKU-0408,CUST-0766,2026-09-06T10:33:00+00:00,Changed Mind,,Refunded,626.00,1
RET-07277,ORD-07277,ITEM-07277,SKU-0286,CUST-0361,2025-06-17T05:02:00+00:00,Changed Mind,,Exchange Completed,1122.00,1
RET-07280,ORD-07280,ITEM-07280,SKU-0005,CUST-0788,2025-07-25T02:30:00+00:00,Size/Fit,,Refunded,889.00,1
RET-07288,ORD-07288,ITEM-07288,SKU-0053,CUST-0160,2025-10-02T07:57:00+00:00,Quality,,Exchange Completed,452.00,1
RET-07292,ORD-07292,ITEM-07292,SKU-0307,CUST-0755,2025-01-26T12:43:00+00:00,Colour/Appearance,,Exchange Completed,1315.00,1
RET-07295,ORD-07295,ITEM-07295,SKU-0223,CUST-0705,2025-11-23T18:13:00+00:00,Colour/Appearance,,Refunded,1120.00,1
RET-07296,ORD-07296,ITEM-07296,SKU-0268,CUST-0294,2026-03-22T10:24:00+00:00,Changed Mind,,Exchange Completed,413.00,1
RET-07299,ORD-07299,ITEM-07299,SKU-0162,CUST-0289,2025-10-05T16:37:00+00:00,Delivery Issue,,Refunded,886.00,1
RET-07301,ORD-07301,ITEM-07301,SKU-0461,CUST-0076,2026-01-18T00:57:00+00:00,Changed Mind,,Refunded,456.00,1
RET-07303,ORD-07303,ITEM-07303,SKU-0257,CUST-0066,2025-10-15T11:53:00+00:00,Changed Mind,,Exchange Completed,1086.00,1
RET-07309,ORD-07309,ITEM-07309,SKU-0462,CUST-0431,2025-02-26T06:43:00+00:00,Delivery Issue,,Exchange Completed,940.00,1
RET-07310,ORD-07310,ITEM-07310,SKU-0451,CUST-0133,2025-10-08T03:18:00+00:00,Changed Mind,,Refunded,489.00,1
RET-07313,ORD-07313,ITEM-07313,SKU-0159,CUST-0478,2026-02-24T23:45:00+00:00,Colour/Appearance,,Refunded,707.00,1
RET-07316,ORD-07316,ITEM-07316,SKU-0367,CUST-0289,2025-12-09T14:57:00+00:00,Colour/Appearance,,Refunded,1421.00,1
RET-07319,ORD-07319,ITEM-07319,SKU-0273,CUST-0817,2025-02-21T11:19:00+00:00,Quality,,Refunded,678.00,1
RET-07320,ORD-07320,ITEM-07320,SKU-0387,CUST-0812,2025-03-27T03:57:00+00:00,Quality,,Refunded,1016.00,1
RET-07322,ORD-07322,ITEM-07322,SKU-0457,CUST-0249,2025-08-19T20:55:00+00:00,Quality,,Exchange Completed,732.00,1
RET-07327,ORD-07327,ITEM-07327,SKU-0002,CUST-0263,2026-03-18T02:22:00+00:00,Size/Fit,,Refunded,1499.00,1
RET-07328,ORD-07328,ITEM-07328,SKU-0437,CUST-0046,2026-03-02T11:15:00+00:00,Changed Mind,,Refunded,1319.00,1
RET-07329,ORD-07329,ITEM-07329,SKU-0436,CUST-0416,2025-01-28T23:28:00+00:00,Delivery Issue,,Exchange Completed,424.00,1
RET-07332,ORD-07332,ITEM-07332,SKU-0203,CUST-0448,2026-04-09T18:57:00+00:00,Quality,,Refunded,983.00,1
RET-07334,ORD-07334,ITEM-07334,SKU-0172,CUST-0770,2026-06-29T18:27:00+00:00,Changed Mind,,Exchange Completed,974.00,1
RET-07339,ORD-07339,ITEM-07339,SKU-0033,CUST-0167,2025-09-02T20:05:00+00:00,Quality,,Refunded,918.00,1
RET-07340,ORD-07340,ITEM-07340,SKU-0114,CUST-0717,2026-07-30T09:36:00+00:00,Size/Fit,,Exchange Completed,585.00,1
RET-07341,ORD-07341,ITEM-07341,SKU-0356,CUST-0577,2025-04-22T05:12:00+00:00,Delivery Issue,,Refunded,535.00,1
RET-07343,ORD-07343,ITEM-07343,SKU-0289,CUST-0107,2026-07-04T19:15:00+00:00,Delivery Issue,,Exchange Completed,444.00,1
RET-07346,ORD-07346,ITEM-07346,SKU-0338,CUST-0931,2025-07-14T20:40:00+00:00,Colour/Appearance,,Refunded,1059.00,1
RET-07348,ORD-07348,ITEM-07348,SKU-0298,CUST-0767,2026-09-12T12:23:00+00:00,Colour/Appearance,,Exchange Completed,771.00,1
RET-07349,ORD-07349,ITEM-07349,SKU-0095,CUST-0256,2025-07-25T02:55:00+00:00,Changed Mind,,Refunded,1481.00,1
RET-07359,ORD-07359,ITEM-07359,SKU-0255,CUST-0137,2026-03-11T01:02:00+00:00,Quality,,Exchange Completed,440.00,1
RET-07360,ORD-07360,ITEM-07360,SKU-0179,CUST-0445,2025-10-05T17:28:00+00:00,Changed Mind,,Refunded,1327.00,1
RET-07366,ORD-07366,ITEM-07366,SKU-0268,CUST-0940,2026-02-03T08:41:00+00:00,Colour/Appearance,,Exchange Completed,413.00,1
RET-07367,ORD-07367,ITEM-07367,SKU-0108,CUST-0043,2025-03-15T12:01:00+00:00,Delivery Issue,,Exchange Completed,447.00,1
RET-07368,ORD-07368,ITEM-07368,SKU-0479,CUST-0682,2026-07-14T16:19:00+00:00,Quality,,Refunded,,1
RET-07370,ORD-07370,ITEM-07370,SKU-0133,CUST-0874,2026-01-18T09:08:00+00:00,Delivery Issue,,Exchange Completed,589.00,1
RET-07375,ORD-07375,ITEM-07375,SKU-0432,CUST-0363,2026-08-27T17:14:00+00:00,Quality,,Exchange Completed,1302.00,1
RET-07377,ORD-07377,ITEM-07377,SKU-0232,CUST-0538,2026-04-23T23:28:00+00:00,Size/Fit,,Refunded,781.00,1
RET-07378,ORD-07378,ITEM-07378,SKU-0308,CUST-0992,2025-06-21T18:55:00+00:00,Quality,,Exchange Completed,531.00,1
RET-07380,ORD-07380,ITEM-07380,SKU-0451,CUST-0960,2026-09-08T06:18:00+00:00,Quality,,Refunded,489.00,1
RET-07384,ORD-07384,ITEM-07384,SKU-0132,CUST-0002,2025-12-13T22:32:00+00:00,Size/Fit,,Refunded,1413.00,1
RET-07385,ORD-07385,ITEM-07385,SKU-0190,CUST-0961,2025-11-23T23:48:00+00:00,Size/Fit,,Exchange Completed,1410.00,1
RET-07390,ORD-07390,ITEM-07390,SKU-0387,CUST-0626,2026-01-10T03:12:00+00:00,Colour/Appearance,,Refunded,1016.00,1
RET-07391,ORD-07391,ITEM-07391,SKU-0344,CUST-0428,2026-06-27T05:08:00+00:00,Delivery Issue,,Refunded,631.00,1
RET-07394,ORD-07394,ITEM-07394,SKU-0475,CUST-0409,2025-06-29T19:23:00+00:00,Changed Mind,,Exchange Completed,493.00,1
RET-07396,ORD-07396,ITEM-07396,SKU-0152,CUST-0942,2025-09-01T16:33:00+00:00,Changed Mind,,Exchange Completed,1080.00,1
RET-07397,ORD-07397,ITEM-07397,SKU-0002,CUST-0825,2026-09-10T09:48:00+00:00,Changed Mind,,Refunded,1499.00,1
RET-07398,ORD-07398,ITEM-07398,SKU-0437,CUST-0866,2026-02-21T07:14:00+00:00,Changed Mind,,Refunded,1319.00,1
RET-07399,ORD-07399,ITEM-07399,SKU-0436,CUST-0154,2026-02-08T10:40:00+00:00,Colour/Appearance,,Refunded,424.00,1
RET-07400,ORD-07400,ITEM-07400,SKU-0205,CUST-0444,2026-03-23T09:08:00+00:00,Changed Mind,,Refunded,1357.00,1
RET-07404,ORD-07404,ITEM-07404,SKU-0172,CUST-0810,2025-11-28T13:55:00+00:00,Quality,,Refunded,974.00,1
RET-07405,ORD-07405,ITEM-07405,SKU-0035,CUST-0786,2025-07-11T14:36:00+00:00,Quality,,Exchange Completed,,1
RET-07406,ORD-07406,ITEM-07406,SKU-0176,CUST-0826,2025-04-12T05:02:00+00:00,Quality,,Exchange Completed,518.00,1
RET-07407,ORD-07407,ITEM-07407,SKU-0188,CUST-0184,2025-09-17T13:48:00+00:00,Size/Fit,,Refunded,538.00,1
RET-07408,ORD-07408,ITEM-07408,SKU-0164,CUST-0235,2025-03-14T11:59:00+00:00,Changed Mind,,Refunded,1207.00,1
RET-07410,ORD-07410,ITEM-07410,SKU-0114,CUST-0451,2025-05-19T05:41:00+00:00,Changed Mind,,Refunded,585.00,1
RET-07414,ORD-07414,ITEM-07414,SKU-0262,CUST-0503,2026-02-16T02:26:00+00:00,Delivery Issue,,Refunded,593.00,1
RET-07416,ORD-07416,ITEM-07416,SKU-0338,CUST-0635,2025-01-24T18:40:00+00:00,Quality,,Exchange Completed,1059.00,1
RET-07419,ORD-07419,ITEM-07419,SKU-0095,CUST-0412,2026-05-28T11:41:00+00:00,Colour/Appearance,,Refunded,1481.00,1
RET-07426,ORD-07426,ITEM-07426,SKU-0093,CUST-0030,2025-02-21T12:22:00+00:00,Size/Fit,,Exchange Completed,774.00,1
RET-07430,ORD-07430,ITEM-07430,SKU-0179,CUST-0486,2026-07-12T16:03:00+00:00,Colour/Appearance,,Exchange Completed,1327.00,1
RET-07431,ORD-07431,ITEM-07431,SKU-0080,CUST-0867,2026-07-18T18:47:00+00:00,Delivery Issue,,Refunded,1006.00,1
RET-07434,ORD-07434,ITEM-07434,SKU-0062,CUST-0137,2025-11-25T14:57:00+00:00,Delivery Issue,,Refunded,1057.00,1
RET-07436,ORD-07436,ITEM-07436,SKU-0268,CUST-0986,2025-12-05T19:27:00+00:00,Size/Fit,,Exchange Completed,413.00,1
RET-07442,ORD-07442,ITEM-07442,SKU-0288,CUST-0567,2026-08-05T05:38:00+00:00,Changed Mind,,Refunded,1419.00,1
RET-07444,ORD-07444,ITEM-07444,SKU-0090,CUST-0883,2026-07-05T02:55:00+00:00,Size/Fit,,Exchange Completed,1174.00,1
RET-07445,ORD-07445,ITEM-07445,SKU-0432,CUST-0532,2026-02-25T17:32:00+00:00,Delivery Issue,,Refunded,1302.00,1
RET-07448,ORD-07448,ITEM-07448,SKU-0308,CUST-0647,2026-06-24T08:18:00+00:00,Changed Mind,,Refunded,531.00,1
RET-07449,ORD-07449,ITEM-07449,SKU-0462,CUST-0092,2025-02-21T13:19:00+00:00,Colour/Appearance,,Exchange Completed,940.00,1
RET-07459,ORD-07459,ITEM-07459,SKU-0273,CUST-0300,2025-10-11T19:52:00+00:00,Size/Fit,,Refunded,,1
RET-07460,ORD-07460,ITEM-07460,SKU-0387,CUST-0905,2025-03-30T02:14:00+00:00,Quality,,Refunded,1016.00,1
RET-07462,ORD-07462,ITEM-07462,SKU-0457,CUST-0571,2025-10-16T09:31:00+00:00,Changed Mind,,Exchange Completed,732.00,1
RET-07463,ORD-07463,ITEM-07463,SKU-0086,CUST-0379,2026-03-14T21:19:00+00:00,Colour/Appearance,,Refunded,1100.00,1
RET-07465,ORD-07465,ITEM-07465,SKU-0363,CUST-0888,2026-09-13T20:09:00+00:00,Changed Mind,,Refunded,772.00,1
RET-07467,ORD-07467,ITEM-07467,SKU-0002,CUST-0777,2026-09-21T02:38:00+00:00,Colour/Appearance,,Refunded,1499.00,1
RET-07469,ORD-07469,ITEM-07469,SKU-0436,CUST-0771,2025-09-19T16:53:00+00:00,Colour/Appearance,,Exchange Completed,424.00,1
RET-07473,ORD-07473,ITEM-07473,SKU-0282,CUST-0112,2025-10-30T11:46:00+00:00,Size/Fit,,Refunded,1131.00,1
RET-07474,ORD-07474,ITEM-07474,SKU-0172,CUST-0604,2025-10-21T18:51:00+00:00,Delivery Issue,,Exchange Completed,974.00,1
RET-07475,ORD-07475,ITEM-07475,SKU-0035,CUST-0539,2025-08-02T19:37:00+00:00,Colour/Appearance,,Refunded,1337.00,1
RET-07480,ORD-07480,ITEM-07480,SKU-0114,CUST-0304,2026-02-01T21:15:00+00:00,Delivery Issue,,Exchange Completed,585.00,1
RET-07481,ORD-07481,ITEM-07481,SKU-0356,CUST-0209,2025-11-29T04:42:00+00:00,Quality,,Refunded,535.00,1
RET-07482,ORD-07482,ITEM-07482,SKU-0277,CUST-0257,2025-05-31T04:57:00+00:00,Quality,,Exchange Completed,1201.00,1
RET-07489,ORD-07489,ITEM-07489,SKU-0095,CUST-0491,2026-06-30T08:24:00+00:00,Size/Fit,,Refunded,1481.00,1
RET-07496,ORD-07496,ITEM-07496,SKU-0093,CUST-0020,2026-09-18T20:53:00+00:00,Quality,,Exchange Completed,774.00,1
RET-07498,ORD-07498,ITEM-07498,SKU-0053,CUST-0506,2026-03-06T23:29:00+00:00,Delivery Issue,,Exchange Completed,,1
RET-07501,ORD-07501,ITEM-07501,SKU-0080,CUST-0936,2026-05-01T21:58:00+00:00,Changed Mind,,Exchange Completed,,1
RET-07502,ORD-07502,ITEM-07502,SKU-0307,CUST-0940,2025-03-27T18:12:00+00:00,Changed Mind,,Refunded,1315.00,1
RET-07504,ORD-07504,ITEM-07504,SKU-0062,CUST-0496,2026-01-14T19:24:00+00:00,Quality,,Exchange Completed,1057.00,1
RET-07505,ORD-07505,ITEM-07505,SKU-0223,CUST-0083,2026-05-25T04:23:00+00:00,Delivery Issue,,Refunded,1120.00,1
RET-07507,ORD-07507,ITEM-07507,SKU-0108,CUST-0955,2026-06-20T09:32:00+00:00,Colour/Appearance,,Exchange Completed,447.00,1
RET-07508,ORD-07508,ITEM-07508,SKU-0479,CUST-0025,2025-06-27T20:32:00+00:00,Quality,,Exchange Completed,754.00,1
RET-07509,ORD-07509,ITEM-07509,SKU-0162,CUST-0132,2026-08-16T23:18:00+00:00,Quality,,Refunded,,1
RET-07511,ORD-07511,ITEM-07511,SKU-0461,CUST-0730,2025-04-24T21:25:00+00:00,Colour/Appearance,,Exchange Completed,456.00,1
RET-07512,ORD-07512,ITEM-07512,SKU-0288,CUST-0154,2025-05-19T00:30:00+00:00,Changed Mind,,Refunded,1419.00,1
RET-07513,ORD-07513,ITEM-07513,SKU-0257,CUST-0891,2025-06-21T20:32:00+00:00,Colour/Appearance,,Refunded,1086.00,1
RET-07514,ORD-07514,ITEM-07514,SKU-0090,CUST-0458,2026-06-20T18:21:00+00:00,Delivery Issue,,Refunded,1174.00,1
RET-07515,ORD-07515,ITEM-07515,SKU-0432,CUST-0315,2025-10-21T01:25:00+00:00,Quality,,Refunded,1302.00,1
RET-07520,ORD-07520,ITEM-07520,SKU-0451,CUST-0185,2026-01-05T07:55:00+00:00,Changed Mind,,Refunded,,1
RET-07523,ORD-07523,ITEM-07523,SKU-0159,CUST-0687,2025-05-15T13:46:00+00:00,Quality,,Refunded,707.00,1
RET-07526,ORD-07526,ITEM-07526,SKU-0367,CUST-0925,2025-11-23T05:05:00+00:00,Size/Fit,,Refunded,1421.00,1
RET-07530,ORD-07530,ITEM-07530,SKU-0387,CUST-0922,2026-01-29T02:39:00+00:00,Size/Fit,,Refunded,1016.00,1
RET-07532,ORD-07532,ITEM-07532,SKU-0457,CUST-0687,2025-02-01T00:48:00+00:00,Changed Mind,,Refunded,732.00,1
RET-07533,ORD-07533,ITEM-07533,SKU-0086,CUST-0866,2025-05-31T19:44:00+00:00,Changed Mind,,Refunded,1100.00,1
RET-07542,ORD-07542,ITEM-07542,SKU-0203,CUST-0013,2025-12-18T02:08:00+00:00,Delivery Issue,,Refunded,983.00,1
RET-07543,ORD-07543,ITEM-07543,SKU-0282,CUST-0048,2025-10-26T21:25:00+00:00,Quality,,Exchange Completed,1131.00,1
RET-07547,ORD-07547,ITEM-07547,SKU-0188,CUST-0529,2026-06-26T06:50:00+00:00,Quality,,Exchange Completed,538.00,1
RET-07549,ORD-07549,ITEM-07549,SKU-0033,CUST-0435,2026-03-30T17:21:00+00:00,Quality,,Refunded,918.00,1
RET-07551,ORD-07551,ITEM-07551,SKU-0356,CUST-0281,2025-01-30T15:15:00+00:00,Delivery Issue,,Exchange Completed,535.00,1
RET-07554,ORD-07554,ITEM-07554,SKU-0262,CUST-0741,2025-04-22T20:35:00+00:00,Colour/Appearance,,Exchange Completed,593.00,1
RET-07555,ORD-07555,ITEM-07555,SKU-0408,CUST-0144,2026-03-14T16:28:00+00:00,Colour/Appearance,,Refunded,626.00,1
RET-07568,ORD-07568,ITEM-07568,SKU-0053,CUST-0361,2025-02-21T14:03:00+00:00,Changed Mind,,Refunded,,1
RET-07572,ORD-07572,ITEM-07572,SKU-0307,CUST-0473,2025-06-02T03:26:00+00:00,Changed Mind,,Refunded,1315.00,1
RET-07574,ORD-07574,ITEM-07574,SKU-0062,CUST-0505,2026-01-29T12:16:00+00:00,Changed Mind,,Exchange Completed,1057.00,1
RET-07579,ORD-07579,ITEM-07579,SKU-0162,CUST-0404,2026-04-02T11:41:00+00:00,Size/Fit,,Exchange Completed,886.00,1
RET-07585,ORD-07585,ITEM-07585,SKU-0432,CUST-0679,2025-05-20T03:05:00+00:00,Delivery Issue,,Exchange Completed,,1
RET-07594,ORD-07594,ITEM-07594,SKU-0132,CUST-0041,2025-08-19T04:54:00+00:00,Size/Fit,,Exchange Completed,1413.00,1
RET-07595,ORD-07595,ITEM-07595,SKU-0190,CUST-0023,2025-01-28T22:00:00+00:00,Delivery Issue,,Exchange Completed,1410.00,1
RET-07599,ORD-07599,ITEM-07599,SKU-0273,CUST-0796,2025-02-22T08:21:00+00:00,Changed Mind,,Refunded,678.00,1
RET-07602,ORD-07602,ITEM-07602,SKU-0457,CUST-0479,2025-05-20T12:19:00+00:00,Colour/Appearance,,Refunded,732.00,1
RET-07604,ORD-07604,ITEM-07604,SKU-0475,CUST-0594,2025-02-18T22:04:00+00:00,Changed Mind,,Refunded,493.00,1
RET-07606,ORD-07606,ITEM-07606,SKU-0152,CUST-0112,2025-06-04T21:09:00+00:00,Changed Mind,,Exchange Completed,1080.00,1
RET-07611,ORD-07611,ITEM-07611,SKU-0178,CUST-0975,2026-04-21T11:15:00+00:00,Colour/Appearance,,Refunded,1315.00,1
RET-07614,ORD-07614,ITEM-07614,SKU-0172,CUST-0251,2026-02-11T00:56:00+00:00,Delivery Issue,,Refunded,974.00,1
RET-07615,ORD-07615,ITEM-07615,SKU-0035,CUST-0181,2025-11-03T02:36:00+00:00,Colour/Appearance,,Refunded,1337.00,1
RET-07625,ORD-07625,ITEM-07625,SKU-0408,CUST-0278,2025-08-14T01:21:00+00:00,Changed Mind,,Exchange Completed,626.00,1
RET-07634,ORD-07634,ITEM-07634,SKU-0072,CUST-0664,2025-04-30T01:06:00+00:00,Changed Mind,,Refunded,792.00,1
RET-07636,ORD-07636,ITEM-07636,SKU-0093,CUST-0317,2026-05-15T15:30:00+00:00,Size/Fit,,Refunded,774.00,1
RET-07637,ORD-07637,ITEM-07637,SKU-0008,CUST-0715,2025-11-07T11:18:00+00:00,Changed Mind,,Exchange Completed,803.00,1
RET-07642,ORD-07642,ITEM-07642,SKU-0307,CUST-0303,2026-05-28T14:26:00+00:00,Quality,,Exchange Completed,1315.00,1
RET-07644,ORD-07644,ITEM-07644,SKU-0062,CUST-0225,2026-02-24T16:10:00+00:00,Delivery Issue,,Exchange Completed,1057.00,1
RET-07646,ORD-07646,ITEM-07646,SKU-0268,CUST-0742,2026-01-27T20:23:00+00:00,Changed Mind,,Refunded,413.00,1
RET-07652,ORD-07652,ITEM-07652,SKU-0288,CUST-0538,2026-10-03T14:27:00+00:00,Changed Mind,,Refunded,1419.00,1
RET-07655,ORD-07655,ITEM-07655,SKU-0432,CUST-0393,2026-05-31T04:38:00+00:00,Delivery Issue,,Refunded,,1
RET-07657,ORD-07657,ITEM-07657,SKU-0232,CUST-0903,2025-06-28T11:21:00+00:00,Colour/Appearance,,Refunded,781.00,1
RET-07660,ORD-07660,ITEM-07660,SKU-0451,CUST-0505,2026-08-25T05:49:00+00:00,Changed Mind,,Refunded,489.00,1
RET-07664,ORD-07664,ITEM-07664,SKU-0132,CUST-0631,2025-04-23T17:27:00+00:00,Changed Mind,,Refunded,1413.00,1
RET-07670,ORD-07670,ITEM-07670,SKU-0387,CUST-0680,2025-06-20T12:26:00+00:00,Changed Mind,,Refunded,1016.00,1
RET-07675,ORD-07675,ITEM-07675,SKU-0363,CUST-0833,2025-12-07T00:01:00+00:00,Size/Fit,,Refunded,772.00,1
RET-07677,ORD-07677,ITEM-07677,SKU-0002,CUST-0374,2025-12-07T23:15:00+00:00,Changed Mind,,Exchange Completed,1499.00,1
RET-07692,ORD-07692,ITEM-07692,SKU-0277,CUST-0108,2025-12-29T16:26:00+00:00,Delivery Issue,,Exchange Completed,1201.00,1
RET-07694,ORD-07694,ITEM-07694,SKU-0262,CUST-0706,2026-01-06T15:49:00+00:00,Delivery Issue,,Refunded,593.00,1
RET-07695,ORD-07695,ITEM-07695,SKU-0408,CUST-0316,2026-06-12T04:29:00+00:00,Delivery Issue,,Refunded,626.00,1
RET-07696,ORD-07696,ITEM-07696,SKU-0338,CUST-0568,2026-02-27T20:47:00+00:00,Changed Mind,,Refunded,1059.00,1
RET-07698,ORD-07698,ITEM-07698,SKU-0298,CUST-0642,2026-01-16T17:14:00+00:00,Size/Fit,,Exchange Completed,771.00,1
RET-07707,ORD-07707,ITEM-07707,SKU-0008,CUST-0905,2026-06-02T16:07:00+00:00,Size/Fit,,Refunded,803.00,1
RET-07716,ORD-07716,ITEM-07716,SKU-0268,CUST-0442,2025-03-19T10:41:00+00:00,Colour/Appearance,,Refunded,413.00,1
RET-07718,ORD-07718,ITEM-07718,SKU-0479,CUST-0838,2025-02-24T12:50:00+00:00,Quality,,Exchange Completed,754.00,1
RET-07727,ORD-07727,ITEM-07727,SKU-0232,CUST-0495,2025-09-26T06:02:00+00:00,Colour/Appearance,,Refunded,781.00,1
RET-07735,ORD-07735,ITEM-07735,SKU-0190,CUST-0002,2026-02-27T08:39:00+00:00,Delivery Issue,,Refunded,,1
RET-07739,ORD-07739,ITEM-07739,SKU-0273,CUST-0568,2025-11-22T03:19:00+00:00,Quality,,Refunded,678.00,1
RET-07744,ORD-07744,ITEM-07744,SKU-0475,CUST-0148,2025-10-30T02:53:00+00:00,Changed Mind,,Exchange Completed,493.00,1
RET-07747,ORD-07747,ITEM-07747,SKU-0002,CUST-0947,2025-07-18T16:54:00+00:00,Quality,,Refunded,1499.00,1
RET-07757,ORD-07757,ITEM-07757,SKU-0188,CUST-0770,2025-05-27T05:12:00+00:00,Colour/Appearance,,Exchange Completed,538.00,1
RET-07758,ORD-07758,ITEM-07758,SKU-0164,CUST-0493,2025-03-18T18:02:00+00:00,Quality,,Refunded,1207.00,1
RET-07762,ORD-07762,ITEM-07762,SKU-0277,CUST-0193,2025-04-13T22:17:00+00:00,Size/Fit,,Refunded,1201.00,1
RET-07768,ORD-07768,ITEM-07768,SKU-0298,CUST-0116,2025-02-06T11:44:00+00:00,Quality,,Refunded,771.00,1
RET-07769,ORD-07769,ITEM-07769,SKU-0095,CUST-0780,2025-09-17T12:54:00+00:00,Delivery Issue,,Refunded,1481.00,1
RET-07775,ORD-07775,ITEM-07775,SKU-0189,CUST-0538,2025-10-26T00:11:00+00:00,Quality,,Refunded,1256.00,1
RET-07777,ORD-07777,ITEM-07777,SKU-0008,CUST-0296,2025-08-30T16:08:00+00:00,Colour/Appearance,,Refunded,803.00,1
RET-07778,ORD-07778,ITEM-07778,SKU-0053,CUST-0591,2026-03-20T23:26:00+00:00,Changed Mind,,Refunded,452.00,1
RET-07781,ORD-07781,ITEM-07781,SKU-0080,CUST-0467,2025-10-01T13:19:00+00:00,Size/Fit,,Refunded,1006.00,1
RET-07782,ORD-07782,ITEM-07782,SKU-0307,CUST-0603,2025-11-09T19:46:00+00:00,Size/Fit,,Refunded,1315.00,1
RET-07784,ORD-07784,ITEM-07784,SKU-0062,CUST-0392,2025-07-09T05:16:00+00:00,Colour/Appearance,,Refunded,1057.00,1
RET-07785,ORD-07785,ITEM-07785,SKU-0223,CUST-0878,2026-09-15T20:00:00+00:00,Size/Fit,,Refunded,1120.00,1
RET-07786,ORD-07786,ITEM-07786,SKU-0268,CUST-0672,2026-01-11T01:05:00+00:00,Size/Fit,,Exchange Completed,,1
RET-07790,ORD-07790,ITEM-07790,SKU-0133,CUST-0389,2025-03-03T22:55:00+00:00,Changed Mind,,Exchange Completed,589.00,1
RET-07792,ORD-07792,ITEM-07792,SKU-0288,CUST-0388,2025-08-15T23:11:00+00:00,Delivery Issue,,Refunded,1419.00,1
RET-07796,ORD-07796,ITEM-07796,SKU-0471,CUST-0426,2025-08-28T01:34:00+00:00,Quality,,Refunded,1008.00,1
RET-07797,ORD-07797,ITEM-07797,SKU-0232,CUST-0191,2026-02-01T10:46:00+00:00,Colour/Appearance,,Exchange Completed,781.00,1
RET-07801,ORD-07801,ITEM-07801,SKU-0228,CUST-0864,2025-08-19T13:58:00+00:00,Changed Mind,,Exchange Completed,,1
RET-07802,ORD-07802,ITEM-07802,SKU-0131,CUST-0490,2026-03-01T20:00:00+00:00,Size/Fit,,Exchange Completed,,1
RET-07810,ORD-07810,ITEM-07810,SKU-0387,CUST-0073,2025-04-14T01:50:00+00:00,Colour/Appearance,,Exchange Completed,1016.00,1
RET-07811,ORD-07811,ITEM-07811,SKU-0344,CUST-0198,2025-02-27T15:33:00+00:00,Quality,,Refunded,631.00,1
RET-07812,ORD-07812,ITEM-07812,SKU-0457,CUST-0532,2026-05-09T20:40:00+00:00,Delivery Issue,,Refunded,732.00,1
RET-07817,ORD-07817,ITEM-07817,SKU-0002,CUST-0670,2025-10-08T08:02:00+00:00,Colour/Appearance,,Refunded,1499.00,1
RET-07819,ORD-07819,ITEM-07819,SKU-0436,CUST-0804,2025-06-11T07:03:00+00:00,Quality,,Exchange Completed,424.00,1
RET-07828,ORD-07828,ITEM-07828,SKU-0164,CUST-0396,2025-11-12T07:07:00+00:00,Colour/Appearance,,Exchange Completed,1207.00,1
RET-07829,ORD-07829,ITEM-07829,SKU-0033,CUST-0236,2025-03-03T15:28:00+00:00,Quality,,Exchange Completed,918.00,1
RET-07832,ORD-07832,ITEM-07832,SKU-0277,CUST-0346,2025-09-28T00:37:00+00:00,Changed Mind,,Refunded,1201.00,1
RET-07834,ORD-07834,ITEM-07834,SKU-0262,CUST-0862,2025-04-30T10:37:00+00:00,Quality,,Refunded,593.00,1
RET-07835,ORD-07835,ITEM-07835,SKU-0408,CUST-0810,2026-05-18T06:27:00+00:00,Quality,,Refunded,626.00,1
RET-07837,ORD-07837,ITEM-07837,SKU-0286,CUST-0574,2025-03-13T08:27:00+00:00,Colour/Appearance,,Refunded,1122.00,1
RET-07839,ORD-07839,ITEM-07839,SKU-0095,CUST-0810,2026-05-01T12:10:00+00:00,Quality,,Refunded,1481.00,1
RET-07846,ORD-07846,ITEM-07846,SKU-0093,CUST-0984,2025-06-07T04:44:00+00:00,Delivery Issue,,Exchange Completed,774.00,1
RET-07848,ORD-07848,ITEM-07848,SKU-0053,CUST-0457,2026-03-27T10:14:00+00:00,Size/Fit,,Exchange Completed,452.00,1
RET-07849,ORD-07849,ITEM-07849,SKU-0255,CUST-0490,2025-04-29T01:22:00+00:00,Quality,,Refunded,440.00,1
RET-07853,ORD-07853,ITEM-07853,SKU-0040,CUST-0787,2026-05-27T13:28:00+00:00,Size/Fit,,Exchange Completed,400.00,1
RET-07857,ORD-07857,ITEM-07857,SKU-0108,CUST-0963,2025-05-19T08:37:00+00:00,Colour/Appearance,,Exchange Completed,447.00,1
RET-07858,ORD-07858,ITEM-07858,SKU-0479,CUST-0955,2026-03-15T07:17:00+00:00,Delivery Issue,,Refunded,754.00,1
RET-07863,ORD-07863,ITEM-07863,SKU-0257,CUST-0532,2025-06-09T16:38:00+00:00,Quality,,Refunded,1086.00,1
RET-07866,ORD-07866,ITEM-07866,SKU-0471,CUST-0593,2025-08-24T16:28:00+00:00,Size/Fit,,Refunded,1008.00,1
RET-07867,ORD-07867,ITEM-07867,SKU-0232,CUST-0515,2026-06-29T12:02:00+00:00,Delivery Issue,,Exchange Completed,781.00,1
RET-07874,ORD-07874,ITEM-07874,SKU-0132,CUST-0364,2025-06-03T18:08:00+00:00,Size/Fit,,Exchange Completed,1413.00,1
RET-07881,ORD-07881,ITEM-07881,SKU-0344,CUST-0237,2025-11-19T12:08:00+00:00,Quality,,Refunded,631.00,1
RET-07882,ORD-07882,ITEM-07882,SKU-0457,CUST-0126,2025-04-19T20:57:00+00:00,Quality,,Refunded,732.00,1
RET-07883,ORD-07883,ITEM-07883,SKU-0086,CUST-0855,2026-09-20T08:07:00+00:00,Quality,,Refunded,1100.00,1
RET-07885,ORD-07885,ITEM-07885,SKU-0363,CUST-0343,2026-07-07T22:30:00+00:00,Colour/Appearance,,Exchange Completed,772.00,1
RET-07886,ORD-07886,ITEM-07886,SKU-0152,CUST-0581,2025-03-26T02:03:00+00:00,Changed Mind,,Refunded,1080.00,1
RET-07888,ORD-07888,ITEM-07888,SKU-0437,CUST-0921,2026-04-29T01:57:00+00:00,Quality,,Exchange Completed,1319.00,1
RET-07891,ORD-07891,ITEM-07891,SKU-0178,CUST-0296,2025-01-26T08:19:00+00:00,Size/Fit,,Exchange Completed,1315.00,1
RET-07894,ORD-07894,ITEM-07894,SKU-0172,CUST-0621,2026-05-30T12:25:00+00:00,Quality,,Exchange Completed,974.00,1
RET-07898,ORD-07898,ITEM-07898,SKU-0164,CUST-0442,2025-10-07T07:37:00+00:00,Colour/Appearance,,Exchange Completed,1207.00,1
RET-07899,ORD-07899,ITEM-07899,SKU-0033,CUST-0662,2026-08-27T13:47:00+00:00,Delivery Issue,,Exchange Completed,918.00,1
RET-07900,ORD-07900,ITEM-07900,SKU-0114,CUST-0850,2025-01-31T02:34:00+00:00,Quality,,Refunded,585.00,1
RET-07904,ORD-07904,ITEM-07904,SKU-0262,CUST-0035,2025-06-05T04:21:00+00:00,Changed Mind,,Exchange Completed,593.00,1
RET-07905,ORD-07905,ITEM-07905,SKU-0408,CUST-0908,2026-05-23T16:24:00+00:00,Delivery Issue,,Exchange Completed,626.00,1
RET-07906,ORD-07906,ITEM-07906,SKU-0338,CUST-0684,2026-02-06T20:59:00+00:00,Delivery Issue,,Refunded,1059.00,1
RET-07908,ORD-07908,ITEM-07908,SKU-0298,CUST-0259,2025-03-10T06:02:00+00:00,Changed Mind,,Refunded,771.00,1
RET-07909,ORD-07909,ITEM-07909,SKU-0095,CUST-0200,2026-08-24T17:43:00+00:00,Delivery Issue,,Refunded,1481.00,1
RET-07919,ORD-07919,ITEM-07919,SKU-0255,CUST-0550,2026-05-24T10:44:00+00:00,Changed Mind,,Exchange Completed,440.00,1
RET-07924,ORD-07924,ITEM-07924,SKU-0062,CUST-0024,2025-10-11T14:26:00+00:00,Size/Fit,,Refunded,1057.00,1
RET-07926,ORD-07926,ITEM-07926,SKU-0268,CUST-0001,2025-05-04T23:41:00+00:00,Quality,,Exchange Completed,413.00,1
RET-07932,ORD-07932,ITEM-07932,SKU-0288,CUST-0527,2026-08-15T19:30:00+00:00,Changed Mind,,Refunded,1419.00,1
RET-07935,ORD-07935,ITEM-07935,SKU-0432,CUST-0266,2025-04-02T17:15:00+00:00,Colour/Appearance,,Refunded,1302.00,1
RET-07938,ORD-07938,ITEM-07938,SKU-0308,CUST-0689,2025-07-17T16:25:00+00:00,Delivery Issue,,Refunded,531.00,1
RET-07940,ORD-07940,ITEM-07940,SKU-0451,CUST-0178,2026-01-16T07:36:00+00:00,Changed Mind,,Exchange Completed,489.00,1
RET-07943,ORD-07943,ITEM-07943,SKU-0159,CUST-0360,2025-11-13T18:40:00+00:00,Quality,,Refunded,707.00,1
RET-07946,ORD-07946,ITEM-07946,SKU-0367,CUST-0178,2026-08-30T05:27:00+00:00,Size/Fit,,Refunded,1421.00,1
RET-07953,ORD-07953,ITEM-07953,SKU-0086,CUST-0672,2025-11-10T05:47:00+00:00,Changed Mind,,Exchange Completed,1100.00,1
RET-07956,ORD-07956,ITEM-07956,SKU-0152,CUST-0521,2026-03-15T23:44:00+00:00,Size/Fit,,Exchange Completed,1080.00,1
RET-07960,ORD-07960,ITEM-07960,SKU-0205,CUST-0285,2026-01-01T09:43:00+00:00,Quality,,Exchange Completed,1357.00,1
RET-07961,ORD-07961,ITEM-07961,SKU-0178,CUST-0565,2025-02-17T09:07:00+00:00,Delivery Issue,,Exchange Completed,1315.00,1
RET-07964,ORD-07964,ITEM-07964,SKU-0172,CUST-0857,2025-11-23T19:42:00+00:00,Colour/Appearance,,Refunded,974.00,1
RET-07966,ORD-07966,ITEM-07966,SKU-0176,CUST-0375,2025-08-22T23:41:00+00:00,Quality,,Refunded,518.00,1
RET-07971,ORD-07971,ITEM-07971,SKU-0356,CUST-0052,2026-01-13T09:48:00+00:00,Colour/Appearance,,Refunded,535.00,1
RET-07976,ORD-07976,ITEM-07976,SKU-0338,CUST-0699,2025-06-29T04:56:00+00:00,Changed Mind,,Refunded,1059.00,1
RET-07986,ORD-07986,ITEM-07986,SKU-0093,CUST-0521,2025-04-26T16:06:00+00:00,Colour/Appearance,,Refunded,774.00,1
RET-07987,ORD-07987,ITEM-07987,SKU-0008,CUST-0515,2025-04-25T06:41:00+00:00,Size/Fit,,Exchange Completed,803.00,1
RET-07995,ORD-07995,ITEM-07995,SKU-0223,CUST-0404,2026-01-29T12:19:00+00:00,Delivery Issue,,Refunded,1120.00,1
RET-07996,ORD-07996,ITEM-07996,SKU-0268,CUST-0691,2025-12-02T06:33:00+00:00,Changed Mind,,Refunded,413.00,1
RET-07997,ORD-07997,ITEM-07997,SKU-0108,CUST-0101,2025-02-18T20:44:00+00:00,Size/Fit,,Refunded,447.00,1
RET-07998,ORD-07998,ITEM-07998,SKU-0479,CUST-0656,2026-04-26T08:25:00+00:00,Delivery Issue,,Refunded,754.00,1
RET-07999,ORD-07999,ITEM-07999,SKU-0162,CUST-0802,2026-08-09T15:02:00+00:00,Changed Mind,,Refunded,886.00,1
RET-08003,ORD-08003,ITEM-08003,SKU-0257,CUST-0875,2026-08-21T07:36:00+00:00,Delivery Issue,,Refunded,1086.00,1
RET-08005,ORD-08005,ITEM-08005,SKU-0432,CUST-0054,2025-12-06T13:53:00+00:00,Size/Fit,,Refunded,1302.00,1
RET-08006,ORD-08006,ITEM-08006,SKU-0471,CUST-0472,2026-07-08T23:29:00+00:00,Quality,,Refunded,1008.00,1
RET-08009,ORD-08009,ITEM-08009,SKU-0462,CUST-0668,2025-07-18T01:19:00+00:00,Delivery Issue,,Refunded,940.00,1
RET-08013,ORD-08013,ITEM-08013,SKU-0159,CUST-0114,2026-09-11T07:51:00+00:00,Changed Mind,,Refunded,,1
RET-08015,ORD-08015,ITEM-08015,SKU-0190,CUST-0966,2026-03-12T20:31:00+00:00,Colour/Appearance,,Refunded,1410.00,1
RET-08022,ORD-08022,ITEM-08022,SKU-0457,CUST-0492,2025-09-21T08:42:00+00:00,Changed Mind,,Exchange Completed,,1
RET-08023,ORD-08023,ITEM-08023,SKU-0086,CUST-0102,2026-07-02T07:11:00+00:00,Colour/Appearance,,Refunded,1100.00,1
RET-08026,ORD-08026,ITEM-08026,SKU-0152,CUST-0653,2025-08-16T18:39:00+00:00,Delivery Issue,,Refunded,1080.00,1
RET-08027,ORD-08027,ITEM-08027,SKU-0002,CUST-0005,2026-09-08T23:27:00+00:00,Size/Fit,,Refunded,1499.00,1
RET-08029,ORD-08029,ITEM-08029,SKU-0436,CUST-0854,2026-06-12T05:47:00+00:00,Delivery Issue,,Refunded,424.00,1
RET-08031,ORD-08031,ITEM-08031,SKU-0178,CUST-0767,2026-06-15T22:38:00+00:00,Size/Fit,,Refunded,1315.00,1
RET-08033,ORD-08033,ITEM-08033,SKU-0282,CUST-0903,2025-02-27T11:58:00+00:00,Quality,,Refunded,1131.00,1
RET-08035,ORD-08035,ITEM-08035,SKU-0035,CUST-0983,2025-05-15T06:57:00+00:00,Size/Fit,,Refunded,1337.00,1
RET-08042,ORD-08042,ITEM-08042,SKU-0277,CUST-0820,2025-10-06T16:13:00+00:00,Changed Mind,,Refunded,1201.00,1
RET-08046,ORD-08046,ITEM-08046,SKU-0338,CUST-0133,2025-08-15T02:35:00+00:00,Size/Fit,,Refunded,1059.00,1
RET-08048,ORD-08048,ITEM-08048,SKU-0298,CUST-0620,2025-12-12T22:54:00+00:00,Delivery Issue,,Exchange Completed,771.00,1
RET-08050,ORD-08050,ITEM-08050,SKU-0005,CUST-0740,2025-01-23T00:30:00+00:00,Colour/Appearance,,Refunded,,1
RET-08058,ORD-08058,ITEM-08058,SKU-0053,CUST-0636,2025-12-20T16:40:00+00:00,Delivery Issue,,Refunded,452.00,1
RET-08062,ORD-08062,ITEM-08062,SKU-0307,CUST-0719,2025-03-03T08:13:00+00:00,Size/Fit,,Exchange Completed,1315.00,1
RET-08063,ORD-08063,ITEM-08063,SKU-0040,CUST-0354,2026-09-15T17:40:00+00:00,Changed Mind,,Refunded,400.00,1
RET-08066,ORD-08066,ITEM-08066,SKU-0268,CUST-0825,2026-03-24T12:44:00+00:00,Delivery Issue,,Refunded,413.00,1
RET-08068,ORD-08068,ITEM-08068,SKU-0479,CUST-0602,2025-07-08T11:07:00+00:00,Colour/Appearance,,Refunded,,1
RET-08069,ORD-08069,ITEM-08069,SKU-0162,CUST-0008,2026-07-15T07:10:00+00:00,Quality,,Refunded,886.00,1
RET-08072,ORD-08072,ITEM-08072,SKU-0288,CUST-0661,2026-09-14T00:17:00+00:00,Delivery Issue,,Refunded,1419.00,1
RET-08077,ORD-08077,ITEM-08077,SKU-0232,CUST-0844,2025-11-04T00:19:00+00:00,Size/Fit,,Exchange Completed,781.00,1
RET-08078,ORD-08078,ITEM-08078,SKU-0308,CUST-0381,2025-08-24T08:41:00+00:00,Quality,,Exchange Completed,531.00,1
RET-08079,ORD-08079,ITEM-08079,SKU-0462,CUST-0190,2025-03-12T03:02:00+00:00,Size/Fit,,Refunded,940.00,1
RET-08082,ORD-08082,ITEM-08082,SKU-0131,CUST-0308,2025-06-01T01:38:00+00:00,Delivery Issue,,Refunded,605.00,1
RET-08084,ORD-08084,ITEM-08084,SKU-0132,CUST-0549,2025-11-18T04:06:00+00:00,Changed Mind,,Refunded,1413.00,1
RET-08089,ORD-08089,ITEM-08089,SKU-0273,CUST-0056,2025-03-05T20:19:00+00:00,Delivery Issue,,Refunded,678.00,1
RET-08093,ORD-08093,ITEM-08093,SKU-0086,CUST-0367,2026-01-25T08:56:00+00:00,Quality,,Refunded,1100.00,1
RET-08095,ORD-08095,ITEM-08095,SKU-0363,CUST-0066,2025-03-28T20:36:00+00:00,Changed Mind,,Exchange Completed,772.00,1
RET-08100,ORD-08100,ITEM-08100,SKU-0205,CUST-0054,2025-03-23T06:56:00+00:00,Colour/Appearance,,Refunded,,1
RET-08101,ORD-08101,ITEM-08101,SKU-0178,CUST-0216,2026-03-27T10:15:00+00:00,Size/Fit,,Refunded,1315.00,1
RET-08103,ORD-08103,ITEM-08103,SKU-0282,CUST-0100,2026-05-11T11:19:00+00:00,Quality,,Refunded,1131.00,1
RET-08109,ORD-08109,ITEM-08109,SKU-0033,CUST-0346,2025-11-30T08:54:00+00:00,Changed Mind,,Exchange Completed,918.00,1
RET-08112,ORD-08112,ITEM-08112,SKU-0277,CUST-0878,2026-08-29T17:58:00+00:00,Colour/Appearance,,Refunded,1201.00,1
RET-08113,ORD-08113,ITEM-08113,SKU-0289,CUST-0046,2026-04-06T20:48:00+00:00,Colour/Appearance,,Refunded,444.00,1
RET-08114,ORD-08114,ITEM-08114,SKU-0262,CUST-0360,2026-05-08T16:53:00+00:00,Delivery Issue,,Refunded,593.00,1
RET-08115,ORD-08115,ITEM-08115,SKU-0408,CUST-0714,2026-04-12T04:17:00+00:00,Size/Fit,,Refunded,,1
RET-08116,ORD-08116,ITEM-08116,SKU-0338,CUST-0941,2025-02-15T21:27:00+00:00,Colour/Appearance,,Exchange Completed,1059.00,1
RET-08120,ORD-08120,ITEM-08120,SKU-0005,CUST-0763,2025-09-07T11:51:00+00:00,Size/Fit,,Refunded,889.00,1
RET-08131,ORD-08131,ITEM-08131,SKU-0080,CUST-0491,2025-07-29T02:50:00+00:00,Colour/Appearance,,Refunded,,1
RET-08135,ORD-08135,ITEM-08135,SKU-0223,CUST-0973,2025-05-24T16:04:00+00:00,Colour/Appearance,,Refunded,1120.00,1
RET-08137,ORD-08137,ITEM-08137,SKU-0108,CUST-0602,2025-08-18T08:04:00+00:00,Colour/Appearance,,Refunded,447.00,1
RET-08143,ORD-08143,ITEM-08143,SKU-0257,CUST-0541,2025-02-28T21:45:00+00:00,Delivery Issue,,Refunded,,1
RET-08144,ORD-08144,ITEM-08144,SKU-0090,CUST-0342,2026-09-01T09:03:00+00:00,Changed Mind,,Refunded,,1
RET-08146,ORD-08146,ITEM-08146,SKU-0471,CUST-0647,2025-11-29T18:55:00+00:00,Colour/Appearance,,Refunded,1008.00,1
RET-08161,ORD-08161,ITEM-08161,SKU-0344,CUST-0257,2025-12-13T08:07:00+00:00,Changed Mind,,Refunded,631.00,1
RET-08164,ORD-08164,ITEM-08164,SKU-0475,CUST-0269,2025-03-31T16:11:00+00:00,Size/Fit,,Exchange Completed,493.00,1
RET-08165,ORD-08165,ITEM-08165,SKU-0363,CUST-0770,2025-11-20T08:14:00+00:00,Colour/Appearance,,Exchange Completed,772.00,1
RET-08174,ORD-08174,ITEM-08174,SKU-0172,CUST-0174,2026-07-24T17:13:00+00:00,Colour/Appearance,,Exchange Completed,974.00,1
RET-08176,ORD-08176,ITEM-08176,SKU-0176,CUST-0120,2025-04-23T05:09:00+00:00,Size/Fit,,Refunded,,1
RET-08181,ORD-08181,ITEM-08181,SKU-0356,CUST-0848,2026-08-07T18:44:00+00:00,Size/Fit,,Refunded,,1
RET-08182,ORD-08182,ITEM-08182,SKU-0277,CUST-0985,2025-08-11T07:55:00+00:00,Size/Fit,,Exchange Completed,1201.00,1
RET-08188,ORD-08188,ITEM-08188,SKU-0298,CUST-0468,2025-12-19T19:57:00+00:00,Changed Mind,,Refunded,771.00,1
RET-08189,ORD-08189,ITEM-08189,SKU-0095,CUST-0044,2026-08-29T15:18:00+00:00,Delivery Issue,,Exchange Completed,1481.00,1
RET-08190,ORD-08190,ITEM-08190,SKU-0005,CUST-0619,2025-08-06T22:40:00+00:00,Delivery Issue,,Refunded,889.00,1
RET-08197,ORD-08197,ITEM-08197,SKU-0008,CUST-0292,2026-06-14T16:18:00+00:00,Colour/Appearance,,Exchange Completed,803.00,1
RET-08201,ORD-08201,ITEM-08201,SKU-0080,CUST-0282,2025-07-21T18:14:00+00:00,Delivery Issue,,Exchange Completed,1006.00,1
RET-08206,ORD-08206,ITEM-08206,SKU-0268,CUST-0879,2025-07-17T10:01:00+00:00,Colour/Appearance,,Refunded,413.00,1
RET-08208,ORD-08208,ITEM-08208,SKU-0479,CUST-0953,2026-04-20T09:03:00+00:00,Quality,,Refunded,754.00,1
RET-08209,ORD-08209,ITEM-08209,SKU-0162,CUST-0037,2025-03-21T04:54:00+00:00,Colour/Appearance,,Refunded,886.00,1
RET-08214,ORD-08214,ITEM-08214,SKU-0090,CUST-0313,2026-02-19T12:37:00+00:00,Size/Fit,,Exchange Completed,1174.00,1
RET-08215,ORD-08215,ITEM-08215,SKU-0432,CUST-0847,2026-09-07T14:30:00+00:00,Size/Fit,,Refunded,,1
RET-08216,ORD-08216,ITEM-08216,SKU-0471,CUST-0952,2026-04-16T08:23:00+00:00,Delivery Issue,,Exchange Completed,,1
RET-08219,ORD-08219,ITEM-08219,SKU-0462,CUST-0704,2026-01-27T06:10:00+00:00,Colour/Appearance,,Refunded,940.00,1
RET-08220,ORD-08220,ITEM-08220,SKU-0451,CUST-0772,2025-03-18T03:58:00+00:00,Colour/Appearance,,Exchange Completed,489.00,1
RET-08221,ORD-08221,ITEM-08221,SKU-0228,CUST-0670,2025-02-24T03:32:00+00:00,Quality,,Refunded,717.00,1
RET-08225,ORD-08225,ITEM-08225,SKU-0190,CUST-0198,2025-03-15T02:02:00+00:00,Colour/Appearance,,Refunded,1410.00,1
RET-08228,ORD-08228,ITEM-08228,SKU-0375,CUST-0145,2026-08-10T09:36:00+00:00,Changed Mind,,Refunded,443.00,1
RET-08229,ORD-08229,ITEM-08229,SKU-0273,CUST-0759,2026-04-22T04:42:00+00:00,Quality,,Refunded,678.00,1
RET-08236,ORD-08236,ITEM-08236,SKU-0152,CUST-0234,2025-07-15T06:37:00+00:00,Size/Fit,,Refunded,1080.00,1
RET-08239,ORD-08239,ITEM-08239,SKU-0436,CUST-0891,2025-02-13T15:04:00+00:00,Changed Mind,,Exchange Completed,424.00,1
RET-08240,ORD-08240,ITEM-08240,SKU-0205,CUST-0741,2025-11-27T11:16:00+00:00,Size/Fit,,Refunded,1357.00,1
RET-08244,ORD-08244,ITEM-08244,SKU-0172,CUST-0957,2025-07-29T13:21:00+00:00,Size/Fit,,Refunded,974.00,1
RET-08245,ORD-08245,ITEM-08245,SKU-0035,CUST-0544,2025-08-23T15:03:00+00:00,Changed Mind,,Exchange Completed,1337.00,1
RET-08248,ORD-08248,ITEM-08248,SKU-0164,CUST-0743,2025-11-18T02:48:00+00:00,Quality,,Refunded,1207.00,1
RET-08249,ORD-08249,ITEM-08249,SKU-0033,CUST-0566,2026-02-04T00:29:00+00:00,Colour/Appearance,,Refunded,918.00,1
RET-08250,ORD-08250,ITEM-08250,SKU-0114,CUST-0066,2026-08-30T15:59:00+00:00,Delivery Issue,,Refunded,585.00,1
RET-08252,ORD-08252,ITEM-08252,SKU-0277,CUST-0988,2026-08-05T16:05:00+00:00,Size/Fit,,Refunded,1201.00,1
RET-08253,ORD-08253,ITEM-08253,SKU-0289,CUST-0364,2026-05-25T07:37:00+00:00,Changed Mind,,Refunded,444.00,1
RET-08254,ORD-08254,ITEM-08254,SKU-0262,CUST-0812,2025-02-27T23:27:00+00:00,Changed Mind,,Exchange Completed,593.00,1
RET-08256,ORD-08256,ITEM-08256,SKU-0338,CUST-0293,2026-08-08T07:53:00+00:00,Colour/Appearance,,Refunded,1059.00,1
RET-08264,ORD-08264,ITEM-08264,SKU-0072,CUST-0924,2025-12-23T03:06:00+00:00,Changed Mind,,Refunded,792.00,1
RET-08267,ORD-08267,ITEM-08267,SKU-0008,CUST-0573,2026-01-06T12:58:00+00:00,Quality,,Exchange Completed,803.00,1
RET-08271,ORD-08271,ITEM-08271,SKU-0080,CUST-0107,2025-02-26T23:13:00+00:00,Quality,,Refunded,1006.00,1
RET-08278,ORD-08278,ITEM-08278,SKU-0479,CUST-0536,2026-05-01T15:15:00+00:00,Changed Mind,,Refunded,754.00,1
RET-08282,ORD-08282,ITEM-08282,SKU-0288,CUST-0117,2026-08-04T21:42:00+00:00,Delivery Issue,,Exchange Completed,1419.00,1
RET-08285,ORD-08285,ITEM-08285,SKU-0432,CUST-0683,2025-01-17T10:46:00+00:00,Size/Fit,,Exchange Completed,1302.00,1
RET-08288,ORD-08288,ITEM-08288,SKU-0308,CUST-0692,2026-04-02T11:07:00+00:00,Size/Fit,,Refunded,531.00,1
RET-08290,ORD-08290,ITEM-08290,SKU-0451,CUST-0607,2025-10-18T08:53:00+00:00,Size/Fit,,Refunded,489.00,1
RET-08292,ORD-08292,ITEM-08292,SKU-0131,CUST-0934,2026-08-25T15:06:00+00:00,Quality,,Refunded,605.00,1
RET-08293,ORD-08293,ITEM-08293,SKU-0159,CUST-0058,2026-05-21T09:07:00+00:00,Colour/Appearance,,Exchange Completed,707.00,1
RET-08294,ORD-08294,ITEM-08294,SKU-0132,CUST-0501,2025-09-05T09:22:00+00:00,Quality,,Exchange Completed,1413.00,1
RET-08296,ORD-08296,ITEM-08296,SKU-0367,CUST-0491,2026-07-11T23:03:00+00:00,Quality,,Refunded,1421.00,1
RET-08299,ORD-08299,ITEM-08299,SKU-0273,CUST-0068,2026-06-09T17:49:00+00:00,Colour/Appearance,,Refunded,678.00,1
RET-08305,ORD-08305,ITEM-08305,SKU-0363,CUST-0332,2025-02-06T16:58:00+00:00,Colour/Appearance,,Refunded,772.00,1
RET-08306,ORD-08306,ITEM-08306,SKU-0152,CUST-0238,2025-11-23T14:56:00+00:00,Colour/Appearance,,Refunded,1080.00,1
RET-08314,ORD-08314,ITEM-08314,SKU-0172,CUST-0475,2025-05-11T09:30:00+00:00,Quality,,Refunded,974.00,1
RET-08316,ORD-08316,ITEM-08316,SKU-0176,CUST-0839,2025-12-23T20:05:00+00:00,Colour/Appearance,,Refunded,518.00,1
RET-08318,ORD-08318,ITEM-08318,SKU-0164,CUST-0640,2025-01-23T03:21:00+00:00,Colour/Appearance,,Refunded,1207.00,1
RET-08319,ORD-08319,ITEM-08319,SKU-0033,CUST-0884,2025-06-07T23:17:00+00:00,Changed Mind,,Refunded,918.00,1
RET-08321,ORD-08321,ITEM-08321,SKU-0356,CUST-0718,2026-04-23T22:10:00+00:00,Quality,,Exchange Completed,535.00,1
RET-08324,ORD-08324,ITEM-08324,SKU-0262,CUST-0889,2026-01-11T21:07:00+00:00,Quality,,Exchange Completed,593.00,1
RET-08326,ORD-08326,ITEM-08326,SKU-0338,CUST-0420,2025-09-22T01:31:00+00:00,Colour/Appearance,,Exchange Completed,1059.00,1
RET-08330,ORD-08330,ITEM-08330,SKU-0005,CUST-0286,2025-04-06T10:08:00+00:00,Quality,,Refunded,889.00,1
RET-08340,ORD-08340,ITEM-08340,SKU-0179,CUST-0586,2026-04-09T02:11:00+00:00,Changed Mind,,Exchange Completed,1327.00,1
RET-08341,ORD-08341,ITEM-08341,SKU-0080,CUST-0313,2026-06-27T10:43:00+00:00,Quality,,Exchange Completed,1006.00,1
RET-08349,ORD-08349,ITEM-08349,SKU-0162,CUST-0041,2026-01-29T23:38:00+00:00,Size/Fit,,Exchange Completed,,1
RET-08352,ORD-08352,ITEM-08352,SKU-0288,CUST-0988,2025-06-11T21:52:00+00:00,Quality,,Refunded,1419.00,1
RET-08358,ORD-08358,ITEM-08358,SKU-0308,CUST-0128,2025-10-23T10:06:00+00:00,Quality,,Exchange Completed,531.00,1
RET-08362,ORD-08362,ITEM-08362,SKU-0131,CUST-0404,2026-03-05T20:00:00+00:00,Delivery Issue,,Exchange Completed,605.00,1
RET-08363,ORD-08363,ITEM-08363,SKU-0159,CUST-0484,2025-02-02T06:52:00+00:00,Colour/Appearance,,Refunded,707.00,1
RET-08364,ORD-08364,ITEM-08364,SKU-0132,CUST-0754,2026-05-22T07:40:00+00:00,Changed Mind,,Refunded,1413.00,1
RET-08365,ORD-08365,ITEM-08365,SKU-0190,CUST-0997,2026-05-29T02:29:00+00:00,Quality,,Refunded,1410.00,1
RET-08372,ORD-08372,ITEM-08372,SKU-0457,CUST-0705,2026-07-07T21:54:00+00:00,Changed Mind,,Refunded,732.00,1
RET-08373,ORD-08373,ITEM-08373,SKU-0086,CUST-0579,2026-05-21T13:03:00+00:00,Changed Mind,,Exchange Completed,1100.00,1
RET-08375,ORD-08375,ITEM-08375,SKU-0363,CUST-0039,2025-09-26T09:48:00+00:00,Changed Mind,,Refunded,772.00,1
RET-08376,ORD-08376,ITEM-08376,SKU-0152,CUST-0409,2025-02-05T21:58:00+00:00,Size/Fit,,Exchange Completed,1080.00,1
RET-08377,ORD-08377,ITEM-08377,SKU-0002,CUST-0491,2025-07-09T06:09:00+00:00,Changed Mind,,Refunded,1499.00,1
RET-08379,ORD-08379,ITEM-08379,SKU-0436,CUST-0071,2026-05-03T09:48:00+00:00,Changed Mind,,Refunded,424.00,1
RET-08382,ORD-08382,ITEM-08382,SKU-0203,CUST-0376,2026-02-05T01:30:00+00:00,Quality,,Refunded,983.00,1
RET-08384,ORD-08384,ITEM-08384,SKU-0172,CUST-0216,2025-03-30T05:12:00+00:00,Colour/Appearance,,Refunded,974.00,1
RET-08385,ORD-08385,ITEM-08385,SKU-0035,CUST-0710,2025-03-16T20:33:00+00:00,Delivery Issue,,Refunded,1337.00,1
RET-08386,ORD-08386,ITEM-08386,SKU-0176,CUST-0778,2026-03-07T12:25:00+00:00,Size/Fit,,Exchange Completed,518.00,1
RET-08388,ORD-08388,ITEM-08388,SKU-0164,CUST-0355,2026-09-01T17:39:00+00:00,Delivery Issue,,Exchange Completed,1207.00,1
RET-08391,ORD-08391,ITEM-08391,SKU-0356,CUST-0706,2025-11-23T10:41:00+00:00,Size/Fit,,Refunded,535.00,1
RET-08397,ORD-08397,ITEM-08397,SKU-0286,CUST-0302,2025-07-21T12:29:00+00:00,Quality,,Exchange Completed,1122.00,1
RET-08400,ORD-08400,ITEM-08400,SKU-0005,CUST-0483,2025-10-26T19:15:00+00:00,Delivery Issue,,Refunded,889.00,1
RET-08407,ORD-08407,ITEM-08407,SKU-0008,CUST-0714,2025-02-26T09:09:00+00:00,Colour/Appearance,,Refunded,803.00,1
RET-08408,ORD-08408,ITEM-08408,SKU-0053,CUST-0420,2026-08-03T07:49:00+00:00,Changed Mind,,Exchange Completed,,1
RET-08409,ORD-08409,ITEM-08409,SKU-0255,CUST-0602,2026-03-26T09:52:00+00:00,Delivery Issue,,Refunded,440.00,1
RET-08410,ORD-08410,ITEM-08410,SKU-0179,CUST-0317,2025-03-27T07:04:00+00:00,Size/Fit,,Exchange Completed,,1
RET-08414,ORD-08414,ITEM-08414,SKU-0062,CUST-0472,2026-04-25T17:37:00+00:00,Changed Mind,,Refunded,1057.00,1
RET-08419,ORD-08419,ITEM-08419,SKU-0162,CUST-0311,2026-04-13T09:38:00+00:00,Quality,,Refunded,886.00,1
RET-08420,ORD-08420,ITEM-08420,SKU-0133,CUST-0402,2025-04-23T23:50:00+00:00,Delivery Issue,,Refunded,,1
RET-08422,ORD-08422,ITEM-08422,SKU-0288,CUST-0945,2026-03-10T10:33:00+00:00,Changed Mind,,Refunded,1419.00,1
RET-08425,ORD-08425,ITEM-08425,SKU-0432,CUST-0872,2025-07-16T22:38:00+00:00,Size/Fit,,Exchange Completed,1302.00,1
RET-08428,ORD-08428,ITEM-08428,SKU-0308,CUST-0777,2026-01-19T18:03:00+00:00,Colour/Appearance,,Refunded,531.00,1
RET-08429,ORD-08429,ITEM-08429,SKU-0462,CUST-0181,2026-03-24T10:12:00+00:00,Quality,,Refunded,940.00,1
RET-08431,ORD-08431,ITEM-08431,SKU-0228,CUST-0998,2025-02-26T14:01:00+00:00,Size/Fit,,Exchange Completed,717.00,1
RET-08432,ORD-08432,ITEM-08432,SKU-0131,CUST-0391,2026-03-21T08:39:00+00:00,Colour/Appearance,,Refunded,605.00,1
RET-08436,ORD-08436,ITEM-08436,SKU-0367,CUST-0496,2026-03-15T17:21:00+00:00,Delivery Issue,,Refunded,1421.00,1
RET-08438,ORD-08438,ITEM-08438,SKU-0375,CUST-0916,2026-07-30T16:20:00+00:00,Changed Mind,,Refunded,443.00,1
RET-08439,ORD-08439,ITEM-08439,SKU-0273,CUST-0589,2026-03-10T19:42:00+00:00,Delivery Issue,,Refunded,678.00,1
RET-08440,ORD-08440,ITEM-08440,SKU-0387,CUST-0421,2026-03-11T19:01:00+00:00,Size/Fit,,Exchange Completed,1016.00,1
RET-08444,ORD-08444,ITEM-08444,SKU-0475,CUST-0392,2026-05-04T03:52:00+00:00,Quality,,Exchange Completed,493.00,1
RET-08453,ORD-08453,ITEM-08453,SKU-0282,CUST-0401,2026-01-11T19:14:00+00:00,Quality,,Exchange Completed,1131.00,1
RET-08454,ORD-08454,ITEM-08454,SKU-0172,CUST-0596,2025-06-16T06:46:00+00:00,Delivery Issue,,Refunded,974.00,1
RET-08462,ORD-08462,ITEM-08462,SKU-0277,CUST-0381,2026-02-19T04:32:00+00:00,Quality,,Refunded,1201.00,1
RET-08463,ORD-08463,ITEM-08463,SKU-0289,CUST-0798,2025-10-07T21:16:00+00:00,Changed Mind,,Exchange Completed,444.00,1
RET-08467,ORD-08467,ITEM-08467,SKU-0286,CUST-0980,2025-11-30T16:03:00+00:00,Changed Mind,,Refunded,1122.00,1
RET-08468,ORD-08468,ITEM-08468,SKU-0298,CUST-0315,2025-02-22T08:45:00+00:00,Colour/Appearance,,Refunded,771.00,1
RET-08477,ORD-08477,ITEM-08477,SKU-0008,CUST-0605,2025-04-25T21:16:00+00:00,Changed Mind,,Refunded,803.00,1
RET-08481,ORD-08481,ITEM-08481,SKU-0080,CUST-0742,2026-02-19T01:29:00+00:00,Quality,,Exchange Completed,1006.00,1
RET-08484,ORD-08484,ITEM-08484,SKU-0062,CUST-0802,2025-05-07T19:42:00+00:00,Changed Mind,,Exchange Completed,1057.00,1
RET-08487,ORD-08487,ITEM-08487,SKU-0108,CUST-0281,2026-04-12T02:51:00+00:00,Quality,,Exchange Completed,447.00,1
RET-08488,ORD-08488,ITEM-08488,SKU-0479,CUST-0424,2026-04-20T21:17:00+00:00,Changed Mind,,Refunded,754.00,1
RET-08490,ORD-08490,ITEM-08490,SKU-0133,CUST-0482,2025-10-21T04:39:00+00:00,Quality,,Refunded,589.00,1
RET-08492,ORD-08492,ITEM-08492,SKU-0288,CUST-0901,2026-02-02T22:05:00+00:00,Colour/Appearance,,Refunded,1419.00,1
RET-08494,ORD-08494,ITEM-08494,SKU-0090,CUST-0393,2025-08-31T15:20:00+00:00,Size/Fit,,Exchange Completed,1174.00,1
RET-08498,ORD-08498,ITEM-08498,SKU-0308,CUST-0787,2026-06-02T20:16:00+00:00,Size/Fit,,Exchange Completed,531.00,1
RET-08501,ORD-08501,ITEM-08501,SKU-0228,CUST-0866,2025-01-30T12:00:00+00:00,Delivery Issue,,Exchange Completed,717.00,1
RET-08505,ORD-08505,ITEM-08505,SKU-0190,CUST-0070,2025-07-19T10:04:00+00:00,Size/Fit,,Refunded,1410.00,1
RET-08514,ORD-08514,ITEM-08514,SKU-0475,CUST-0077,2025-06-04T09:16:00+00:00,Quality,,Exchange Completed,493.00,1
RET-08515,ORD-08515,ITEM-08515,SKU-0363,CUST-0600,2026-07-18T11:21:00+00:00,Delivery Issue,,Refunded,772.00,1
RET-08517,ORD-08517,ITEM-08517,SKU-0002,CUST-0365,2026-09-08T19:00:00+00:00,Size/Fit,,Refunded,1499.00,1
RET-08521,ORD-08521,ITEM-08521,SKU-0178,CUST-0329,2025-05-14T11:04:00+00:00,Quality,,Exchange Completed,1315.00,1
RET-08522,ORD-08522,ITEM-08522,SKU-0203,CUST-0534,2026-03-12T07:30:00+00:00,Colour/Appearance,,Refunded,983.00,1
RET-08523,ORD-08523,ITEM-08523,SKU-0282,CUST-0011,2025-03-27T22:54:00+00:00,Size/Fit,,Refunded,1131.00,1
RET-08524,ORD-08524,ITEM-08524,SKU-0172,CUST-0207,2025-06-12T02:39:00+00:00,Quality,,Exchange Completed,974.00,1
RET-08525,ORD-08525,ITEM-08525,SKU-0035,CUST-0045,2025-01-21T18:41:00+00:00,Colour/Appearance,,Refunded,1337.00,1
RET-08527,ORD-08527,ITEM-08527,SKU-0188,CUST-0589,2025-09-20T20:29:00+00:00,Changed Mind,,Exchange Completed,,1
RET-08528,ORD-08528,ITEM-08528,SKU-0164,CUST-0287,2025-04-29T01:46:00+00:00,Delivery Issue,,Refunded,1207.00,1
RET-08532,ORD-08532,ITEM-08532,SKU-0277,CUST-0908,2026-08-25T08:09:00+00:00,Size/Fit,,Exchange Completed,1201.00,1
RET-08538,ORD-08538,ITEM-08538,SKU-0298,CUST-0462,2025-12-29T17:02:00+00:00,Quality,,Refunded,,1
RET-08540,ORD-08540,ITEM-08540,SKU-0005,CUST-0714,2026-07-24T09:27:00+00:00,Colour/Appearance,,Exchange Completed,889.00,1
RET-08547,ORD-08547,ITEM-08547,SKU-0008,CUST-0355,2026-03-31T16:56:00+00:00,Delivery Issue,,Refunded,,1
RET-08551,ORD-08551,ITEM-08551,SKU-0080,CUST-0037,2026-02-07T11:28:00+00:00,Quality,,Exchange Completed,1006.00,1
RET-08552,ORD-08552,ITEM-08552,SKU-0307,CUST-0286,2025-11-02T16:49:00+00:00,Changed Mind,,Refunded,1315.00,1
RET-08560,ORD-08560,ITEM-08560,SKU-0133,CUST-0142,2026-08-19T15:21:00+00:00,Size/Fit,,Refunded,589.00,1
RET-08563,ORD-08563,ITEM-08563,SKU-0257,CUST-0367,2026-01-11T05:49:00+00:00,Quality,,Refunded,1086.00,1
RET-08566,ORD-08566,ITEM-08566,SKU-0471,CUST-0580,2025-04-23T01:55:00+00:00,Delivery Issue,,Exchange Completed,1008.00,1
RET-08569,ORD-08569,ITEM-08569,SKU-0462,CUST-0180,2025-11-09T22:05:00+00:00,Quality,,Refunded,,1
RET-08571,ORD-08571,ITEM-08571,SKU-0228,CUST-0214,2025-11-04T22:49:00+00:00,Quality,,Refunded,,1
RET-08573,ORD-08573,ITEM-08573,SKU-0159,CUST-0211,2026-09-06T02:58:00+00:00,Delivery Issue,,Refunded,707.00,1
RET-08577,ORD-08577,ITEM-08577,SKU-0384,CUST-0149,2025-07-15T13:46:00+00:00,Size/Fit,,Exchange Completed,689.00,1
RET-08583,ORD-08583,ITEM-08583,SKU-0086,CUST-0087,2025-06-27T20:03:00+00:00,Changed Mind,,Refunded,1100.00,1
RET-08584,ORD-08584,ITEM-08584,SKU-0475,CUST-0925,2025-04-05T09:59:00+00:00,Colour/Appearance,,Refunded,493.00,1
RET-08586,ORD-08586,ITEM-08586,SKU-0152,CUST-0686,2025-04-25T04:42:00+00:00,Size/Fit,,Exchange Completed,1080.00,1
RET-08590,ORD-08590,ITEM-08590,SKU-0205,CUST-0377,2026-02-10T13:26:00+00:00,Delivery Issue,,Refunded,1357.00,1
RET-08592,ORD-08592,ITEM-08592,SKU-0203,CUST-0156,2025-12-18T21:18:00+00:00,Delivery Issue,,Refunded,983.00,1
RET-08595,ORD-08595,ITEM-08595,SKU-0035,CUST-0562,2025-01-22T18:40:00+00:00,Size/Fit,,Exchange Completed,,1
RET-08597,ORD-08597,ITEM-08597,SKU-0188,CUST-0865,2026-05-06T00:02:00+00:00,Changed Mind,,Refunded,538.00,1
RET-08603,ORD-08603,ITEM-08603,SKU-0289,CUST-0256,2026-08-06T13:51:00+00:00,Size/Fit,,Exchange Completed,444.00,1
RET-08604,ORD-08604,ITEM-08604,SKU-0262,CUST-0685,2026-05-01T20:45:00+00:00,Delivery Issue,,Exchange Completed,593.00,1
RET-08610,ORD-08610,ITEM-08610,SKU-0005,CUST-0562,2025-12-25T17:30:00+00:00,Colour/Appearance,,Refunded,,1
RET-08626,ORD-08626,ITEM-08626,SKU-0268,CUST-0701,2025-08-26T12:31:00+00:00,Size/Fit,,Exchange Completed,413.00,1
RET-08629,ORD-08629,ITEM-08629,SKU-0162,CUST-0959,2025-02-20T22:25:00+00:00,Changed Mind,,Exchange Completed,886.00,1
RET-08630,ORD-08630,ITEM-08630,SKU-0133,CUST-0425,2026-06-30T05:06:00+00:00,Changed Mind,,Refunded,,1
RET-08632,ORD-08632,ITEM-08632,SKU-0288,CUST-0860,2025-07-04T17:49:00+00:00,Size/Fit,,Refunded,1419.00,1
RET-08633,ORD-08633,ITEM-08633,SKU-0257,CUST-0104,2026-09-17T07:07:00+00:00,Size/Fit,,Exchange Completed,1086.00,1
RET-08635,ORD-08635,ITEM-08635,SKU-0432,CUST-0931,2025-08-02T05:57:00+00:00,Quality,,Refunded,1302.00,1
RET-08637,ORD-08637,ITEM-08637,SKU-0232,CUST-0020,2025-12-06T14:25:00+00:00,Delivery Issue,,Refunded,781.00,1
RET-08640,ORD-08640,ITEM-08640,SKU-0451,CUST-0959,2025-06-25T08:07:00+00:00,Size/Fit,,Exchange Completed,489.00,1
RET-08645,ORD-08645,ITEM-08645,SKU-0190,CUST-0581,2026-06-23T17:45:00+00:00,Size/Fit,,Refunded,1410.00,1
RET-08646,ORD-08646,ITEM-08646,SKU-0367,CUST-0735,2025-05-21T21:56:00+00:00,Quality,,Refunded,1421.00,1
RET-08649,ORD-08649,ITEM-08649,SKU-0273,CUST-0582,2025-03-07T09:38:00+00:00,Changed Mind,,Refunded,678.00,1
RET-08650,ORD-08650,ITEM-08650,SKU-0387,CUST-0772,2025-12-14T08:30:00+00:00,Size/Fit,,Refunded,,1
RET-08655,ORD-08655,ITEM-08655,SKU-0363,CUST-0462,2026-03-04T11:14:00+00:00,Size/Fit,,Refunded,772.00,1
RET-08665,ORD-08665,ITEM-08665,SKU-0035,CUST-0913,2026-05-20T20:13:00+00:00,Delivery Issue,,Exchange Completed,1337.00,1
RET-08666,ORD-08666,ITEM-08666,SKU-0176,CUST-0416,2026-01-05T01:41:00+00:00,Size/Fit,,Refunded,518.00,1
RET-08673,ORD-08673,ITEM-08673,SKU-0289,CUST-0032,2025-08-19T00:33:00+00:00,Quality,,Refunded,444.00,1
RET-08676,ORD-08676,ITEM-08676,SKU-0338,CUST-0026,2026-01-03T12:35:00+00:00,Size/Fit,,Refunded,1059.00,1
RET-08678,ORD-08678,ITEM-08678,SKU-0298,CUST-0482,2026-04-11T12:26:00+00:00,Changed Mind,,Refunded,771.00,1
RET-08679,ORD-08679,ITEM-08679,SKU-0095,CUST-0414,2025-10-05T10:37:00+00:00,Colour/Appearance,,Refunded,1481.00,1
RET-08689,ORD-08689,ITEM-08689,SKU-0255,CUST-0070,2025-07-02T05:54:00+00:00,Size/Fit,,Refunded,440.00,1
RET-08692,ORD-08692,ITEM-08692,SKU-0307,CUST-0889,2025-07-29T21:43:00+00:00,Changed Mind,,Refunded,1315.00,1
RET-08693,ORD-08693,ITEM-08693,SKU-0040,CUST-0648,2026-09-12T11:22:00+00:00,Colour/Appearance,,Refunded,400.00,1
RET-08701,ORD-08701,ITEM-08701,SKU-0461,CUST-0252,2026-01-09T23:41:00+00:00,Delivery Issue,,Refunded,456.00,1
RET-08702,ORD-08702,ITEM-08702,SKU-0288,CUST-0457,2025-10-01T16:11:00+00:00,Delivery Issue,,Exchange Completed,1419.00,1
RET-08704,ORD-08704,ITEM-08704,SKU-0090,CUST-0141,2026-01-08T21:44:00+00:00,Quality,,Refunded,1174.00,1
RET-08711,ORD-08711,ITEM-08711,SKU-0228,CUST-0132,2025-09-08T09:41:00+00:00,Size/Fit,,Refunded,,1
RET-08723,ORD-08723,ITEM-08723,SKU-0086,CUST-0676,2025-04-11T01:17:00+00:00,Changed Mind,,Refunded,1100.00,1
RET-08726,ORD-08726,ITEM-08726,SKU-0152,CUST-0553,2025-11-04T19:27:00+00:00,Changed Mind,,Exchange Completed,1080.00,1
RET-08728,ORD-08728,ITEM-08728,SKU-0437,CUST-0530,2025-07-18T18:03:00+00:00,Size/Fit,,Refunded,,1
RET-08731,ORD-08731,ITEM-08731,SKU-0178,CUST-0857,2025-11-02T02:00:00+00:00,Delivery Issue,,Exchange Completed,,1
RET-08736,ORD-08736,ITEM-08736,SKU-0176,CUST-0689,2025-10-02T17:09:00+00:00,Colour/Appearance,,Refunded,518.00,1
RET-08742,ORD-08742,ITEM-08742,SKU-0277,CUST-0533,2025-04-09T19:22:00+00:00,Changed Mind,,Refunded,1201.00,1
RET-08743,ORD-08743,ITEM-08743,SKU-0289,CUST-0992,2026-01-08T23:29:00+00:00,Changed Mind,,Exchange Completed,444.00,1
RET-08746,ORD-08746,ITEM-08746,SKU-0338,CUST-0015,2025-05-04T06:35:00+00:00,Changed Mind,,Refunded,1059.00,1
RET-08747,ORD-08747,ITEM-08747,SKU-0286,CUST-0204,2025-06-18T16:44:00+00:00,Delivery Issue,,Refunded,1122.00,1
RET-08749,ORD-08749,ITEM-08749,SKU-0095,CUST-0758,2026-02-08T15:52:00+00:00,Delivery Issue,,Refunded,1481.00,1
RET-08757,ORD-08757,ITEM-08757,SKU-0008,CUST-0717,2025-11-17T12:07:00+00:00,Size/Fit,,Refunded,803.00,1
RET-08759,ORD-08759,ITEM-08759,SKU-0255,CUST-0945,2025-09-13T22:39:00+00:00,Delivery Issue,,Exchange Completed,440.00,1
RET-08763,ORD-08763,ITEM-08763,SKU-0040,CUST-0409,2025-06-06T22:37:00+00:00,Colour/Appearance,,Exchange Completed,,1
RET-08767,ORD-08767,ITEM-08767,SKU-0108,CUST-0649,2025-12-19T01:19:00+00:00,Size/Fit,,Exchange Completed,447.00,1
RET-08769,ORD-08769,ITEM-08769,SKU-0162,CUST-0408,2026-09-13T20:12:00+00:00,Delivery Issue,,Refunded,886.00,1
RET-08770,ORD-08770,ITEM-08770,SKU-0133,CUST-0706,2025-10-03T23:39:00+00:00,Quality,,Exchange Completed,589.00,1
RET-08772,ORD-08772,ITEM-08772,SKU-0288,CUST-0706,2025-12-02T21:52:00+00:00,Colour/Appearance,,Refunded,1419.00,1
RET-08773,ORD-08773,ITEM-08773,SKU-0257,CUST-0321,2026-08-10T00:08:00+00:00,Delivery Issue,,Refunded,1086.00,1
RET-08776,ORD-08776,ITEM-08776,SKU-0471,CUST-0353,2026-01-16T21:46:00+00:00,Delivery Issue,,Refunded,1008.00,1
RET-08777,ORD-08777,ITEM-08777,SKU-0232,CUST-0628,2025-05-18T03:51:00+00:00,Changed Mind,,Refunded,781.00,1
RET-08778,ORD-08778,ITEM-08778,SKU-0308,CUST-0200,2026-09-20T13:19:00+00:00,Size/Fit,,Exchange Completed,531.00,1
RET-08779,ORD-08779,ITEM-08779,SKU-0462,CUST-0886,2025-09-16T08:42:00+00:00,Size/Fit,,Refunded,940.00,1
RET-08783,ORD-08783,ITEM-08783,SKU-0159,CUST-0497,2025-12-30T09:29:00+00:00,Size/Fit,,Exchange Completed,707.00,1
RET-08784,ORD-08784,ITEM-08784,SKU-0132,CUST-0794,2026-05-16T02:54:00+00:00,Quality,,Refunded,1413.00,1
RET-08785,ORD-08785,ITEM-08785,SKU-0190,CUST-0756,2026-08-16T01:16:00+00:00,Delivery Issue,,Exchange Completed,1410.00,1
RET-08786,ORD-08786,ITEM-08786,SKU-0367,CUST-0111,2026-03-28T04:04:00+00:00,Quality,,Exchange Completed,,1
RET-08790,ORD-08790,ITEM-08790,SKU-0387,CUST-0600,2026-05-07T20:54:00+00:00,Delivery Issue,,Exchange Completed,1016.00,1
RET-08791,ORD-08791,ITEM-08791,SKU-0344,CUST-0436,2025-02-01T19:31:00+00:00,Delivery Issue,,Exchange Completed,,1
RET-08795,ORD-08795,ITEM-08795,SKU-0363,CUST-0503,2025-12-21T02:09:00+00:00,Delivery Issue,,Exchange Completed,,1
RET-08797,ORD-08797,ITEM-08797,SKU-0002,CUST-0285,2026-07-31T19:02:00+00:00,Quality,,Refunded,1499.00,1
RET-08804,ORD-08804,ITEM-08804,SKU-0172,CUST-0616,2026-07-22T02:43:00+00:00,Changed Mind,,Refunded,974.00,1
RET-08805,ORD-08805,ITEM-08805,SKU-0035,CUST-0807,2025-09-04T13:19:00+00:00,Quality,,Exchange Completed,1337.00,1
RET-08806,ORD-08806,ITEM-08806,SKU-0176,CUST-0483,2025-02-02T18:09:00+00:00,Size/Fit,,Refunded,518.00,1
RET-08815,ORD-08815,ITEM-08815,SKU-0408,CUST-0073,2025-02-11T02:10:00+00:00,Quality,,Refunded,626.00,1
RET-08819,ORD-08819,ITEM-08819,SKU-0095,CUST-0064,2025-06-04T13:05:00+00:00,Delivery Issue,,Refunded,1481.00,1
RET-08826,ORD-08826,ITEM-08826,SKU-0093,CUST-0988,2025-03-21T00:14:00+00:00,Quality,,Exchange Completed,774.00,1
RET-08828,ORD-08828,ITEM-08828,SKU-0053,CUST-0603,2025-11-21T08:10:00+00:00,Quality,,Refunded,452.00,1
RET-08831,ORD-08831,ITEM-08831,SKU-0080,CUST-0639,2026-04-29T05:47:00+00:00,Colour/Appearance,,Exchange Completed,1006.00,1
RET-08835,ORD-08835,ITEM-08835,SKU-0223,CUST-0168,2025-12-28T20:36:00+00:00,Changed Mind,,Refunded,1120.00,1
RET-08836,ORD-08836,ITEM-08836,SKU-0268,CUST-0189,2025-05-30T13:51:00+00:00,Changed Mind,,Refunded,413.00,1
RET-08839,ORD-08839,ITEM-08839,SKU-0162,CUST-0223,2025-02-03T06:41:00+00:00,Colour/Appearance,,Exchange Completed,886.00,1
RET-08840,ORD-08840,ITEM-08840,SKU-0133,CUST-0420,2025-02-07T03:13:00+00:00,Quality,,Refunded,589.00,1
RET-08852,ORD-08852,ITEM-08852,SKU-0131,CUST-0480,2026-03-04T17:04:00+00:00,Changed Mind,,Exchange Completed,605.00,1
RET-08858,ORD-08858,ITEM-08858,SKU-0375,CUST-0320,2025-09-14T22:33:00+00:00,Delivery Issue,,Exchange Completed,443.00,1
RET-08868,ORD-08868,ITEM-08868,SKU-0437,CUST-0954,2025-04-24T18:19:00+00:00,Changed Mind,,Refunded,1319.00,1
RET-08869,ORD-08869,ITEM-08869,SKU-0436,CUST-0469,2025-06-23T18:31:00+00:00,Changed Mind,,Refunded,424.00,1
RET-08870,ORD-08870,ITEM-08870,SKU-0205,CUST-0886,2025-11-23T02:37:00+00:00,Delivery Issue,,Refunded,1357.00,1
RET-08874,ORD-08874,ITEM-08874,SKU-0172,CUST-0089,2026-04-16T02:34:00+00:00,Changed Mind,,Refunded,974.00,1
RET-08878,ORD-08878,ITEM-08878,SKU-0164,CUST-0329,2026-09-02T02:51:00+00:00,Quality,,Exchange Completed,1207.00,1
RET-08880,ORD-08880,ITEM-08880,SKU-0114,CUST-0503,2025-07-24T03:01:00+00:00,Changed Mind,,Refunded,585.00,1
RET-08882,ORD-08882,ITEM-08882,SKU-0277,CUST-0145,2025-07-25T17:58:00+00:00,Size/Fit,,Refunded,1201.00,1
RET-08883,ORD-08883,ITEM-08883,SKU-0289,CUST-0318,2025-04-05T22:23:00+00:00,Colour/Appearance,,Refunded,444.00,1
RET-08884,ORD-08884,ITEM-08884,SKU-0262,CUST-0064,2026-01-16T13:05:00+00:00,Quality,,Refunded,593.00,1
RET-08886,ORD-08886,ITEM-08886,SKU-0338,CUST-0621,2025-11-27T02:09:00+00:00,Colour/Appearance,,Exchange Completed,1059.00,1
RET-08896,ORD-08896,ITEM-08896,SKU-0093,CUST-0464,2026-02-17T05:51:00+00:00,Quality,,Exchange Completed,774.00,1
RET-08897,ORD-08897,ITEM-08897,SKU-0008,CUST-0159,2025-05-10T00:54:00+00:00,Delivery Issue,,Refunded,803.00,1
RET-08899,ORD-08899,ITEM-08899,SKU-0255,CUST-0587,2026-03-24T08:58:00+00:00,Changed Mind,,Refunded,440.00,1
RET-08903,ORD-08903,ITEM-08903,SKU-0040,CUST-0529,2025-10-29T15:58:00+00:00,Changed Mind,,Refunded,400.00,1
RET-08907,ORD-08907,ITEM-08907,SKU-0108,CUST-0212,2025-01-26T18:52:00+00:00,Changed Mind,,Refunded,447.00,1
RET-08912,ORD-08912,ITEM-08912,SKU-0288,CUST-0575,2026-07-16T18:37:00+00:00,Quality,,Exchange Completed,1419.00,1
RET-08916,ORD-08916,ITEM-08916,SKU-0471,CUST-0359,2026-02-28T18:44:00+00:00,Quality,,Refunded,1008.00,1
RET-08917,ORD-08917,ITEM-08917,SKU-0232,CUST-0722,2026-01-18T08:31:00+00:00,Size/Fit,,Refunded,781.00,1
RET-08920,ORD-08920,ITEM-08920,SKU-0451,CUST-0301,2026-06-07T12:24:00+00:00,Size/Fit,,Exchange Completed,489.00,1
RET-08924,ORD-08924,ITEM-08924,SKU-0132,CUST-0123,2026-01-29T14:50:00+00:00,Size/Fit,,Refunded,1413.00,1
RET-08925,ORD-08925,ITEM-08925,SKU-0190,CUST-0004,2025-07-28T23:39:00+00:00,Colour/Appearance,,Exchange Completed,1410.00,1
RET-08927,ORD-08927,ITEM-08927,SKU-0384,CUST-0351,2026-05-24T04:31:00+00:00,Colour/Appearance,,Refunded,689.00,1
RET-08933,ORD-08933,ITEM-08933,SKU-0086,CUST-0128,2025-07-17T17:21:00+00:00,Changed Mind,,Refunded,1100.00,1
RET-08936,ORD-08936,ITEM-08936,SKU-0152,CUST-0074,2025-07-31T07:58:00+00:00,Size/Fit,,Refunded,1080.00,1
RET-08939,ORD-08939,ITEM-08939,SKU-0436,CUST-0552,2025-05-20T18:44:00+00:00,Size/Fit,,Refunded,424.00,1
RET-08941,ORD-08941,ITEM-08941,SKU-0178,CUST-0019,2026-03-25T12:26:00+00:00,Delivery Issue,,Exchange Completed,,1
RET-08942,ORD-08942,ITEM-08942,SKU-0203,CUST-0244,2026-06-20T16:41:00+00:00,Colour/Appearance,,Refunded,983.00,1
RET-08954,ORD-08954,ITEM-08954,SKU-0262,CUST-0474,2026-03-19T09:39:00+00:00,Colour/Appearance,,Exchange Completed,593.00,1
RET-08955,ORD-08955,ITEM-08955,SKU-0408,CUST-0740,2025-08-27T13:29:00+00:00,Size/Fit,,Exchange Completed,626.00,1
RET-08958,ORD-08958,ITEM-08958,SKU-0298,CUST-0384,2026-01-11T11:39:00+00:00,Delivery Issue,,Refunded,771.00,1
RET-08962,ORD-08962,ITEM-08962,SKU-0296,CUST-0909,2026-02-01T03:33:00+00:00,Delivery Issue,,Exchange Completed,1310.00,1
RET-08966,ORD-08966,ITEM-08966,SKU-0093,CUST-0107,2025-03-13T15:58:00+00:00,Quality,,Refunded,774.00,1
RET-08968,ORD-08968,ITEM-08968,SKU-0053,CUST-0514,2026-07-20T15:50:00+00:00,Quality,,Refunded,452.00,1
RET-08969,ORD-08969,ITEM-08969,SKU-0255,CUST-0401,2026-06-06T10:45:00+00:00,Colour/Appearance,,Refunded,440.00,1
RET-08973,ORD-08973,ITEM-08973,SKU-0040,CUST-0306,2026-07-11T22:27:00+00:00,Changed Mind,,Refunded,400.00,1
RET-08974,ORD-08974,ITEM-08974,SKU-0062,CUST-0558,2025-08-26T19:31:00+00:00,Changed Mind,,Exchange Completed,1057.00,1
RET-08979,ORD-08979,ITEM-08979,SKU-0162,CUST-0894,2025-01-11T23:33:00+00:00,Quality,,Refunded,886.00,1
RET-08980,ORD-08980,ITEM-08980,SKU-0133,CUST-0420,2026-06-21T15:09:00+00:00,Quality,,Exchange Completed,589.00,1
RET-08987,ORD-08987,ITEM-08987,SKU-0232,CUST-0889,2025-08-11T07:45:00+00:00,Colour/Appearance,,Refunded,781.00,1
RET-08989,ORD-08989,ITEM-08989,SKU-0462,CUST-0582,2025-02-14T14:54:00+00:00,Delivery Issue,,Exchange Completed,940.00,1
RET-08991,ORD-08991,ITEM-08991,SKU-0228,CUST-0281,2025-01-30T14:36:00+00:00,Quality,,Refunded,717.00,1
RET-08992,ORD-08992,ITEM-08992,SKU-0131,CUST-0327,2026-01-08T05:08:00+00:00,Quality,,Exchange Completed,605.00,1
RET-08993,ORD-08993,ITEM-08993,SKU-0159,CUST-0744,2025-05-14T10:36:00+00:00,Quality,,Exchange Completed,707.00,1
RET-08995,ORD-08995,ITEM-08995,SKU-0190,CUST-0227,2025-02-09T09:30:00+00:00,Size/Fit,,Exchange Completed,1410.00,1
RET-08997,ORD-08997,ITEM-08997,SKU-0384,CUST-0858,2025-09-16T04:08:00+00:00,Changed Mind,,Refunded,689.00,1
RET-08999,ORD-08999,ITEM-08999,SKU-0273,CUST-0543,2025-07-16T08:10:00+00:00,Colour/Appearance,,Exchange Completed,678.00,1
RET-09001,ORD-09001,ITEM-09001,SKU-0344,CUST-0030,2025-07-21T11:29:00+00:00,Colour/Appearance,,Refunded,631.00,1
RET-09002,ORD-09002,ITEM-09002,SKU-0457,CUST-0226,2026-01-26T14:56:00+00:00,Delivery Issue,,Exchange Completed,732.00,1
RET-09009,ORD-09009,ITEM-09009,SKU-0436,CUST-0357,2025-05-06T23:31:00+00:00,Colour/Appearance,,Exchange Completed,424.00,1
RET-09011,ORD-09011,ITEM-09011,SKU-0178,CUST-0932,2025-04-18T21:55:00+00:00,Quality,,Refunded,1315.00,1
RET-09012,ORD-09012,ITEM-09012,SKU-0203,CUST-0624,2026-03-28T10:56:00+00:00,Size/Fit,,Refunded,983.00,1
RET-09013,ORD-09013,ITEM-09013,SKU-0282,CUST-0038,2026-05-24T07:54:00+00:00,Quality,,Exchange Completed,1131.00,1
RET-09017,ORD-09017,ITEM-09017,SKU-0188,CUST-0539,2026-06-08T00:41:00+00:00,Quality,,Refunded,538.00,1
RET-09020,ORD-09020,ITEM-09020,SKU-0114,CUST-0122,2025-08-12T21:20:00+00:00,Delivery Issue,,Exchange Completed,,1
RET-09021,ORD-09021,ITEM-09021,SKU-0356,CUST-0728,2026-08-07T18:13:00+00:00,Delivery Issue,,Refunded,535.00,1
RET-09027,ORD-09027,ITEM-09027,SKU-0286,CUST-0315,2025-05-12T16:51:00+00:00,Quality,,Refunded,1122.00,1
RET-09039,ORD-09039,ITEM-09039,SKU-0255,CUST-0355,2026-02-09T08:58:00+00:00,Colour/Appearance,,Refunded,440.00,1
RET-09040,ORD-09040,ITEM-09040,SKU-0179,CUST-0185,2025-07-15T02:07:00+00:00,Size/Fit,,Refunded,1327.00,1
RET-09044,ORD-09044,ITEM-09044,SKU-0062,CUST-0403,2025-06-09T00:58:00+00:00,Colour/Appearance,,Refunded,1057.00,1
RET-09049,ORD-09049,ITEM-09049,SKU-0162,CUST-0193,2026-03-24T22:32:00+00:00,Colour/Appearance,,Refunded,886.00,1
RET-09050,ORD-09050,ITEM-09050,SKU-0133,CUST-0231,2026-09-06T05:17:00+00:00,Delivery Issue,,Exchange Completed,589.00,1
RET-09051,ORD-09051,ITEM-09051,SKU-0461,CUST-0767,2026-07-11T22:04:00+00:00,Delivery Issue,,Exchange Completed,456.00,1
RET-09053,ORD-09053,ITEM-09053,SKU-0257,CUST-0927,2025-12-06T15:49:00+00:00,Changed Mind,,Refunded,1086.00,1
RET-09054,ORD-09054,ITEM-09054,SKU-0090,CUST-0311,2025-08-10T23:55:00+00:00,Colour/Appearance,,Exchange Completed,1174.00,1
RET-09055,ORD-09055,ITEM-09055,SKU-0432,CUST-0116,2025-10-11T08:52:00+00:00,Delivery Issue,,Exchange Completed,,1
RET-09056,ORD-09056,ITEM-09056,SKU-0471,CUST-0011,2026-02-18T22:50:00+00:00,Colour/Appearance,,Exchange Completed,1008.00,1
RET-09058,ORD-09058,ITEM-09058,SKU-0308,CUST-0753,2025-07-26T14:20:00+00:00,Changed Mind,,Exchange Completed,531.00,1
RET-09059,ORD-09059,ITEM-09059,SKU-0462,CUST-0177,2025-03-14T17:45:00+00:00,Colour/Appearance,,Refunded,940.00,1
RET-09065,ORD-09065,ITEM-09065,SKU-0190,CUST-0386,2026-07-08T22:19:00+00:00,Size/Fit,,Refunded,1410.00,1
RET-09068,ORD-09068,ITEM-09068,SKU-0375,CUST-0120,2026-03-15T11:05:00+00:00,Size/Fit,,Refunded,443.00,1
RET-09069,ORD-09069,ITEM-09069,SKU-0273,CUST-0153,2026-07-26T18:15:00+00:00,Size/Fit,,Refunded,678.00,1
RET-09081,ORD-09081,ITEM-09081,SKU-0178,CUST-0740,2025-04-27T11:59:00+00:00,Quality,,Exchange Completed,1315.00,1
RET-09082,ORD-09082,ITEM-09082,SKU-0203,CUST-0930,2025-09-21T21:48:00+00:00,Colour/Appearance,,Refunded,983.00,1
RET-09083,ORD-09083,ITEM-09083,SKU-0282,CUST-0528,2026-01-30T02:26:00+00:00,Quality,,Refunded,1131.00,1
RET-09084,ORD-09084,ITEM-09084,SKU-0172,CUST-0242,2025-07-04T06:31:00+00:00,Colour/Appearance,,Refunded,974.00,1
RET-09089,ORD-09089,ITEM-09089,SKU-0033,CUST-0522,2026-01-24T09:51:00+00:00,Size/Fit,,Exchange Completed,918.00,1
RET-09090,ORD-09090,ITEM-09090,SKU-0114,CUST-0139,2025-02-27T06:09:00+00:00,Colour/Appearance,,Refunded,585.00,1
RET-09091,ORD-09091,ITEM-09091,SKU-0356,CUST-0522,2026-04-20T07:33:00+00:00,Changed Mind,,Exchange Completed,535.00,1
RET-09092,ORD-09092,ITEM-09092,SKU-0277,CUST-0733,2026-03-08T05:52:00+00:00,Changed Mind,,Refunded,1201.00,1
RET-09093,ORD-09093,ITEM-09093,SKU-0289,CUST-0799,2025-09-29T18:04:00+00:00,Quality,,Exchange Completed,444.00,1
RET-09097,ORD-09097,ITEM-09097,SKU-0286,CUST-0142,2025-12-23T23:09:00+00:00,Quality,,Refunded,1122.00,1
RET-09100,ORD-09100,ITEM-09100,SKU-0005,CUST-0201,2026-03-10T09:43:00+00:00,Delivery Issue,,Refunded,889.00,1
RET-09108,ORD-09108,ITEM-09108,SKU-0053,CUST-0212,2026-02-12T08:13:00+00:00,Size/Fit,,Refunded,452.00,1
RET-09109,ORD-09109,ITEM-09109,SKU-0255,CUST-0065,2025-09-02T22:57:00+00:00,Changed Mind,,Refunded,440.00,1
RET-09112,ORD-09112,ITEM-09112,SKU-0307,CUST-0067,2026-02-03T01:01:00+00:00,Changed Mind,,Exchange Completed,1315.00,1
RET-09117,ORD-09117,ITEM-09117,SKU-0108,CUST-0642,2026-09-13T07:16:00+00:00,Delivery Issue,,Refunded,447.00,1
RET-09120,ORD-09120,ITEM-09120,SKU-0133,CUST-0512,2025-10-24T20:42:00+00:00,Colour/Appearance,,Refunded,589.00,1
RET-09121,ORD-09121,ITEM-09121,SKU-0461,CUST-0945,2026-07-07T11:33:00+00:00,Quality,,Refunded,,1
RET-09129,ORD-09129,ITEM-09129,SKU-0462,CUST-0009,2025-07-29T11:36:00+00:00,Quality,,Refunded,940.00,1
RET-09136,ORD-09136,ITEM-09136,SKU-0367,CUST-0464,2025-07-12T12:01:00+00:00,Size/Fit,,Exchange Completed,1421.00,1
RET-09137,ORD-09137,ITEM-09137,SKU-0384,CUST-0306,2025-08-02T05:33:00+00:00,Size/Fit,,Refunded,689.00,1
RET-09140,ORD-09140,ITEM-09140,SKU-0387,CUST-0775,2026-03-30T11:03:00+00:00,Quality,,Refunded,1016.00,1
RET-09142,ORD-09142,ITEM-09142,SKU-0457,CUST-0119,2025-02-08T07:41:00+00:00,Changed Mind,,Exchange Completed,732.00,1
RET-09143,ORD-09143,ITEM-09143,SKU-0086,CUST-0654,2026-04-11T08:13:00+00:00,Changed Mind,,Refunded,1100.00,1
RET-09146,ORD-09146,ITEM-09146,SKU-0152,CUST-0799,2026-09-14T01:12:00+00:00,Changed Mind,,Exchange Completed,1080.00,1
RET-09148,ORD-09148,ITEM-09148,SKU-0437,CUST-0253,2025-10-25T19:16:00+00:00,Quality,,Refunded,1319.00,1
RET-09152,ORD-09152,ITEM-09152,SKU-0203,CUST-0547,2025-11-28T00:42:00+00:00,Colour/Appearance,,Refunded,983.00,1
RET-09154,ORD-09154,ITEM-09154,SKU-0172,CUST-0047,2025-12-20T08:40:00+00:00,Delivery Issue,,Refunded,974.00,1
RET-09155,ORD-09155,ITEM-09155,SKU-0035,CUST-0130,2025-06-19T20:06:00+00:00,Colour/Appearance,,Exchange Completed,1337.00,1
RET-09158,ORD-09158,ITEM-09158,SKU-0164,CUST-0529,2026-05-12T14:25:00+00:00,Size/Fit,,Refunded,1207.00,1
RET-09161,ORD-09161,ITEM-09161,SKU-0356,CUST-0466,2025-04-30T17:06:00+00:00,Quality,,Exchange Completed,535.00,1
RET-09163,ORD-09163,ITEM-09163,SKU-0289,CUST-0033,2025-09-16T18:23:00+00:00,Size/Fit,,Refunded,444.00,1
RET-09165,ORD-09165,ITEM-09165,SKU-0408,CUST-0281,2026-07-19T19:59:00+00:00,Delivery Issue,,Exchange Completed,626.00,1
RET-09167,ORD-09167,ITEM-09167,SKU-0286,CUST-0666,2026-09-07T03:52:00+00:00,Delivery Issue,,Refunded,,1
RET-09170,ORD-09170,ITEM-09170,SKU-0005,CUST-0513,2025-01-29T08:59:00+00:00,Size/Fit,,Refunded,,1
RET-09177,ORD-09177,ITEM-09177,SKU-0008,CUST-0005,2025-10-17T05:06:00+00:00,Delivery Issue,,Refunded,803.00,1
RET-09180,ORD-09180,ITEM-09180,SKU-0179,CUST-0063,2026-05-04T19:15:00+00:00,Delivery Issue,,Refunded,1327.00,1
RET-09183,ORD-09183,ITEM-09183,SKU-0040,CUST-0854,2026-09-05T03:33:00+00:00,Quality,,Refunded,400.00,1
RET-09186,ORD-09186,ITEM-09186,SKU-0268,CUST-0490,2025-04-06T04:47:00+00:00,Changed Mind,,Exchange Completed,413.00,1
RET-09188,ORD-09188,ITEM-09188,SKU-0479,CUST-0894,2025-05-28T05:46:00+00:00,Delivery Issue,,Refunded,754.00,1
RET-09189,ORD-09189,ITEM-09189,SKU-0162,CUST-0185,2025-06-17T03:08:00+00:00,Delivery Issue,,Refunded,886.00,1
RET-09190,ORD-09190,ITEM-09190,SKU-0133,CUST-0953,2025-02-26T22:49:00+00:00,Quality,,Refunded,589.00,1
RET-09191,ORD-09191,ITEM-09191,SKU-0461,CUST-0324,2025-10-24T06:36:00+00:00,Delivery Issue,,Refunded,456.00,1
RET-09193,ORD-09193,ITEM-09193,SKU-0257,CUST-0818,2025-12-27T12:19:00+00:00,Quality,,Refunded,,1
RET-09194,ORD-09194,ITEM-09194,SKU-0090,CUST-0527,2026-07-07T06:50:00+00:00,Quality,,Refunded,1174.00,1
RET-09196,ORD-09196,ITEM-09196,SKU-0471,CUST-0941,2025-08-10T18:42:00+00:00,Size/Fit,,Exchange Completed,1008.00,1
RET-09200,ORD-09200,ITEM-09200,SKU-0451,CUST-0282,2026-03-17T07:05:00+00:00,Colour/Appearance,,Refunded,489.00,1
RET-09206,ORD-09206,ITEM-09206,SKU-0367,CUST-0964,2026-04-01T08:05:00+00:00,Size/Fit,,Exchange Completed,1421.00,1
RET-09208,ORD-09208,ITEM-09208,SKU-0375,CUST-0478,2025-06-09T08:01:00+00:00,Quality,,Exchange Completed,443.00,1
RET-09209,ORD-09209,ITEM-09209,SKU-0273,CUST-0566,2025-11-30T04:32:00+00:00,Delivery Issue,,Refunded,678.00,1
RET-09210,ORD-09210,ITEM-09210,SKU-0387,CUST-0495,2026-02-09T04:19:00+00:00,Size/Fit,,Refunded,1016.00,1
RET-09212,ORD-09212,ITEM-09212,SKU-0457,CUST-0270,2025-09-11T23:41:00+00:00,Colour/Appearance,,Refunded,732.00,1
RET-09213,ORD-09213,ITEM-09213,SKU-0086,CUST-0919,2026-05-07T18:36:00+00:00,Changed Mind,,Refunded,1100.00,1
RET-09216,ORD-09216,ITEM-09216,SKU-0152,CUST-0554,2026-05-02T04:36:00+00:00,Colour/Appearance,,Refunded,1080.00,1
RET-09218,ORD-09218,ITEM-09218,SKU-0437,CUST-0286,2025-07-07T04:49:00+00:00,Size/Fit,,Refunded,1319.00,1
RET-09219,ORD-09219,ITEM-09219,SKU-0436,CUST-0762,2025-01-13T15:06:00+00:00,Colour/Appearance,,Refunded,,1
RET-09223,ORD-09223,ITEM-09223,SKU-0282,CUST-0677,2025-03-03T01:07:00+00:00,Colour/Appearance,,Refunded,1131.00,1
RET-09227,ORD-09227,ITEM-09227,SKU-0188,CUST-0829,2025-04-07T14:10:00+00:00,Delivery Issue,,Refunded,538.00,1
RET-09229,ORD-09229,ITEM-09229,SKU-0033,CUST-0726,2026-01-13T20:20:00+00:00,Delivery Issue,,Refunded,918.00,1
RET-09236,ORD-09236,ITEM-09236,SKU-0338,CUST-0148,2025-11-15T11:51:00+00:00,Delivery Issue,,Refunded,1059.00,1
RET-09238,ORD-09238,ITEM-09238,SKU-0298,CUST-0902,2025-11-07T10:45:00+00:00,Quality,,Exchange Completed,771.00,1
RET-09247,ORD-09247,ITEM-09247,SKU-0008,CUST-0844,2026-08-19T23:32:00+00:00,Colour/Appearance,,Refunded,803.00,1
RET-09248,ORD-09248,ITEM-09248,SKU-0053,CUST-0575,2026-05-14T03:31:00+00:00,Changed Mind,,Refunded,452.00,1
RET-09252,ORD-09252,ITEM-09252,SKU-0307,CUST-0163,2026-09-11T14:45:00+00:00,Delivery Issue,,Exchange Completed,1315.00,1
RET-09255,ORD-09255,ITEM-09255,SKU-0223,CUST-0613,2026-07-19T12:29:00+00:00,Changed Mind,,Refunded,1120.00,1
RET-09257,ORD-09257,ITEM-09257,SKU-0108,CUST-0149,2025-05-01T00:27:00+00:00,Delivery Issue,,Refunded,447.00,1
RET-09262,ORD-09262,ITEM-09262,SKU-0288,CUST-0471,2026-02-04T09:57:00+00:00,Changed Mind,,Refunded,1419.00,1
RET-09264,ORD-09264,ITEM-09264,SKU-0090,CUST-0968,2025-06-18T13:45:00+00:00,Quality,,Exchange Completed,1174.00,1
RET-09265,ORD-09265,ITEM-09265,SKU-0432,CUST-0360,2026-04-27T13:27:00+00:00,Quality,,Refunded,,1
RET-09266,ORD-09266,ITEM-09266,SKU-0471,CUST-0924,2025-01-07T13:39:00+00:00,Changed Mind,,Refunded,,1
RET-09267,ORD-09267,ITEM-09267,SKU-0232,CUST-0873,2026-08-01T05:59:00+00:00,Delivery Issue,,Refunded,781.00,1
RET-09268,ORD-09268,ITEM-09268,SKU-0308,CUST-0321,2025-01-18T16:48:00+00:00,Changed Mind,,Refunded,531.00,1
RET-09269,ORD-09269,ITEM-09269,SKU-0462,CUST-0446,2026-04-08T07:45:00+00:00,Changed Mind,,Exchange Completed,940.00,1
RET-09270,ORD-09270,ITEM-09270,SKU-0451,CUST-0454,2025-01-28T07:04:00+00:00,Changed Mind,,Exchange Completed,489.00,1
RET-09272,ORD-09272,ITEM-09272,SKU-0131,CUST-0190,2026-09-06T06:24:00+00:00,Colour/Appearance,,Exchange Completed,605.00,1
RET-09273,ORD-09273,ITEM-09273,SKU-0159,CUST-0603,2025-10-30T08:26:00+00:00,Colour/Appearance,,Refunded,707.00,1
RET-09274,ORD-09274,ITEM-09274,SKU-0132,CUST-0932,2026-09-29T04:11:00+00:00,Colour/Appearance,,Exchange Completed,1413.00,1
RET-09277,ORD-09277,ITEM-09277,SKU-0384,CUST-0941,2025-11-24T04:15:00+00:00,Colour/Appearance,,Exchange Completed,689.00,1
RET-09278,ORD-09278,ITEM-09278,SKU-0375,CUST-0486,2025-02-25T02:38:00+00:00,Delivery Issue,,Exchange Completed,443.00,1
RET-09281,ORD-09281,ITEM-09281,SKU-0344,CUST-0175,2025-09-20T04:30:00+00:00,Quality,,Refunded,631.00,1
RET-09282,ORD-09282,ITEM-09282,SKU-0457,CUST-0672,2025-12-25T11:28:00+00:00,Changed Mind,,Refunded,,1
RET-09287,ORD-09287,ITEM-09287,SKU-0002,CUST-0590,2026-01-04T04:24:00+00:00,Quality,,Refunded,1499.00,1
RET-09288,ORD-09288,ITEM-09288,SKU-0437,CUST-0377,2026-02-05T09:26:00+00:00,Quality,,Refunded,1319.00,1
RET-09291,ORD-09291,ITEM-09291,SKU-0178,CUST-0938,2025-05-23T16:16:00+00:00,Colour/Appearance,,Refunded,1315.00,1
RET-09295,ORD-09295,ITEM-09295,SKU-0035,CUST-0144,2025-03-23T22:44:00+00:00,Changed Mind,,Refunded,,1
RET-09297,ORD-09297,ITEM-09297,SKU-0188,CUST-0293,2025-06-27T22:31:00+00:00,Colour/Appearance,,Refunded,538.00,1
RET-09298,ORD-09298,ITEM-09298,SKU-0164,CUST-0885,2025-06-14T05:03:00+00:00,Size/Fit,,Refunded,,1
RET-09302,ORD-09302,ITEM-09302,SKU-0277,CUST-0876,2026-04-15T08:48:00+00:00,Quality,,Exchange Completed,1201.00,1
RET-09306,ORD-09306,ITEM-09306,SKU-0338,CUST-0520,2025-10-27T23:34:00+00:00,Quality,,Refunded,1059.00,1
RET-09308,ORD-09308,ITEM-09308,SKU-0298,CUST-0501,2026-02-08T17:22:00+00:00,Size/Fit,,Refunded,771.00,1
RET-09309,ORD-09309,ITEM-09309,SKU-0095,CUST-0778,2025-06-07T02:25:00+00:00,Size/Fit,,Exchange Completed,1481.00,1
RET-09316,ORD-09316,ITEM-09316,SKU-0093,CUST-0771,2025-04-13T03:38:00+00:00,Changed Mind,,Exchange Completed,774.00,1
RET-09319,ORD-09319,ITEM-09319,SKU-0255,CUST-0340,2025-08-24T05:48:00+00:00,Changed Mind,,Refunded,440.00,1
RET-09321,ORD-09321,ITEM-09321,SKU-0080,CUST-0131,2025-05-13T02:06:00+00:00,Colour/Appearance,,Exchange Completed,1006.00,1
RET-09323,ORD-09323,ITEM-09323,SKU-0040,CUST-0859,2025-08-04T09:19:00+00:00,Delivery Issue,,Exchange Completed,400.00,1
RET-09327,ORD-09327,ITEM-09327,SKU-0108,CUST-0869,2026-06-01T12:52:00+00:00,Size/Fit,,Refunded,,1
RET-09329,ORD-09329,ITEM-09329,SKU-0162,CUST-0242,2025-05-05T23:17:00+00:00,Quality,,Exchange Completed,886.00,1
RET-09341,ORD-09341,ITEM-09341,SKU-0228,CUST-0750,2026-05-19T08:17:00+00:00,Quality,,Refunded,717.00,1
RET-09343,ORD-09343,ITEM-09343,SKU-0159,CUST-0614,2025-09-29T02:35:00+00:00,Size/Fit,,Refunded,,1
RET-09345,ORD-09345,ITEM-09345,SKU-0190,CUST-0592,2025-03-21T16:33:00+00:00,Quality,,Exchange Completed,1410.00,1
RET-09348,ORD-09348,ITEM-09348,SKU-0375,CUST-0246,2025-08-13T17:39:00+00:00,Size/Fit,,Refunded,443.00,1
RET-09349,ORD-09349,ITEM-09349,SKU-0273,CUST-0997,2026-05-04T10:32:00+00:00,Changed Mind,,Refunded,678.00,1
RET-09350,ORD-09350,ITEM-09350,SKU-0387,CUST-0097,2026-09-19T11:43:00+00:00,Size/Fit,,Refunded,1016.00,1
RET-09353,ORD-09353,ITEM-09353,SKU-0086,CUST-0243,2026-02-06T14:48:00+00:00,Size/Fit,,Refunded,1100.00,1
RET-09357,ORD-09357,ITEM-09357,SKU-0002,CUST-0519,2026-05-24T14:03:00+00:00,Delivery Issue,,Refunded,1499.00,1
RET-09359,ORD-09359,ITEM-09359,SKU-0436,CUST-0864,2026-05-10T18:07:00+00:00,Delivery Issue,,Refunded,,1
RET-09360,ORD-09360,ITEM-09360,SKU-0205,CUST-0494,2026-04-09T09:06:00+00:00,Delivery Issue,,Refunded,1357.00,1
RET-09361,ORD-09361,ITEM-09361,SKU-0178,CUST-0484,2025-06-11T15:10:00+00:00,Delivery Issue,,Exchange Completed,1315.00,1
RET-09364,ORD-09364,ITEM-09364,SKU-0172,CUST-0787,2025-04-10T16:20:00+00:00,Delivery Issue,,Exchange Completed,,1
RET-09365,ORD-09365,ITEM-09365,SKU-0035,CUST-0380,2025-06-15T07:28:00+00:00,Quality,,Exchange Completed,1337.00,1
RET-09366,ORD-09366,ITEM-09366,SKU-0176,CUST-0362,2026-05-04T16:07:00+00:00,Delivery Issue,,Refunded,518.00,1
RET-09367,ORD-09367,ITEM-09367,SKU-0188,CUST-0810,2026-05-18T23:07:00+00:00,Changed Mind,,Exchange Completed,538.00,1
RET-09368,ORD-09368,ITEM-09368,SKU-0164,CUST-0239,2025-11-16T02:12:00+00:00,Colour/Appearance,,Exchange Completed,1207.00,1
RET-09370,ORD-09370,ITEM-09370,SKU-0114,CUST-0310,2025-07-31T00:34:00+00:00,Changed Mind,,Refunded,585.00,1
RET-09375,ORD-09375,ITEM-09375,SKU-0408,CUST-0041,2025-08-30T01:14:00+00:00,Size/Fit,,Refunded,626.00,1
RET-09376,ORD-09376,ITEM-09376,SKU-0338,CUST-0578,2025-09-13T02:24:00+00:00,Colour/Appearance,,Refunded,1059.00,1
RET-09379,ORD-09379,ITEM-09379,SKU-0095,CUST-0984,2026-01-27T04:22:00+00:00,Colour/Appearance,,Refunded,1481.00,1
RET-09380,ORD-09380,ITEM-09380,SKU-0005,CUST-0127,2026-05-16T21:41:00+00:00,Size/Fit,,Exchange Completed,889.00,1
RET-09386,ORD-09386,ITEM-09386,SKU-0093,CUST-0206,2026-01-25T11:01:00+00:00,Quality,,Exchange Completed,774.00,1
RET-09390,ORD-09390,ITEM-09390,SKU-0179,CUST-0207,2025-12-17T19:45:00+00:00,Colour/Appearance,,Refunded,,1
RET-09391,ORD-09391,ITEM-09391,SKU-0080,CUST-0770,2025-05-18T01:25:00+00:00,Delivery Issue,,Refunded,1006.00,1
RET-09392,ORD-09392,ITEM-09392,SKU-0307,CUST-0521,2026-08-24T10:11:00+00:00,Size/Fit,,Refunded,1315.00,1
RET-09396,ORD-09396,ITEM-09396,SKU-0268,CUST-0927,2026-07-23T21:56:00+00:00,Colour/Appearance,,Exchange Completed,413.00,1
RET-09401,ORD-09401,ITEM-09401,SKU-0461,CUST-0127,2025-10-29T04:36:00+00:00,Delivery Issue,,Refunded,456.00,1
RET-09404,ORD-09404,ITEM-09404,SKU-0090,CUST-0647,2026-02-03T15:27:00+00:00,Changed Mind,,Refunded,,1
RET-09405,ORD-09405,ITEM-09405,SKU-0432,CUST-0665,2025-07-05T13:15:00+00:00,Quality,,Refunded,1302.00,1
RET-09407,ORD-09407,ITEM-09407,SKU-0232,CUST-0930,2025-06-30T17:27:00+00:00,Delivery Issue,,Refunded,,1
RET-09410,ORD-09410,ITEM-09410,SKU-0451,CUST-0280,2025-12-18T14:57:00+00:00,Changed Mind,,Refunded,489.00,1
RET-09413,ORD-09413,ITEM-09413,SKU-0159,CUST-0027,2026-02-27T23:32:00+00:00,Size/Fit,,Refunded,707.00,1
RET-09414,ORD-09414,ITEM-09414,SKU-0132,CUST-0528,2026-07-24T10:13:00+00:00,Changed Mind,,Exchange Completed,,1
RET-09415,ORD-09415,ITEM-09415,SKU-0190,CUST-0371,2025-12-11T03:15:00+00:00,Size/Fit,,Refunded,1410.00,1
RET-09420,ORD-09420,ITEM-09420,SKU-0387,CUST-0054,2025-04-12T04:14:00+00:00,Quality,,Refunded,1016.00,1
RET-09421,ORD-09421,ITEM-09421,SKU-0344,CUST-0053,2026-07-21T13:58:00+00:00,Size/Fit,,Exchange Completed,631.00,1
RET-09424,ORD-09424,ITEM-09424,SKU-0475,CUST-0178,2025-05-07T17:55:00+00:00,Colour/Appearance,,Refunded,493.00,1
RET-09429,ORD-09429,ITEM-09429,SKU-0436,CUST-0952,2025-07-16T10:10:00+00:00,Colour/Appearance,,Exchange Completed,424.00,1
RET-09437,ORD-09437,ITEM-09437,SKU-0188,CUST-0986,2025-03-07T20:01:00+00:00,Quality,,Exchange Completed,538.00,1
RET-09439,ORD-09439,ITEM-09439,SKU-0033,CUST-0347,2025-06-10T10:59:00+00:00,Size/Fit,,Refunded,918.00,1
RET-09442,ORD-09442,ITEM-09442,SKU-0277,CUST-0050,2025-03-21T11:34:00+00:00,Changed Mind,,Refunded,1201.00,1
RET-09443,ORD-09443,ITEM-09443,SKU-0289,CUST-0407,2025-07-05T18:18:00+00:00,Changed Mind,,Exchange Completed,444.00,1
RET-09448,ORD-09448,ITEM-09448,SKU-0298,CUST-0975,2025-11-08T01:39:00+00:00,Delivery Issue,,Exchange Completed,771.00,1
RET-09465,ORD-09465,ITEM-09465,SKU-0223,CUST-0107,2025-08-23T00:41:00+00:00,Changed Mind,,Exchange Completed,1120.00,1
RET-09469,ORD-09469,ITEM-09469,SKU-0162,CUST-0174,2025-11-20T19:36:00+00:00,Colour/Appearance,,Refunded,886.00,1
RET-09473,ORD-09473,ITEM-09473,SKU-0257,CUST-0594,2026-05-12T02:52:00+00:00,Colour/Appearance,,Refunded,1086.00,1
RET-09487,ORD-09487,ITEM-09487,SKU-0384,CUST-0603,2026-04-12T17:14:00+00:00,Colour/Appearance,,Refunded,689.00,1
RET-09489,ORD-09489,ITEM-09489,SKU-0273,CUST-0072,2026-05-20T16:34:00+00:00,Changed Mind,,Exchange Completed,678.00,1
RET-09490,ORD-09490,ITEM-09490,SKU-0387,CUST-0025,2025-01-22T04:14:00+00:00,Quality,,Exchange Completed,1016.00,1
RET-09496,ORD-09496,ITEM-09496,SKU-0152,CUST-0652,2026-04-10T10:37:00+00:00,Colour/Appearance,,Exchange Completed,1080.00,1
RET-09497,ORD-09497,ITEM-09497,SKU-0002,CUST-0255,2026-01-22T05:57:00+00:00,Delivery Issue,,Refunded,1499.00,1
RET-09500,ORD-09500,ITEM-09500,SKU-0205,CUST-0289,2025-09-20T18:55:00+00:00,Colour/Appearance,,Refunded,1357.00,1
RET-09507,ORD-09507,ITEM-09507,SKU-0188,CUST-0108,2026-07-03T15:28:00+00:00,Size/Fit,,Exchange Completed,538.00,1
RET-09509,ORD-09509,ITEM-09509,SKU-0033,CUST-0491,2026-04-15T01:13:00+00:00,Delivery Issue,,Refunded,918.00,1
RET-09512,ORD-09512,ITEM-09512,SKU-0277,CUST-0321,2026-04-20T07:58:00+00:00,Delivery Issue,,Refunded,1201.00,1
RET-09513,ORD-09513,ITEM-09513,SKU-0289,CUST-0533,2025-02-07T06:25:00+00:00,Colour/Appearance,,Exchange Completed,,1
RET-09526,ORD-09526,ITEM-09526,SKU-0093,CUST-0698,2025-08-29T04:48:00+00:00,Quality,,Refunded,774.00,1
RET-09528,ORD-09528,ITEM-09528,SKU-0053,CUST-0244,2026-07-19T06:24:00+00:00,Changed Mind,,Refunded,452.00,1
RET-09531,ORD-09531,ITEM-09531,SKU-0080,CUST-0934,2025-12-22T12:41:00+00:00,Size/Fit,,Refunded,1006.00,1
RET-09533,ORD-09533,ITEM-09533,SKU-0040,CUST-0275,2025-04-06T04:53:00+00:00,Colour/Appearance,,Refunded,400.00,1
RET-09537,ORD-09537,ITEM-09537,SKU-0108,CUST-0131,2026-04-26T19:13:00+00:00,Changed Mind,,Exchange Completed,,1
RET-09541,ORD-09541,ITEM-09541,SKU-0461,CUST-0325,2025-05-12T13:16:00+00:00,Quality,,Refunded,456.00,1
RET-09543,ORD-09543,ITEM-09543,SKU-0257,CUST-0235,2025-11-12T22:09:00+00:00,Changed Mind,,Refunded,1086.00,1
RET-09548,ORD-09548,ITEM-09548,SKU-0308,CUST-0891,2025-10-01T21:25:00+00:00,Colour/Appearance,,Refunded,531.00,1
RET-09553,ORD-09553,ITEM-09553,SKU-0159,CUST-0168,2025-04-03T18:57:00+00:00,Size/Fit,,Refunded,707.00,1
RET-09558,ORD-09558,ITEM-09558,SKU-0375,CUST-0491,2026-07-23T22:36:00+00:00,Quality,,Refunded,443.00,1
RET-09559,ORD-09559,ITEM-09559,SKU-0273,CUST-0440,2026-06-04T04:19:00+00:00,Quality,,Exchange Completed,678.00,1
RET-09561,ORD-09561,ITEM-09561,SKU-0344,CUST-0992,2025-10-22T03:58:00+00:00,Colour/Appearance,,Refunded,631.00,1
RET-09563,ORD-09563,ITEM-09563,SKU-0086,CUST-0807,2025-08-10T17:35:00+00:00,Colour/Appearance,,Exchange Completed,1100.00,1
RET-09564,ORD-09564,ITEM-09564,SKU-0475,CUST-0592,2025-02-26T17:37:00+00:00,Changed Mind,,Exchange Completed,,1
RET-09567,ORD-09567,ITEM-09567,SKU-0002,CUST-0674,2025-08-15T05:54:00+00:00,Colour/Appearance,,Refunded,1499.00,1
RET-09568,ORD-09568,ITEM-09568,SKU-0437,CUST-0462,2026-06-07T14:49:00+00:00,Changed Mind,,Refunded,1319.00,1
RET-09570,ORD-09570,ITEM-09570,SKU-0205,CUST-0283,2026-05-06T06:08:00+00:00,Delivery Issue,,Exchange Completed,1357.00,1
RET-09573,ORD-09573,ITEM-09573,SKU-0282,CUST-0217,2026-04-12T11:31:00+00:00,Changed Mind,,Exchange Completed,1131.00,1
RET-09578,ORD-09578,ITEM-09578,SKU-0164,CUST-0511,2025-07-12T02:31:00+00:00,Size/Fit,,Exchange Completed,1207.00,1
RET-09579,ORD-09579,ITEM-09579,SKU-0033,CUST-0713,2025-06-23T17:17:00+00:00,Quality,,Exchange Completed,918.00,1
RET-09585,ORD-09585,ITEM-09585,SKU-0408,CUST-0865,2025-03-31T08:20:00+00:00,Colour/Appearance,,Exchange Completed,,1
RET-09586,ORD-09586,ITEM-09586,SKU-0338,CUST-0416,2025-05-11T00:48:00+00:00,Quality,,Refunded,1059.00,1
RET-09587,ORD-09587,ITEM-09587,SKU-0286,CUST-0054,2026-02-19T07:04:00+00:00,Size/Fit,,Exchange Completed,1122.00,1
RET-09588,ORD-09588,ITEM-09588,SKU-0298,CUST-0501,2025-03-31T15:02:00+00:00,Quality,,Exchange Completed,771.00,1
RET-09590,ORD-09590,ITEM-09590,SKU-0005,CUST-0446,2026-07-14T02:37:00+00:00,Quality,,Refunded,889.00,1
RET-09591,ORD-09591,ITEM-09591,SKU-0221,CUST-0129,2025-11-05T11:01:00+00:00,Delivery Issue,,Exchange Completed,974.00,1
RET-09597,ORD-09597,ITEM-09597,SKU-0008,CUST-0571,2026-01-18T17:21:00+00:00,Quality,,Refunded,803.00,1
RET-09598,ORD-09598,ITEM-09598,SKU-0053,CUST-0893,2025-05-27T05:22:00+00:00,Colour/Appearance,,Refunded,452.00,1
RET-09599,ORD-09599,ITEM-09599,SKU-0255,CUST-0220,2025-12-15T11:01:00+00:00,Size/Fit,,Refunded,440.00,1
RET-09600,ORD-09600,ITEM-09600,SKU-0179,CUST-0915,2026-08-19T08:05:00+00:00,Colour/Appearance,,Refunded,1327.00,1
RET-09601,ORD-09601,ITEM-09601,SKU-0080,CUST-0978,2025-05-14T20:18:00+00:00,Changed Mind,,Refunded,,1
RET-09602,ORD-09602,ITEM-09602,SKU-0307,CUST-0347,2026-05-27T03:53:00+00:00,Quality,,Exchange Completed,1315.00,1
RET-09605,ORD-09605,ITEM-09605,SKU-0223,CUST-0652,2025-01-14T23:23:00+00:00,Changed Mind,,Refunded,1120.00,1
RET-09610,ORD-09610,ITEM-09610,SKU-0133,CUST-0611,2025-03-08T16:18:00+00:00,Quality,,Refunded,589.00,1
RET-09613,ORD-09613,ITEM-09613,SKU-0257,CUST-0963,2025-04-20T13:41:00+00:00,Delivery Issue,,Exchange Completed,1086.00,1
RET-09616,ORD-09616,ITEM-09616,SKU-0471,CUST-0044,2025-09-05T19:19:00+00:00,Delivery Issue,,Refunded,1008.00,1
RET-09617,ORD-09617,ITEM-09617,SKU-0232,CUST-0781,2026-02-17T05:52:00+00:00,Colour/Appearance,,Refunded,781.00,1
RET-09618,ORD-09618,ITEM-09618,SKU-0308,CUST-0821,2025-03-18T22:47:00+00:00,Changed Mind,,Refunded,531.00,1
RET-09623,ORD-09623,ITEM-09623,SKU-0159,CUST-0264,2025-11-26T04:53:00+00:00,Quality,,Refunded,707.00,1
RET-09626,ORD-09626,ITEM-09626,SKU-0367,CUST-0684,2025-05-12T16:09:00+00:00,Size/Fit,,Exchange Completed,,1
RET-09628,ORD-09628,ITEM-09628,SKU-0375,CUST-0074,2025-02-23T19:50:00+00:00,Size/Fit,,Refunded,443.00,1
RET-09629,ORD-09629,ITEM-09629,SKU-0273,CUST-0497,2025-11-19T15:02:00+00:00,Changed Mind,,Refunded,678.00,1
RET-09630,ORD-09630,ITEM-09630,SKU-0387,CUST-0245,2026-03-29T22:05:00+00:00,Quality,,Refunded,1016.00,1
RET-09631,ORD-09631,ITEM-09631,SKU-0344,CUST-1000,2026-08-26T03:06:00+00:00,Quality,,Exchange Completed,631.00,1
RET-09636,ORD-09636,ITEM-09636,SKU-0152,CUST-0786,2025-06-23T20:11:00+00:00,Size/Fit,,Exchange Completed,1080.00,1
RET-09639,ORD-09639,ITEM-09639,SKU-0436,CUST-0740,2026-05-23T11:28:00+00:00,Delivery Issue,,Refunded,424.00,1
RET-09645,ORD-09645,ITEM-09645,SKU-0035,CUST-0790,2025-10-30T23:34:00+00:00,Quality,,Exchange Completed,1337.00,1
RET-09649,ORD-09649,ITEM-09649,SKU-0033,CUST-0902,2026-09-26T00:19:00+00:00,Colour/Appearance,,Refunded,918.00,1
RET-09652,ORD-09652,ITEM-09652,SKU-0277,CUST-0929,2025-09-19T15:36:00+00:00,Quality,,Refunded,1201.00,1
RET-09657,ORD-09657,ITEM-09657,SKU-0286,CUST-0180,2025-03-16T06:29:00+00:00,Size/Fit,,Refunded,1122.00,1
RET-09660,ORD-09660,ITEM-09660,SKU-0005,CUST-0698,2025-04-06T05:54:00+00:00,Changed Mind,,Exchange Completed,889.00,1
RET-09668,ORD-09668,ITEM-09668,SKU-0053,CUST-0139,2025-01-31T09:17:00+00:00,Colour/Appearance,,Exchange Completed,452.00,1
RET-09673,ORD-09673,ITEM-09673,SKU-0040,CUST-0872,2026-03-27T19:39:00+00:00,Delivery Issue,,Refunded,400.00,1
RET-09675,ORD-09675,ITEM-09675,SKU-0223,CUST-0581,2026-03-07T16:10:00+00:00,Quality,,Refunded,1120.00,1
RET-09678,ORD-09678,ITEM-09678,SKU-0479,CUST-0127,2025-09-25T13:54:00+00:00,Colour/Appearance,,Refunded,754.00,1
RET-09681,ORD-09681,ITEM-09681,SKU-0461,CUST-0795,2025-12-20T12:53:00+00:00,Size/Fit,,Refunded,456.00,1
RET-09687,ORD-09687,ITEM-09687,SKU-0232,CUST-0638,2025-10-23T19:35:00+00:00,Colour/Appearance,,Refunded,781.00,1
RET-09697,ORD-09697,ITEM-09697,SKU-0384,CUST-0747,2025-10-02T15:37:00+00:00,Quality,,Refunded,689.00,1
RET-09703,ORD-09703,ITEM-09703,SKU-0086,CUST-0289,2026-07-26T17:52:00+00:00,Delivery Issue,,Refunded,1100.00,1
RET-09704,ORD-09704,ITEM-09704,SKU-0475,CUST-0635,2025-10-02T09:11:00+00:00,Size/Fit,,Refunded,493.00,1
RET-09708,ORD-09708,ITEM-09708,SKU-0437,CUST-0713,2026-04-14T00:05:00+00:00,Quality,,Exchange Completed,1319.00,1
RET-09711,ORD-09711,ITEM-09711,SKU-0178,CUST-0006,2025-02-21T04:32:00+00:00,Size/Fit,,Refunded,1315.00,1
RET-09718,ORD-09718,ITEM-09718,SKU-0164,CUST-0256,2025-08-17T15:47:00+00:00,Colour/Appearance,,Refunded,1207.00,1
RET-09719,ORD-09719,ITEM-09719,SKU-0033,CUST-0749,2026-07-11T14:34:00+00:00,Size/Fit,,Refunded,918.00,1
RET-09722,ORD-09722,ITEM-09722,SKU-0277,CUST-0993,2026-01-18T20:44:00+00:00,Delivery Issue,,Refunded,1201.00,1
RET-09724,ORD-09724,ITEM-09724,SKU-0262,CUST-0143,2026-05-28T12:27:00+00:00,Colour/Appearance,,Refunded,593.00,1
RET-09725,ORD-09725,ITEM-09725,SKU-0408,CUST-0410,2026-03-26T18:23:00+00:00,Delivery Issue,,Exchange Completed,626.00,1
RET-09727,ORD-09727,ITEM-09727,SKU-0286,CUST-0975,2025-08-26T19:46:00+00:00,Colour/Appearance,,Refunded,1122.00,1
RET-09736,ORD-09736,ITEM-09736,SKU-0093,CUST-0614,2026-07-27T07:35:00+00:00,Size/Fit,,Refunded,774.00,1
RET-09738,ORD-09738,ITEM-09738,SKU-0053,CUST-0688,2025-11-17T10:30:00+00:00,Colour/Appearance,,Refunded,452.00,1
RET-09744,ORD-09744,ITEM-09744,SKU-0062,CUST-0693,2025-02-24T19:38:00+00:00,Delivery Issue,,Refunded,1057.00,1
RET-09745,ORD-09745,ITEM-09745,SKU-0223,CUST-0561,2026-03-01T15:50:00+00:00,Changed Mind,,Exchange Completed,1120.00,1
RET-09747,ORD-09747,ITEM-09747,SKU-0108,CUST-0713,2025-01-10T09:24:00+00:00,Delivery Issue,,Refunded,,1
RET-09748,ORD-09748,ITEM-09748,SKU-0479,CUST-0390,2025-06-21T23:39:00+00:00,Colour/Appearance,,Refunded,754.00,1
RET-09749,ORD-09749,ITEM-09749,SKU-0162,CUST-0211,2025-09-19T01:56:00+00:00,Changed Mind,,Refunded,886.00,1
RET-09754,ORD-09754,ITEM-09754,SKU-0090,CUST-0058,2026-03-13T17:55:00+00:00,Delivery Issue,,Exchange Completed,1174.00,1
RET-09755,ORD-09755,ITEM-09755,SKU-0432,CUST-0618,2026-04-07T02:15:00+00:00,Colour/Appearance,,Refunded,1302.00,1
RET-09757,ORD-09757,ITEM-09757,SKU-0232,CUST-0176,2025-08-10T06:27:00+00:00,Changed Mind,,Refunded,781.00,1
RET-09761,ORD-09761,ITEM-09761,SKU-0228,CUST-0704,2026-09-12T04:44:00+00:00,Quality,,Refunded,717.00,1
RET-09762,ORD-09762,ITEM-09762,SKU-0131,CUST-0247,2026-01-05T16:04:00+00:00,Colour/Appearance,,Exchange Completed,605.00,1
RET-09763,ORD-09763,ITEM-09763,SKU-0159,CUST-0467,2026-06-14T17:43:00+00:00,Size/Fit,,Exchange Completed,707.00,1
RET-09767,ORD-09767,ITEM-09767,SKU-0384,CUST-0754,2025-08-18T01:14:00+00:00,Quality,,Refunded,689.00,1
RET-09769,ORD-09769,ITEM-09769,SKU-0273,CUST-0445,2025-05-16T05:30:00+00:00,Size/Fit,,Refunded,678.00,1
RET-09770,ORD-09770,ITEM-09770,SKU-0387,CUST-0459,2026-08-18T20:07:00+00:00,Colour/Appearance,,Exchange Completed,1016.00,1
RET-09772,ORD-09772,ITEM-09772,SKU-0457,CUST-0401,2026-08-17T02:22:00+00:00,Colour/Appearance,,Refunded,732.00,1
RET-09779,ORD-09779,ITEM-09779,SKU-0436,CUST-0971,2026-09-18T11:57:00+00:00,Size/Fit,,Refunded,424.00,1
RET-09780,ORD-09780,ITEM-09780,SKU-0205,CUST-0028,2026-01-17T04:11:00+00:00,Changed Mind,,Refunded,1357.00,1
RET-09786,ORD-09786,ITEM-09786,SKU-0176,CUST-0895,2025-02-10T04:02:00+00:00,Size/Fit,,Exchange Completed,518.00,1
RET-09787,ORD-09787,ITEM-09787,SKU-0188,CUST-0830,2026-08-22T14:14:00+00:00,Size/Fit,,Refunded,538.00,1
RET-09788,ORD-09788,ITEM-09788,SKU-0164,CUST-0995,2026-04-18T18:26:00+00:00,Changed Mind,,Refunded,1207.00,1
RET-09791,ORD-09791,ITEM-09791,SKU-0356,CUST-0706,2025-06-15T16:01:00+00:00,Colour/Appearance,,Refunded,535.00,1
RET-09793,ORD-09793,ITEM-09793,SKU-0289,CUST-0880,2026-09-10T23:12:00+00:00,Changed Mind,,Refunded,444.00,1
RET-09797,ORD-09797,ITEM-09797,SKU-0286,CUST-0695,2025-07-27T04:21:00+00:00,Changed Mind,,Refunded,1122.00,1
RET-09808,ORD-09808,ITEM-09808,SKU-0176,CUST-0542,2025-12-03T14:25:00+00:00,Colour/Appearance,,Refunded,518.00,1
RET-09814,ORD-09814,ITEM-09814,SKU-0289,CUST-0449,2026-03-25T19:11:00+00:00,Quality,,Refunded,444.00,1
RET-09847,ORD-09847,ITEM-09847,SKU-0008,CUST-0024,2026-03-26T10:26:00+00:00,Size/Fit,,Exchange Completed,803.00,1
RET-09853,ORD-09853,ITEM-09853,SKU-0367,CUST-0306,2026-03-05T13:06:00+00:00,Size/Fit,,Exchange Completed,1421.00,1
RET-09873,ORD-09873,ITEM-09873,SKU-0179,CUST-0126,2026-01-09T18:05:00+00:00,Quality,,Refunded,1327.00,1
RET-09902,ORD-09902,ITEM-09902,SKU-0080,CUST-0919,2026-07-31T23:00:00+00:00,Colour/Appearance,,Refunded,1006.00,1
RET-09954,ORD-09954,ITEM-09954,SKU-0471,CUST-0859,2025-12-12T19:25:00+00:00,Colour/Appearance,,Refunded,,1
RET-09964,ORD-09964,ITEM-09964,SKU-0375,CUST-0269,2026-09-02T20:38:00+00:00,Changed Mind,,Refunded,,1
RET-09973,ORD-09973,ITEM-09973,SKU-0176,CUST-0550,2025-10-05T19:13:00+00:00,Delivery Issue,,Exchange Completed,518.00,1
RET-09990,ORD-09990,ITEM-09990,SKU-0190,CUST-0532,2025-01-15T23:35:00+00:00,Colour/Appearance,,Refunded,1410.00,1
